ISO-10303-21;
HEADER;
FILE_DESCRIPTION(('Open CASCADE Model'),'2;1');
FILE_NAME('Open CASCADE Shape Model','2026-08-22T18:21:53',('Author'),(
    'Open CASCADE'),'Open CASCADE STEP processor 7.9','Open CASCADE 7.9'
  ,'Unknown');
FILE_SCHEMA(('AUTOMOTIVE_DESIGN { 1 0 10303 214 1 1 1 1 }'));
ENDSEC;
DATA;
#1 = APPLICATION_PROTOCOL_DEFINITION('international standard',
  'automotive_design',2000,#2);
#2 = APPLICATION_CONTEXT(
  'core data for automotive mechanical design processes');
#3 = SHAPE_DEFINITION_REPRESENTATION(#4,#10);
#4 = PRODUCT_DEFINITION_SHAPE('','',#5);
#5 = PRODUCT_DEFINITION('design','',#6,#9);
#6 = PRODUCT_DEFINITION_FORMATION('','',#7);
#7 = PRODUCT('Open CASCADE STEP translator 7.9 1',
  'Open CASCADE STEP translator 7.9 1','',(#8));
#8 = PRODUCT_CONTEXT('',#2,'mechanical');
#9 = PRODUCT_DEFINITION_CONTEXT('part definition',#2,'design');
#10 = ADVANCED_BREP_SHAPE_REPRESENTATION('',(#11,#15),#4593);
#11 = AXIS2_PLACEMENT_3D('',#12,#13,#14);
#12 = CARTESIAN_POINT('',(0.,0.,0.));
#13 = DIRECTION('',(0.,0.,1.));
#14 = DIRECTION('',(1.,0.,-0.));
#15 = MANIFOLD_SOLID_BREP('',#16);
#16 = CLOSED_SHELL('',(#17,#137,#213,#608,#657,#1030,#1037,#2790,#2836,
    #2863,#3034,#3040,#4424,#4451,#4478,#4505,#4532,#4559,#4586));
#17 = ADVANCED_FACE('',(#18),#32,.F.);
#18 = FACE_BOUND('',#19,.F.);
#19 = EDGE_LOOP('',(#20,#55,#83,#111));
#20 = ORIENTED_EDGE('',*,*,#21,.F.);
#21 = EDGE_CURVE('',#22,#24,#26,.T.);
#22 = VERTEX_POINT('',#23);
#23 = CARTESIAN_POINT('',(-5.,-5.,0.));
#24 = VERTEX_POINT('',#25);
#25 = CARTESIAN_POINT('',(-5.,-5.,8.));
#26 = SURFACE_CURVE('',#27,(#31,#43),.PCURVE_S1.);
#27 = LINE('',#28,#29);
#28 = CARTESIAN_POINT('',(-5.,-5.,0.));
#29 = VECTOR('',#30,1.);
#30 = DIRECTION('',(0.,0.,1.));
#31 = PCURVE('',#32,#37);
#32 = PLANE('',#33);
#33 = AXIS2_PLACEMENT_3D('',#34,#35,#36);
#34 = CARTESIAN_POINT('',(-5.,-5.,0.));
#35 = DIRECTION('',(1.,0.,0.));
#36 = DIRECTION('',(0.,0.,1.));
#37 = DEFINITIONAL_REPRESENTATION('',(#38),#42);
#38 = LINE('',#39,#40);
#39 = CARTESIAN_POINT('',(0.,0.));
#40 = VECTOR('',#41,1.);
#41 = DIRECTION('',(1.,0.));
#42 = ( GEOMETRIC_REPRESENTATION_CONTEXT(2) 
PARAMETRIC_REPRESENTATION_CONTEXT() REPRESENTATION_CONTEXT('2D SPACE',''
  ) );
#43 = PCURVE('',#44,#49);
#44 = PLANE('',#45);
#45 = AXIS2_PLACEMENT_3D('',#46,#47,#48);
#46 = CARTESIAN_POINT('',(-5.,-5.,0.));
#47 = DIRECTION('',(0.,1.,0.));
#48 = DIRECTION('',(0.,0.,1.));
#49 = DEFINITIONAL_REPRESENTATION('',(#50),#54);
#50 = LINE('',#51,#52);
#51 = CARTESIAN_POINT('',(0.,0.));
#52 = VECTOR('',#53,1.);
#53 = DIRECTION('',(1.,0.));
#54 = ( GEOMETRIC_REPRESENTATION_CONTEXT(2) 
PARAMETRIC_REPRESENTATION_CONTEXT() REPRESENTATION_CONTEXT('2D SPACE',''
  ) );
#55 = ORIENTED_EDGE('',*,*,#56,.T.);
#56 = EDGE_CURVE('',#22,#57,#59,.T.);
#57 = VERTEX_POINT('',#58);
#58 = CARTESIAN_POINT('',(-5.,5.,0.));
#59 = SURFACE_CURVE('',#60,(#64,#71),.PCURVE_S1.);
#60 = LINE('',#61,#62);
#61 = CARTESIAN_POINT('',(-5.,-5.,0.));
#62 = VECTOR('',#63,1.);
#63 = DIRECTION('',(0.,1.,0.));
#64 = PCURVE('',#32,#65);
#65 = DEFINITIONAL_REPRESENTATION('',(#66),#70);
#66 = LINE('',#67,#68);
#67 = CARTESIAN_POINT('',(0.,0.));
#68 = VECTOR('',#69,1.);
#69 = DIRECTION('',(0.,-1.));
#70 = ( GEOMETRIC_REPRESENTATION_CONTEXT(2) 
PARAMETRIC_REPRESENTATION_CONTEXT() REPRESENTATION_CONTEXT('2D SPACE',''
  ) );
#71 = PCURVE('',#72,#77);
#72 = PLANE('',#73);
#73 = AXIS2_PLACEMENT_3D('',#74,#75,#76);
#74 = CARTESIAN_POINT('',(-5.,-5.,0.));
#75 = DIRECTION('',(0.,0.,1.));
#76 = DIRECTION('',(1.,0.,0.));
#77 = DEFINITIONAL_REPRESENTATION('',(#78),#82);
#78 = LINE('',#79,#80);
#79 = CARTESIAN_POINT('',(0.,0.));
#80 = VECTOR('',#81,1.);
#81 = DIRECTION('',(0.,1.));
#82 = ( GEOMETRIC_REPRESENTATION_CONTEXT(2) 
PARAMETRIC_REPRESENTATION_CONTEXT() REPRESENTATION_CONTEXT('2D SPACE',''
  ) );
#83 = ORIENTED_EDGE('',*,*,#84,.T.);
#84 = EDGE_CURVE('',#57,#85,#87,.T.);
#85 = VERTEX_POINT('',#86);
#86 = CARTESIAN_POINT('',(-5.,5.,8.));
#87 = SURFACE_CURVE('',#88,(#92,#99),.PCURVE_S1.);
#88 = LINE('',#89,#90);
#89 = CARTESIAN_POINT('',(-5.,5.,0.));
#90 = VECTOR('',#91,1.);
#91 = DIRECTION('',(0.,0.,1.));
#92 = PCURVE('',#32,#93);
#93 = DEFINITIONAL_REPRESENTATION('',(#94),#98);
#94 = LINE('',#95,#96);
#95 = CARTESIAN_POINT('',(0.,-10.));
#96 = VECTOR('',#97,1.);
#97 = DIRECTION('',(1.,0.));
#98 = ( GEOMETRIC_REPRESENTATION_CONTEXT(2) 
PARAMETRIC_REPRESENTATION_CONTEXT() REPRESENTATION_CONTEXT('2D SPACE',''
  ) );
#99 = PCURVE('',#100,#105);
#100 = PLANE('',#101);
#101 = AXIS2_PLACEMENT_3D('',#102,#103,#104);
#102 = CARTESIAN_POINT('',(-5.,5.,0.));
#103 = DIRECTION('',(0.,1.,0.));
#104 = DIRECTION('',(0.,0.,1.));
#105 = DEFINITIONAL_REPRESENTATION('',(#106),#110);
#106 = LINE('',#107,#108);
#107 = CARTESIAN_POINT('',(0.,0.));
#108 = VECTOR('',#109,1.);
#109 = DIRECTION('',(1.,0.));
#110 = ( GEOMETRIC_REPRESENTATION_CONTEXT(2) 
PARAMETRIC_REPRESENTATION_CONTEXT() REPRESENTATION_CONTEXT('2D SPACE',''
  ) );
#111 = ORIENTED_EDGE('',*,*,#112,.F.);
#112 = EDGE_CURVE('',#24,#85,#113,.T.);
#113 = SURFACE_CURVE('',#114,(#118,#125),.PCURVE_S1.);
#114 = LINE('',#115,#116);
#115 = CARTESIAN_POINT('',(-5.,-5.,8.));
#116 = VECTOR('',#117,1.);
#117 = DIRECTION('',(0.,1.,0.));
#118 = PCURVE('',#32,#119);
#119 = DEFINITIONAL_REPRESENTATION('',(#120),#124);
#120 = LINE('',#121,#122);
#121 = CARTESIAN_POINT('',(8.,0.));
#122 = VECTOR('',#123,1.);
#123 = DIRECTION('',(0.,-1.));
#124 = ( GEOMETRIC_REPRESENTATION_CONTEXT(2) 
PARAMETRIC_REPRESENTATION_CONTEXT() REPRESENTATION_CONTEXT('2D SPACE',''
  ) );
#125 = PCURVE('',#126,#131);
#126 = PLANE('',#127);
#127 = AXIS2_PLACEMENT_3D('',#128,#129,#130);
#128 = CARTESIAN_POINT('',(-5.,-5.,8.));
#129 = DIRECTION('',(0.,0.,1.));
#130 = DIRECTION('',(1.,0.,0.));
#131 = DEFINITIONAL_REPRESENTATION('',(#132),#136);
#132 = LINE('',#133,#134);
#133 = CARTESIAN_POINT('',(0.,0.));
#134 = VECTOR('',#135,1.);
#135 = DIRECTION('',(0.,1.));
#136 = ( GEOMETRIC_REPRESENTATION_CONTEXT(2) 
PARAMETRIC_REPRESENTATION_CONTEXT() REPRESENTATION_CONTEXT('2D SPACE',''
  ) );
#137 = ADVANCED_FACE('',(#138),#44,.F.);
#138 = FACE_BOUND('',#139,.F.);
#139 = EDGE_LOOP('',(#140,#163,#164,#187));
#140 = ORIENTED_EDGE('',*,*,#141,.F.);
#141 = EDGE_CURVE('',#22,#142,#144,.T.);
#142 = VERTEX_POINT('',#143);
#143 = CARTESIAN_POINT('',(5.,-5.,0.));
#144 = SURFACE_CURVE('',#145,(#149,#156),.PCURVE_S1.);
#145 = LINE('',#146,#147);
#146 = CARTESIAN_POINT('',(-5.,-5.,0.));
#147 = VECTOR('',#148,1.);
#148 = DIRECTION('',(1.,0.,0.));
#149 = PCURVE('',#44,#150);
#150 = DEFINITIONAL_REPRESENTATION('',(#151),#155);
#151 = LINE('',#152,#153);
#152 = CARTESIAN_POINT('',(0.,0.));
#153 = VECTOR('',#154,1.);
#154 = DIRECTION('',(0.,1.));
#155 = ( GEOMETRIC_REPRESENTATION_CONTEXT(2) 
PARAMETRIC_REPRESENTATION_CONTEXT() REPRESENTATION_CONTEXT('2D SPACE',''
  ) );
#156 = PCURVE('',#72,#157);
#157 = DEFINITIONAL_REPRESENTATION('',(#158),#162);
#158 = LINE('',#159,#160);
#159 = CARTESIAN_POINT('',(0.,0.));
#160 = VECTOR('',#161,1.);
#161 = DIRECTION('',(1.,0.));
#162 = ( GEOMETRIC_REPRESENTATION_CONTEXT(2) 
PARAMETRIC_REPRESENTATION_CONTEXT() REPRESENTATION_CONTEXT('2D SPACE',''
  ) );
#163 = ORIENTED_EDGE('',*,*,#21,.T.);
#164 = ORIENTED_EDGE('',*,*,#165,.T.);
#165 = EDGE_CURVE('',#24,#166,#168,.T.);
#166 = VERTEX_POINT('',#167);
#167 = CARTESIAN_POINT('',(5.,-5.,8.));
#168 = SURFACE_CURVE('',#169,(#173,#180),.PCURVE_S1.);
#169 = LINE('',#170,#171);
#170 = CARTESIAN_POINT('',(-5.,-5.,8.));
#171 = VECTOR('',#172,1.);
#172 = DIRECTION('',(1.,0.,0.));
#173 = PCURVE('',#44,#174);
#174 = DEFINITIONAL_REPRESENTATION('',(#175),#179);
#175 = LINE('',#176,#177);
#176 = CARTESIAN_POINT('',(8.,0.));
#177 = VECTOR('',#178,1.);
#178 = DIRECTION('',(0.,1.));
#179 = ( GEOMETRIC_REPRESENTATION_CONTEXT(2) 
PARAMETRIC_REPRESENTATION_CONTEXT() REPRESENTATION_CONTEXT('2D SPACE',''
  ) );
#180 = PCURVE('',#126,#181);
#181 = DEFINITIONAL_REPRESENTATION('',(#182),#186);
#182 = LINE('',#183,#184);
#183 = CARTESIAN_POINT('',(0.,0.));
#184 = VECTOR('',#185,1.);
#185 = DIRECTION('',(1.,0.));
#186 = ( GEOMETRIC_REPRESENTATION_CONTEXT(2) 
PARAMETRIC_REPRESENTATION_CONTEXT() REPRESENTATION_CONTEXT('2D SPACE',''
  ) );
#187 = ORIENTED_EDGE('',*,*,#188,.F.);
#188 = EDGE_CURVE('',#142,#166,#189,.T.);
#189 = SURFACE_CURVE('',#190,(#194,#201),.PCURVE_S1.);
#190 = LINE('',#191,#192);
#191 = CARTESIAN_POINT('',(5.,-5.,0.));
#192 = VECTOR('',#193,1.);
#193 = DIRECTION('',(0.,0.,1.));
#194 = PCURVE('',#44,#195);
#195 = DEFINITIONAL_REPRESENTATION('',(#196),#200);
#196 = LINE('',#197,#198);
#197 = CARTESIAN_POINT('',(0.,10.));
#198 = VECTOR('',#199,1.);
#199 = DIRECTION('',(1.,0.));
#200 = ( GEOMETRIC_REPRESENTATION_CONTEXT(2) 
PARAMETRIC_REPRESENTATION_CONTEXT() REPRESENTATION_CONTEXT('2D SPACE',''
  ) );
#201 = PCURVE('',#202,#207);
#202 = PLANE('',#203);
#203 = AXIS2_PLACEMENT_3D('',#204,#205,#206);
#204 = CARTESIAN_POINT('',(5.,-5.,0.));
#205 = DIRECTION('',(1.,0.,0.));
#206 = DIRECTION('',(0.,0.,1.));
#207 = DEFINITIONAL_REPRESENTATION('',(#208),#212);
#208 = LINE('',#209,#210);
#209 = CARTESIAN_POINT('',(0.,0.));
#210 = VECTOR('',#211,1.);
#211 = DIRECTION('',(1.,0.));
#212 = ( GEOMETRIC_REPRESENTATION_CONTEXT(2) 
PARAMETRIC_REPRESENTATION_CONTEXT() REPRESENTATION_CONTEXT('2D SPACE',''
  ) );
#213 = ADVANCED_FACE('',(#214,#262),#126,.T.);
#214 = FACE_BOUND('',#215,.T.);
#215 = EDGE_LOOP('',(#216,#217,#218,#241));
#216 = ORIENTED_EDGE('',*,*,#112,.F.);
#217 = ORIENTED_EDGE('',*,*,#165,.T.);
#218 = ORIENTED_EDGE('',*,*,#219,.T.);
#219 = EDGE_CURVE('',#166,#220,#222,.T.);
#220 = VERTEX_POINT('',#221);
#221 = CARTESIAN_POINT('',(5.,5.,8.));
#222 = SURFACE_CURVE('',#223,(#227,#234),.PCURVE_S1.);
#223 = LINE('',#224,#225);
#224 = CARTESIAN_POINT('',(5.,-5.,8.));
#225 = VECTOR('',#226,1.);
#226 = DIRECTION('',(0.,1.,0.));
#227 = PCURVE('',#126,#228);
#228 = DEFINITIONAL_REPRESENTATION('',(#229),#233);
#229 = LINE('',#230,#231);
#230 = CARTESIAN_POINT('',(10.,0.));
#231 = VECTOR('',#232,1.);
#232 = DIRECTION('',(0.,1.));
#233 = ( GEOMETRIC_REPRESENTATION_CONTEXT(2) 
PARAMETRIC_REPRESENTATION_CONTEXT() REPRESENTATION_CONTEXT('2D SPACE',''
  ) );
#234 = PCURVE('',#202,#235);
#235 = DEFINITIONAL_REPRESENTATION('',(#236),#240);
#236 = LINE('',#237,#238);
#237 = CARTESIAN_POINT('',(8.,0.));
#238 = VECTOR('',#239,1.);
#239 = DIRECTION('',(0.,-1.));
#240 = ( GEOMETRIC_REPRESENTATION_CONTEXT(2) 
PARAMETRIC_REPRESENTATION_CONTEXT() REPRESENTATION_CONTEXT('2D SPACE',''
  ) );
#241 = ORIENTED_EDGE('',*,*,#242,.F.);
#242 = EDGE_CURVE('',#85,#220,#243,.T.);
#243 = SURFACE_CURVE('',#244,(#248,#255),.PCURVE_S1.);
#244 = LINE('',#245,#246);
#245 = CARTESIAN_POINT('',(-5.,5.,8.));
#246 = VECTOR('',#247,1.);
#247 = DIRECTION('',(1.,0.,0.));
#248 = PCURVE('',#126,#249);
#249 = DEFINITIONAL_REPRESENTATION('',(#250),#254);
#250 = LINE('',#251,#252);
#251 = CARTESIAN_POINT('',(0.,10.));
#252 = VECTOR('',#253,1.);
#253 = DIRECTION('',(1.,0.));
#254 = ( GEOMETRIC_REPRESENTATION_CONTEXT(2) 
PARAMETRIC_REPRESENTATION_CONTEXT() REPRESENTATION_CONTEXT('2D SPACE',''
  ) );
#255 = PCURVE('',#100,#256);
#256 = DEFINITIONAL_REPRESENTATION('',(#257),#261);
#257 = LINE('',#258,#259);
#258 = CARTESIAN_POINT('',(8.,0.));
#259 = VECTOR('',#260,1.);
#260 = DIRECTION('',(0.,1.));
#261 = ( GEOMETRIC_REPRESENTATION_CONTEXT(2) 
PARAMETRIC_REPRESENTATION_CONTEXT() REPRESENTATION_CONTEXT('2D SPACE',''
  ) );
#262 = FACE_BOUND('',#263,.T.);
#263 = EDGE_LOOP('',(#264,#554,#583));
#264 = ORIENTED_EDGE('',*,*,#265,.F.);
#265 = EDGE_CURVE('',#266,#268,#270,.T.);
#266 = VERTEX_POINT('',#267);
#267 = CARTESIAN_POINT('',(-2.956012695623,-0.511848555057,8.));
#268 = VERTEX_POINT('',#269);
#269 = CARTESIAN_POINT('',(2.133974596222,1.75330785562E-07,
    7.999996695093));
#270 = SURFACE_CURVE('',#271,(#309,#350),.PCURVE_S1.);
#271 = B_SPLINE_CURVE_WITH_KNOTS('',6,(#272,#273,#274,#275,#276,#277,
    #278,#279,#280,#281,#282,#283,#284,#285,#286,#287,#288,#289,#290,
    #291,#292,#293,#294,#295,#296,#297,#298,#299,#300,#301,#302,#303,
    #304,#305,#306,#307,#308),.UNSPECIFIED.,.F.,.F.,(7,5,5,5,5,5,5,7),(
    0.,0.166711250772,0.318000222857,0.455094005323,0.582046009476,
    0.699457731199,0.805994870096,1.),.UNSPECIFIED.);
#272 = CARTESIAN_POINT('',(-3.,-0.329772975414,8.));
#273 = CARTESIAN_POINT('',(-2.954447355913,-0.547979676514,8.));
#274 = CARTESIAN_POINT('',(-2.889503623362,-0.76195021891,8.));
#275 = CARTESIAN_POINT('',(-2.805482766385,-0.969438583402,8.));
#276 = CARTESIAN_POINT('',(-2.703045495269,-1.168263612917,8.));
#277 = CARTESIAN_POINT('',(-2.583161804428,-1.356300468863,8.));
#278 = CARTESIAN_POINT('',(-2.323816483877,-1.690564635167,8.));
#279 = CARTESIAN_POINT('',(-2.187174506034,-1.839073124569,8.));
#280 = CARTESIAN_POINT('',(-2.038292707599,-1.975552357616,8.));
#281 = CARTESIAN_POINT('',(-1.878405885275,-2.098644985397,8.));
#282 = CARTESIAN_POINT('',(-1.708946375371,-2.207134019452,8.));
#283 = CARTESIAN_POINT('',(-1.370861555138,-2.384164486842,8.));
#284 = CARTESIAN_POINT('',(-1.203632066387,-2.455508408227,8.));
#285 = CARTESIAN_POINT('',(-1.031136234355,-2.513277814269,8.));
#286 = CARTESIAN_POINT('',(-0.85471854411,-2.556882904133,8.));
#287 = CARTESIAN_POINT('',(-0.675818670768,-2.585893226232,8.));
#288 = CARTESIAN_POINT('',(-0.32944155089,-2.613234209878,8.));
#289 = CARTESIAN_POINT('',(-0.162083051059,-2.613676945568,8.));
#290 = CARTESIAN_POINT('',(4.871117008366E-03,-2.601237892579,8.));
#291 = CARTESIAN_POINT('',(0.170170142086,-2.575899067811,8.));
#292 = CARTESIAN_POINT('',(0.332541274792,-2.537794616718,8.));
#293 = CARTESIAN_POINT('',(0.636974459042,-2.440501197989,8.));
#294 = CARTESIAN_POINT('',(0.779656472032,-2.383107982471,8.));
#295 = CARTESIAN_POINT('',(0.917730305076,-2.315324923516,8.));
#296 = CARTESIAN_POINT('',(1.050204072057,-2.237530574512,8.));
#297 = CARTESIAN_POINT('',(1.176120360026,-2.150234361906,8.));
#298 = CARTESIAN_POINT('',(1.402041775162,-1.966840534872,8.));
#299 = CARTESIAN_POINT('',(1.503372806256,-1.872302065232,8.));
#300 = CARTESIAN_POINT('',(1.597877582705,-1.770955466805,8.));
#301 = CARTESIAN_POINT('',(1.684923802151,-1.663366864869,8.));
#302 = CARTESIAN_POINT('',(1.763937888038,-1.550185758717,8.));
#303 = CARTESIAN_POINT('',(1.962752384155,-1.217201111712,8.));
#304 = CARTESIAN_POINT('',(2.06284910381,-0.986034251866,8.));
#305 = CARTESIAN_POINT('',(2.131499177844,-0.743243089925,8.));
#306 = CARTESIAN_POINT('',(2.166691517754,-0.494057675279,8.));
#307 = CARTESIAN_POINT('',(2.167343777955,-0.244217740992,8.));
#308 = CARTESIAN_POINT('',(2.133980650925,1.75329639243E-07,8.));
#309 = PCURVE('',#126,#310);
#310 = DEFINITIONAL_REPRESENTATION('',(#311),#349);
#311 = B_SPLINE_CURVE_WITH_KNOTS('',6,(#312,#313,#314,#315,#316,#317,
    #318,#319,#320,#321,#322,#323,#324,#325,#326,#327,#328,#329,#330,
    #331,#332,#333,#334,#335,#336,#337,#338,#339,#340,#341,#342,#343,
    #344,#345,#346,#347,#348),.UNSPECIFIED.,.F.,.F.,(7,5,5,5,5,5,5,7),(
    0.,0.166711250772,0.318000222857,0.455094005323,0.582046009476,
    0.699457731199,0.805994870096,1.),.UNSPECIFIED.);
#312 = CARTESIAN_POINT('',(2.,4.670227024586));
#313 = CARTESIAN_POINT('',(2.045552644087,4.452020323486));
#314 = CARTESIAN_POINT('',(2.110496376638,4.23804978109));
#315 = CARTESIAN_POINT('',(2.194517233615,4.030561416598));
#316 = CARTESIAN_POINT('',(2.296954504731,3.831736387083));
#317 = CARTESIAN_POINT('',(2.416838195572,3.643699531137));
#318 = CARTESIAN_POINT('',(2.676183516123,3.309435364833));
#319 = CARTESIAN_POINT('',(2.812825493966,3.160926875431));
#320 = CARTESIAN_POINT('',(2.961707292401,3.024447642384));
#321 = CARTESIAN_POINT('',(3.121594114725,2.901355014603));
#322 = CARTESIAN_POINT('',(3.291053624629,2.792865980548));
#323 = CARTESIAN_POINT('',(3.629138444862,2.615835513158));
#324 = CARTESIAN_POINT('',(3.796367933613,2.544491591773));
#325 = CARTESIAN_POINT('',(3.968863765645,2.486722185731));
#326 = CARTESIAN_POINT('',(4.14528145589,2.443117095867));
#327 = CARTESIAN_POINT('',(4.324181329232,2.414106773768));
#328 = CARTESIAN_POINT('',(4.67055844911,2.386765790122));
#329 = CARTESIAN_POINT('',(4.837916948941,2.386323054432));
#330 = CARTESIAN_POINT('',(5.004871117008,2.398762107421));
#331 = CARTESIAN_POINT('',(5.170170142086,2.424100932189));
#332 = CARTESIAN_POINT('',(5.332541274792,2.462205383282));
#333 = CARTESIAN_POINT('',(5.636974459042,2.559498802011));
#334 = CARTESIAN_POINT('',(5.779656472032,2.616892017529));
#335 = CARTESIAN_POINT('',(5.917730305076,2.684675076484));
#336 = CARTESIAN_POINT('',(6.050204072057,2.762469425488));
#337 = CARTESIAN_POINT('',(6.176120360026,2.849765638094));
#338 = CARTESIAN_POINT('',(6.402041775162,3.033159465128));
#339 = CARTESIAN_POINT('',(6.503372806256,3.127697934768));
#340 = CARTESIAN_POINT('',(6.597877582705,3.229044533195));
#341 = CARTESIAN_POINT('',(6.684923802151,3.336633135131));
#342 = CARTESIAN_POINT('',(6.763937888038,3.449814241283));
#343 = CARTESIAN_POINT('',(6.962752384155,3.782798888288));
#344 = CARTESIAN_POINT('',(7.06284910381,4.013965748134));
#345 = CARTESIAN_POINT('',(7.131499177844,4.256756910075));
#346 = CARTESIAN_POINT('',(7.166691517754,4.505942324721));
#347 = CARTESIAN_POINT('',(7.167343777955,4.755782259008));
#348 = CARTESIAN_POINT('',(7.133980650925,5.00000017533));
#349 = ( GEOMETRIC_REPRESENTATION_CONTEXT(2) 
PARAMETRIC_REPRESENTATION_CONTEXT() REPRESENTATION_CONTEXT('2D SPACE',''
  ) );
#350 = PCURVE('',#351,#514);
#351 = B_SPLINE_SURFACE_WITH_KNOTS('',1,10,(
    (#352,#353,#354,#355,#356,#357,#358,#359,#360,#361,#362,#363,#364
      ,#365,#366,#367,#368,#369,#370,#371,#372,#373,#374,#375,#376,#377
      ,#378,#379,#380,#381,#382,#383,#384,#385,#386,#387,#388,#389,#390
      ,#391,#392,#393,#394,#395,#396,#397,#398,#399,#400,#401,#402,#403
      ,#404,#405,#406,#407,#408,#409,#410,#411,#412,#413,#414,#415,#416
      ,#417,#418,#419,#420,#421,#422,#423,#424,#425,#426,#427,#428,#429
      ,#430,#431,#432)
    ,(#433,#434,#435,#436,#437,#438,#439,#440,#441,#442,#443,#444,#445
      ,#446,#447,#448,#449,#450,#451,#452,#453,#454,#455,#456,#457,#458
      ,#459,#460,#461,#462,#463,#464,#465,#466,#467,#468,#469,#470,#471
      ,#472,#473,#474,#475,#476,#477,#478,#479,#480,#481,#482,#483,#484
      ,#485,#486,#487,#488,#489,#490,#491,#492,#493,#494,#495,#496,#497
      ,#498,#499,#500,#501,#502,#503,#504,#505,#506,#507,#508,#509,#510
      ,#511,#512,#513
    )),.UNSPECIFIED.,.F.,.F.,.F.,(2,2),(11,10,10,10,10,10,10,10,11),(0.,
    1.043600757176),(0.,6.362265131567,12.724530263135,19.086795394702,
    25.449060526269,31.811325657837,38.173590789404,44.535855920971,
    50.898121052539),.PIECEWISE_BEZIER_KNOTS.);
#352 = CARTESIAN_POINT('',(2.133974596216,1.844768725935E-15,
    -5.551115123126E-17));
#353 = CARTESIAN_POINT('',(2.133974596216,1.340813712141,
    9.998275055557E-02));
#354 = CARTESIAN_POINT('',(1.198107719956,2.682721238546,0.200047367891)
  );
#355 = CARTESIAN_POINT('',(-0.675791307284,3.280730036685,0.299916871827
    ));
#356 = CARTESIAN_POINT('',(-2.815697775308,2.44294609128,0.400066711404)
  );
#357 = CARTESIAN_POINT('',(-3.949133620505,-1.622479235408E-07,
    0.499998347541));
#358 = CARTESIAN_POINT('',(-2.81569757435,-2.442946322601,0.599929983701
    ));
#359 = CARTESIAN_POINT('',(-0.675791038028,-3.280730092216,
    0.700079823257));
#360 = CARTESIAN_POINT('',(1.198107940552,-2.682721140107,0.799949327208
    ));
#361 = CARTESIAN_POINT('',(2.13397470632,-1.340813536811,0.900013944536)
  );
#362 = CARTESIAN_POINT('',(2.133974596222,1.753303877056E-07,
    0.999996695094));
#363 = CARTESIAN_POINT('',(2.133974596204,1.340813373934,1.099989125614)
  );
#364 = CARTESIAN_POINT('',(1.198107719975,2.682721756149,1.200037611276)
  );
#365 = CARTESIAN_POINT('',(-0.675791307307,3.280729393478,1.299928996056
    ));
#366 = CARTESIAN_POINT('',(-2.815697775284,2.442946746264,1.400054365171
    ));
#367 = CARTESIAN_POINT('',(-3.949133620524,-7.080689217176E-07,
    1.500008636071));
#368 = CARTESIAN_POINT('',(-2.815697574337,-2.442945955052,
    1.599923055565));
#369 = CARTESIAN_POINT('',(-0.675791038034,-3.280730286319,
    1.700083481994));
#370 = CARTESIAN_POINT('',(1.198107940555,-2.682721064948,1.799947910525
    ));
#371 = CARTESIAN_POINT('',(2.133974706319,-1.340813554344,1.900014275028
    ));
#372 = CARTESIAN_POINT('',(2.133974596222,1.753305196963E-07,
    1.999996695094));
#373 = CARTESIAN_POINT('',(2.133974596204,1.340813391467,2.099988795124)
  );
#374 = CARTESIAN_POINT('',(1.198107719973,2.682721680989,2.200039027956)
  );
#375 = CARTESIAN_POINT('',(-0.675791307303,3.280729587585,2.299925337324
    ));
#376 = CARTESIAN_POINT('',(-2.815697775292,2.442946378708,2.400061293302
    ));
#377 = CARTESIAN_POINT('',(-3.949133620511,-1.622383472011E-07,
    2.499998347545));
#378 = CARTESIAN_POINT('',(-2.815697574355,-2.442946610045,
    2.599935401794));
#379 = CARTESIAN_POINT('',(-0.675791038014,-3.280729643106,
    2.700071357768));
#380 = CARTESIAN_POINT('',(1.198107940538,-2.682721582553,2.799957667137
    ));
#381 = CARTESIAN_POINT('',(2.133974706332,-1.340813216137,2.90000789997)
  );
#382 = CARTESIAN_POINT('',(2.133974596216,-2.448105096516E-13,
    2.999999999999));
#383 = CARTESIAN_POINT('',(2.133974596215,1.340813712142,3.09998275056)
  );
#384 = CARTESIAN_POINT('',(1.198107719958,2.68272123854,3.200047367878)
  );
#385 = CARTESIAN_POINT('',(-0.675791307289,3.280730036696,3.29991687185)
  );
#386 = CARTESIAN_POINT('',(-2.815697775299,2.442946091268,3.400066711371
    ));
#387 = CARTESIAN_POINT('',(-3.949133620516,-1.622406493595E-07,
    3.499998347576));
#388 = CARTESIAN_POINT('',(-2.81569757434,-2.442946322601,3.599929983671
    ));
#389 = CARTESIAN_POINT('',(-0.675791038034,-3.28073009222,3.700079823279
    ));
#390 = CARTESIAN_POINT('',(1.198107940555,-2.682721140103,3.799949327196
    ));
#391 = CARTESIAN_POINT('',(2.13397470632,-1.340813536812,3.900013944541)
  );
#392 = CARTESIAN_POINT('',(2.133974596222,1.753307474561E-07,
    3.999996695092));
#393 = CARTESIAN_POINT('',(2.133974596205,1.340813391466,4.099988795118)
  );
#394 = CARTESIAN_POINT('',(1.19810771997,2.682721680995,4.200039027984)
  );
#395 = CARTESIAN_POINT('',(-0.675791307297,3.280729587574,4.299925337263
    ));
#396 = CARTESIAN_POINT('',(-2.815697775301,2.442946378722,4.400061293395
    ));
#397 = CARTESIAN_POINT('',(-3.949133620503,-1.622490088948E-07,
    4.49999834744));
#398 = CARTESIAN_POINT('',(-2.815697574361,-2.442946610041,
    4.599935401885));
#399 = CARTESIAN_POINT('',(-0.675791038012,-3.280729643106,
    4.700071357709));
#400 = CARTESIAN_POINT('',(1.198107940537,-2.682721582555,4.799957667165
    ));
#401 = CARTESIAN_POINT('',(2.133974706332,-1.340813216136,4.900007899963
    ));
#402 = CARTESIAN_POINT('',(2.133974596216,-2.291447947603E-13,
    4.999999999998));
#403 = CARTESIAN_POINT('',(2.133974596216,1.340813729675,5.099982420069)
  );
#404 = CARTESIAN_POINT('',(1.198107719955,2.682721163384,5.200048784564)
  );
#405 = CARTESIAN_POINT('',(-0.67579130728,3.280730230797,5.299913213104)
  );
#406 = CARTESIAN_POINT('',(-2.815697775316,2.442945723719,5.400073639529
    ));
#407 = CARTESIAN_POINT('',(-3.949133620492,3.835844832878E-07,
    5.499988059016));
#408 = CARTESIAN_POINT('',(-2.815697574368,-2.442946977592,
    5.599942329934));
#409 = CARTESIAN_POINT('',(-0.675791038008,-3.280729449007,
    5.700067699026));
#410 = CARTESIAN_POINT('',(1.198107940535,-2.68272165771,5.799959083826)
  );
#411 = CARTESIAN_POINT('',(2.133974706332,-1.340813198604,5.900007569476
    ));
#412 = CARTESIAN_POINT('',(2.133974596216,-2.673533870006E-13,6.));
#413 = CARTESIAN_POINT('',(2.133974596216,1.340813729676,6.099982420065)
  );
#414 = CARTESIAN_POINT('',(1.198107719955,2.682721163383,6.200048784569)
  );
#415 = CARTESIAN_POINT('',(-0.675791307282,3.280730230797,6.299913213102
    ));
#416 = CARTESIAN_POINT('',(-2.815697775313,2.442945723719,6.400073639522
    ));
#417 = CARTESIAN_POINT('',(-3.949133620495,3.835834556654E-07,
    6.499988059032));
#418 = CARTESIAN_POINT('',(-2.815697574365,-2.44294697759,6.599942329914
    ));
#419 = CARTESIAN_POINT('',(-0.67579103801,-3.280729449009,6.700067699044
    ));
#420 = CARTESIAN_POINT('',(1.198107940536,-2.682721657708,6.799959083814
    ));
#421 = CARTESIAN_POINT('',(2.133974706332,-1.340813198604,6.900007569481
    ));
#422 = CARTESIAN_POINT('',(2.133974596215,-1.2756839071E-13,
    6.999999999998));
#423 = CARTESIAN_POINT('',(2.133974596215,1.340813712142,7.099982750564)
  );
#424 = CARTESIAN_POINT('',(1.198107719959,2.68272123854,7.200047367869)
  );
#425 = CARTESIAN_POINT('',(-0.675791307291,3.280730036696,7.299916871867
    ));
#426 = CARTESIAN_POINT('',(-2.815697775296,2.44294609127,7.40006671135)
  );
#427 = CARTESIAN_POINT('',(-3.949133620519,-1.622450973571E-07,
    7.499998347597));
#428 = CARTESIAN_POINT('',(-2.815697574338,-2.442946322595,
    7.599929983655));
#429 = CARTESIAN_POINT('',(-0.675791038035,-3.280730092225,
    7.700079823286));
#430 = CARTESIAN_POINT('',(1.198107940555,-2.682721140101,7.799949327194
    ));
#431 = CARTESIAN_POINT('',(2.13397470632,-1.340813536813,7.900013944541)
  );
#432 = CARTESIAN_POINT('',(2.133974596222,1.75330785562E-07,
    7.999996695093));
#433 = CARTESIAN_POINT('',(3.05,-2.814275348246E-15,0.5));
#434 = CARTESIAN_POINT('',(3.049990041029,1.916371038797,0.600000995897)
  );
#435 = CARTESIAN_POINT('',(1.712435453469,3.834282649943,0.699997265186)
  );
#436 = CARTESIAN_POINT('',(-0.965943538393,4.689043984374,0.800004799523
    ));
#437 = CARTESIAN_POINT('',(-4.024272303978,3.491563324451,0.89999614814)
  );
#438 = CARTESIAN_POINT('',(-5.644391240096,7.545750317917E-07,
    1.000000095819));
#439 = CARTESIAN_POINT('',(-4.024347722687,-3.491563819931,
    1.100004041967));
#440 = CARTESIAN_POINT('',(-0.965852633112,-4.689044667644,
    1.199995391697));
#441 = CARTESIAN_POINT('',(1.712379818296,-3.834282162357,1.300002925459
    ));
#442 = CARTESIAN_POINT('',(3.050008044525,-1.916371048922,1.399999194946
    ));
#443 = CARTESIAN_POINT('',(3.049998091912,-1.012261754996E-08,
    1.500000190805));
#444 = CARTESIAN_POINT('',(3.049993721672,1.916371058323,1.60000062784)
  );
#445 = CARTESIAN_POINT('',(1.712429820484,3.834282620059,1.699997828473)
  );
#446 = CARTESIAN_POINT('',(-0.965936538464,4.68904402151,1.800004099544)
  );
#447 = CARTESIAN_POINT('',(-4.024279432082,3.491563286633,1.899996860935
    ));
#448 = CARTESIAN_POINT('',(-5.644385300007,7.860912809576E-07,
    1.999999501823));
#449 = CARTESIAN_POINT('',(-4.024351722651,-3.491563841155,
    2.100004441954));
#450 = CARTESIAN_POINT('',(-0.965850520738,-4.689044656435,
    2.199995180465));
#451 = CARTESIAN_POINT('',(1.712379000373,-3.834282166697,2.30000300725)
  );
#452 = CARTESIAN_POINT('',(3.050008235335,-1.91637104791,2.399999175866)
  );
#453 = CARTESIAN_POINT('',(3.049998091911,-1.012249803001E-08,
    2.500000190805));
#454 = CARTESIAN_POINT('',(3.049993530863,1.916371057311,2.60000064692)
  );
#455 = CARTESIAN_POINT('',(1.712430638407,3.834282624398,2.699997746683)
  );
#456 = CARTESIAN_POINT('',(-0.965938650839,4.689044010307,2.800004310777
    ));
#457 = CARTESIAN_POINT('',(-4.024275432115,3.491563307847,2.899996460947
    ));
#458 = CARTESIAN_POINT('',(-5.6443912401,7.545863658365E-07,
    3.00000009582));
#459 = CARTESIAN_POINT('',(-4.024344594544,-3.491563803346,
    3.100003729158));
#460 = CARTESIAN_POINT('',(-0.965857520668,-4.689044693567,
    3.199995880444));
#461 = CARTESIAN_POINT('',(1.712384633358,-3.834282136815,3.300002443962
    ));
#462 = CARTESIAN_POINT('',(3.050004554693,-1.916371067435,3.399999543923
    ));
#463 = CARTESIAN_POINT('',(3.049999999999,-4.767092397938E-14,3.5));
#464 = CARTESIAN_POINT('',(3.049990041031,1.916371038797,3.600000995897)
  );
#465 = CARTESIAN_POINT('',(1.712435453466,3.834282649943,3.699997265185)
  );
#466 = CARTESIAN_POINT('',(-0.965943538389,4.689043984376,3.800004799525
    ));
#467 = CARTESIAN_POINT('',(-4.024272303981,3.491563324446,3.899996148136
    ));
#468 = CARTESIAN_POINT('',(-5.644391240095,7.54583207474E-07,
    4.000000095824));
#469 = CARTESIAN_POINT('',(-4.024347722688,-3.49156381994,4.100004041962
    ));
#470 = CARTESIAN_POINT('',(-0.96585263311,-4.689044667637,4.1999953917)
  );
#471 = CARTESIAN_POINT('',(1.712379818293,-3.83428216236,4.300002925458)
  );
#472 = CARTESIAN_POINT('',(3.050008044527,-1.916371048921,4.399999194947
    ));
#473 = CARTESIAN_POINT('',(3.04999809191,-1.012246959673E-08,
    4.500000190805));
#474 = CARTESIAN_POINT('',(3.04999353086,1.916371057311,4.60000064692));
#475 = CARTESIAN_POINT('',(1.712430638418,3.834282624396,4.699997746686)
  );
#476 = CARTESIAN_POINT('',(-0.965938650864,4.689044010309,4.800004310768
    ));
#477 = CARTESIAN_POINT('',(-4.024275432076,3.491563307849,4.899996460963
    ));
#478 = CARTESIAN_POINT('',(-5.644391240144,7.545761571137E-07,
    5.000000095802));
#479 = CARTESIAN_POINT('',(-4.024344594505,-3.491563803331,
    5.100003729173));
#480 = CARTESIAN_POINT('',(-0.965857520694,-4.689044693579,
    5.199995880435));
#481 = CARTESIAN_POINT('',(1.712384633371,-3.83428213681,5.300002443965)
  );
#482 = CARTESIAN_POINT('',(3.050004554689,-1.916371067436,5.399999543922
    ));
#483 = CARTESIAN_POINT('',(3.049999999999,-1.808316939957E-13,5.5));
#484 = CARTESIAN_POINT('',(3.049989850222,1.916371037785,5.600001014978)
  );
#485 = CARTESIAN_POINT('',(1.712436271388,3.834282654283,5.699997183394)
  );
#486 = CARTESIAN_POINT('',(-0.965945650762,4.689043973167,5.800005010758
    ));
#487 = CARTESIAN_POINT('',(-4.024268304016,3.491563345672,5.89999574815)
  );
#488 = CARTESIAN_POINT('',(-5.644397180185,7.230616363429E-07,
    6.000000689817));
#489 = CARTESIAN_POINT('',(-4.02434059458,-3.491563782116,6.100003329171
    ));
#490 = CARTESIAN_POINT('',(-0.965859633044,-4.689044704779,
    6.199996091676));
#491 = CARTESIAN_POINT('',(1.712385451284,-3.834282132475,6.300002362172
    ));
#492 = CARTESIAN_POINT('',(3.050004363881,-1.916371068448,6.399999563003
    ));
#493 = CARTESIAN_POINT('',(3.05,-2.277969509348E-14,6.5));
#494 = CARTESIAN_POINT('',(3.049989850219,1.916371037785,6.600001014978)
  );
#495 = CARTESIAN_POINT('',(1.712436271393,3.834282654281,6.699997183395)
  );
#496 = CARTESIAN_POINT('',(-0.965945650768,4.689043973172,6.800005010756
    ));
#497 = CARTESIAN_POINT('',(-4.024268304011,3.491563345663,6.899995748152
    ));
#498 = CARTESIAN_POINT('',(-5.644397180188,7.230715404205E-07,
    7.000000689815));
#499 = CARTESIAN_POINT('',(-4.024340594582,-3.491563782123,
    7.100003329172));
#500 = CARTESIAN_POINT('',(-0.965859633039,-4.689044704775,
    7.199996091676));
#501 = CARTESIAN_POINT('',(1.712385451279,-3.834282132475,7.300002362172
    ));
#502 = CARTESIAN_POINT('',(3.050004363884,-1.916371068448,7.399999563003
    ));
#503 = CARTESIAN_POINT('',(3.049999999999,-8.124223074275E-14,7.5));
#504 = CARTESIAN_POINT('',(3.049990041033,1.916371038797,7.600000995897)
  );
#505 = CARTESIAN_POINT('',(1.712435453462,3.834282649944,7.699997265184)
  );
#506 = CARTESIAN_POINT('',(-0.965943538382,4.689043984373,7.800004799527
    ));
#507 = CARTESIAN_POINT('',(-4.024272303989,3.49156332445,7.899996148133)
  );
#508 = CARTESIAN_POINT('',(-5.644391240087,7.545783695662E-07,
    8.000000095827));
#509 = CARTESIAN_POINT('',(-4.024347722693,-3.491563819936,
    8.100004041961));
#510 = CARTESIAN_POINT('',(-0.965852633107,-4.68904466764,8.199995391701
    ));
#511 = CARTESIAN_POINT('',(1.712379818293,-3.834282162359,8.300002925458
    ));
#512 = CARTESIAN_POINT('',(3.050008044527,-1.916371048922,8.399999194946
    ));
#513 = CARTESIAN_POINT('',(3.049998091911,-1.012252461051E-08,
    8.500000190805));
#514 = DEFINITIONAL_REPRESENTATION('',(#515),#553);
#515 = B_SPLINE_CURVE_WITH_KNOTS('',6,(#516,#517,#518,#519,#520,#521,
    #522,#523,#524,#525,#526,#527,#528,#529,#530,#531,#532,#533,#534,
    #535,#536,#537,#538,#539,#540,#541,#542,#543,#544,#545,#546,#547,
    #548,#549,#550,#551,#552),.UNSPECIFIED.,.F.,.F.,(7,5,5,5,5,5,5,7),(
    0.,0.166711250772,0.318000222857,0.455094005323,0.582046009476,
    0.699457731199,0.805994870096,1.),.UNSPECIFIED.);
#516 = CARTESIAN_POINT('',(1.007230095047,47.827854306917));
#517 = CARTESIAN_POINT('',(0.982808256156,47.902297896682));
#518 = CARTESIAN_POINT('',(0.958200485179,47.97730827886));
#519 = CARTESIAN_POINT('',(0.933406686985,48.052885740209));
#520 = CARTESIAN_POINT('',(0.908419932655,48.129051389506));
#521 = CARTESIAN_POINT('',(0.883231542593,48.205831663714));
#522 = CARTESIAN_POINT('',(0.834797063702,48.353471560171));
#523 = CARTESIAN_POINT('',(0.811583626189,48.424231657998));
#524 = CARTESIAN_POINT('',(0.788198584827,48.495514811156));
#525 = CARTESIAN_POINT('',(0.764635935258,48.567339311398));
#526 = CARTESIAN_POINT('',(0.740888360598,48.639727461402));
#527 = CARTESIAN_POINT('',(0.695264825308,48.778798583829));
#528 = CARTESIAN_POINT('',(0.673419945477,48.845386820436));
#529 = CARTESIAN_POINT('',(0.65141774753,48.912454582595));
#530 = CARTESIAN_POINT('',(0.62925315692,48.980017356972));
#531 = CARTESIAN_POINT('',(0.606920133037,49.048093585746));
#532 = CARTESIAN_POINT('',(0.563577469633,49.180212174208));
#533 = CARTESIAN_POINT('',(0.54259025595,49.244186166402));
#534 = CARTESIAN_POINT('',(0.521453262935,49.308616792969));
#535 = CARTESIAN_POINT('',(0.500161875932,49.373518141761));
#536 = CARTESIAN_POINT('',(0.478710646723,49.438906831025));
#537 = CARTESIAN_POINT('',(0.437107849598,49.56572268283));
#538 = CARTESIAN_POINT('',(0.416978250329,49.627082866746));
#539 = CARTESIAN_POINT('',(0.396706598369,49.68887612449));
#540 = CARTESIAN_POINT('',(0.376288479988,49.751115875637));
#541 = CARTESIAN_POINT('',(0.355719144916,49.813816541213));
#542 = CARTESIAN_POINT('',(0.316191922248,49.934305538727));
#543 = CARTESIAN_POINT('',(0.297260156442,49.992014264672));
#544 = CARTESIAN_POINT('',(0.278198736409,50.05011805711));
#545 = CARTESIAN_POINT('',(0.259003909755,50.108628272201));
#546 = CARTESIAN_POINT('',(0.239671721769,50.167556900173));
#547 = CARTESIAN_POINT('',(0.184741117107,50.334996248062));
#548 = CARTESIAN_POINT('',(0.148800136047,50.44455051588));
#549 = CARTESIAN_POINT('',(0.112388639238,50.555537917378));
#550 = CARTESIAN_POINT('',(7.547535140712E-02,50.668055225571));
#551 = CARTESIAN_POINT('',(3.801658204904E-02,50.782238087744));
#552 = CARTESIAN_POINT('',(6.897958832501E-06,50.898121052539));
#553 = ( GEOMETRIC_REPRESENTATION_CONTEXT(2) 
PARAMETRIC_REPRESENTATION_CONTEXT() REPRESENTATION_CONTEXT('2D SPACE',''
  ) );
#554 = ORIENTED_EDGE('',*,*,#555,.F.);
#555 = EDGE_CURVE('',#556,#266,#558,.T.);
#556 = VERTEX_POINT('',#557);
#557 = CARTESIAN_POINT('',(3.,0.,8.));
#558 = SURFACE_CURVE('',#559,(#564,#571),.PCURVE_S1.);
#559 = CIRCLE('',#560,3.);
#560 = AXIS2_PLACEMENT_3D('',#561,#562,#563);
#561 = CARTESIAN_POINT('',(0.,0.,8.));
#562 = DIRECTION('',(0.,0.,1.));
#563 = DIRECTION('',(1.,0.,0.));
#564 = PCURVE('',#126,#565);
#565 = DEFINITIONAL_REPRESENTATION('',(#566),#570);
#566 = CIRCLE('',#567,3.);
#567 = AXIS2_PLACEMENT_2D('',#568,#569);
#568 = CARTESIAN_POINT('',(5.,5.));
#569 = DIRECTION('',(1.,0.));
#570 = ( GEOMETRIC_REPRESENTATION_CONTEXT(2) 
PARAMETRIC_REPRESENTATION_CONTEXT() REPRESENTATION_CONTEXT('2D SPACE',''
  ) );
#571 = PCURVE('',#572,#577);
#572 = CYLINDRICAL_SURFACE('',#573,3.);
#573 = AXIS2_PLACEMENT_3D('',#574,#575,#576);
#574 = CARTESIAN_POINT('',(0.,0.,0.));
#575 = DIRECTION('',(-0.,-0.,-1.));
#576 = DIRECTION('',(1.,0.,0.));
#577 = DEFINITIONAL_REPRESENTATION('',(#578),#582);
#578 = LINE('',#579,#580);
#579 = CARTESIAN_POINT('',(-0.,-8.));
#580 = VECTOR('',#581,1.);
#581 = DIRECTION('',(-1.,0.));
#582 = ( GEOMETRIC_REPRESENTATION_CONTEXT(2) 
PARAMETRIC_REPRESENTATION_CONTEXT() REPRESENTATION_CONTEXT('2D SPACE',''
  ) );
#583 = ORIENTED_EDGE('',*,*,#584,.T.);
#584 = EDGE_CURVE('',#556,#268,#585,.T.);
#585 = SURFACE_CURVE('',#586,(#590,#597),.PCURVE_S1.);
#586 = LINE('',#587,#588);
#587 = CARTESIAN_POINT('',(1.370172917846,3.299659305341E-07,8.));
#588 = VECTOR('',#589,1.);
#589 = DIRECTION('',(-1.,2.024545772344E-07,0.));
#590 = PCURVE('',#126,#591);
#591 = DEFINITIONAL_REPRESENTATION('',(#592),#596);
#592 = LINE('',#593,#594);
#593 = CARTESIAN_POINT('',(6.370172917846,5.000000329966));
#594 = VECTOR('',#595,1.);
#595 = DIRECTION('',(-1.,2.024545772344E-07));
#596 = ( GEOMETRIC_REPRESENTATION_CONTEXT(2) 
PARAMETRIC_REPRESENTATION_CONTEXT() REPRESENTATION_CONTEXT('2D SPACE',''
  ) );
#597 = PCURVE('',#598,#603);
#598 = PLANE('',#599);
#599 = AXIS2_PLACEMENT_3D('',#600,#601,#602);
#600 = CARTESIAN_POINT('',(2.740345835692,5.256815171387E-08,
    7.999999009113));
#601 = DIRECTION('',(2.024545772344E-07,1.,3.194234278771E-13));
#602 = DIRECTION('',(1.,-2.024545772344E-07,0.));
#603 = DEFINITIONAL_REPRESENTATION('',(#604),#607);
#604 = B_SPLINE_CURVE_WITH_KNOTS('',1,(#605,#606),.UNSPECIFIED.,.F.,.F.,
  (2,2),(-1.629827082154,-0.763801678376),.PIECEWISE_BEZIER_KNOTS.);
#605 = CARTESIAN_POINT('',(0.259654164308,-9.908865044039E-07));
#606 = CARTESIAN_POINT('',(-0.60637123947,-9.908865044039E-07));
#607 = ( GEOMETRIC_REPRESENTATION_CONTEXT(2) 
PARAMETRIC_REPRESENTATION_CONTEXT() REPRESENTATION_CONTEXT('2D SPACE',''
  ) );
#608 = ADVANCED_FACE('',(#609),#100,.T.);
#609 = FACE_BOUND('',#610,.T.);
#610 = EDGE_LOOP('',(#611,#634,#635,#636));
#611 = ORIENTED_EDGE('',*,*,#612,.F.);
#612 = EDGE_CURVE('',#57,#613,#615,.T.);
#613 = VERTEX_POINT('',#614);
#614 = CARTESIAN_POINT('',(5.,5.,0.));
#615 = SURFACE_CURVE('',#616,(#620,#627),.PCURVE_S1.);
#616 = LINE('',#617,#618);
#617 = CARTESIAN_POINT('',(-5.,5.,0.));
#618 = VECTOR('',#619,1.);
#619 = DIRECTION('',(1.,0.,0.));
#620 = PCURVE('',#100,#621);
#621 = DEFINITIONAL_REPRESENTATION('',(#622),#626);
#622 = LINE('',#623,#624);
#623 = CARTESIAN_POINT('',(0.,0.));
#624 = VECTOR('',#625,1.);
#625 = DIRECTION('',(0.,1.));
#626 = ( GEOMETRIC_REPRESENTATION_CONTEXT(2) 
PARAMETRIC_REPRESENTATION_CONTEXT() REPRESENTATION_CONTEXT('2D SPACE',''
  ) );
#627 = PCURVE('',#72,#628);
#628 = DEFINITIONAL_REPRESENTATION('',(#629),#633);
#629 = LINE('',#630,#631);
#630 = CARTESIAN_POINT('',(0.,10.));
#631 = VECTOR('',#632,1.);
#632 = DIRECTION('',(1.,0.));
#633 = ( GEOMETRIC_REPRESENTATION_CONTEXT(2) 
PARAMETRIC_REPRESENTATION_CONTEXT() REPRESENTATION_CONTEXT('2D SPACE',''
  ) );
#634 = ORIENTED_EDGE('',*,*,#84,.T.);
#635 = ORIENTED_EDGE('',*,*,#242,.T.);
#636 = ORIENTED_EDGE('',*,*,#637,.F.);
#637 = EDGE_CURVE('',#613,#220,#638,.T.);
#638 = SURFACE_CURVE('',#639,(#643,#650),.PCURVE_S1.);
#639 = LINE('',#640,#641);
#640 = CARTESIAN_POINT('',(5.,5.,0.));
#641 = VECTOR('',#642,1.);
#642 = DIRECTION('',(0.,0.,1.));
#643 = PCURVE('',#100,#644);
#644 = DEFINITIONAL_REPRESENTATION('',(#645),#649);
#645 = LINE('',#646,#647);
#646 = CARTESIAN_POINT('',(0.,10.));
#647 = VECTOR('',#648,1.);
#648 = DIRECTION('',(1.,0.));
#649 = ( GEOMETRIC_REPRESENTATION_CONTEXT(2) 
PARAMETRIC_REPRESENTATION_CONTEXT() REPRESENTATION_CONTEXT('2D SPACE',''
  ) );
#650 = PCURVE('',#202,#651);
#651 = DEFINITIONAL_REPRESENTATION('',(#652),#656);
#652 = LINE('',#653,#654);
#653 = CARTESIAN_POINT('',(0.,-10.));
#654 = VECTOR('',#655,1.);
#655 = DIRECTION('',(1.,0.));
#656 = ( GEOMETRIC_REPRESENTATION_CONTEXT(2) 
PARAMETRIC_REPRESENTATION_CONTEXT() REPRESENTATION_CONTEXT('2D SPACE',''
  ) );
#657 = ADVANCED_FACE('',(#658,#684),#72,.F.);
#658 = FACE_BOUND('',#659,.F.);
#659 = EDGE_LOOP('',(#660,#661,#662,#683));
#660 = ORIENTED_EDGE('',*,*,#56,.F.);
#661 = ORIENTED_EDGE('',*,*,#141,.T.);
#662 = ORIENTED_EDGE('',*,*,#663,.T.);
#663 = EDGE_CURVE('',#142,#613,#664,.T.);
#664 = SURFACE_CURVE('',#665,(#669,#676),.PCURVE_S1.);
#665 = LINE('',#666,#667);
#666 = CARTESIAN_POINT('',(5.,-5.,0.));
#667 = VECTOR('',#668,1.);
#668 = DIRECTION('',(0.,1.,0.));
#669 = PCURVE('',#72,#670);
#670 = DEFINITIONAL_REPRESENTATION('',(#671),#675);
#671 = LINE('',#672,#673);
#672 = CARTESIAN_POINT('',(10.,0.));
#673 = VECTOR('',#674,1.);
#674 = DIRECTION('',(0.,1.));
#675 = ( GEOMETRIC_REPRESENTATION_CONTEXT(2) 
PARAMETRIC_REPRESENTATION_CONTEXT() REPRESENTATION_CONTEXT('2D SPACE',''
  ) );
#676 = PCURVE('',#202,#677);
#677 = DEFINITIONAL_REPRESENTATION('',(#678),#682);
#678 = LINE('',#679,#680);
#679 = CARTESIAN_POINT('',(0.,0.));
#680 = VECTOR('',#681,1.);
#681 = DIRECTION('',(0.,-1.));
#682 = ( GEOMETRIC_REPRESENTATION_CONTEXT(2) 
PARAMETRIC_REPRESENTATION_CONTEXT() REPRESENTATION_CONTEXT('2D SPACE',''
  ) );
#683 = ORIENTED_EDGE('',*,*,#612,.F.);
#684 = FACE_BOUND('',#685,.F.);
#685 = EDGE_LOOP('',(#686,#717,#1005));
#686 = ORIENTED_EDGE('',*,*,#687,.F.);
#687 = EDGE_CURVE('',#688,#690,#692,.T.);
#688 = VERTEX_POINT('',#689);
#689 = CARTESIAN_POINT('',(-2.956009529076,0.51186684207,0.));
#690 = VERTEX_POINT('',#691);
#691 = CARTESIAN_POINT('',(3.,0.,0.));
#692 = SURFACE_CURVE('',#693,(#698,#705),.PCURVE_S1.);
#693 = CIRCLE('',#694,3.);
#694 = AXIS2_PLACEMENT_3D('',#695,#696,#697);
#695 = CARTESIAN_POINT('',(0.,0.,0.));
#696 = DIRECTION('',(0.,0.,1.));
#697 = DIRECTION('',(1.,0.,0.));
#698 = PCURVE('',#72,#699);
#699 = DEFINITIONAL_REPRESENTATION('',(#700),#704);
#700 = CIRCLE('',#701,3.);
#701 = AXIS2_PLACEMENT_2D('',#702,#703);
#702 = CARTESIAN_POINT('',(5.,5.));
#703 = DIRECTION('',(1.,0.));
#704 = ( GEOMETRIC_REPRESENTATION_CONTEXT(2) 
PARAMETRIC_REPRESENTATION_CONTEXT() REPRESENTATION_CONTEXT('2D SPACE',''
  ) );
#705 = PCURVE('',#706,#711);
#706 = CYLINDRICAL_SURFACE('',#707,3.);
#707 = AXIS2_PLACEMENT_3D('',#708,#709,#710);
#708 = CARTESIAN_POINT('',(0.,0.,0.));
#709 = DIRECTION('',(-0.,-0.,-1.));
#710 = DIRECTION('',(1.,0.,0.));
#711 = DEFINITIONAL_REPRESENTATION('',(#712),#716);
#712 = LINE('',#713,#714);
#713 = CARTESIAN_POINT('',(-0.,0.));
#714 = VECTOR('',#715,1.);
#715 = DIRECTION('',(-1.,0.));
#716 = ( GEOMETRIC_REPRESENTATION_CONTEXT(2) 
PARAMETRIC_REPRESENTATION_CONTEXT() REPRESENTATION_CONTEXT('2D SPACE',''
  ) );
#717 = ORIENTED_EDGE('',*,*,#718,.F.);
#718 = EDGE_CURVE('',#719,#688,#721,.T.);
#719 = VERTEX_POINT('',#720);
#720 = CARTESIAN_POINT('',(2.133974596216,1.844768725935E-15,
    -5.551115123126E-17));
#721 = SURFACE_CURVE('',#722,(#760,#801),.PCURVE_S1.);
#722 = B_SPLINE_CURVE_WITH_KNOTS('',6,(#723,#724,#725,#726,#727,#728,
    #729,#730,#731,#732,#733,#734,#735,#736,#737,#738,#739,#740,#741,
    #742,#743,#744,#745,#746,#747,#748,#749,#750,#751,#752,#753,#754,
    #755,#756,#757,#758,#759),.UNSPECIFIED.,.F.,.F.,(7,5,5,5,5,5,5,7),(
    0.,0.194010106314,0.300546706128,0.417957857322,0.544909257049,
    0.682002388665,0.833290647144,1.),.UNSPECIFIED.);
#723 = CARTESIAN_POINT('',(2.133974596216,2.837775949804E-15,0.));
#724 = CARTESIAN_POINT('',(2.167338872929,0.244223563268,0.));
#725 = CARTESIAN_POINT('',(2.166686082744,0.494069494076,0.));
#726 = CARTESIAN_POINT('',(2.131491483138,0.743260768352,0.));
#727 = CARTESIAN_POINT('',(2.062837541881,0.986057231237,0.));
#728 = CARTESIAN_POINT('',(1.962735544282,1.21722846852,0.));
#729 = CARTESIAN_POINT('',(1.76391333776,1.550214394418,0.));
#730 = CARTESIAN_POINT('',(1.684898106542,1.663393550668,0.));
#731 = CARTESIAN_POINT('',(1.597850933782,1.770980162608,0.));
#732 = CARTESIAN_POINT('',(1.503345394076,1.872324752866,0.));
#733 = CARTESIAN_POINT('',(1.402013784859,1.966861216774,0.));
#734 = CARTESIAN_POINT('',(1.176091503964,2.150250892478,0.));
#735 = CARTESIAN_POINT('',(1.050174963649,2.237544960271,0.));
#736 = CARTESIAN_POINT('',(0.917701147592,2.31533721219,0.));
#737 = CARTESIAN_POINT('',(0.77962745603,2.38311824404,0.));
#738 = CARTESIAN_POINT('',(0.636945759655,2.440509521708,0.));
#739 = CARTESIAN_POINT('',(0.332513546425,2.537799132029,0.));
#740 = CARTESIAN_POINT('',(0.1701430943,2.575901727691,0.));
#741 = CARTESIAN_POINT('',(4.844911344818E-03,2.601238838361,0.));
#742 = CARTESIAN_POINT('',(-0.16210827695,2.613676333974,0.));
#743 = CARTESIAN_POINT('',(-0.329465684399,2.613232208956,0.));
#744 = CARTESIAN_POINT('',(-0.675840354926,2.58588869877,0.));
#745 = CARTESIAN_POINT('',(-0.85473885628,2.556877267991,0.));
#746 = CARTESIAN_POINT('',(-1.031155105887,2.513271281205,0.));
#747 = CARTESIAN_POINT('',(-1.203649460494,2.455501191935,0.));
#748 = CARTESIAN_POINT('',(-1.370877465815,2.384156798144,0.));
#749 = CARTESIAN_POINT('',(-1.708959220229,2.207125759782,0.));
#750 = CARTESIAN_POINT('',(-1.87841715153,2.098636670568,0.));
#751 = CARTESIAN_POINT('',(-2.038302461791,1.975544222372,0.));
#752 = CARTESIAN_POINT('',(-2.187182848752,1.839065385701,0.));
#753 = CARTESIAN_POINT('',(-2.323823545562,1.690557486932,0.));
#754 = CARTESIAN_POINT('',(-2.583165592955,1.356296079837,0.));
#755 = CARTESIAN_POINT('',(-2.703047538335,1.1682615999,0.));
#756 = CARTESIAN_POINT('',(-2.805483526767,0.96943924232,0.));
#757 = CARTESIAN_POINT('',(-2.889503602998,0.761953760953,0.));
#758 = CARTESIAN_POINT('',(-2.954447080529,0.547986225187,0.));
#759 = CARTESIAN_POINT('',(-3.,0.329782562557,0.));
#760 = PCURVE('',#72,#761);
#761 = DEFINITIONAL_REPRESENTATION('',(#762),#800);
#762 = B_SPLINE_CURVE_WITH_KNOTS('',6,(#763,#764,#765,#766,#767,#768,
    #769,#770,#771,#772,#773,#774,#775,#776,#777,#778,#779,#780,#781,
    #782,#783,#784,#785,#786,#787,#788,#789,#790,#791,#792,#793,#794,
    #795,#796,#797,#798,#799),.UNSPECIFIED.,.F.,.F.,(7,5,5,5,5,5,5,7),(
    0.,0.194010106314,0.300546706128,0.417957857322,0.544909257049,
    0.682002388665,0.833290647144,1.),.UNSPECIFIED.);
#763 = CARTESIAN_POINT('',(7.133974596216,5.));
#764 = CARTESIAN_POINT('',(7.167338872929,5.244223563268));
#765 = CARTESIAN_POINT('',(7.166686082744,5.494069494076));
#766 = CARTESIAN_POINT('',(7.131491483138,5.743260768352));
#767 = CARTESIAN_POINT('',(7.062837541881,5.986057231237));
#768 = CARTESIAN_POINT('',(6.962735544282,6.21722846852));
#769 = CARTESIAN_POINT('',(6.76391333776,6.550214394418));
#770 = CARTESIAN_POINT('',(6.684898106542,6.663393550668));
#771 = CARTESIAN_POINT('',(6.597850933782,6.770980162608));
#772 = CARTESIAN_POINT('',(6.503345394076,6.872324752866));
#773 = CARTESIAN_POINT('',(6.402013784859,6.966861216774));
#774 = CARTESIAN_POINT('',(6.176091503964,7.150250892478));
#775 = CARTESIAN_POINT('',(6.050174963649,7.237544960271));
#776 = CARTESIAN_POINT('',(5.917701147592,7.31533721219));
#777 = CARTESIAN_POINT('',(5.77962745603,7.38311824404));
#778 = CARTESIAN_POINT('',(5.636945759655,7.440509521708));
#779 = CARTESIAN_POINT('',(5.332513546425,7.537799132029));
#780 = CARTESIAN_POINT('',(5.1701430943,7.575901727691));
#781 = CARTESIAN_POINT('',(5.004844911345,7.601238838361));
#782 = CARTESIAN_POINT('',(4.83789172305,7.613676333974));
#783 = CARTESIAN_POINT('',(4.670534315601,7.613232208956));
#784 = CARTESIAN_POINT('',(4.324159645074,7.58588869877));
#785 = CARTESIAN_POINT('',(4.14526114372,7.556877267991));
#786 = CARTESIAN_POINT('',(3.968844894113,7.513271281205));
#787 = CARTESIAN_POINT('',(3.796350539506,7.455501191935));
#788 = CARTESIAN_POINT('',(3.629122534185,7.384156798144));
#789 = CARTESIAN_POINT('',(3.291040779771,7.207125759782));
#790 = CARTESIAN_POINT('',(3.12158284847,7.098636670568));
#791 = CARTESIAN_POINT('',(2.961697538209,6.975544222372));
#792 = CARTESIAN_POINT('',(2.812817151248,6.839065385701));
#793 = CARTESIAN_POINT('',(2.676176454438,6.690557486932));
#794 = CARTESIAN_POINT('',(2.416834407045,6.356296079837));
#795 = CARTESIAN_POINT('',(2.296952461665,6.1682615999));
#796 = CARTESIAN_POINT('',(2.194516473233,5.96943924232));
#797 = CARTESIAN_POINT('',(2.110496397002,5.761953760953));
#798 = CARTESIAN_POINT('',(2.045552919471,5.547986225187));
#799 = CARTESIAN_POINT('',(2.,5.329782562557));
#800 = ( GEOMETRIC_REPRESENTATION_CONTEXT(2) 
PARAMETRIC_REPRESENTATION_CONTEXT() REPRESENTATION_CONTEXT('2D SPACE',''
  ) );
#801 = PCURVE('',#802,#965);
#802 = B_SPLINE_SURFACE_WITH_KNOTS('',1,10,(
    (#803,#804,#805,#806,#807,#808,#809,#810,#811,#812,#813,#814,#815
      ,#816,#817,#818,#819,#820,#821,#822,#823,#824,#825,#826,#827,#828
      ,#829,#830,#831,#832,#833,#834,#835,#836,#837,#838,#839,#840,#841
      ,#842,#843,#844,#845,#846,#847,#848,#849,#850,#851,#852,#853,#854
      ,#855,#856,#857,#858,#859,#860,#861,#862,#863,#864,#865,#866,#867
      ,#868,#869,#870,#871,#872,#873,#874,#875,#876,#877,#878,#879,#880
      ,#881,#882,#883)
    ,(#884,#885,#886,#887,#888,#889,#890,#891,#892,#893,#894,#895,#896
      ,#897,#898,#899,#900,#901,#902,#903,#904,#905,#906,#907,#908,#909
      ,#910,#911,#912,#913,#914,#915,#916,#917,#918,#919,#920,#921,#922
      ,#923,#924,#925,#926,#927,#928,#929,#930,#931,#932,#933,#934,#935
      ,#936,#937,#938,#939,#940,#941,#942,#943,#944,#945,#946,#947,#948
      ,#949,#950,#951,#952,#953,#954,#955,#956,#957,#958,#959,#960,#961
      ,#962,#963,#964
    )),.UNSPECIFIED.,.F.,.F.,.F.,(2,2),(11,10,10,10,10,10,10,10,11),(0.,
    1.043600757176),(0.,6.362265131567,12.724530263135,19.086795394702,
    25.449060526269,31.811325657837,38.173590789404,44.535855920971,
    50.898121052539),.PIECEWISE_BEZIER_KNOTS.);
#803 = CARTESIAN_POINT('',(3.05,1.039996469263E-15,-0.5));
#804 = CARTESIAN_POINT('',(3.050009958972,1.916372237691,-0.399999004103
    ));
#805 = CARTESIAN_POINT('',(1.71238090232,3.834284555391,-0.300002734758)
  );
#806 = CARTESIAN_POINT('',(-0.965853221855,4.689047604377,-0.19999520071
    ));
#807 = CARTESIAN_POINT('',(-4.024350228647,3.491566017579,
    -0.100003851306));
#808 = CARTESIAN_POINT('',(-5.644394771324,-7.358533897772E-07,
    9.498718547829E-08));
#809 = CARTESIAN_POINT('',(-4.024274833142,-3.491565495366,
    0.100004042822));
#810 = CARTESIAN_POINT('',(-0.965944158227,-4.689046914706,
    0.199995391105));
#811 = CARTESIAN_POINT('',(1.712436512022,-3.834285054339,0.300002925731
    ));
#812 = CARTESIAN_POINT('',(3.049991942762,-1.916372247812,0.399999194877
    ));
#813 = CARTESIAN_POINT('',(3.050001908088,-1.012293876899E-08,
    0.500000190812));
#814 = CARTESIAN_POINT('',(3.05000627833,1.916372257218,0.600000627826)
  );
#815 = CARTESIAN_POINT('',(1.712386535303,3.834284525505,0.699997828551)
  );
#816 = CARTESIAN_POINT('',(-0.965860221781,4.689047641515,0.800004099285
    ));
#817 = CARTESIAN_POINT('',(-4.024343100547,3.49156597976,0.899996861516)
  );
#818 = CARTESIAN_POINT('',(-5.644400711408,-7.043370819915E-07,
    0.999999500969));
#819 = CARTESIAN_POINT('',(-4.024270833182,-3.491565516589,
    1.100004442824));
#820 = CARTESIAN_POINT('',(-0.965946270599,-4.689046903499,
    1.199995179865));
#821 = CARTESIAN_POINT('',(1.712437329944,-3.834285058678,1.300003007525
    ));
#822 = CARTESIAN_POINT('',(3.049991751952,-1.9163722468,1.399999175796)
  );
#823 = CARTESIAN_POINT('',(3.050001908088,-1.012288501211E-08,
    1.500000190812));
#824 = CARTESIAN_POINT('',(3.050006469139,1.916372256206,1.600000646907)
  );
#825 = CARTESIAN_POINT('',(1.712385717384,3.834284529844,1.699997746757)
  );
#826 = CARTESIAN_POINT('',(-0.965858109415,4.68904763031,1.800004310526)
  );
#827 = CARTESIAN_POINT('',(-4.024347100499,3.491566000977,1.899996461513
    ));
#828 = CARTESIAN_POINT('',(-5.644394771333,-7.35844762012E-07,
    2.000000094989));
#829 = CARTESIAN_POINT('',(-4.024277961274,-3.491565478778,
    2.100003730001));
#830 = CARTESIAN_POINT('',(-0.965939270679,-4.689046940632,
    2.199995879871));
#831 = CARTESIAN_POINT('',(1.712431696963,-3.834285028795,2.300002444216
    ));
#832 = CARTESIAN_POINT('',(3.049995432593,-1.916372266326,2.399999543867
    ));
#833 = CARTESIAN_POINT('',(3.050000000001,3.663588707303E-14,2.5));
#834 = CARTESIAN_POINT('',(3.050009958968,1.916372237691,2.600000995897)
  );
#835 = CARTESIAN_POINT('',(1.71238090233,3.834284555389,2.699997265242)
  );
#836 = CARTESIAN_POINT('',(-0.965853221876,4.689047604381,2.800004799292
    ));
#837 = CARTESIAN_POINT('',(-4.024350228615,3.491566017573,2.89999614869)
  );
#838 = CARTESIAN_POINT('',(-5.64439477136,-7.358478262276E-07,
    3.000000094992));
#839 = CARTESIAN_POINT('',(-4.024274833111,-3.49156549537,3.100004042818
    ));
#840 = CARTESIAN_POINT('',(-0.965944158248,-4.689046914705,
    3.199995391108));
#841 = CARTESIAN_POINT('',(1.712436512032,-3.834285054339,3.30000292573)
  );
#842 = CARTESIAN_POINT('',(3.049991942758,-1.916372247812,3.399999194878
    ));
#843 = CARTESIAN_POINT('',(3.050001908089,-1.012318642684E-08,
    3.500000190812));
#844 = CARTESIAN_POINT('',(3.050006469142,1.916372256205,3.600000646907)
  );
#845 = CARTESIAN_POINT('',(1.712385717367,3.834284529848,3.699997746761)
  );
#846 = CARTESIAN_POINT('',(-0.965858109376,4.689047630299,3.800004310516
    ));
#847 = CARTESIAN_POINT('',(-4.02434710056,3.491566000992,3.89999646153)
  );
#848 = CARTESIAN_POINT('',(-5.644394771264,-7.358562044146E-07,
    4.000000094968));
#849 = CARTESIAN_POINT('',(-4.024277961333,-3.491565478774,
    4.100003730018));
#850 = CARTESIAN_POINT('',(-0.965939270641,-4.689046940631,
    4.199995879861));
#851 = CARTESIAN_POINT('',(1.712431696947,-3.834285028796,4.300002444219
    ));
#852 = CARTESIAN_POINT('',(3.049995432597,-1.916372266327,4.399999543867
    ));
#853 = CARTESIAN_POINT('',(3.050000000001,1.822703753074E-13,4.5));
#854 = CARTESIAN_POINT('',(3.050010149778,1.916372236679,4.600001014979)
  );
#855 = CARTESIAN_POINT('',(1.712380084405,3.834284559727,4.699997183447)
  );
#856 = CARTESIAN_POINT('',(-0.965851109495,4.689047593177,4.800005010533
    ));
#857 = CARTESIAN_POINT('',(-4.024354228594,3.491566038787,4.899995748688
    ));
#858 = CARTESIAN_POINT('',(-5.64438883125,-7.673529358598E-07,
    5.000000689008));
#859 = CARTESIAN_POINT('',(-4.024281961236,-3.491565457561,
    5.100003329998));
#860 = CARTESIAN_POINT('',(-0.965937158304,-4.689046951837,
    5.199996091111));
#861 = CARTESIAN_POINT('',(1.712430879038,-3.834285024456,5.300002362423
    ));
#862 = CARTESIAN_POINT('',(3.049995623404,-1.916372267339,5.399999562949
    ));
#863 = CARTESIAN_POINT('',(3.05,2.846660471094E-14,5.5));
#864 = CARTESIAN_POINT('',(3.05001014978,1.916372236679,5.600001014979)
  );
#865 = CARTESIAN_POINT('',(1.712380084403,3.834284559729,5.699997183448)
  );
#866 = CARTESIAN_POINT('',(-0.965851109496,4.689047593172,5.800005010531
    ));
#867 = CARTESIAN_POINT('',(-4.024354228587,3.491566038795,5.899995748691
    ));
#868 = CARTESIAN_POINT('',(-5.644388831263,-7.67359582099E-07,
    6.000000689006));
#869 = CARTESIAN_POINT('',(-4.024281961221,-3.491565457558,
    6.100003329999));
#870 = CARTESIAN_POINT('',(-0.965937158316,-4.689046951837,6.19999609111
    ));
#871 = CARTESIAN_POINT('',(1.712430879046,-3.834285024457,6.300002362423
    ));
#872 = CARTESIAN_POINT('',(3.0499956234,-1.916372267339,6.399999562948)
  );
#873 = CARTESIAN_POINT('',(3.050000000001,9.977752044906E-14,6.5));
#874 = CARTESIAN_POINT('',(3.050009958967,1.916372237691,6.600000995897)
  );
#875 = CARTESIAN_POINT('',(1.712380902335,3.834284555389,6.69999726524)
  );
#876 = CARTESIAN_POINT('',(-0.965853221885,4.689047604382,6.800004799294
    ));
#877 = CARTESIAN_POINT('',(-4.024350228603,3.491566017571,6.899996148686
    ));
#878 = CARTESIAN_POINT('',(-5.644394771372,-7.35845817168E-07,
    7.000000094995));
#879 = CARTESIAN_POINT('',(-4.024274833102,-3.491565495371,
    7.100004042815));
#880 = CARTESIAN_POINT('',(-0.965944158252,-4.689046914704,
    7.199995391109));
#881 = CARTESIAN_POINT('',(1.712436512033,-3.83428505434,7.30000292573)
  );
#882 = CARTESIAN_POINT('',(3.049991942758,-1.916372247812,7.399999194878
    ));
#883 = CARTESIAN_POINT('',(3.050001908089,-1.012297775013E-08,
    7.500000190813));
#884 = CARTESIAN_POINT('',(2.133974596216,9.936338760495E-16,0.));
#885 = CARTESIAN_POINT('',(2.133974596216,1.340813712141,
    9.998275055557E-02));
#886 = CARTESIAN_POINT('',(1.198107719956,2.682721238546,0.200047367891)
  );
#887 = CARTESIAN_POINT('',(-0.675791307284,3.280730036685,0.299916871827
    ));
#888 = CARTESIAN_POINT('',(-2.815697775307,2.44294609128,0.400066711404)
  );
#889 = CARTESIAN_POINT('',(-3.949133620505,-1.622476881735E-07,
    0.49999834754));
#890 = CARTESIAN_POINT('',(-2.81569757435,-2.442946322601,0.599929983701
    ));
#891 = CARTESIAN_POINT('',(-0.675791038028,-3.280730092216,
    0.700079823257));
#892 = CARTESIAN_POINT('',(1.198107940552,-2.682721140107,0.799949327208
    ));
#893 = CARTESIAN_POINT('',(2.13397470632,-1.340813536811,0.900013944536)
  );
#894 = CARTESIAN_POINT('',(2.133974596222,1.753303877427E-07,
    0.999996695094));
#895 = CARTESIAN_POINT('',(2.133974596204,1.340813373934,1.099989125614)
  );
#896 = CARTESIAN_POINT('',(1.198107719974,2.682721756149,1.200037611276)
  );
#897 = CARTESIAN_POINT('',(-0.675791307307,3.280729393478,1.299928996056
    ));
#898 = CARTESIAN_POINT('',(-2.815697775285,2.442946746265,1.40005436517)
  );
#899 = CARTESIAN_POINT('',(-3.949133620523,-7.080691837302E-07,
    1.500008636071));
#900 = CARTESIAN_POINT('',(-2.815697574338,-2.442945955052,
    1.599923055564));
#901 = CARTESIAN_POINT('',(-0.675791038034,-3.280730286319,
    1.700083481994));
#902 = CARTESIAN_POINT('',(1.198107940555,-2.682721064948,1.799947910524
    ));
#903 = CARTESIAN_POINT('',(2.133974706319,-1.340813554344,1.900014275028
    ));
#904 = CARTESIAN_POINT('',(2.133974596222,1.753305188056E-07,
    1.999996695094));
#905 = CARTESIAN_POINT('',(2.133974596204,1.340813391467,2.099988795124)
  );
#906 = CARTESIAN_POINT('',(1.198107719973,2.682721680989,2.200039027956)
  );
#907 = CARTESIAN_POINT('',(-0.675791307303,3.280729587585,2.299925337324
    ));
#908 = CARTESIAN_POINT('',(-2.815697775292,2.442946378708,2.400061293302
    ));
#909 = CARTESIAN_POINT('',(-3.949133620511,-1.622382876931E-07,
    2.499998347546));
#910 = CARTESIAN_POINT('',(-2.815697574355,-2.442946610045,
    2.599935401793));
#911 = CARTESIAN_POINT('',(-0.675791038015,-3.280729643106,
    2.700071357769));
#912 = CARTESIAN_POINT('',(1.198107940538,-2.682721582553,2.799957667137
    ));
#913 = CARTESIAN_POINT('',(2.133974706332,-1.340813216137,2.90000789997)
  );
#914 = CARTESIAN_POINT('',(2.133974596216,-2.465663971458E-13,
    2.999999999999));
#915 = CARTESIAN_POINT('',(2.133974596215,1.340813712142,3.09998275056)
  );
#916 = CARTESIAN_POINT('',(1.198107719958,2.68272123854,3.200047367879)
  );
#917 = CARTESIAN_POINT('',(-0.675791307289,3.280730036695,3.29991687185)
  );
#918 = CARTESIAN_POINT('',(-2.815697775299,2.442946091268,3.400066711371
    ));
#919 = CARTESIAN_POINT('',(-3.949133620516,-1.622407781454E-07,
    3.499998347576));
#920 = CARTESIAN_POINT('',(-2.81569757434,-2.442946322601,3.599929983671
    ));
#921 = CARTESIAN_POINT('',(-0.675791038034,-3.28073009222,3.700079823278
    ));
#922 = CARTESIAN_POINT('',(1.198107940555,-2.682721140103,3.799949327197
    ));
#923 = CARTESIAN_POINT('',(2.13397470632,-1.340813536812,3.900013944541)
  );
#924 = CARTESIAN_POINT('',(2.133974596222,1.753307501411E-07,
    3.999996695092));
#925 = CARTESIAN_POINT('',(2.133974596205,1.340813391466,4.099988795118)
  );
#926 = CARTESIAN_POINT('',(1.19810771997,2.682721680995,4.200039027984)
  );
#927 = CARTESIAN_POINT('',(-0.675791307297,3.280729587574,4.299925337264
    ));
#928 = CARTESIAN_POINT('',(-2.815697775301,2.442946378722,4.400061293394
    ));
#929 = CARTESIAN_POINT('',(-3.949133620503,-1.622489067543E-07,
    4.499998347441));
#930 = CARTESIAN_POINT('',(-2.815697574361,-2.442946610041,
    4.599935401885));
#931 = CARTESIAN_POINT('',(-0.675791038012,-3.280729643106,
    4.700071357709));
#932 = CARTESIAN_POINT('',(1.198107940537,-2.682721582555,4.799957667165
    ));
#933 = CARTESIAN_POINT('',(2.133974706332,-1.340813216136,4.900007899963
    ));
#934 = CARTESIAN_POINT('',(2.133974596216,-2.282852288885E-13,
    4.999999999998));
#935 = CARTESIAN_POINT('',(2.133974596216,1.340813729675,5.099982420069)
  );
#936 = CARTESIAN_POINT('',(1.198107719954,2.682721163384,5.200048784564)
  );
#937 = CARTESIAN_POINT('',(-0.67579130728,3.280730230796,5.299913213104)
  );
#938 = CARTESIAN_POINT('',(-2.815697775316,2.44294572372,5.400073639528)
  );
#939 = CARTESIAN_POINT('',(-3.949133620491,3.835836919208E-07,
    5.499988059017));
#940 = CARTESIAN_POINT('',(-2.815697574368,-2.442946977591,
    5.599942329933));
#941 = CARTESIAN_POINT('',(-0.675791038008,-3.280729449007,
    5.700067699027));
#942 = CARTESIAN_POINT('',(1.198107940535,-2.68272165771,5.799959083825)
  );
#943 = CARTESIAN_POINT('',(2.133974706332,-1.340813198604,5.900007569476
    ));
#944 = CARTESIAN_POINT('',(2.133974596216,-2.700420544004E-13,6.));
#945 = CARTESIAN_POINT('',(2.133974596216,1.340813729676,6.099982420065)
  );
#946 = CARTESIAN_POINT('',(1.198107719955,2.682721163383,6.20004878457)
  );
#947 = CARTESIAN_POINT('',(-0.675791307282,3.280730230797,6.299913213102
    ));
#948 = CARTESIAN_POINT('',(-2.815697775313,2.442945723719,6.400073639523
    ));
#949 = CARTESIAN_POINT('',(-3.949133620495,3.835834068155E-07,
    6.499988059031));
#950 = CARTESIAN_POINT('',(-2.815697574365,-2.44294697759,6.599942329915
    ));
#951 = CARTESIAN_POINT('',(-0.67579103801,-3.280729449009,6.700067699043
    ));
#952 = CARTESIAN_POINT('',(1.198107940536,-2.682721657708,6.799959083814
    ));
#953 = CARTESIAN_POINT('',(2.133974706332,-1.340813198604,6.900007569481
    ));
#954 = CARTESIAN_POINT('',(2.133974596215,-1.267305559847E-13,
    6.999999999998));
#955 = CARTESIAN_POINT('',(2.133974596215,1.340813712142,7.099982750564)
  );
#956 = CARTESIAN_POINT('',(1.198107719959,2.68272123854,7.200047367869)
  );
#957 = CARTESIAN_POINT('',(-0.675791307291,3.280730036696,7.299916871867
    ));
#958 = CARTESIAN_POINT('',(-2.815697775296,2.44294609127,7.40006671135)
  );
#959 = CARTESIAN_POINT('',(-3.949133620519,-1.622448824179E-07,
    7.499998347597));
#960 = CARTESIAN_POINT('',(-2.815697574338,-2.442946322595,
    7.599929983655));
#961 = CARTESIAN_POINT('',(-0.675791038035,-3.280730092225,
    7.700079823286));
#962 = CARTESIAN_POINT('',(1.198107940555,-2.682721140101,7.799949327194
    ));
#963 = CARTESIAN_POINT('',(2.13397470632,-1.340813536813,7.900013944541)
  );
#964 = CARTESIAN_POINT('',(2.133974596222,1.753307837353E-07,
    7.999996695093));
#965 = DEFINITIONAL_REPRESENTATION('',(#966),#1004);
#966 = B_SPLINE_CURVE_WITH_KNOTS('',6,(#967,#968,#969,#970,#971,#972,
    #973,#974,#975,#976,#977,#978,#979,#980,#981,#982,#983,#984,#985,
    #986,#987,#988,#989,#990,#991,#992,#993,#994,#995,#996,#997,#998,
    #999,#1000,#1001,#1002,#1003),.UNSPECIFIED.,.F.,.F.,(7,5,5,5,5,5,5,7
    ),(0.,0.194010106314,0.300546706128,0.417957857322,0.544909257049,
    0.682002388665,0.833290647144,1.),.UNSPECIFIED.);
#967 = CARTESIAN_POINT('',(1.043600757176,0.));
#968 = CARTESIAN_POINT('',(1.005589819601,0.115885976316));
#969 = CARTESIAN_POINT('',(0.968129834404,0.230071745772));
#970 = CARTESIAN_POINT('',(0.931215368488,0.342591858092));
#971 = CARTESIAN_POINT('',(0.894802726209,0.453581975122));
#972 = CARTESIAN_POINT('',(0.858860629055,0.563138879109));
#973 = CARTESIAN_POINT('',(0.803928942294,0.730580354971));
#974 = CARTESIAN_POINT('',(0.784596756955,0.789508562945));
#975 = CARTESIAN_POINT('',(0.765401933107,0.848018360471));
#976 = CARTESIAN_POINT('',(0.74634051604,0.906121737683));
#977 = CARTESIAN_POINT('',(0.727408753365,0.963830050651));
#978 = CARTESIAN_POINT('',(0.687881533372,1.084318197667));
#979 = CARTESIAN_POINT('',(0.66731219797,1.147018425896));
#980 = CARTESIAN_POINT('',(0.646894079455,1.209257742307));
#981 = CARTESIAN_POINT('',(0.626622427575,1.271050567782));
#982 = CARTESIAN_POINT('',(0.606492828613,1.332410321759));
#983 = CARTESIAN_POINT('',(0.564890030372,1.459225290325));
#984 = CARTESIAN_POINT('',(0.543438799849,1.524613526422));
#985 = CARTESIAN_POINT('',(0.522147411754,1.58951442478));
#986 = CARTESIAN_POINT('',(0.501010417897,1.653944603443));
#987 = CARTESIAN_POINT('',(0.480023203632,1.717918150132));
#988 = CARTESIAN_POINT('',(0.436680539112,1.85003581829));
#989 = CARTESIAN_POINT('',(0.414347514793,1.918111572442));
#990 = CARTESIAN_POINT('',(0.392182923955,1.985673875152));
#991 = CARTESIAN_POINT('',(0.370180726021,2.052741168373));
#992 = CARTESIAN_POINT('',(0.348335846461,2.119328938607));
#993 = CARTESIAN_POINT('',(0.302712311372,2.258399088123));
#994 = CARTESIAN_POINT('',(0.278964736775,2.330786731846));
#995 = CARTESIAN_POINT('',(0.255402087466,2.402610729143));
#996 = CARTESIAN_POINT('',(0.232017046615,2.473893382378));
#997 = CARTESIAN_POINT('',(0.20880360989,2.54465298309));
#998 = CARTESIAN_POINT('',(0.16036930231,2.692291325146));
#999 = CARTESIAN_POINT('',(0.135181080238,2.769070550479));
#1000 = CARTESIAN_POINT('',(0.110194491379,2.845235162882));
#1001 = CARTESIAN_POINT('',(8.540085642149E-02,2.920811598256));
#1002 = CARTESIAN_POINT('',(6.07932466398E-02,2.995820964647));
#1003 = CARTESIAN_POINT('',(3.637156668822E-02,3.070263549465));
#1004 = ( GEOMETRIC_REPRESENTATION_CONTEXT(2) 
PARAMETRIC_REPRESENTATION_CONTEXT() REPRESENTATION_CONTEXT('2D SPACE',''
  ) );
#1005 = ORIENTED_EDGE('',*,*,#1006,.F.);
#1006 = EDGE_CURVE('',#690,#719,#1007,.T.);
#1007 = SURFACE_CURVE('',#1008,(#1012,#1019),.PCURVE_S1.);
#1008 = LINE('',#1009,#1010);
#1009 = CARTESIAN_POINT('',(1.370172917845,2.608711909454E-15,0.));
#1010 = VECTOR('',#1011,1.);
#1011 = DIRECTION('',(-1.,1.557355321606E-15,0.));
#1012 = PCURVE('',#72,#1013);
#1013 = DEFINITIONAL_REPRESENTATION('',(#1014),#1018);
#1014 = LINE('',#1015,#1016);
#1015 = CARTESIAN_POINT('',(6.370172917845,5.));
#1016 = VECTOR('',#1017,1.);
#1017 = DIRECTION('',(-1.,1.557355321606E-15));
#1018 = ( GEOMETRIC_REPRESENTATION_CONTEXT(2) 
PARAMETRIC_REPRESENTATION_CONTEXT() REPRESENTATION_CONTEXT('2D SPACE',''
  ) );
#1019 = PCURVE('',#1020,#1025);
#1020 = PLANE('',#1021);
#1021 = AXIS2_PLACEMENT_3D('',#1022,#1023,#1024);
#1022 = CARTESIAN_POINT('',(2.74034583569,4.748658243269E-16,
    -2.15772702779E-16));
#1023 = DIRECTION('',(1.557355321606E-15,1.,3.825814428479E-15));
#1024 = DIRECTION('',(0.,-3.825814428479E-15,1.));
#1025 = DEFINITIONAL_REPRESENTATION('',(#1026),#1029);
#1026 = B_SPLINE_CURVE_WITH_KNOTS('',1,(#1027,#1028),.UNSPECIFIED.,.F.,
  .F.,(2,2),(-1.629827082155,-0.76380167837),.PIECEWISE_BEZIER_KNOTS.);
#1027 = CARTESIAN_POINT('',(2.15772702779E-16,0.25965416431));
#1028 = CARTESIAN_POINT('',(2.15772702779E-16,-0.606371239475));
#1029 = ( GEOMETRIC_REPRESENTATION_CONTEXT(2) 
PARAMETRIC_REPRESENTATION_CONTEXT() REPRESENTATION_CONTEXT('2D SPACE',''
  ) );
#1030 = ADVANCED_FACE('',(#1031),#202,.T.);
#1031 = FACE_BOUND('',#1032,.T.);
#1032 = EDGE_LOOP('',(#1033,#1034,#1035,#1036));
#1033 = ORIENTED_EDGE('',*,*,#188,.F.);
#1034 = ORIENTED_EDGE('',*,*,#663,.T.);
#1035 = ORIENTED_EDGE('',*,*,#637,.T.);
#1036 = ORIENTED_EDGE('',*,*,#219,.F.);
#1037 = ADVANCED_FACE('',(#1038),#351,.T.);
#1038 = FACE_BOUND('',#1039,.T.);
#1039 = EDGE_LOOP('',(#1040,#1138,#1159,#1373,#1608,#1822,#2036,#2250,
    #2455,#2660,#2789));
#1040 = ORIENTED_EDGE('',*,*,#1041,.F.);
#1041 = EDGE_CURVE('',#719,#268,#1042,.T.);
#1042 = SURFACE_CURVE('',#1043,(#1125,#1131),.PCURVE_S1.);
#1043 = B_SPLINE_CURVE_WITH_KNOTS('',10,(#1044,#1045,#1046,#1047,#1048,
    #1049,#1050,#1051,#1052,#1053,#1054,#1055,#1056,#1057,#1058,#1059,
    #1060,#1061,#1062,#1063,#1064,#1065,#1066,#1067,#1068,#1069,#1070,
    #1071,#1072,#1073,#1074,#1075,#1076,#1077,#1078,#1079,#1080,#1081,
    #1082,#1083,#1084,#1085,#1086,#1087,#1088,#1089,#1090,#1091,#1092,
    #1093,#1094,#1095,#1096,#1097,#1098,#1099,#1100,#1101,#1102,#1103,
    #1104,#1105,#1106,#1107,#1108,#1109,#1110,#1111,#1112,#1113,#1114,
    #1115,#1116,#1117,#1118,#1119,#1120,#1121,#1122,#1123,#1124),
  .UNSPECIFIED.,.F.,.F.,(11,10,10,10,10,10,10,10,11),(0.,6.362265131567,
    12.724530263135,19.086795394702,25.449060526269,31.811325657837,
    38.173590789404,44.535855920971,50.898121052539),
  .PIECEWISE_BEZIER_KNOTS.);
#1044 = CARTESIAN_POINT('',(2.133974596216,9.936338760495E-16,0.));
#1045 = CARTESIAN_POINT('',(2.133974596216,1.340813712141,
    9.998275055557E-02));
#1046 = CARTESIAN_POINT('',(1.198107719956,2.682721238546,0.200047367891
    ));
#1047 = CARTESIAN_POINT('',(-0.675791307284,3.280730036685,
    0.299916871827));
#1048 = CARTESIAN_POINT('',(-2.815697775307,2.44294609128,0.400066711404
    ));
#1049 = CARTESIAN_POINT('',(-3.949133620505,-1.622476881735E-07,
    0.49999834754));
#1050 = CARTESIAN_POINT('',(-2.81569757435,-2.442946322601,
    0.599929983701));
#1051 = CARTESIAN_POINT('',(-0.675791038028,-3.280730092216,
    0.700079823257));
#1052 = CARTESIAN_POINT('',(1.198107940552,-2.682721140107,
    0.799949327208));
#1053 = CARTESIAN_POINT('',(2.13397470632,-1.340813536811,0.900013944536
    ));
#1054 = CARTESIAN_POINT('',(2.133974596222,1.753303877427E-07,
    0.999996695094));
#1055 = CARTESIAN_POINT('',(2.133974596204,1.340813373934,1.099989125614
    ));
#1056 = CARTESIAN_POINT('',(1.198107719974,2.682721756149,1.200037611276
    ));
#1057 = CARTESIAN_POINT('',(-0.675791307307,3.280729393478,
    1.299928996056));
#1058 = CARTESIAN_POINT('',(-2.815697775285,2.442946746265,1.40005436517
    ));
#1059 = CARTESIAN_POINT('',(-3.949133620523,-7.080691837302E-07,
    1.500008636071));
#1060 = CARTESIAN_POINT('',(-2.815697574338,-2.442945955052,
    1.599923055564));
#1061 = CARTESIAN_POINT('',(-0.675791038034,-3.280730286319,
    1.700083481994));
#1062 = CARTESIAN_POINT('',(1.198107940555,-2.682721064948,
    1.799947910524));
#1063 = CARTESIAN_POINT('',(2.133974706319,-1.340813554344,
    1.900014275028));
#1064 = CARTESIAN_POINT('',(2.133974596222,1.753305188056E-07,
    1.999996695094));
#1065 = CARTESIAN_POINT('',(2.133974596204,1.340813391467,2.099988795124
    ));
#1066 = CARTESIAN_POINT('',(1.198107719973,2.682721680989,2.200039027956
    ));
#1067 = CARTESIAN_POINT('',(-0.675791307303,3.280729587585,
    2.299925337324));
#1068 = CARTESIAN_POINT('',(-2.815697775292,2.442946378708,
    2.400061293302));
#1069 = CARTESIAN_POINT('',(-3.949133620511,-1.622382876931E-07,
    2.499998347546));
#1070 = CARTESIAN_POINT('',(-2.815697574355,-2.442946610045,
    2.599935401793));
#1071 = CARTESIAN_POINT('',(-0.675791038015,-3.280729643106,
    2.700071357769));
#1072 = CARTESIAN_POINT('',(1.198107940538,-2.682721582553,
    2.799957667137));
#1073 = CARTESIAN_POINT('',(2.133974706332,-1.340813216137,2.90000789997
    ));
#1074 = CARTESIAN_POINT('',(2.133974596216,-2.465663971458E-13,
    2.999999999999));
#1075 = CARTESIAN_POINT('',(2.133974596215,1.340813712142,3.09998275056)
  );
#1076 = CARTESIAN_POINT('',(1.198107719958,2.68272123854,3.200047367879)
  );
#1077 = CARTESIAN_POINT('',(-0.675791307289,3.280730036695,3.29991687185
    ));
#1078 = CARTESIAN_POINT('',(-2.815697775299,2.442946091268,
    3.400066711371));
#1079 = CARTESIAN_POINT('',(-3.949133620516,-1.622407781454E-07,
    3.499998347576));
#1080 = CARTESIAN_POINT('',(-2.81569757434,-2.442946322601,
    3.599929983671));
#1081 = CARTESIAN_POINT('',(-0.675791038034,-3.28073009222,
    3.700079823278));
#1082 = CARTESIAN_POINT('',(1.198107940555,-2.682721140103,
    3.799949327197));
#1083 = CARTESIAN_POINT('',(2.13397470632,-1.340813536812,3.900013944541
    ));
#1084 = CARTESIAN_POINT('',(2.133974596222,1.753307501411E-07,
    3.999996695092));
#1085 = CARTESIAN_POINT('',(2.133974596205,1.340813391466,4.099988795118
    ));
#1086 = CARTESIAN_POINT('',(1.19810771997,2.682721680995,4.200039027984)
  );
#1087 = CARTESIAN_POINT('',(-0.675791307297,3.280729587574,
    4.299925337264));
#1088 = CARTESIAN_POINT('',(-2.815697775301,2.442946378722,
    4.400061293394));
#1089 = CARTESIAN_POINT('',(-3.949133620503,-1.622489067543E-07,
    4.499998347441));
#1090 = CARTESIAN_POINT('',(-2.815697574361,-2.442946610041,
    4.599935401885));
#1091 = CARTESIAN_POINT('',(-0.675791038012,-3.280729643106,
    4.700071357709));
#1092 = CARTESIAN_POINT('',(1.198107940537,-2.682721582555,
    4.799957667165));
#1093 = CARTESIAN_POINT('',(2.133974706332,-1.340813216136,
    4.900007899963));
#1094 = CARTESIAN_POINT('',(2.133974596216,-2.282852288885E-13,
    4.999999999998));
#1095 = CARTESIAN_POINT('',(2.133974596216,1.340813729675,5.099982420069
    ));
#1096 = CARTESIAN_POINT('',(1.198107719954,2.682721163384,5.200048784564
    ));
#1097 = CARTESIAN_POINT('',(-0.67579130728,3.280730230796,5.299913213104
    ));
#1098 = CARTESIAN_POINT('',(-2.815697775316,2.44294572372,5.400073639528
    ));
#1099 = CARTESIAN_POINT('',(-3.949133620491,3.835836919208E-07,
    5.499988059017));
#1100 = CARTESIAN_POINT('',(-2.815697574368,-2.442946977591,
    5.599942329933));
#1101 = CARTESIAN_POINT('',(-0.675791038008,-3.280729449007,
    5.700067699027));
#1102 = CARTESIAN_POINT('',(1.198107940535,-2.68272165771,5.799959083825
    ));
#1103 = CARTESIAN_POINT('',(2.133974706332,-1.340813198604,
    5.900007569476));
#1104 = CARTESIAN_POINT('',(2.133974596216,-2.700420544004E-13,6.));
#1105 = CARTESIAN_POINT('',(2.133974596216,1.340813729676,6.099982420065
    ));
#1106 = CARTESIAN_POINT('',(1.198107719955,2.682721163383,6.20004878457)
  );
#1107 = CARTESIAN_POINT('',(-0.675791307282,3.280730230797,
    6.299913213102));
#1108 = CARTESIAN_POINT('',(-2.815697775313,2.442945723719,
    6.400073639523));
#1109 = CARTESIAN_POINT('',(-3.949133620495,3.835834068155E-07,
    6.499988059031));
#1110 = CARTESIAN_POINT('',(-2.815697574365,-2.44294697759,
    6.599942329915));
#1111 = CARTESIAN_POINT('',(-0.67579103801,-3.280729449009,
    6.700067699043));
#1112 = CARTESIAN_POINT('',(1.198107940536,-2.682721657708,
    6.799959083814));
#1113 = CARTESIAN_POINT('',(2.133974706332,-1.340813198604,
    6.900007569481));
#1114 = CARTESIAN_POINT('',(2.133974596215,-1.267305559847E-13,
    6.999999999998));
#1115 = CARTESIAN_POINT('',(2.133974596215,1.340813712142,7.099982750564
    ));
#1116 = CARTESIAN_POINT('',(1.198107719959,2.68272123854,7.200047367869)
  );
#1117 = CARTESIAN_POINT('',(-0.675791307291,3.280730036696,
    7.299916871867));
#1118 = CARTESIAN_POINT('',(-2.815697775296,2.44294609127,7.40006671135)
  );
#1119 = CARTESIAN_POINT('',(-3.949133620519,-1.622448824179E-07,
    7.499998347597));
#1120 = CARTESIAN_POINT('',(-2.815697574338,-2.442946322595,
    7.599929983655));
#1121 = CARTESIAN_POINT('',(-0.675791038035,-3.280730092225,
    7.700079823286));
#1122 = CARTESIAN_POINT('',(1.198107940555,-2.682721140101,
    7.799949327194));
#1123 = CARTESIAN_POINT('',(2.13397470632,-1.340813536813,7.900013944541
    ));
#1124 = CARTESIAN_POINT('',(2.133974596222,1.753307837353E-07,
    7.999996695093));
#1125 = PCURVE('',#351,#1126);
#1126 = DEFINITIONAL_REPRESENTATION('',(#1127),#1130);
#1127 = B_SPLINE_CURVE_WITH_KNOTS('',1,(#1128,#1129),.UNSPECIFIED.,.F.,
  .F.,(2,2),(0.,50.898121052539),.PIECEWISE_BEZIER_KNOTS.);
#1128 = CARTESIAN_POINT('',(0.,0.));
#1129 = CARTESIAN_POINT('',(0.,50.898121052539));
#1130 = ( GEOMETRIC_REPRESENTATION_CONTEXT(2) 
PARAMETRIC_REPRESENTATION_CONTEXT() REPRESENTATION_CONTEXT('2D SPACE',''
  ) );
#1131 = PCURVE('',#802,#1132);
#1132 = DEFINITIONAL_REPRESENTATION('',(#1133),#1137);
#1133 = LINE('',#1134,#1135);
#1134 = CARTESIAN_POINT('',(1.043600757176,0.));
#1135 = VECTOR('',#1136,1.);
#1136 = DIRECTION('',(0.,1.));
#1137 = ( GEOMETRIC_REPRESENTATION_CONTEXT(2) 
PARAMETRIC_REPRESENTATION_CONTEXT() REPRESENTATION_CONTEXT('2D SPACE',''
  ) );
#1138 = ORIENTED_EDGE('',*,*,#1139,.T.);
#1139 = EDGE_CURVE('',#719,#1140,#1142,.T.);
#1140 = VERTEX_POINT('',#1141);
#1141 = CARTESIAN_POINT('',(3.,-1.279983884094E-15,0.472708180475));
#1142 = SURFACE_CURVE('',#1143,(#1146,#1153),.PCURVE_S1.);
#1143 = B_SPLINE_CURVE_WITH_KNOTS('',1,(#1144,#1145),.UNSPECIFIED.,.F.,
  .F.,(2,2),(0.,1.043600757176),.PIECEWISE_BEZIER_KNOTS.);
#1144 = CARTESIAN_POINT('',(2.133974596216,1.844768725935E-15,
    -5.551115123126E-17));
#1145 = CARTESIAN_POINT('',(3.05,-2.814275348246E-15,0.5));
#1146 = PCURVE('',#351,#1147);
#1147 = DEFINITIONAL_REPRESENTATION('',(#1148),#1152);
#1148 = LINE('',#1149,#1150);
#1149 = CARTESIAN_POINT('',(0.,0.));
#1150 = VECTOR('',#1151,1.);
#1151 = DIRECTION('',(1.,0.));
#1152 = ( GEOMETRIC_REPRESENTATION_CONTEXT(2) 
PARAMETRIC_REPRESENTATION_CONTEXT() REPRESENTATION_CONTEXT('2D SPACE',''
  ) );
#1153 = PCURVE('',#1020,#1154);
#1154 = DEFINITIONAL_REPRESENTATION('',(#1155),#1158);
#1155 = B_SPLINE_CURVE_WITH_KNOTS('',1,(#1156,#1157),.UNSPECIFIED.,.F.,
  .F.,(2,2),(0.,1.043600757176),.PIECEWISE_BEZIER_KNOTS.);
#1156 = CARTESIAN_POINT('',(1.602615515477E-16,-0.606371239475));
#1157 = CARTESIAN_POINT('',(0.5,0.30965416431));
#1158 = ( GEOMETRIC_REPRESENTATION_CONTEXT(2) 
PARAMETRIC_REPRESENTATION_CONTEXT() REPRESENTATION_CONTEXT('2D SPACE',''
  ) );
#1159 = ORIENTED_EDGE('',*,*,#1160,.T.);
#1160 = EDGE_CURVE('',#1140,#1161,#1163,.T.);
#1161 = VERTEX_POINT('',#1162);
#1162 = CARTESIAN_POINT('',(3.,0.,1.472709165136));
#1163 = SURFACE_CURVE('',#1164,(#1230,#1299),.PCURVE_S1.);
#1164 = B_SPLINE_CURVE_WITH_KNOTS('',8,(#1165,#1166,#1167,#1168,#1169,
    #1170,#1171,#1172,#1173,#1174,#1175,#1176,#1177,#1178,#1179,#1180,
    #1181,#1182,#1183,#1184,#1185,#1186,#1187,#1188,#1189,#1190,#1191,
    #1192,#1193,#1194,#1195,#1196,#1197,#1198,#1199,#1200,#1201,#1202,
    #1203,#1204,#1205,#1206,#1207,#1208,#1209,#1210,#1211,#1212,#1213,
    #1214,#1215,#1216,#1217,#1218,#1219,#1220,#1221,#1222,#1223,#1224,
    #1225,#1226,#1227,#1228,#1229),.UNSPECIFIED.,.F.,.F.,(9,7,7,7,7,7,7,
    7,7,9),(0.,0.173490199213,0.279366924834,0.390838815269,
    0.492602124557,0.600254331692,0.756682149598,0.874489072469,
    0.938502566692,1.),.UNSPECIFIED.);
#1165 = CARTESIAN_POINT('',(3.,-3.552713678801E-15,0.472708180475));
#1166 = CARTESIAN_POINT('',(3.,0.408699412279,0.494391478531));
#1167 = CARTESIAN_POINT('',(2.936366932918,0.818158218371,0.516102342007
    ));
#1168 = CARTESIAN_POINT('',(2.808693118281,1.215543543708,0.537780844981
    ));
#1169 = CARTESIAN_POINT('',(2.620161608132,1.589441190504,0.559477990422
    ));
#1170 = CARTESIAN_POINT('',(2.37565965743,1.929401743696,0.581177059537)
  );
#1171 = CARTESIAN_POINT('',(2.082186410309,2.226262871441,0.602886792162
    ));
#1172 = CARTESIAN_POINT('',(1.748375187214,2.471877892523,0.624615801427
    ));
#1173 = CARTESIAN_POINT('',(1.164765365565,2.775881288732,0.659521915068
    ));
#1174 = CARTESIAN_POINT('',(0.932567640709,2.870117921479,0.672752852575
    ));
#1175 = CARTESIAN_POINT('',(0.691770574078,2.94209073874,0.685980649285)
  );
#1176 = CARTESIAN_POINT('',(0.444881406268,2.990919186109,0.699205879428
    ));
#1177 = CARTESIAN_POINT('',(0.194470843568,3.016060582655,0.712431663765
    ));
#1178 = CARTESIAN_POINT('',(-5.684570107197E-02,3.017287868528,
    0.725660830698));
#1179 = CARTESIAN_POINT('',(-0.30641908698,2.994713466665,0.738893344646
    ));
#1180 = CARTESIAN_POINT('',(-0.809675436378,2.900581837642,
    0.766053846378));
#1181 = CARTESIAN_POINT('',(-1.063038453921,2.826469332112,0.77999016125
    ));
#1182 = CARTESIAN_POINT('',(-1.308509318056,2.72708112284,0.793925727607
    ));
#1183 = CARTESIAN_POINT('',(-1.543157717103,2.603441990427,
    0.807860151765));
#1184 = CARTESIAN_POINT('',(-1.764256717354,2.456942756231,
    0.821794656157));
#1185 = CARTESIAN_POINT('',(-1.969276760248,2.289307799896,
    0.835730624972));
#1186 = CARTESIAN_POINT('',(-2.155911571891,2.102616216809,
    0.849668007833));
#1187 = CARTESIAN_POINT('',(-2.473925692459,1.713812731721,
    0.876317990653));
#1188 = CARTESIAN_POINT('',(-2.608781691232,1.514362231051,
    0.889038177578));
#1189 = CARTESIAN_POINT('',(-2.725185339466,1.302871563937,
    0.901756169489));
#1190 = CARTESIAN_POINT('',(-2.82190914339,1.081347061852,0.914472019556
    ));
#1191 = CARTESIAN_POINT('',(-2.897992531661,0.851911357844,
    0.927187817283));
#1192 = CARTESIAN_POINT('',(-2.952729793452,0.616786055682,
    0.939905590886));
#1193 = CARTESIAN_POINT('',(-2.985692405882,0.378287410963,
    0.952625205206));
#1194 = CARTESIAN_POINT('',(-3.008521051749,-0.114474131348,
    0.978795222659));
#1195 = CARTESIAN_POINT('',(-2.995789066192,-0.36898851887,
    0.992252463013));
#1196 = CARTESIAN_POINT('',(-2.958434940491,-0.621840674956,
    1.005708628157));
#1197 = CARTESIAN_POINT('',(-2.89673369335,-0.87025686613,1.019163136933
    ));
#1198 = CARTESIAN_POINT('',(-2.811313895287,-1.111550427029,
    1.03261770003));
#1199 = CARTESIAN_POINT('',(-2.703129974419,-1.343130379826,
    1.046073882256));
#1200 = CARTESIAN_POINT('',(-2.573483148547,-1.562525334872,
    1.059530702094));
#1201 = CARTESIAN_POINT('',(-2.207011454844,-2.065155940556,
    1.092528539335));
#1202 = CARTESIAN_POINT('',(-1.947854024144,-2.332809102198,
    1.112098257795));
#1203 = CARTESIAN_POINT('',(-1.651865575503,-2.562786341415,
    1.131651506889));
#1204 = CARTESIAN_POINT('',(-1.32564050064,-2.749454745105,
    1.151194260889));
#1205 = CARTESIAN_POINT('',(-0.976437998053,-2.888435113059,
    1.17073837465));
#1206 = CARTESIAN_POINT('',(-0.612200684142,-2.976794818403,
    1.190295803197));
#1207 = CARTESIAN_POINT('',(-0.241416426532,-3.012887915245,
    1.209872006295));
#1208 = CARTESIAN_POINT('',(0.403987052728,-2.985599154522,
    1.244153243982));
#1209 = CARTESIAN_POINT('',(0.680121174403,-2.94456079651,1.258887483362
    ));
#1210 = CARTESIAN_POINT('',(0.9513393391,-2.874326006736,1.273618873001)
  );
#1211 = CARTESIAN_POINT('',(1.214046209171,-2.775637762063,
    1.288346368582));
#1212 = CARTESIAN_POINT('',(1.464842707218,-2.649722439688,
    1.303070974824));
#1213 = CARTESIAN_POINT('',(1.700522055528,-2.498244199577,
    1.317794646241));
#1214 = CARTESIAN_POINT('',(1.918100190236,-2.323338101811,
    1.332518789508));
#1215 = CARTESIAN_POINT('',(2.22186038743,-2.021403897299,1.35523260115)
  );
#1216 = CARTESIAN_POINT('',(2.32270294617,-1.908953565719,1.363229145532
    ));
#1217 = CARTESIAN_POINT('',(2.417025155526,-1.790771860077,
    1.371225747954));
#1218 = CARTESIAN_POINT('',(2.504447872615,-1.667301696137,
    1.379222699759));
#1219 = CARTESIAN_POINT('',(2.584630900618,-1.539011890042,
    1.387220220819));
#1220 = CARTESIAN_POINT('',(2.657272988783,-1.406397158315,
    1.395218459529));
#1221 = CARTESIAN_POINT('',(2.72211183242,-1.269978117859,1.403217492813
    ));
#1222 = CARTESIAN_POINT('',(2.833503298936,-0.996114474894,
    1.418902724658));
#1223 = CARTESIAN_POINT('',(2.880678754721,-0.858912267863,
    1.426588974107));
#1224 = CARTESIAN_POINT('',(2.920254251284,-0.719176837616,
    1.434275882986));
#1225 = CARTESIAN_POINT('',(2.952072660629,-0.577399251413,
    1.441963196218));
#1226 = CARTESIAN_POINT('',(2.976015915731,-0.434079471022,
    1.449650595125));
#1227 = CARTESIAN_POINT('',(2.992005010545,-0.289726352717,
    1.457337697431));
#1228 = CARTESIAN_POINT('',(3.,-0.144857647281,1.46502405726));
#1229 = CARTESIAN_POINT('',(3.,0.,1.472709165136));
#1230 = PCURVE('',#351,#1231);
#1231 = DEFINITIONAL_REPRESENTATION('',(#1232),#1298);
#1232 = B_SPLINE_CURVE_WITH_KNOTS('',8,(#1233,#1234,#1235,#1236,#1237,
    #1238,#1239,#1240,#1241,#1242,#1243,#1244,#1245,#1246,#1247,#1248,
    #1249,#1250,#1251,#1252,#1253,#1254,#1255,#1256,#1257,#1258,#1259,
    #1260,#1261,#1262,#1263,#1264,#1265,#1266,#1267,#1268,#1269,#1270,
    #1271,#1272,#1273,#1274,#1275,#1276,#1277,#1278,#1279,#1280,#1281,
    #1282,#1283,#1284,#1285,#1286,#1287,#1288,#1289,#1290,#1291,#1292,
    #1293,#1294,#1295,#1296,#1297),.UNSPECIFIED.,.F.,.F.,(9,7,7,7,7,7,7,
    7,7,9),(0.,0.173490199213,0.279366924834,0.390838815269,
    0.492602124557,0.600254331692,0.756682149598,0.874489072469,
    0.938502566692,1.),.UNSPECIFIED.);
#1233 = CARTESIAN_POINT('',(0.986637230135,0.));
#1234 = CARTESIAN_POINT('',(0.986639555909,0.137947801669));
#1235 = CARTESIAN_POINT('',(0.986623800397,0.276126097578));
#1236 = CARTESIAN_POINT('',(0.986585743799,0.414166488547));
#1237 = CARTESIAN_POINT('',(0.986611518135,0.552130911144));
#1238 = CARTESIAN_POINT('',(0.986642327147,0.690092230706));
#1239 = CARTESIAN_POINT('',(0.986666092613,0.82814286235));
#1240 = CARTESIAN_POINT('',(0.986673122245,0.966367152426));
#1241 = CARTESIAN_POINT('',(0.986665395254,1.18847265575));
#1242 = CARTESIAN_POINT('',(0.986658025566,1.272673852631));
#1243 = CARTESIAN_POINT('',(0.986646958772,1.356866336599));
#1244 = CARTESIAN_POINT('',(0.986634505617,1.441046717395));
#1245 = CARTESIAN_POINT('',(0.986623171336,1.525227213541));
#1246 = CARTESIAN_POINT('',(0.986614773862,1.609420278579));
#1247 = CARTESIAN_POINT('',(0.986610052327,1.693623433047));
#1248 = CARTESIAN_POINT('',(0.986607411431,1.866433796255));
#1249 = CARTESIAN_POINT('',(0.98660987566,1.955092814859));
#1250 = CARTESIAN_POINT('',(0.986615957804,2.043736042917));
#1251 = CARTESIAN_POINT('',(0.986624346505,2.132364973083));
#1252 = CARTESIAN_POINT('',(0.986633083548,2.220993351909));
#1253 = CARTESIAN_POINT('',(0.986640478685,2.309635138247));
#1254 = CARTESIAN_POINT('',(0.986645779012,2.3982923066));
#1255 = CARTESIAN_POINT('',(0.986651742198,2.567828385856));
#1256 = CARTESIAN_POINT('',(0.986652781631,2.648754419166));
#1257 = CARTESIAN_POINT('',(0.986651912368,2.729672305358));
#1258 = CARTESIAN_POINT('',(0.986649649584,2.810580812358));
#1259 = CARTESIAN_POINT('',(0.986646825554,2.891490697162));
#1260 = CARTESIAN_POINT('',(0.986644302152,2.972412236631));
#1261 = CARTESIAN_POINT('',(0.986642696208,3.053342690606));
#1262 = CARTESIAN_POINT('',(0.986641505766,3.219846908884));
#1263 = CARTESIAN_POINT('',(0.986642042243,3.305463804643));
#1264 = CARTESIAN_POINT('',(0.98664395812,3.391069654894));
#1265 = CARTESIAN_POINT('',(0.986646854655,3.476661977604));
#1266 = CARTESIAN_POINT('',(0.986649853648,3.562254333602));
#1267 = CARTESIAN_POINT('',(0.986651876657,3.647859965966));
#1268 = CARTESIAN_POINT('',(0.986652053145,3.733475283625));
#1269 = CARTESIAN_POINT('',(0.986647648514,3.943429699301));
#1270 = CARTESIAN_POINT('',(0.9866408382,4.067958196171));
#1271 = CARTESIAN_POINT('',(0.986629266659,4.192396423921));
#1272 = CARTESIAN_POINT('',(0.986614783113,4.316776755562));
#1273 = CARTESIAN_POINT('',(0.986603541883,4.441155854902));
#1274 = CARTESIAN_POINT('',(0.986602252665,4.565589330452));
#1275 = CARTESIAN_POINT('',(0.986610191761,4.690114124609));
#1276 = CARTESIAN_POINT('',(0.986632745268,4.90815169941));
#1277 = CARTESIAN_POINT('',(0.986645241934,5.001856744063));
#1278 = CARTESIAN_POINT('',(0.986658675288,5.095540802654));
#1279 = CARTESIAN_POINT('',(0.986670066515,5.189206311027));
#1280 = CARTESIAN_POINT('',(0.986675618031,5.282871237466));
#1281 = CARTESIAN_POINT('',(0.986673316843,5.376554153287));
#1282 = CARTESIAN_POINT('',(0.986664806929,5.470258996881));
#1283 = CARTESIAN_POINT('',(0.986647332982,5.614823553517));
#1284 = CARTESIAN_POINT('',(0.986640188224,5.665721467967));
#1285 = CARTESIAN_POINT('',(0.986632902023,5.716620182814));
#1286 = CARTESIAN_POINT('',(0.9866261954,5.767519353821));
#1287 = CARTESIAN_POINT('',(0.986620659133,5.81841857903));
#1288 = CARTESIAN_POINT('',(0.986616753757,5.869317398766));
#1289 = CARTESIAN_POINT('',(0.986614809563,5.920215295633));
#1290 = CARTESIAN_POINT('',(0.986615235104,6.020007602073));
#1291 = CARTESIAN_POINT('',(0.986617423104,6.068902889391));
#1292 = CARTESIAN_POINT('',(0.986621202834,6.117797520234));
#1293 = CARTESIAN_POINT('',(0.986626027664,6.166691537972));
#1294 = CARTESIAN_POINT('',(0.986631192107,6.215585065584));
#1295 = CARTESIAN_POINT('',(0.986635831813,6.264478305656));
#1296 = CARTESIAN_POINT('',(0.986638923572,6.313371540383));
#1297 = CARTESIAN_POINT('',(0.986639285312,6.362265131567));
#1298 = ( GEOMETRIC_REPRESENTATION_CONTEXT(2) 
PARAMETRIC_REPRESENTATION_CONTEXT() REPRESENTATION_CONTEXT('2D SPACE',''
  ) );
#1299 = PCURVE('',#1300,#1305);
#1300 = CYLINDRICAL_SURFACE('',#1301,3.);
#1301 = AXIS2_PLACEMENT_3D('',#1302,#1303,#1304);
#1302 = CARTESIAN_POINT('',(0.,0.,0.));
#1303 = DIRECTION('',(-0.,-0.,-1.));
#1304 = DIRECTION('',(1.,0.,0.));
#1305 = DEFINITIONAL_REPRESENTATION('',(#1306),#1372);
#1306 = B_SPLINE_CURVE_WITH_KNOTS('',8,(#1307,#1308,#1309,#1310,#1311,
    #1312,#1313,#1314,#1315,#1316,#1317,#1318,#1319,#1320,#1321,#1322,
    #1323,#1324,#1325,#1326,#1327,#1328,#1329,#1330,#1331,#1332,#1333,
    #1334,#1335,#1336,#1337,#1338,#1339,#1340,#1341,#1342,#1343,#1344,
    #1345,#1346,#1347,#1348,#1349,#1350,#1351,#1352,#1353,#1354,#1355,
    #1356,#1357,#1358,#1359,#1360,#1361,#1362,#1363,#1364,#1365,#1366,
    #1367,#1368,#1369,#1370,#1371),.UNSPECIFIED.,.F.,.F.,(9,7,7,7,7,7,7,
    7,7,9),(0.,0.173490199213,0.279366924834,0.390838815269,
    0.492602124557,0.600254331692,0.756682149598,0.874489072469,
    0.938502566692,1.),.UNSPECIFIED.);
#1307 = CARTESIAN_POINT('',(0.,-0.472708180475));
#1308 = CARTESIAN_POINT('',(-0.136233137426,-0.494391478531));
#1309 = CARTESIAN_POINT('',(-0.272718618984,-0.516102342007));
#1310 = CARTESIAN_POINT('',(-0.409038255131,-0.537780844981));
#1311 = CARTESIAN_POINT('',(-0.54527285836,-0.559477990422));
#1312 = CARTESIAN_POINT('',(-0.681511771316,-0.581177059537));
#1313 = CARTESIAN_POINT('',(-0.817843509553,-0.602886792162));
#1314 = CARTESIAN_POINT('',(-0.954350263584,-0.624615801427));
#1315 = CARTESIAN_POINT('',(-1.173697398112,-0.659521915068));
#1316 = CARTESIAN_POINT('',(-1.256853248412,-0.672752852575));
#1317 = CARTESIAN_POINT('',(-1.340000333765,-0.685980649285));
#1318 = CARTESIAN_POINT('',(-1.42313489968,-0.699205879428));
#1319 = CARTESIAN_POINT('',(-1.506268909742,-0.712431663765));
#1320 = CARTESIAN_POINT('',(-1.589414880128,-0.725660830698));
#1321 = CARTESIAN_POINT('',(-1.672570748905,-0.738893344646));
#1322 = CARTESIAN_POINT('',(-1.843232114966,-0.766053846378));
#1323 = CARTESIAN_POINT('',(-1.930788804916,-0.77999016125));
#1324 = CARTESIAN_POINT('',(-2.018330407986,-0.793925727607));
#1325 = CARTESIAN_POINT('',(-2.105858651519,-0.807860151765));
#1326 = CARTESIAN_POINT('',(-2.193387063255,-0.821794656157));
#1327 = CARTESIAN_POINT('',(-2.280929107568,-0.835730624972));
#1328 = CARTESIAN_POINT('',(-2.36848631214,-0.849668007833));
#1329 = CARTESIAN_POINT('',(-2.535918265448,-0.876317990653));
#1330 = CARTESIAN_POINT('',(-2.615839612516,-0.889038177578));
#1331 = CARTESIAN_POINT('',(-2.695752348033,-0.901756169489));
#1332 = CARTESIAN_POINT('',(-2.775655042966,-0.914472019556));
#1333 = CARTESIAN_POINT('',(-2.85555826503,-0.927187817283));
#1334 = CARTESIAN_POINT('',(-2.935472296221,-0.939905590886));
#1335 = CARTESIAN_POINT('',(-3.015394705595,-0.952625205206));
#1336 = CARTESIAN_POINT('',(-3.179824726054,-0.978795222659));
#1337 = CARTESIAN_POINT('',(-3.264374918164,-0.992252463013));
#1338 = CARTESIAN_POINT('',(-3.348914396777,-1.005708628157));
#1339 = CARTESIAN_POINT('',(-3.433441116911,-1.019163136933));
#1340 = CARTESIAN_POINT('',(-3.517968748487,-1.03261770003));
#1341 = CARTESIAN_POINT('',(-3.602510424698,-1.046073882256));
#1342 = CARTESIAN_POINT('',(-3.68706243572,-1.059530702094));
#1343 = CARTESIAN_POINT('',(-3.894410513452,-1.092528539335));
#1344 = CARTESIAN_POINT('',(-4.017394179633,-1.112098257795));
#1345 = CARTESIAN_POINT('',(-4.140288901654,-1.131651506889));
#1346 = CARTESIAN_POINT('',(-4.263125386869,-1.151194260889));
#1347 = CARTESIAN_POINT('',(-4.385958439501,-1.17073837465));
#1348 = CARTESIAN_POINT('',(-4.508843939797,-1.190295803197));
#1349 = CARTESIAN_POINT('',(-4.631819769305,-1.209872006295));
#1350 = CARTESIAN_POINT('',(-4.847146479085,-1.244153243982));
#1351 = CARTESIAN_POINT('',(-4.939686914956,-1.258887483362));
#1352 = CARTESIAN_POINT('',(-5.032207290867,-1.273618873001));
#1353 = CARTESIAN_POINT('',(-5.124710098666,-1.288346368582));
#1354 = CARTESIAN_POINT('',(-5.217212522477,-1.303070974824));
#1355 = CARTESIAN_POINT('',(-5.309731882504,-1.317794646241));
#1356 = CARTESIAN_POINT('',(-5.402271227115,-1.332518789508));
#1357 = CARTESIAN_POINT('',(-5.545035415456,-1.35523260115));
#1358 = CARTESIAN_POINT('',(-5.595298997439,-1.363229145532));
#1359 = CARTESIAN_POINT('',(-5.645562971152,-1.371225747954));
#1360 = CARTESIAN_POINT('',(-5.695827125782,-1.379222699759));
#1361 = CARTESIAN_POINT('',(-5.746091257892,-1.387220220819));
#1362 = CARTESIAN_POINT('',(-5.796355171421,-1.395218459529));
#1363 = CARTESIAN_POINT('',(-5.846618677679,-1.403217492813));
#1364 = CARTESIAN_POINT('',(-5.945168920788,-1.418902724658));
#1365 = CARTESIAN_POINT('',(-5.993456167912,-1.426588974107));
#1366 = CARTESIAN_POINT('',(-6.041743986064,-1.434275882986));
#1367 = CARTESIAN_POINT('',(-6.090032609409,-1.441963196218));
#1368 = CARTESIAN_POINT('',(-6.138321856946,-1.449650595125));
#1369 = CARTESIAN_POINT('',(-6.186611132506,-1.457337697431));
#1370 = CARTESIAN_POINT('',(-6.234899424753,-1.46502405726));
#1371 = CARTESIAN_POINT('',(-6.28318530718,-1.472709165136));
#1372 = ( GEOMETRIC_REPRESENTATION_CONTEXT(2) 
PARAMETRIC_REPRESENTATION_CONTEXT() REPRESENTATION_CONTEXT('2D SPACE',''
  ) );
#1373 = ORIENTED_EDGE('',*,*,#1374,.T.);
#1374 = EDGE_CURVE('',#1161,#1375,#1377,.T.);
#1375 = VERTEX_POINT('',#1376);
#1376 = CARTESIAN_POINT('',(3.,0.,2.472709165136));
#1377 = SURFACE_CURVE('',#1378,(#1451,#1527),.PCURVE_S1.);
#1378 = B_SPLINE_CURVE_WITH_KNOTS('',8,(#1379,#1380,#1381,#1382,#1383,
    #1384,#1385,#1386,#1387,#1388,#1389,#1390,#1391,#1392,#1393,#1394,
    #1395,#1396,#1397,#1398,#1399,#1400,#1401,#1402,#1403,#1404,#1405,
    #1406,#1407,#1408,#1409,#1410,#1411,#1412,#1413,#1414,#1415,#1416,
    #1417,#1418,#1419,#1420,#1421,#1422,#1423,#1424,#1425,#1426,#1427,
    #1428,#1429,#1430,#1431,#1432,#1433,#1434,#1435,#1436,#1437,#1438,
    #1439,#1440,#1441,#1442,#1443,#1444,#1445,#1446,#1447,#1448,#1449,
    #1450),.UNSPECIFIED.,.F.,.F.,(9,7,7,7,7,7,7,7,7,7,9),(0.,
    9.653113835128E-02,0.186543443787,0.291694778851,0.385697662886,
    0.491824981013,0.595768620195,0.759167720408,0.893992944074,
    0.947102923561,1.),.UNSPECIFIED.);
#1379 = CARTESIAN_POINT('',(3.,0.,1.472709165136));
#1380 = CARTESIAN_POINT('',(3.,0.227404231328,1.484773602755));
#1381 = CARTESIAN_POINT('',(2.980299741156,0.454862038327,1.49683696612)
  );
#1382 = CARTESIAN_POINT('',(2.940884071454,0.68030838626,1.508897077591)
  );
#1383 = CARTESIAN_POINT('',(2.882011313718,0.901747069873,1.520956863234
    ));
#1384 = CARTESIAN_POINT('',(2.804170015801,1.117246795726,1.533019817166
    ));
#1385 = CARTESIAN_POINT('',(2.708061703873,1.324945247774,1.545087281488
    ));
#1386 = CARTESIAN_POINT('',(2.594609638792,1.523061136207,1.55715754184)
  );
#1387 = CARTESIAN_POINT('',(2.344130599421,1.884148968682,1.580480891745
    ));
#1388 = CARTESIAN_POINT('',(2.209174379176,2.04864651114,1.591737580528)
  );
#1389 = CARTESIAN_POINT('',(2.061064218872,2.202037815088,1.602993561082
    ));
#1390 = CARTESIAN_POINT('',(1.900879582301,2.343105043843,1.614247541682
    ));
#1391 = CARTESIAN_POINT('',(1.72981893713,2.470765442487,1.625499618281)
  );
#1392 = CARTESIAN_POINT('',(1.54918949905,2.584069010526,1.636750416813)
  );
#1393 = CARTESIAN_POINT('',(1.360407875942,2.68220997058,1.64799994222)
  );
#1394 = CARTESIAN_POINT('',(0.936751954505,2.860743079047,1.672383805656
    ));
#1395 = CARTESIAN_POINT('',(0.699353010423,2.935421141808,1.685523287591
    ));
#1396 = CARTESIAN_POINT('',(0.455272068489,2.98752842033,1.698660326725)
  );
#1397 = CARTESIAN_POINT('',(0.207022776722,3.016403405729,1.711795726499
    ));
#1398 = CARTESIAN_POINT('',(-4.284383406812E-02,3.021715332819,
    1.724932419182));
#1399 = CARTESIAN_POINT('',(-0.291755254542,3.003443130962,
    1.738072820294));
#1400 = CARTESIAN_POINT('',(-0.537130328797,2.961898874256,
    1.751216465312));
#1401 = CARTESIAN_POINT('',(-0.990280796097,2.840488989926,
    1.776106095763));
#1402 = CARTESIAN_POINT('',(-1.199388079963,2.765125662597,
    1.787858100272));
#1403 = CARTESIAN_POINT('',(-1.401868493834,2.672184378978,
    1.799610446495));
#1404 = CARTESIAN_POINT('',(-1.596000141777,2.562365272744,
    1.811362216378));
#1405 = CARTESIAN_POINT('',(-1.78016991462,2.436554473536,1.823113897389
    ));
#1406 = CARTESIAN_POINT('',(-1.952873538102,2.295808791606,
    1.834866164009));
#1407 = CARTESIAN_POINT('',(-2.112727358296,2.141360594943,
    1.846618612813));
#1408 = CARTESIAN_POINT('',(-2.423056986491,1.786422014385,
    1.871633776396));
#1409 = CARTESIAN_POINT('',(-2.56973443934,1.582481671615,1.884901316691
    ));
#1410 = CARTESIAN_POINT('',(-2.69670344613,1.364876698252,1.898166157666
    ));
#1411 = CARTESIAN_POINT('',(-2.802512329861,1.13584576208,1.911428386676
    ));
#1412 = CARTESIAN_POINT('',(-2.886020222396,0.897772197612,
    1.924690569966));
#1413 = CARTESIAN_POINT('',(-2.946382620427,0.65316225927,1.937955187997
    ));
#1414 = CARTESIAN_POINT('',(-2.983080788236,0.404640781059,
    1.951222028933));
#1415 = CARTESIAN_POINT('',(-3.0086435029,-8.957494348152E-02,
    1.977476141227));
#1416 = CARTESIAN_POINT('',(-2.998483524523,-0.335351768556,
    1.990470265556));
#1417 = CARTESIAN_POINT('',(-2.965364834043,-0.579794632249,
    2.00346355623));
#1418 = CARTESIAN_POINT('',(-2.909507041493,-0.820406160935,
    2.016455594058));
#1419 = CARTESIAN_POINT('',(-2.831438388014,-1.054759027863,
    2.029447817576));
#1420 = CARTESIAN_POINT('',(-2.731974116928,-1.280503777101,
    2.042441473575));
#1421 = CARTESIAN_POINT('',(-2.612234432881,-1.495388651171,
    2.055435598294));
#1422 = CARTESIAN_POINT('',(-2.255929542322,-2.014681994822,
    2.088844377213));
#1423 = CARTESIAN_POINT('',(-1.991272325703,-2.300640185076,2.1092935371
    ));
#1424 = CARTESIAN_POINT('',(-1.685478705995,-2.546243468979,
    2.12972225297));
#1425 = CARTESIAN_POINT('',(-1.345991068376,-2.744947218614,
    2.150138178555));
#1426 = CARTESIAN_POINT('',(-0.981031145091,-2.891661690827,
    2.170555371329));
#1427 = CARTESIAN_POINT('',(-0.599650226855,-2.983033639543,
    2.190988075179));
#1428 = CARTESIAN_POINT('',(-0.211537900834,-3.017188672265,
    2.211444015598));
#1429 = CARTESIAN_POINT('',(0.48985391568,-2.976730865631,2.248728190323
    ));
#1430 = CARTESIAN_POINT('',(0.804975031581,-2.920058233985,
    2.265598359592));
#1431 = CARTESIAN_POINT('',(1.112330854505,-2.825236529601,
    2.282461759562));
#1432 = CARTESIAN_POINT('',(1.406571556089,-2.693641171971,
    2.299317689421));
#1433 = CARTESIAN_POINT('',(1.682710169157,-2.527392042459,
    2.316168418089));
#1434 = CARTESIAN_POINT('',(1.936162303627,-2.329373590932,
    2.333018886924));
#1435 = CARTESIAN_POINT('',(2.162752813194,-2.103185408697,
    2.349874236394));
#1436 = CARTESIAN_POINT('',(2.436286962636,-1.755038688598,2.37335427249
    ));
#1437 = CARTESIAN_POINT('',(2.508895611085,-1.652970983765,
    2.379989652683));
#1438 = CARTESIAN_POINT('',(2.576610003185,-1.547480722171,
    2.386625284131));
#1439 = CARTESIAN_POINT('',(2.63924368714,-1.438840340143,2.393261449428
    ));
#1440 = CARTESIAN_POINT('',(2.696627724211,-1.327334947831,
    2.399898345938));
#1441 = CARTESIAN_POINT('',(2.74861175868,-1.213262394449,2.406535983668
    ));
#1442 = CARTESIAN_POINT('',(2.795065087811,-1.096933333523,2.41317408313
    ));
#1443 = CARTESIAN_POINT('',(2.876526769344,-0.860883322187,
    2.426423253842));
#1444 = CARTESIAN_POINT('',(2.911586990216,-0.74115833048,2.433035476835
    ));
#1445 = CARTESIAN_POINT('',(2.940949275774,-0.619810221494,
    2.439648134465));
#1446 = CARTESIAN_POINT('',(2.964526279201,-0.497157340959,2.44626092307
    ));
#1447 = CARTESIAN_POINT('',(2.982252487132,-0.373522108962,
    2.452873648567));
#1448 = CARTESIAN_POINT('',(2.994084281271,-0.249230657073,
    2.459486131968));
#1449 = CARTESIAN_POINT('',(3.,-0.124612465458,2.466098114904));
#1450 = CARTESIAN_POINT('',(3.,-2.84217094304E-14,2.472709165136));
#1451 = PCURVE('',#351,#1452);
#1452 = DEFINITIONAL_REPRESENTATION('',(#1453),#1526);
#1453 = B_SPLINE_CURVE_WITH_KNOTS('',8,(#1454,#1455,#1456,#1457,#1458,
    #1459,#1460,#1461,#1462,#1463,#1464,#1465,#1466,#1467,#1468,#1469,
    #1470,#1471,#1472,#1473,#1474,#1475,#1476,#1477,#1478,#1479,#1480,
    #1481,#1482,#1483,#1484,#1485,#1486,#1487,#1488,#1489,#1490,#1491,
    #1492,#1493,#1494,#1495,#1496,#1497,#1498,#1499,#1500,#1501,#1502,
    #1503,#1504,#1505,#1506,#1507,#1508,#1509,#1510,#1511,#1512,#1513,
    #1514,#1515,#1516,#1517,#1518,#1519,#1520,#1521,#1522,#1523,#1524,
    #1525),.UNSPECIFIED.,.F.,.F.,(9,7,7,7,7,7,7,7,7,7,9),(0.,
    9.653113835128E-02,0.186543443787,0.291694778851,0.385697662886,
    0.491824981013,0.595768620195,0.759167720408,0.893992944074,
    0.947102923561,1.),.UNSPECIFIED.);
#1454 = CARTESIAN_POINT('',(0.986639285312,6.362265131567));
#1455 = CARTESIAN_POINT('',(0.98663985319,6.439020551312));
#1456 = CARTESIAN_POINT('',(0.986634870161,6.515786056941));
#1457 = CARTESIAN_POINT('',(0.986624432237,6.592547501114));
#1458 = CARTESIAN_POINT('',(0.986614816928,6.669304364664));
#1459 = CARTESIAN_POINT('',(0.986611119767,6.746063345565));
#1460 = CARTESIAN_POINT('',(0.986614013709,6.822830931448));
#1461 = CARTESIAN_POINT('',(0.986620631409,6.899604955655));
#1462 = CARTESIAN_POINT('',(0.986637905708,7.047941635301));
#1463 = CARTESIAN_POINT('',(0.986648118289,7.119528543483));
#1464 = CARTESIAN_POINT('',(0.986658428401,7.19111064847));
#1465 = CARTESIAN_POINT('',(0.986666681252,7.262686300229));
#1466 = CARTESIAN_POINT('',(0.986671349245,7.334260765679));
#1467 = CARTESIAN_POINT('',(0.986671986584,7.405839386095));
#1468 = CARTESIAN_POINT('',(0.986669136223,7.477420537883));
#1469 = CARTESIAN_POINT('',(0.986657325981,7.632593142363));
#1470 = CARTESIAN_POINT('',(0.986647435484,7.716220158683));
#1471 = CARTESIAN_POINT('',(0.98663543782,7.799838056443));
#1472 = CARTESIAN_POINT('',(0.986623774495,7.883444505041));
#1473 = CARTESIAN_POINT('',(0.986614618062,7.967051537869));
#1474 = CARTESIAN_POINT('',(0.986609155176,8.050670905881));
#1475 = CARTESIAN_POINT('',(0.986607443009,8.134299479373));
#1476 = CARTESIAN_POINT('',(0.986610087072,8.292645847575));
#1477 = CARTESIAN_POINT('',(0.986613816755,8.367403847104));
#1478 = CARTESIAN_POINT('',(0.986619608196,8.442157735982));
#1479 = CARTESIAN_POINT('',(0.986626521251,8.516904539084));
#1480 = CARTESIAN_POINT('',(0.98663349212,8.591650600545));
#1481 = CARTESIAN_POINT('',(0.986639622976,8.66640294838));
#1482 = CARTESIAN_POINT('',(0.986644364645,8.741160689888));
#1483 = CARTESIAN_POINT('',(0.986651236348,8.900292846339));
#1484 = CARTESIAN_POINT('',(0.986652958516,8.984699205768));
#1485 = CARTESIAN_POINT('',(0.986652487243,9.069095077528));
#1486 = CARTESIAN_POINT('',(0.986650309702,9.153479532381));
#1487 = CARTESIAN_POINT('',(0.986647343568,9.237866100171));
#1488 = CARTESIAN_POINT('',(0.98664459819,9.322267485512));
#1489 = CARTESIAN_POINT('',(0.98664282521,9.40668004947));
#1490 = CARTESIAN_POINT('',(0.986641505733,9.573719694751));
#1491 = CARTESIAN_POINT('',(0.986641917419,9.656390503965));
#1492 = CARTESIAN_POINT('',(0.986643611386,9.739052100549));
#1493 = CARTESIAN_POINT('',(0.986646276678,9.821702765359));
#1494 = CARTESIAN_POINT('',(0.986649169461,9.904353918127));
#1495 = CARTESIAN_POINT('',(0.986651332892,9.987016407959));
#1496 = CARTESIAN_POINT('',(0.986651941088,10.069686620654));
#1497 = CARTESIAN_POINT('',(0.986648921793,10.282251333403));
#1498 = CARTESIAN_POINT('',(0.986642636803,10.412373468483));
#1499 = CARTESIAN_POINT('',(0.986630870816,10.542382240698));
#1500 = CARTESIAN_POINT('',(0.98661521527,10.672321494021));
#1501 = CARTESIAN_POINT('',(0.986602740296,10.80225911424));
#1502 = CARTESIAN_POINT('',(0.986601657312,10.932260694687));
#1503 = CARTESIAN_POINT('',(0.986610718414,11.06237919079));
#1504 = CARTESIAN_POINT('',(0.986636233712,11.299513218962));
#1505 = CARTESIAN_POINT('',(0.986651140086,11.406800270512));
#1506 = CARTESIAN_POINT('',(0.986666428828,11.514043088399));
#1507 = CARTESIAN_POINT('',(0.986677286365,11.621251886743));
#1508 = CARTESIAN_POINT('',(0.986677846631,11.728458982248));
#1509 = CARTESIAN_POINT('',(0.986667089991,11.835698921476));
#1510 = CARTESIAN_POINT('',(0.986651494942,11.942984661198));
#1511 = CARTESIAN_POINT('',(0.986631665254,12.092431321775));
#1512 = CARTESIAN_POINT('',(0.98662627101,12.134663812745));
#1513 = CARTESIAN_POINT('',(0.986621475192,12.176896078115));
#1514 = CARTESIAN_POINT('',(0.986617661411,12.21912874647));
#1515 = CARTESIAN_POINT('',(0.986615145679,12.26136211023));
#1516 = CARTESIAN_POINT('',(0.986614114053,12.303595665918));
#1517 = CARTESIAN_POINT('',(0.986614560283,12.345827654424));
#1518 = CARTESIAN_POINT('',(0.986617879956,12.430112272095));
#1519 = CARTESIAN_POINT('',(0.986620864291,12.472171890936));
#1520 = CARTESIAN_POINT('',(0.986624669448,12.514231773016));
#1521 = CARTESIAN_POINT('',(0.986628859135,12.556291316268));
#1522 = CARTESIAN_POINT('',(0.98663299765,12.598350613984));
#1523 = CARTESIAN_POINT('',(0.986636579755,12.640410067479));
#1524 = CARTESIAN_POINT('',(0.986638960542,12.682469998751));
#1525 = CARTESIAN_POINT('',(0.986639285313,12.724530263135));
#1526 = ( GEOMETRIC_REPRESENTATION_CONTEXT(2) 
PARAMETRIC_REPRESENTATION_CONTEXT() REPRESENTATION_CONTEXT('2D SPACE',''
  ) );
#1527 = PCURVE('',#1528,#1533);
#1528 = CYLINDRICAL_SURFACE('',#1529,3.);
#1529 = AXIS2_PLACEMENT_3D('',#1530,#1531,#1532);
#1530 = CARTESIAN_POINT('',(0.,0.,0.));
#1531 = DIRECTION('',(-0.,-0.,-1.));
#1532 = DIRECTION('',(1.,0.,0.));
#1533 = DEFINITIONAL_REPRESENTATION('',(#1534),#1607);
#1534 = B_SPLINE_CURVE_WITH_KNOTS('',8,(#1535,#1536,#1537,#1538,#1539,
    #1540,#1541,#1542,#1543,#1544,#1545,#1546,#1547,#1548,#1549,#1550,
    #1551,#1552,#1553,#1554,#1555,#1556,#1557,#1558,#1559,#1560,#1561,
    #1562,#1563,#1564,#1565,#1566,#1567,#1568,#1569,#1570,#1571,#1572,
    #1573,#1574,#1575,#1576,#1577,#1578,#1579,#1580,#1581,#1582,#1583,
    #1584,#1585,#1586,#1587,#1588,#1589,#1590,#1591,#1592,#1593,#1594,
    #1595,#1596,#1597,#1598,#1599,#1600,#1601,#1602,#1603,#1604,#1605,
    #1606),.UNSPECIFIED.,.F.,.F.,(9,7,7,7,7,7,7,7,7,7,9),(0.,
    9.653113835128E-02,0.186543443787,0.291694778851,0.385697662886,
    0.491824981013,0.595768620195,0.759167720408,0.893992944074,
    0.947102923561,1.),.UNSPECIFIED.);
#1535 = CARTESIAN_POINT('',(0.,-1.472709165136));
#1536 = CARTESIAN_POINT('',(-7.58014104426E-02,-1.484773602755));
#1537 = CARTESIAN_POINT('',(-0.151620373038,-1.49683696612));
#1538 = CARTESIAN_POINT('',(-0.227433655419,-1.508897077591));
#1539 = CARTESIAN_POINT('',(-0.303238374045,-1.520956863234));
#1540 = CARTESIAN_POINT('',(-0.37904193962,-1.533019817166));
#1541 = CARTESIAN_POINT('',(-0.454852287043,-1.545087281488));
#1542 = CARTESIAN_POINT('',(-0.530668389882,-1.55715754184));
#1543 = CARTESIAN_POINT('',(-0.677154707759,-1.580480891745));
#1544 = CARTESIAN_POINT('',(-0.747848823742,-1.591737580528));
#1545 = CARTESIAN_POINT('',(-0.818539064314,-1.602993561082));
#1546 = CARTESIAN_POINT('',(-0.889224036985,-1.614247541682));
#1547 = CARTESIAN_POINT('',(-0.959908825957,-1.625499618281));
#1548 = CARTESIAN_POINT('',(-1.030598364716,-1.636750416813));
#1549 = CARTESIAN_POINT('',(-1.101290655065,-1.64799994222));
#1550 = CARTESIAN_POINT('',(-1.254536431004,-1.672383805656));
#1551 = CARTESIAN_POINT('',(-1.337125043812,-1.685523287591));
#1552 = CARTESIAN_POINT('',(-1.41970422231,-1.698660326725));
#1553 = CARTESIAN_POINT('',(-1.502271463603,-1.711795726499));
#1554 = CARTESIAN_POINT('',(-1.584838739958,-1.724932419182));
#1555 = CARTESIAN_POINT('',(-1.667417973182,-1.738072820294));
#1556 = CARTESIAN_POINT('',(-1.750006454019,-1.751216465312));
#1557 = CARTESIAN_POINT('',(-1.906384097358,-1.776106095763));
#1558 = CARTESIAN_POINT('',(-1.980212901853,-1.787858100272));
#1559 = CARTESIAN_POINT('',(-2.054038076042,-1.799610446495));
#1560 = CARTESIAN_POINT('',(-2.127856752323,-1.811362216378));
#1561 = CARTESIAN_POINT('',(-2.201675137775,-1.823113897389));
#1562 = CARTESIAN_POINT('',(-2.275499992655,-1.834866164009));
#1563 = CARTESIAN_POINT('',(-2.349330189117,-1.846618612813));
#1564 = CARTESIAN_POINT('',(-2.506487532108,-1.871633776396));
#1565 = CARTESIAN_POINT('',(-2.589846172242,-1.884901316691));
#1566 = CARTESIAN_POINT('',(-2.673193905949,-1.898166157666));
#1567 = CARTESIAN_POINT('',(-2.756529538553,-1.911428386676));
#1568 = CARTESIAN_POINT('',(-2.83986633237,-1.924690569966));
#1569 = CARTESIAN_POINT('',(-2.923216962348,-1.937955187997));
#1570 = CARTESIAN_POINT('',(-3.006578140251,-1.951222028933));
#1571 = CARTESIAN_POINT('',(-3.17153693469,-1.977476141227));
#1572 = CARTESIAN_POINT('',(-3.253177743174,-1.990470265556));
#1573 = CARTESIAN_POINT('',(-3.334809607591,-2.00346355623));
#1574 = CARTESIAN_POINT('',(-3.416431195598,-2.016455594058));
#1575 = CARTESIAN_POINT('',(-3.498054048438,-2.029447817576));
#1576 = CARTESIAN_POINT('',(-3.579688958745,-2.042441473575));
#1577 = CARTESIAN_POINT('',(-3.661332245498,-2.055435598294));
#1578 = CARTESIAN_POINT('',(-3.871257828026,-2.088844377213));
#1579 = CARTESIAN_POINT('',(-3.999765704247,-2.1092935371));
#1580 = CARTESIAN_POINT('',(-4.128162040848,-2.12972225297));
#1581 = CARTESIAN_POINT('',(-4.256488674128,-2.150138178556));
#1582 = CARTESIAN_POINT('',(-4.384811122821,-2.170555371329));
#1583 = CARTESIAN_POINT('',(-4.513195345074,-2.190988075179));
#1584 = CARTESIAN_POINT('',(-4.641695291577,-2.211444015598));
#1585 = CARTESIAN_POINT('',(-4.875881189812,-2.248728190323));
#1586 = CARTESIAN_POINT('',(-4.981835006651,-2.265598359592));
#1587 = CARTESIAN_POINT('',(-5.08774609985,-2.282461759562));
#1588 = CARTESIAN_POINT('',(-5.193624419629,-2.299317689421));
#1589 = CARTESIAN_POINT('',(-5.29950097428,-2.316168418089));
#1590 = CARTESIAN_POINT('',(-5.405407601989,-2.333018886924));
#1591 = CARTESIAN_POINT('',(-5.511356750682,-2.349874236394));
#1592 = CARTESIAN_POINT('',(-5.65893989848,-2.37335427249));
#1593 = CARTESIAN_POINT('',(-5.70064559416,-2.379989652683));
#1594 = CARTESIAN_POINT('',(-5.742350960289,-2.386625284131));
#1595 = CARTESIAN_POINT('',(-5.784056764566,-2.393261449428));
#1596 = CARTESIAN_POINT('',(-5.825763482903,-2.399898345938));
#1597 = CARTESIAN_POINT('',(-5.867470812614,-2.406535983668));
#1598 = CARTESIAN_POINT('',(-5.909177185613,-2.41317408313));
#1599 = CARTESIAN_POINT('',(-5.992414205562,-2.426423253842));
#1600 = CARTESIAN_POINT('',(-6.033951751336,-2.433035476835));
#1601 = CARTESIAN_POINT('',(-6.075490319814,-2.439648134465));
#1602 = CARTESIAN_POINT('',(-6.117029333617,-2.44626092307));
#1603 = CARTESIAN_POINT('',(-6.158568723743,-2.452873648567));
#1604 = CARTESIAN_POINT('',(-6.200108416209,-2.459486131968));
#1605 = CARTESIAN_POINT('',(-6.241647818694,-2.466098114904));
#1606 = CARTESIAN_POINT('',(-6.28318530718,-2.472709165136));
#1607 = ( GEOMETRIC_REPRESENTATION_CONTEXT(2) 
PARAMETRIC_REPRESENTATION_CONTEXT() REPRESENTATION_CONTEXT('2D SPACE',''
  ) );
#1608 = ORIENTED_EDGE('',*,*,#1609,.T.);
#1609 = EDGE_CURVE('',#1375,#1610,#1612,.T.);
#1610 = VERTEX_POINT('',#1611);
#1611 = CARTESIAN_POINT('',(3.,0.,3.472708180476));
#1612 = SURFACE_CURVE('',#1613,(#1679,#1748),.PCURVE_S1.);
#1613 = B_SPLINE_CURVE_WITH_KNOTS('',8,(#1614,#1615,#1616,#1617,#1618,
    #1619,#1620,#1621,#1622,#1623,#1624,#1625,#1626,#1627,#1628,#1629,
    #1630,#1631,#1632,#1633,#1634,#1635,#1636,#1637,#1638,#1639,#1640,
    #1641,#1642,#1643,#1644,#1645,#1646,#1647,#1648,#1649,#1650,#1651,
    #1652,#1653,#1654,#1655,#1656,#1657,#1658,#1659,#1660,#1661,#1662,
    #1663,#1664,#1665,#1666,#1667,#1668,#1669,#1670,#1671,#1672,#1673,
    #1674,#1675,#1676,#1677,#1678),.UNSPECIFIED.,.F.,.F.,(9,7,7,7,7,7,7,
    7,7,9),(0.,0.180819292836,0.282929263068,0.385117986197,
    0.518834652612,0.619098794122,0.729187954045,0.875487949461,
    0.939501084125,1.),.UNSPECIFIED.);
#1614 = CARTESIAN_POINT('',(3.,-2.84217094304E-14,2.472709165136));
#1615 = CARTESIAN_POINT('',(3.,0.425918738094,2.495305381029));
#1616 = CARTESIAN_POINT('',(2.930891582345,0.852847004931,2.517941621867
    ));
#1617 = CARTESIAN_POINT('',(2.79211207554,1.266009042597,2.540537141751)
  );
#1618 = CARTESIAN_POINT('',(2.58754203072,1.652538233316,2.563154520431)
  );
#1619 = CARTESIAN_POINT('',(2.322897415005,2.000713479781,2.585769615904
    ));
#1620 = CARTESIAN_POINT('',(2.006403622567,2.300400752418,2.608395833366
    ));
#1621 = CARTESIAN_POINT('',(1.648119909296,2.542654748331,2.631046803874
    ));
#1622 = CARTESIAN_POINT('',(1.043511792827,2.822929000776,2.666394231035
    ));
#1623 = CARTESIAN_POINT('',(0.815982098315,2.904114441389,2.679152666529
    ));
#1624 = CARTESIAN_POINT('',(0.581339442281,2.964287561706,2.691908624492
    ));
#1625 = CARTESIAN_POINT('',(0.341859848528,3.002751372274,2.704662744734
    ));
#1626 = CARTESIAN_POINT('',(9.986408333583E-02,3.019102618375,
    2.717417667934));
#1627 = CARTESIAN_POINT('',(-0.142296962258,3.013213765195,
    2.730175702693));
#1628 = CARTESIAN_POINT('',(-0.382252182492,2.98525223549,2.742936725286
    ));
#1629 = CARTESIAN_POINT('',(-0.853160261256,2.88618337501,2.768465739868
    ));
#1630 = CARTESIAN_POINT('',(-1.08421764343,2.815019333114,2.781239638296
    ));
#1631 = CARTESIAN_POINT('',(-1.308389584396,2.722731781962,
    2.794013620645));
#1632 = CARTESIAN_POINT('',(-1.523433061793,2.610124477005,
    2.806786854713));
#1633 = CARTESIAN_POINT('',(-1.727242551691,2.478263887867,
    2.819560345487));
#1634 = CARTESIAN_POINT('',(-1.91785166785,2.328457561941,2.832335138833
    ));
#1635 = CARTESIAN_POINT('',(-2.093453940822,2.162264884965,
    2.845110446295));
#1636 = CARTESIAN_POINT('',(-2.460483811853,1.745057224407,
    2.874593204807));
#1637 = CARTESIAN_POINT('',(-2.640304245286,1.483436026366,
    2.891315709179));
#1638 = CARTESIAN_POINT('',(-2.788098346472,1.200854839655,
    2.908030100425));
#1639 = CARTESIAN_POINT('',(-2.901148277766,0.901961277899,
    2.924738503482));
#1640 = CARTESIAN_POINT('',(-2.977493917981,0.591660925949,
    2.941447029325));
#1641 = CARTESIAN_POINT('',(-3.015971551888,0.275106203048,
    2.958161328574));
#1642 = CARTESIAN_POINT('',(-3.016191652335,-4.233703460216E-02,
    2.974883034521));
#1643 = CARTESIAN_POINT('',(-2.950957043182,-0.589600774949,
    3.004123967166));
#1644 = CARTESIAN_POINT('',(-2.90189616038,-0.821661920342,
    3.016657929584));
#1645 = CARTESIAN_POINT('',(-2.831983723259,-1.048966807221,
    3.02919099446));
#1646 = CARTESIAN_POINT('',(-2.741784644429,-1.269329383634,
    3.04172216005));
#1647 = CARTESIAN_POINT('',(-2.632119862846,-1.480673734361,
    3.054252410168));
#1648 = CARTESIAN_POINT('',(-2.504043617602,-1.681036517777,
    3.066783005958));
#1649 = CARTESIAN_POINT('',(-2.358851521563,-1.86858267082,
    3.079313781872));
#1650 = CARTESIAN_POINT('',(-2.021636994266,-2.231643663852,
    3.105596712541));
#1651 = CARTESIAN_POINT('',(-1.826327530182,-2.40427796933,
    3.119355338913));
#1652 = CARTESIAN_POINT('',(-1.61426554693,-2.55726441674,3.133110955338
    ));
#1653 = CARTESIAN_POINT('',(-1.38778813874,-2.6887402578,3.146864393506)
  );
#1654 = CARTESIAN_POINT('',(-1.14942546643,-2.797191023507,
    3.160618574157));
#1655 = CARTESIAN_POINT('',(-0.901878270502,-2.881430312741,
    3.174376326597));
#1656 = CARTESIAN_POINT('',(-0.64802166216,-2.940631538266,
    3.188138176425));
#1657 = CARTESIAN_POINT('',(-4.923877408485E-02,-3.019326786612,
    3.220181735472));
#1658 = CARTESIAN_POINT('',(0.298684337595,-3.019422112713,
    3.238488325182));
#1659 = CARTESIAN_POINT('',(0.645472211203,-2.973574275139,
    3.256788285743));
#1660 = CARTESIAN_POINT('',(0.984063934198,-2.882367458736,
    3.275082117438));
#1661 = CARTESIAN_POINT('',(1.307722732895,-2.747469954288,
    3.293372370399));
#1662 = CARTESIAN_POINT('',(1.610118006215,-2.571693051583,
    3.311662277108));
#1663 = CARTESIAN_POINT('',(1.885330334914,-2.358875745443,
    3.329957298658));
#1664 = CARTESIAN_POINT('',(2.23449651601,-2.00742686638,3.356230582808)
  );
#1665 = CARTESIAN_POINT('',(2.33463172703,-1.894346167686,3.364227115694
    ));
#1666 = CARTESIAN_POINT('',(2.428210764221,-1.775575106095,
    3.372223733779));
#1667 = CARTESIAN_POINT('',(2.5148572716,-1.651558965056,3.380220728254)
  );
#1668 = CARTESIAN_POINT('',(2.594234000225,-1.522768683657,
    3.388218313798));
#1669 = CARTESIAN_POINT('',(2.666042808197,-1.389700856622,
    3.396216628575));
#1670 = CARTESIAN_POINT('',(2.73002466066,-1.252877734312,3.404215734234
    ));
#1671 = CARTESIAN_POINT('',(2.838823858527,-0.98050416243,3.41977631687)
  );
#1672 = CARTESIAN_POINT('',(2.884504284769,-0.845289146828,
    3.427337903945));
#1673 = CARTESIAN_POINT('',(2.922817210856,-0.707661107662,
    3.434900027529));
#1674 = CARTESIAN_POINT('',(2.953615511683,-0.568087717113,
    3.442462362639));
#1675 = CARTESIAN_POINT('',(2.976788634708,-0.427045387798,
    3.450024608915));
#1676 = CARTESIAN_POINT('',(2.992262599952,-0.285019272773,
    3.457586490618));
#1677 = CARTESIAN_POINT('',(3.,-0.14250326553,3.465147756635));
#1678 = CARTESIAN_POINT('',(3.,3.10862446895E-15,3.472708180476));
#1679 = PCURVE('',#351,#1680);
#1680 = DEFINITIONAL_REPRESENTATION('',(#1681),#1747);
#1681 = B_SPLINE_CURVE_WITH_KNOTS('',8,(#1682,#1683,#1684,#1685,#1686,
    #1687,#1688,#1689,#1690,#1691,#1692,#1693,#1694,#1695,#1696,#1697,
    #1698,#1699,#1700,#1701,#1702,#1703,#1704,#1705,#1706,#1707,#1708,
    #1709,#1710,#1711,#1712,#1713,#1714,#1715,#1716,#1717,#1718,#1719,
    #1720,#1721,#1722,#1723,#1724,#1725,#1726,#1727,#1728,#1729,#1730,
    #1731,#1732,#1733,#1734,#1735,#1736,#1737,#1738,#1739,#1740,#1741,
    #1742,#1743,#1744,#1745,#1746),.UNSPECIFIED.,.F.,.F.,(9,7,7,7,7,7,7,
    7,7,9),(0.,0.180819292836,0.282929263068,0.385117986197,
    0.518834652612,0.619098794122,0.729187954045,0.875487949461,
    0.939501084125,1.),.UNSPECIFIED.);
#1682 = CARTESIAN_POINT('',(0.986639285313,12.724530263135));
#1683 = CARTESIAN_POINT('',(0.986640395362,12.868289995874));
#1684 = CARTESIAN_POINT('',(0.986622549009,13.012362161857));
#1685 = CARTESIAN_POINT('',(0.986580956181,13.156247636165));
#1686 = CARTESIAN_POINT('',(0.986616183218,13.300038012377));
#1687 = CARTESIAN_POINT('',(0.986649277403,13.443820369299));
#1688 = CARTESIAN_POINT('',(0.986671627483,13.587706234646));
#1689 = CARTESIAN_POINT('',(0.986674637101,13.731808540543));
#1690 = CARTESIAN_POINT('',(0.986661296623,13.956738908719));
#1691 = CARTESIAN_POINT('',(0.986652751178,14.037937506508));
#1692 = CARTESIAN_POINT('',(0.986641532134,14.119128491386));
#1693 = CARTESIAN_POINT('',(0.986629800002,14.200309348237));
#1694 = CARTESIAN_POINT('',(0.986619685473,14.281490382903));
#1695 = CARTESIAN_POINT('',(0.986612599729,14.362681981663));
#1696 = CARTESIAN_POINT('',(0.986608988188,14.443881999596));
#1697 = CARTESIAN_POINT('',(0.986608066796,14.606307167531));
#1698 = CARTESIAN_POINT('',(0.98661075743,14.687569894385));
#1699 = CARTESIAN_POINT('',(0.986616359295,14.768824281025));
#1700 = CARTESIAN_POINT('',(0.986623763575,14.850068412726));
#1701 = CARTESIAN_POINT('',(0.98663157265,14.931312943753));
#1702 = CARTESIAN_POINT('',(0.986638542788,15.012568319391));
#1703 = CARTESIAN_POINT('',(0.986643889803,15.093831913632));
#1704 = CARTESIAN_POINT('',(0.986652126324,15.281383933241));
#1705 = CARTESIAN_POINT('',(0.986653735174,15.387772035565));
#1706 = CARTESIAN_POINT('',(0.986651830634,15.494119229677));
#1707 = CARTESIAN_POINT('',(0.986647450468,15.600435871618));
#1708 = CARTESIAN_POINT('',(0.986643211542,15.706752864232));
#1709 = CARTESIAN_POINT('',(0.986641059397,15.813100227792));
#1710 = CARTESIAN_POINT('',(0.986641216611,15.919487675252));
#1711 = CARTESIAN_POINT('',(0.98664412173,16.105517385934));
#1712 = CARTESIAN_POINT('',(0.986646203724,16.185255431566));
#1713 = CARTESIAN_POINT('',(0.986648822325,16.264986131096));
#1714 = CARTESIAN_POINT('',(0.986651238143,16.344705364987));
#1715 = CARTESIAN_POINT('',(0.986652608713,16.424421960576));
#1716 = CARTESIAN_POINT('',(0.986652270136,16.504145965319));
#1717 = CARTESIAN_POINT('',(0.98664996457,16.583877111913));
#1718 = CARTESIAN_POINT('',(0.986641675392,16.751121352666));
#1719 = CARTESIAN_POINT('',(0.986635339786,16.838676693938));
#1720 = CARTESIAN_POINT('',(0.986627391476,16.926217801025));
#1721 = CARTESIAN_POINT('',(0.986618869763,17.013746797316));
#1722 = CARTESIAN_POINT('',(0.986611567739,17.101276799558));
#1723 = CARTESIAN_POINT('',(0.98660727475,17.18882035422));
#1724 = CARTESIAN_POINT('',(0.986606906171,17.276378015038));
#1725 = CARTESIAN_POINT('',(0.986614727538,17.480223792083));
#1726 = CARTESIAN_POINT('',(0.98662578636,17.59666145959));
#1727 = CARTESIAN_POINT('',(0.98664299241,17.713038212481));
#1728 = CARTESIAN_POINT('',(0.986662654166,17.829368486355));
#1729 = CARTESIAN_POINT('',(0.986676695842,17.945693122422));
#1730 = CARTESIAN_POINT('',(0.986677168609,18.06205691698));
#1731 = CARTESIAN_POINT('',(0.986666993666,18.178485710381));
#1732 = CARTESIAN_POINT('',(0.98664649047,18.345705808735));
#1733 = CARTESIAN_POINT('',(0.986639304124,18.396603776814));
#1734 = CARTESIAN_POINT('',(0.986632036922,18.447502533405));
#1735 = CARTESIAN_POINT('',(0.986625412137,18.498401726423));
#1736 = CARTESIAN_POINT('',(0.986620011405,18.549300948746));
#1737 = CARTESIAN_POINT('',(0.986616274718,18.600199738213));
#1738 = CARTESIAN_POINT('',(0.986614500428,18.651097577627));
#1739 = CARTESIAN_POINT('',(0.986615171129,18.750096085407));
#1740 = CARTESIAN_POINT('',(0.986617686877,18.798197238571));
#1741 = CARTESIAN_POINT('',(0.986621546033,18.846297710156));
#1742 = CARTESIAN_POINT('',(0.986625985899,18.894397757409));
#1743 = CARTESIAN_POINT('',(0.98663032754,18.942497538912));
#1744 = CARTESIAN_POINT('',(0.986633975779,18.990597114575));
#1745 = CARTESIAN_POINT('',(0.986636419197,19.038696445646));
#1746 = CARTESIAN_POINT('',(0.986637230136,19.086795394702));
#1747 = ( GEOMETRIC_REPRESENTATION_CONTEXT(2) 
PARAMETRIC_REPRESENTATION_CONTEXT() REPRESENTATION_CONTEXT('2D SPACE',''
  ) );
#1748 = PCURVE('',#1749,#1754);
#1749 = CYLINDRICAL_SURFACE('',#1750,3.);
#1750 = AXIS2_PLACEMENT_3D('',#1751,#1752,#1753);
#1751 = CARTESIAN_POINT('',(0.,0.,0.));
#1752 = DIRECTION('',(-0.,-0.,-1.));
#1753 = DIRECTION('',(1.,0.,0.));
#1754 = DEFINITIONAL_REPRESENTATION('',(#1755),#1821);
#1755 = B_SPLINE_CURVE_WITH_KNOTS('',8,(#1756,#1757,#1758,#1759,#1760,
    #1761,#1762,#1763,#1764,#1765,#1766,#1767,#1768,#1769,#1770,#1771,
    #1772,#1773,#1774,#1775,#1776,#1777,#1778,#1779,#1780,#1781,#1782,
    #1783,#1784,#1785,#1786,#1787,#1788,#1789,#1790,#1791,#1792,#1793,
    #1794,#1795,#1796,#1797,#1798,#1799,#1800,#1801,#1802,#1803,#1804,
    #1805,#1806,#1807,#1808,#1809,#1810,#1811,#1812,#1813,#1814,#1815,
    #1816,#1817,#1818,#1819,#1820),.UNSPECIFIED.,.F.,.F.,(9,7,7,7,7,7,7,
    7,7,9),(0.,0.180819292836,0.282929263068,0.385117986197,
    0.518834652612,0.619098794122,0.729187954045,0.875487949461,
    0.939501084125,1.),.UNSPECIFIED.);
#1756 = CARTESIAN_POINT('',(0.,-2.472709165136));
#1757 = CARTESIAN_POINT('',(-0.141972912698,-2.495305381029));
#1758 = CARTESIAN_POINT('',(-0.284281115552,-2.517941621867));
#1759 = CARTESIAN_POINT('',(-0.426370135629,-2.540537141751));
#1760 = CARTESIAN_POINT('',(-0.568356628358,-2.563154520431));
#1761 = CARTESIAN_POINT('',(-0.710345094949,-2.585769615904));
#1762 = CARTESIAN_POINT('',(-0.85244063029,-2.608395833366));
#1763 = CARTESIAN_POINT('',(-0.994753128368,-2.631046803874));
#1764 = CARTESIAN_POINT('',(-1.216890381005,-2.666394231035));
#1765 = CARTESIAN_POINT('',(-1.297080829999,-2.679152666529));
#1766 = CARTESIAN_POINT('',(-1.377263469029,-2.691908624492));
#1767 = CARTESIAN_POINT('',(-1.457435541025,-2.704662744734));
#1768 = CARTESIAN_POINT('',(-1.537607214334,-2.717417667934));
#1769 = CARTESIAN_POINT('',(-1.617788980793,-2.730175702693));
#1770 = CARTESIAN_POINT('',(-1.697979066392,-2.742936725286));
#1771 = CARTESIAN_POINT('',(-1.858384475611,-2.768465739868));
#1772 = CARTESIAN_POINT('',(-1.938636913442,-2.781239638296));
#1773 = CARTESIAN_POINT('',(-2.018881565955,-2.794013620645));
#1774 = CARTESIAN_POINT('',(-2.099116696934,-2.806786854713));
#1775 = CARTESIAN_POINT('',(-2.179352803255,-2.819560345487));
#1776 = CARTESIAN_POINT('',(-2.259599987085,-2.832335138833));
#1777 = CARTESIAN_POINT('',(-2.339855333016,-2.845110446295));
#1778 = CARTESIAN_POINT('',(-2.525079868904,-2.874593204807));
#1779 = CARTESIAN_POINT('',(-2.630147340316,-2.891315709179));
#1780 = CARTESIAN_POINT('',(-2.735173423392,-2.908030100425));
#1781 = CARTESIAN_POINT('',(-2.840167809833,-2.924738503482));
#1782 = CARTESIAN_POINT('',(-2.945160979608,-2.941447029325));
#1783 = CARTESIAN_POINT('',(-3.050183271901,-2.958161328574));
#1784 = CARTESIAN_POINT('',(-3.15524509406,-2.974883034521));
#1785 = CARTESIAN_POINT('',(-3.338957779078,-3.004123967166));
#1786 = CARTESIAN_POINT('',(-3.417702988259,-3.016657929584));
#1787 = CARTESIAN_POINT('',(-3.496441512104,-3.02919099446));
#1788 = CARTESIAN_POINT('',(-3.575169476936,-3.04172216005));
#1789 = CARTESIAN_POINT('',(-3.653895640304,-3.054252410168));
#1790 = CARTESIAN_POINT('',(-3.73262978993,-3.066783005958));
#1791 = CARTESIAN_POINT('',(-3.811371403354,-3.079313781872));
#1792 = CARTESIAN_POINT('',(-3.97654031423,-3.105596712541));
#1793 = CARTESIAN_POINT('',(-4.063009364241,-3.119355338913));
#1794 = CARTESIAN_POINT('',(-4.149464194243,-3.133110955338));
#1795 = CARTESIAN_POINT('',(-4.235906525174,-3.146864393506));
#1796 = CARTESIAN_POINT('',(-4.322349095154,-3.160618574157));
#1797 = CARTESIAN_POINT('',(-4.408804359482,-3.174376326597));
#1798 = CARTESIAN_POINT('',(-4.495273181134,-3.188138176425));
#1799 = CARTESIAN_POINT('',(-4.696583855676,-3.220181735472));
#1800 = CARTESIAN_POINT('',(-4.811573351481,-3.238488325182));
#1801 = CARTESIAN_POINT('',(-4.92650335215,-3.256788285743));
#1802 = CARTESIAN_POINT('',(-5.041388818828,-3.275082117438));
#1803 = CARTESIAN_POINT('',(-5.156270374687,-3.293372370399));
#1804 = CARTESIAN_POINT('',(-5.27118983989,-3.311662277108));
#1805 = CARTESIAN_POINT('',(-5.386170816168,-3.329957298658));
#1806 = CARTESIAN_POINT('',(-5.551308246011,-3.356230582808));
#1807 = CARTESIAN_POINT('',(-5.601571834819,-3.364227115694));
#1808 = CARTESIAN_POINT('',(-5.651835815692,-3.372223733779));
#1809 = CARTESIAN_POINT('',(-5.702099978608,-3.380220728254));
#1810 = CARTESIAN_POINT('',(-5.75236412082,-3.388218313798));
#1811 = CARTESIAN_POINT('',(-5.802628046856,-3.396216628575));
#1812 = CARTESIAN_POINT('',(-5.852891568517,-3.404215734234));
#1813 = CARTESIAN_POINT('',(-5.950658086369,-3.41977631687));
#1814 = CARTESIAN_POINT('',(-5.998161190119,-3.427337903945));
#1815 = CARTESIAN_POINT('',(-6.045664803609,-3.434900027529));
#1816 = CARTESIAN_POINT('',(-6.093169346148,-3.442462362639));
#1817 = CARTESIAN_POINT('',(-6.140674668881,-3.450024608915));
#1818 = CARTESIAN_POINT('',(-6.188180054785,-3.457586490618));
#1819 = CARTESIAN_POINT('',(-6.23568421867,-3.465147756635));
#1820 = CARTESIAN_POINT('',(-6.28318530718,-3.472708180476));
#1821 = ( GEOMETRIC_REPRESENTATION_CONTEXT(2) 
PARAMETRIC_REPRESENTATION_CONTEXT() REPRESENTATION_CONTEXT('2D SPACE',''
  ) );
#1822 = ORIENTED_EDGE('',*,*,#1823,.T.);
#1823 = EDGE_CURVE('',#1610,#1824,#1826,.T.);
#1824 = VERTEX_POINT('',#1825);
#1825 = CARTESIAN_POINT('',(3.,0.,4.472709165136));
#1826 = SURFACE_CURVE('',#1827,(#1893,#1962),.PCURVE_S1.);
#1827 = B_SPLINE_CURVE_WITH_KNOTS('',8,(#1828,#1829,#1830,#1831,#1832,
    #1833,#1834,#1835,#1836,#1837,#1838,#1839,#1840,#1841,#1842,#1843,
    #1844,#1845,#1846,#1847,#1848,#1849,#1850,#1851,#1852,#1853,#1854,
    #1855,#1856,#1857,#1858,#1859,#1860,#1861,#1862,#1863,#1864,#1865,
    #1866,#1867,#1868,#1869,#1870,#1871,#1872,#1873,#1874,#1875,#1876,
    #1877,#1878,#1879,#1880,#1881,#1882,#1883,#1884,#1885,#1886,#1887,
    #1888,#1889,#1890,#1891,#1892),.UNSPECIFIED.,.F.,.F.,(9,7,7,7,7,7,7,
    7,7,9),(0.,9.238503780457E-02,0.202227951514,0.384031645028,
    0.487081146448,0.591624883138,0.753412865562,0.872771358153,
    0.936787238668,1.),.UNSPECIFIED.);
#1828 = CARTESIAN_POINT('',(3.,3.10862446895E-15,3.472708180476));
#1829 = CARTESIAN_POINT('',(3.,0.217605900402,3.484253128805));
#1830 = CARTESIAN_POINT('',(2.981960896811,0.4352553166,3.49579671901));
#1831 = CARTESIAN_POINT('',(2.94587078181,0.651145059351,3.50733731401)
  );
#1832 = CARTESIAN_POINT('',(2.891944803605,0.863526138494,3.51887751876)
  );
#1833 = CARTESIAN_POINT('',(2.820591873373,1.070701469116,3.530420414794
    ));
#1834 = CARTESIAN_POINT('',(2.732401621159,1.27102941056,3.541967277698)
  );
#1835 = CARTESIAN_POINT('',(2.628151603103,1.462933138284,3.553516777498
    ));
#1836 = CARTESIAN_POINT('',(2.36697077328,1.861287586006,3.57879692357)
  );
#1837 = CARTESIAN_POINT('',(2.203733699999,2.063747093936,3.592534321815
    ));
#1838 = CARTESIAN_POINT('',(2.020777312987,2.249721552542,3.606269569359
    ));
#1839 = CARTESIAN_POINT('',(1.820080846255,2.416996385375,3.620000598722
    ));
#1840 = CARTESIAN_POINT('',(1.603869789203,2.563666762206,3.633728283855
    ));
#1841 = CARTESIAN_POINT('',(1.374589577612,2.688121203957,3.647454870379
    ));
#1842 = CARTESIAN_POINT('',(1.134913596962,2.789070611334,3.661181615735
    ));
#1843 = CARTESIAN_POINT('',(0.478708393183,2.992361350574,3.69761397181)
  );
#1844 = CARTESIAN_POINT('',(4.802799182517E-02,3.052645952491,
    3.720374516261));
#1845 = CARTESIAN_POINT('',(-0.390161604544,3.041536441962,
    3.743103711383));
#1846 = CARTESIAN_POINT('',(-0.822181156906,2.958898593241,
    3.765825391218));
#1847 = CARTESIAN_POINT('',(-1.234901468813,2.806810521439,
    3.788553971497));
#1848 = CARTESIAN_POINT('',(-1.616001452227,2.590265215809,
    3.811298995127));
#1849 = CARTESIAN_POINT('',(-1.953836584701,2.316444324793,
    3.834074899141));
#1850 = CARTESIAN_POINT('',(-2.400450565909,1.815697533909,
    3.869675609817));
#1851 = CARTESIAN_POINT('',(-2.545306639741,1.619561529017,3.88255684111
    ));
#1852 = CARTESIAN_POINT('',(-2.671765122753,1.410304649399,
    3.895435723873));
#1853 = CARTESIAN_POINT('',(-2.778466478952,1.189957980799,
    3.908312173228));
#1854 = CARTESIAN_POINT('',(-2.864327621178,0.960685431079,
    3.921188347139));
#1855 = CARTESIAN_POINT('',(-2.928529144085,0.72476421036,3.934066421936
    ));
#1856 = CARTESIAN_POINT('',(-2.970538813154,0.484580858644,
    3.946946356178));
#1857 = CARTESIAN_POINT('',(-3.010088480814,-2.803359425953E-03,
    3.972887652411));
#1858 = CARTESIAN_POINT('',(-3.006984746898,-0.250177821007,
    3.985955286269));
#1859 = CARTESIAN_POINT('',(-2.980630150463,-0.496868619609,
    3.999022066383));
#1860 = CARTESIAN_POINT('',(-2.931176114775,-0.74032980979,
    4.012087596599));
#1861 = CARTESIAN_POINT('',(-2.859091577617,-0.978078797037,
    4.025153396352));
#1862 = CARTESIAN_POINT('',(-2.765140534049,-1.207704862461,
    4.038220776765));
#1863 = CARTESIAN_POINT('',(-2.650400988163,-1.426888860056,
    4.051288759181));
#1864 = CARTESIAN_POINT('',(-2.308834807696,-1.953075764914,
    4.084568275599));
#1865 = CARTESIAN_POINT('',(-2.054625814298,-2.243079697508,
    4.104812875256));
#1866 = CARTESIAN_POINT('',(-1.75905636499,-2.494658323012,
    4.125037215536));
#1867 = CARTESIAN_POINT('',(-1.429160267642,-2.701273838555,
    4.145248875253));
#1868 = CARTESIAN_POINT('',(-1.072746789015,-2.857760859375,
    4.165461655108));
#1869 = CARTESIAN_POINT('',(-0.698479224148,-2.960578901733,
    4.185689894831));
#1870 = CARTESIAN_POINT('',(-0.31570001839,-3.007584280801,
    4.205941206166));
#1871 = CARTESIAN_POINT('',(0.34638111072,-2.993169599443,4.241084603573
    ));
#1872 = CARTESIAN_POINT('',(0.626937891439,-2.956941752428,
    4.256012868268));
#1873 = CARTESIAN_POINT('',(0.9030139349,-2.890645451814,4.270938373894)
  );
#1874 = CARTESIAN_POINT('',(1.170851776107,-2.794986284649,
    4.285859944581));
#1875 = CARTESIAN_POINT('',(1.42689431568,-2.671183931999,4.300778511004
    ));
#1876 = CARTESIAN_POINT('',(1.667782061826,-2.520921270299,
    4.315696004794));
#1877 = CARTESIAN_POINT('',(1.890384652339,-2.346378073649,
    4.330613899279));
#1878 = CARTESIAN_POINT('',(2.199987393665,-2.045187708414,
    4.353521170327));
#1879 = CARTESIAN_POINT('',(2.302033754261,-1.933828659177,
    4.361517740148));
#1880 = CARTESIAN_POINT('',(2.397621795512,-1.816668428194,
    4.369514318071));
#1881 = CARTESIAN_POINT('',(2.48636762979,-1.694145830136,4.377511192838
    ));
#1882 = CARTESIAN_POINT('',(2.567926035801,-1.566725997528,
    4.385508589462));
#1883 = CARTESIAN_POINT('',(2.641990458583,-1.434900380755,
    4.393506669226));
#1884 = CARTESIAN_POINT('',(2.708293009509,-1.299186748059,
    4.401505529684));
#1885 = CARTESIAN_POINT('',(2.824184369434,-1.022816186943,
    4.417404518719));
#1886 = CARTESIAN_POINT('',(2.873974982781,-0.882237174508,4.42530467727
    ));
#1887 = CARTESIAN_POINT('',(2.915761094662,-0.738909376285,
    4.433205456253));
#1888 = CARTESIAN_POINT('',(2.949367847951,-0.593362816307,
    4.441106690033));
#1889 = CARTESIAN_POINT('',(2.974662230386,-0.446139648537,
    4.449008168896));
#1890 = CARTESIAN_POINT('',(2.991554564911,-0.297793490819,
    4.456909536548));
#1891 = CARTESIAN_POINT('',(3.,-0.148888758824,4.464810187614));
#1892 = CARTESIAN_POINT('',(3.,4.929390229336E-14,4.472709165136));
#1893 = PCURVE('',#351,#1894);
#1894 = DEFINITIONAL_REPRESENTATION('',(#1895),#1961);
#1895 = B_SPLINE_CURVE_WITH_KNOTS('',8,(#1896,#1897,#1898,#1899,#1900,
    #1901,#1902,#1903,#1904,#1905,#1906,#1907,#1908,#1909,#1910,#1911,
    #1912,#1913,#1914,#1915,#1916,#1917,#1918,#1919,#1920,#1921,#1922,
    #1923,#1924,#1925,#1926,#1927,#1928,#1929,#1930,#1931,#1932,#1933,
    #1934,#1935,#1936,#1937,#1938,#1939,#1940,#1941,#1942,#1943,#1944,
    #1945,#1946,#1947,#1948,#1949,#1950,#1951,#1952,#1953,#1954,#1955,
    #1956,#1957,#1958,#1959,#1960),.UNSPECIFIED.,.F.,.F.,(9,7,7,7,7,7,7,
    7,7,9),(0.,9.238503780457E-02,0.202227951514,0.384031645028,
    0.487081146448,0.591624883138,0.753412865562,0.872771358153,
    0.936787238668,1.),.UNSPECIFIED.);
#1896 = CARTESIAN_POINT('',(0.986637230136,19.086795394702));
#1897 = CARTESIAN_POINT('',(0.986638468459,19.160243642213));
#1898 = CARTESIAN_POINT('',(0.986634449718,19.233699273676));
#1899 = CARTESIAN_POINT('',(0.98662518845,19.307151829533));
#1900 = CARTESIAN_POINT('',(0.98661611276,19.380601336836));
#1901 = CARTESIAN_POINT('',(0.986611850556,19.454053293977));
#1902 = CARTESIAN_POINT('',(0.986613403712,19.527512762688));
#1903 = CARTESIAN_POINT('',(0.986618710132,19.600977567281));
#1904 = CARTESIAN_POINT('',(0.986635967114,19.761763955718));
#1905 = CARTESIAN_POINT('',(0.986648792748,19.849125830001));
#1906 = CARTESIAN_POINT('',(0.986662161699,19.936472364876));
#1907 = CARTESIAN_POINT('',(0.986671593137,20.023804064995));
#1908 = CARTESIAN_POINT('',(0.986674610686,20.111134039224));
#1909 = CARTESIAN_POINT('',(0.986671417348,20.198475956037));
#1910 = CARTESIAN_POINT('',(0.98666390149,20.285832059472));
#1911 = CARTESIAN_POINT('',(0.986638159564,20.517702835656));
#1912 = CARTESIAN_POINT('',(0.986616149008,20.662578547423));
#1913 = CARTESIAN_POINT('',(0.986597757126,20.807243776021));
#1914 = CARTESIAN_POINT('',(0.986596997401,20.951807443175));
#1915 = CARTESIAN_POINT('',(0.986611906882,21.096367249148));
#1916 = CARTESIAN_POINT('',(0.986628318563,21.241027093218));
#1917 = CARTESIAN_POINT('',(0.98664056441,21.385896104915));
#1918 = CARTESIAN_POINT('',(0.986650880303,21.612365819835));
#1919 = CARTESIAN_POINT('',(0.986652818578,21.694313720227));
#1920 = CARTESIAN_POINT('',(0.986652680009,21.776253009359));
#1921 = CARTESIAN_POINT('',(0.986650844033,21.858181990592));
#1922 = CARTESIAN_POINT('',(0.986648103176,21.940111977668));
#1923 = CARTESIAN_POINT('',(0.986645382077,22.022053998456));
#1924 = CARTESIAN_POINT('',(0.986643425103,22.104005520301));
#1925 = CARTESIAN_POINT('',(0.986641465899,22.26905689691));
#1926 = CARTESIAN_POINT('',(0.986641494322,22.352196561513));
#1927 = CARTESIAN_POINT('',(0.986642853659,22.435326737428));
#1928 = CARTESIAN_POINT('',(0.98664534434,22.518445512554));
#1929 = CARTESIAN_POINT('',(0.986648288507,22.60156462021));
#1930 = CARTESIAN_POINT('',(0.986650723934,22.684695335206));
#1931 = CARTESIAN_POINT('',(0.986651754766,22.767834161844));
#1932 = CARTESIAN_POINT('',(0.986649982399,22.979572671355));
#1933 = CARTESIAN_POINT('',(0.986644740226,23.108390161264));
#1934 = CARTESIAN_POINT('',(0.986633976518,23.237095586608));
#1935 = CARTESIAN_POINT('',(0.986618724157,23.36573401732));
#1936 = CARTESIAN_POINT('',(0.986605175565,23.494374381016));
#1937 = CARTESIAN_POINT('',(0.986601747757,23.623082254031));
#1938 = CARTESIAN_POINT('',(0.986608452074,23.751906029681));
#1939 = CARTESIAN_POINT('',(0.986630210094,23.975431318047));
#1940 = CARTESIAN_POINT('',(0.98664262961,24.070371038372));
#1941 = CARTESIAN_POINT('',(0.986656460595,24.165288902271));
#1942 = CARTESIAN_POINT('',(0.986668715115,24.260186536406));
#1943 = CARTESIAN_POINT('',(0.986675330037,24.355082247431));
#1944 = CARTESIAN_POINT('',(0.986673932404,24.449995558308));
#1945 = CARTESIAN_POINT('',(0.986665949454,24.544931492205));
#1946 = CARTESIAN_POINT('',(0.986648796283,24.690725911078));
#1947 = CARTESIAN_POINT('',(0.986641732681,24.74162373999));
#1948 = CARTESIAN_POINT('',(0.986634417734,24.7925223866));
#1949 = CARTESIAN_POINT('',(0.986627562738,24.84342151975));
#1950 = CARTESIAN_POINT('',(0.986621766192,24.894320746664));
#1951 = CARTESIAN_POINT('',(0.986617513794,24.945219612946));
#1952 = CARTESIAN_POINT('',(0.986615178446,24.996117602578));
#1953 = CARTESIAN_POINT('',(0.98661486404,25.097272144465));
#1954 = CARTESIAN_POINT('',(0.986616747649,25.147529306039));
#1955 = CARTESIAN_POINT('',(0.986620460526,25.197784838963));
#1956 = CARTESIAN_POINT('',(0.986625441501,25.248039399995));
#1957 = CARTESIAN_POINT('',(0.98663086332,25.298294176521));
#1958 = CARTESIAN_POINT('',(0.98663571718,25.348549976743));
#1959 = CARTESIAN_POINT('',(0.986638897273,25.398806319863));
#1960 = CARTESIAN_POINT('',(0.986639285314,25.449060526269));
#1961 = ( GEOMETRIC_REPRESENTATION_CONTEXT(2) 
PARAMETRIC_REPRESENTATION_CONTEXT() REPRESENTATION_CONTEXT('2D SPACE',''
  ) );
#1962 = PCURVE('',#1963,#1968);
#1963 = CYLINDRICAL_SURFACE('',#1964,3.);
#1964 = AXIS2_PLACEMENT_3D('',#1965,#1966,#1967);
#1965 = CARTESIAN_POINT('',(0.,0.,0.));
#1966 = DIRECTION('',(-0.,-0.,-1.));
#1967 = DIRECTION('',(1.,0.,0.));
#1968 = DEFINITIONAL_REPRESENTATION('',(#1969),#2035);
#1969 = B_SPLINE_CURVE_WITH_KNOTS('',8,(#1970,#1971,#1972,#1973,#1974,
    #1975,#1976,#1977,#1978,#1979,#1980,#1981,#1982,#1983,#1984,#1985,
    #1986,#1987,#1988,#1989,#1990,#1991,#1992,#1993,#1994,#1995,#1996,
    #1997,#1998,#1999,#2000,#2001,#2002,#2003,#2004,#2005,#2006,#2007,
    #2008,#2009,#2010,#2011,#2012,#2013,#2014,#2015,#2016,#2017,#2018,
    #2019,#2020,#2021,#2022,#2023,#2024,#2025,#2026,#2027,#2028,#2029,
    #2030,#2031,#2032,#2033,#2034),.UNSPECIFIED.,.F.,.F.,(9,7,7,7,7,7,7,
    7,7,9),(0.,9.238503780457E-02,0.202227951514,0.384031645028,
    0.487081146448,0.591624883138,0.753412865562,0.872771358153,
    0.936787238668,1.),.UNSPECIFIED.);
#1970 = CARTESIAN_POINT('',(0.,-3.472708180476));
#1971 = CARTESIAN_POINT('',(-7.253530013396E-02,-3.484253128805));
#1972 = CARTESIAN_POINT('',(-0.145084879203,-3.49579671901));
#1973 = CARTESIAN_POINT('',(-0.217630268813,-3.50733731401));
#1974 = CARTESIAN_POINT('',(-0.290169154328,-3.51887751876));
#1975 = CARTESIAN_POINT('',(-0.362707415654,-3.530420414794));
#1976 = CARTESIAN_POINT('',(-0.435251288064,-3.541967277698));
#1977 = CARTESIAN_POINT('',(-0.507799643062,-3.553516777498));
#1978 = CARTESIAN_POINT('',(-0.666580306553,-3.57879692357));
#1979 = CARTESIAN_POINT('',(-0.752852395522,-3.592534321815));
#1980 = CARTESIAN_POINT('',(-0.839110657105,-3.606269569359));
#1981 = CARTESIAN_POINT('',(-0.925356167743,-3.620000598722));
#1982 = CARTESIAN_POINT('',(-1.011601378415,-3.633728283855));
#1983 = CARTESIAN_POINT('',(-1.097858904483,-3.647454870379));
#1984 = CARTESIAN_POINT('',(-1.184130436566,-3.661181615735));
#1985 = CARTESIAN_POINT('',(-1.413121555784,-3.69761397181));
#1986 = CARTESIAN_POINT('',(-1.556197142857,-3.720374516261));
#1987 = CARTESIAN_POINT('',(-1.699062640666,-3.743103711383));
#1988 = CARTESIAN_POINT('',(-1.841826344491,-3.765825391218));
#1989 = CARTESIAN_POINT('',(-1.984589263859,-3.788553971497));
#1990 = CARTESIAN_POINT('',(-2.127453661322,-3.811298995127));
#1991 = CARTESIAN_POINT('',(-2.270525544436,-3.834074899141));
#1992 = CARTESIAN_POINT('',(-2.494184857974,-3.869675609817));
#1993 = CARTESIAN_POINT('',(-2.575115611111,-3.88255684111));
#1994 = CARTESIAN_POINT('',(-2.656037374974,-3.895435723873));
#1995 = CARTESIAN_POINT('',(-2.736948209983,-3.908312173228));
#1996 = CARTESIAN_POINT('',(-2.817859175123,-3.921188347139));
#1997 = CARTESIAN_POINT('',(-2.898781246572,-3.934066421936));
#1998 = CARTESIAN_POINT('',(-2.979712173235,-3.946946356178));
#1999 = CARTESIAN_POINT('',(-3.142707589747,-3.972887652411));
#2000 = CARTESIAN_POINT('',(-3.224811389056,-3.985955286269));
#2001 = CARTESIAN_POINT('',(-3.306905879722,-3.999022066383));
#2002 = CARTESIAN_POINT('',(-3.388989556667,-4.012087596599));
#2003 = CARTESIAN_POINT('',(-3.471074305544,-4.025153396352));
#2004 = CARTESIAN_POINT('',(-3.553171381262,-4.038220776765));
#2005 = CARTESIAN_POINT('',(-3.635277256588,-4.051288759181));
#2006 = CARTESIAN_POINT('',(-3.844386508863,-4.084568275599));
#2007 = CARTESIAN_POINT('',(-3.971605798943,-4.104812875256));
#2008 = CARTESIAN_POINT('',(-4.098715037003,-4.125037215536));
#2009 = CARTESIAN_POINT('',(-4.225757325413,-4.145248875253));
#2010 = CARTESIAN_POINT('',(-4.352799116151,-4.165461655108));
#2011 = CARTESIAN_POINT('',(-4.479905973631,-4.18568989483));
#2012 = CARTESIAN_POINT('',(-4.607127264003,-4.205941206166));
#2013 = CARTESIAN_POINT('',(-4.827873273042,-4.241084603573));
#2014 = CARTESIAN_POINT('',(-4.921632919301,-4.256012868268));
#2015 = CARTESIAN_POINT('',(-5.015371651351,-4.270938373894));
#2016 = CARTESIAN_POINT('',(-5.109091226284,-4.285859944581));
#2017 = CARTESIAN_POINT('',(-5.202809207221,-4.300778511004));
#2018 = CARTESIAN_POINT('',(-5.296543834084,-4.315696004794));
#2019 = CARTESIAN_POINT('',(-5.390299140981,-4.330613899279));
#2020 = CARTESIAN_POINT('',(-5.534278110721,-4.353521170327));
#2021 = CARTESIAN_POINT('',(-5.584541691355,-4.361517740148));
#2022 = CARTESIAN_POINT('',(-5.634805663563,-4.369514318071));
#2023 = CARTESIAN_POINT('',(-5.685069815303,-4.377511192838));
#2024 = CARTESIAN_POINT('',(-5.73533394204,-4.385508589462));
#2025 = CARTESIAN_POINT('',(-5.785597846746,-4.393506669226));
#2026 = CARTESIAN_POINT('',(-5.835861339904,-4.401505529684));
#2027 = CARTESIAN_POINT('',(-5.935756559653,-4.417404518719));
#2028 = CARTESIAN_POINT('',(-5.985388842834,-4.42530467727));
#2029 = CARTESIAN_POINT('',(-6.035020504121,-4.433205456253));
#2030 = CARTESIAN_POINT('',(-6.084652430307,-4.441106690033));
#2031 = CARTESIAN_POINT('',(-6.134285788428,-4.449008168896));
#2032 = CARTESIAN_POINT('',(-6.183920834272,-4.456909536548));
#2033 = CARTESIAN_POINT('',(-6.233555720905,-4.464810187614));
#2034 = CARTESIAN_POINT('',(-6.28318530718,-4.472709165136));
#2035 = ( GEOMETRIC_REPRESENTATION_CONTEXT(2) 
PARAMETRIC_REPRESENTATION_CONTEXT() REPRESENTATION_CONTEXT('2D SPACE',''
  ) );
#2036 = ORIENTED_EDGE('',*,*,#2037,.T.);
#2037 = EDGE_CURVE('',#1824,#2038,#2040,.T.);
#2038 = VERTEX_POINT('',#2039);
#2039 = CARTESIAN_POINT('',(3.,0.,5.472708180476));
#2040 = SURFACE_CURVE('',#2041,(#2107,#2176),.PCURVE_S1.);
#2041 = B_SPLINE_CURVE_WITH_KNOTS('',8,(#2042,#2043,#2044,#2045,#2046,
    #2047,#2048,#2049,#2050,#2051,#2052,#2053,#2054,#2055,#2056,#2057,
    #2058,#2059,#2060,#2061,#2062,#2063,#2064,#2065,#2066,#2067,#2068,
    #2069,#2070,#2071,#2072,#2073,#2074,#2075,#2076,#2077,#2078,#2079,
    #2080,#2081,#2082,#2083,#2084,#2085,#2086,#2087,#2088,#2089,#2090,
    #2091,#2092,#2093,#2094,#2095,#2096,#2097,#2098,#2099,#2100,#2101,
    #2102,#2103,#2104,#2105,#2106),.UNSPECIFIED.,.F.,.F.,(9,7,7,7,7,7,7,
    7,7,9),(0.,0.17310375176,0.28393899043,0.390752819602,0.492361766601
    ,0.599167347535,0.753218730629,0.877383883138,0.943183305085,1.),
  .UNSPECIFIED.);
#2042 = CARTESIAN_POINT('',(3.,4.929390229336E-14,4.472709165136));
#2043 = CARTESIAN_POINT('',(3.,0.407763092673,4.494342171743));
#2044 = CARTESIAN_POINT('',(2.936658193941,0.816304387313,4.516004116505
    ));
#2045 = CARTESIAN_POINT('',(2.809557234736,1.212864914198,4.537634695248
    ));
#2046 = CARTESIAN_POINT('',(2.621851901712,1.586090317409,4.559283421776
    ));
#2047 = CARTESIAN_POINT('',(2.378392642148,1.925593595,4.580934128923));
#2048 = CARTESIAN_POINT('',(2.086129362142,2.222264275538,4.602594749638
    ));
#2049 = CARTESIAN_POINT('',(1.753616079701,2.468013774125,4.624274384041
    ));
#2050 = CARTESIAN_POINT('',(1.161197272339,2.778449494888,4.65975281337)
  );
#2051 = CARTESIAN_POINT('',(0.917815631735,2.876669568984,4.673604123102
    ));
#2052 = CARTESIAN_POINT('',(0.665074625531,2.950445298577,4.687451266417
    ));
#2053 = CARTESIAN_POINT('',(0.405860283347,2.998781119756,4.701295735094
    ));
#2054 = CARTESIAN_POINT('',(0.1431239768,3.021086685497,4.715141026399)
  );
#2055 = CARTESIAN_POINT('',(-0.120133022911,3.017147650905,
    4.728990171449));
#2056 = CARTESIAN_POINT('',(-0.380866412759,2.987156408044,
    4.742843615516));
#2057 = CARTESIAN_POINT('',(-0.881899227592,2.878464843752,
    4.770042390267));
#2058 = CARTESIAN_POINT('',(-1.1227459838,2.801538836246,4.783395917344)
  );
#2059 = CARTESIAN_POINT('',(-1.355803881286,2.701601452823,
    4.796749268867));
#2060 = CARTESIAN_POINT('',(-1.57852061742,2.579606128459,4.81010137024)
  );
#2061 = CARTESIAN_POINT('',(-1.788514612983,2.436816356551,
    4.823453524159));
#2062 = CARTESIAN_POINT('',(-1.983575779516,2.274776991886,
    4.836807166988));
#2063 = CARTESIAN_POINT('',(-2.161691920904,2.095327259721,
    4.850161514982));
#2064 = CARTESIAN_POINT('',(-2.472741856644,1.715469754711,
    4.876210179904));
#2065 = CARTESIAN_POINT('',(-2.607529945492,1.516417219905,
    4.888911107221));
#2066 = CARTESIAN_POINT('',(-2.723930544871,1.305347998876,
    4.901609847512));
#2067 = CARTESIAN_POINT('',(-2.820720254871,1.084258211485,
    4.914306459431));
#2068 = CARTESIAN_POINT('',(-2.896940805891,0.855259869572,
    4.927003020316));
#2069 = CARTESIAN_POINT('',(-2.951887172885,0.620563707788,
    4.939701545058));
#2070 = CARTESIAN_POINT('',(-2.985129764467,0.382474940823,4.95240189863
    ));
#2071 = CARTESIAN_POINT('',(-3.008596737783,-0.107898068785,
    4.978446915602));
#2072 = CARTESIAN_POINT('',(-2.996540375565,-0.360418806028,
    4.991798214567));
#2073 = CARTESIAN_POINT('',(-2.960246923434,-0.611362631894,
    5.005148497951));
#2074 = CARTESIAN_POINT('',(-2.899977172341,-0.858020708606,
    5.018497228315));
#2075 = CARTESIAN_POINT('',(-2.816334807964,-1.097766950231,
    5.031846051328));
#2076 = CARTESIAN_POINT('',(-2.710240263734,-1.32806647035,
    5.045196451025));
#2077 = CARTESIAN_POINT('',(-2.582950999929,-1.54649852058,
    5.058547440989));
#2078 = CARTESIAN_POINT('',(-2.224357870237,-2.045460065272,
    5.091142723022));
#2079 = CARTESIAN_POINT('',(-1.971590593444,-2.31121796987,
    5.110413923492));
#2080 = CARTESIAN_POINT('',(-1.682785475454,-2.540797102327,
    5.129669555977));
#2081 = CARTESIAN_POINT('',(-1.364175526588,-2.728753505959,
    5.148915130287));
#2082 = CARTESIAN_POINT('',(-1.02263398672,-2.870819729628,
    5.168161899255));
#2083 = CARTESIAN_POINT('',(-0.665697684016,-2.964071293364,
    5.187421336903));
#2084 = CARTESIAN_POINT('',(-0.301443304886,-3.006794296955,
    5.206698515973));
#2085 = CARTESIAN_POINT('',(0.353775582086,-2.993390477584,5.24147665676
    ));
#2086 = CARTESIAN_POINT('',(0.645686946028,-2.954823346233,
    5.257007895024));
#2087 = CARTESIAN_POINT('',(0.932618061922,-2.88370365606,5.27253561238)
  );
#2088 = CARTESIAN_POINT('',(1.210337469407,-2.780854602815,
    5.288058575354));
#2089 = CARTESIAN_POINT('',(1.474857739524,-2.64769683562,5.303578005117
    ));
#2090 = CARTESIAN_POINT('',(1.72242871011,-2.486184476182,5.319096436919
    ));
#2091 = CARTESIAN_POINT('',(1.949575262905,-2.298847918765,
    5.334616054125));
#2092 = CARTESIAN_POINT('',(2.26115710376,-1.977673469021,5.35834703966)
  );
#2093 = CARTESIAN_POINT('',(2.362515896725,-1.860049762592,
    5.366566880424));
#2094 = CARTESIAN_POINT('',(2.456865312638,-1.736508323324,
    5.374786579489));
#2095 = CARTESIAN_POINT('',(2.543803865801,-1.607537820629,
    5.383006503124));
#2096 = CARTESIAN_POINT('',(2.622972875245,-1.473656355056,
    5.391227182486));
#2097 = CARTESIAN_POINT('',(2.694057471011,-1.335410645497,
    5.399449005162));
#2098 = CARTESIAN_POINT('',(2.75678760043,-1.193375216378,5.407671906722
    ));
#2099 = CARTESIAN_POINT('',(2.857697887482,-0.922753419929,
    5.422995618853));
#2100 = CARTESIAN_POINT('',(2.898065866799,-0.794964903981,
    5.430097214883));
#2101 = CARTESIAN_POINT('',(2.931898703552,-0.665169405724,
    5.437199182037));
#2102 = CARTESIAN_POINT('',(2.959081382048,-0.533757888442,5.44430165631
    ));
#2103 = CARTESIAN_POINT('',(2.979526912116,-0.40112811461,5.451404416124
    ));
#2104 = CARTESIAN_POINT('',(2.993176340328,-0.267684130387,
    5.458506640106));
#2105 = CARTESIAN_POINT('',(3.,-0.133836029998,5.465607584539));
#2106 = CARTESIAN_POINT('',(3.,-2.22044604925E-15,5.472708180476));
#2107 = PCURVE('',#351,#2108);
#2108 = DEFINITIONAL_REPRESENTATION('',(#2109),#2175);
#2109 = B_SPLINE_CURVE_WITH_KNOTS('',8,(#2110,#2111,#2112,#2113,#2114,
    #2115,#2116,#2117,#2118,#2119,#2120,#2121,#2122,#2123,#2124,#2125,
    #2126,#2127,#2128,#2129,#2130,#2131,#2132,#2133,#2134,#2135,#2136,
    #2137,#2138,#2139,#2140,#2141,#2142,#2143,#2144,#2145,#2146,#2147,
    #2148,#2149,#2150,#2151,#2152,#2153,#2154,#2155,#2156,#2157,#2158,
    #2159,#2160,#2161,#2162,#2163,#2164,#2165,#2166,#2167,#2168,#2169,
    #2170,#2171,#2172,#2173,#2174),.UNSPECIFIED.,.F.,.F.,(9,7,7,7,7,7,7,
    7,7,9),(0.,0.17310375176,0.28393899043,0.390752819602,0.492361766601
    ,0.599167347535,0.753218730629,0.877383883138,0.943183305085,1.),
  .UNSPECIFIED.);
#2110 = CARTESIAN_POINT('',(0.986639285314,25.449060526269));
#2111 = CARTESIAN_POINT('',(0.986640348045,25.586692210393));
#2112 = CARTESIAN_POINT('',(0.986624068892,25.724560869172));
#2113 = CARTESIAN_POINT('',(0.986586026588,25.862296309291));
#2114 = CARTESIAN_POINT('',(0.986611237553,25.99995439533));
#2115 = CARTESIAN_POINT('',(0.986641950644,26.137608315721));
#2116 = CARTESIAN_POINT('',(0.986665754171,26.275346368304));
#2117 = CARTESIAN_POINT('',(0.986672996847,26.413255873019));
#2118 = CARTESIAN_POINT('',(0.986665461899,26.639002015083));
#2119 = CARTESIAN_POINT('',(0.986657615572,26.727151637448));
#2120 = CARTESIAN_POINT('',(0.986645767425,26.815286950472));
#2121 = CARTESIAN_POINT('',(0.986632500636,26.903409571158));
#2122 = CARTESIAN_POINT('',(0.986620803636,26.991532640555));
#2123 = CARTESIAN_POINT('',(0.986612736412,27.079669164058));
#2124 = CARTESIAN_POINT('',(0.986608766088,27.1678205507));
#2125 = CARTESIAN_POINT('',(0.986608243735,27.340867959166));
#2126 = CARTESIAN_POINT('',(0.986611408304,27.425816992493));
#2127 = CARTESIAN_POINT('',(0.986617689994,27.510755407162));
#2128 = CARTESIAN_POINT('',(0.986625739888,27.595680478144));
#2129 = CARTESIAN_POINT('',(0.98663392716,27.680605464698));
#2130 = CARTESIAN_POINT('',(0.986640890605,27.76554365462));
#2131 = CARTESIAN_POINT('',(0.986645878502,27.850492352924));
#2132 = CARTESIAN_POINT('',(0.986651728987,28.016203031831));
#2133 = CARTESIAN_POINT('',(0.9866527804,28.097006493886));
#2134 = CARTESIAN_POINT('',(0.986651927431,28.177801846503));
#2135 = CARTESIAN_POINT('',(0.986649679913,28.258587908768));
#2136 = CARTESIAN_POINT('',(0.986646864523,28.339375377343));
#2137 = CARTESIAN_POINT('',(0.986644339849,28.420174454331));
#2138 = CARTESIAN_POINT('',(0.986642723133,28.500982399157));
#2139 = CARTESIAN_POINT('',(0.986641503818,28.666691419246));
#2140 = CARTESIAN_POINT('',(0.986642007595,28.751634387477));
#2141 = CARTESIAN_POINT('',(0.986643868799,28.836566756553));
#2142 = CARTESIAN_POINT('',(0.986646711259,28.921486253799));
#2143 = CARTESIAN_POINT('',(0.98664968953,29.00640592651));
#2144 = CARTESIAN_POINT('',(0.986651753231,29.091338418336));
#2145 = CARTESIAN_POINT('',(0.986652040032,29.176280082019));
#2146 = CARTESIAN_POINT('',(0.986648027902,29.383672138298));
#2147 = CARTESIAN_POINT('',(0.986641610614,29.506300186533));
#2148 = CARTESIAN_POINT('',(0.986630521062,29.628843429293));
#2149 = CARTESIAN_POINT('',(0.986616391625,29.751331945551));
#2150 = CARTESIAN_POINT('',(0.986604846844,29.873820183788));
#2151 = CARTESIAN_POINT('',(0.986602406169,29.996361272129));
#2152 = CARTESIAN_POINT('',(0.986608972066,30.118987781973));
#2153 = CARTESIAN_POINT('',(0.986630411938,30.340190180664));
#2154 = CARTESIAN_POINT('',(0.986643445275,30.438964307639));
#2155 = CARTESIAN_POINT('',(0.986657959607,30.537711519221));
#2156 = CARTESIAN_POINT('',(0.986670551839,30.636434341095));
#2157 = CARTESIAN_POINT('',(0.986676539646,30.735154815578));
#2158 = CARTESIAN_POINT('',(0.986673469884,30.833896550478));
#2159 = CARTESIAN_POINT('',(0.986663634761,30.93266644974));
#2160 = CARTESIAN_POINT('',(0.986644664009,31.083707099002));
#2161 = CARTESIAN_POINT('',(0.98663737385,31.136026127448));
#2162 = CARTESIAN_POINT('',(0.98662996903,31.188344603865));
#2163 = CARTESIAN_POINT('',(0.986623247388,31.240662426544));
#2164 = CARTESIAN_POINT('',(0.986618008439,31.29298053772));
#2165 = CARTESIAN_POINT('',(0.986614861685,31.345299545441));
#2166 = CARTESIAN_POINT('',(0.986614034915,31.397618345439));
#2167 = CARTESIAN_POINT('',(0.986616173439,31.495105346009));
#2168 = CARTESIAN_POINT('',(0.986618825303,31.540279499277));
#2169 = CARTESIAN_POINT('',(0.986622196366,31.585453821483));
#2170 = CARTESIAN_POINT('',(0.986626662938,31.630628030779));
#2171 = CARTESIAN_POINT('',(0.986631671152,31.675802405725));
#2172 = CARTESIAN_POINT('',(0.986635416897,31.720977219865));
#2173 = CARTESIAN_POINT('',(0.986636453927,31.766152149954));
#2174 = CARTESIAN_POINT('',(0.986637230136,31.811325657837));
#2175 = ( GEOMETRIC_REPRESENTATION_CONTEXT(2) 
PARAMETRIC_REPRESENTATION_CONTEXT() REPRESENTATION_CONTEXT('2D SPACE',''
  ) );
#2176 = PCURVE('',#2177,#2182);
#2177 = CYLINDRICAL_SURFACE('',#2178,3.);
#2178 = AXIS2_PLACEMENT_3D('',#2179,#2180,#2181);
#2179 = CARTESIAN_POINT('',(0.,0.,0.));
#2180 = DIRECTION('',(-0.,-0.,-1.));
#2181 = DIRECTION('',(1.,0.,0.));
#2182 = DEFINITIONAL_REPRESENTATION('',(#2183),#2249);
#2183 = B_SPLINE_CURVE_WITH_KNOTS('',8,(#2184,#2185,#2186,#2187,#2188,
    #2189,#2190,#2191,#2192,#2193,#2194,#2195,#2196,#2197,#2198,#2199,
    #2200,#2201,#2202,#2203,#2204,#2205,#2206,#2207,#2208,#2209,#2210,
    #2211,#2212,#2213,#2214,#2215,#2216,#2217,#2218,#2219,#2220,#2221,
    #2222,#2223,#2224,#2225,#2226,#2227,#2228,#2229,#2230,#2231,#2232,
    #2233,#2234,#2235,#2236,#2237,#2238,#2239,#2240,#2241,#2242,#2243,
    #2244,#2245,#2246,#2247,#2248),.UNSPECIFIED.,.F.,.F.,(9,7,7,7,7,7,7,
    7,7,9),(0.,0.17310375176,0.28393899043,0.390752819602,0.492361766601
    ,0.599167347535,0.753218730629,0.877383883138,0.943183305085,1.),
  .UNSPECIFIED.);
#2184 = CARTESIAN_POINT('',(0.,-4.472709165136));
#2185 = CARTESIAN_POINT('',(-0.135921030891,-4.494342171743));
#2186 = CARTESIAN_POINT('',(-0.272100584732,-4.516004116506));
#2187 = CARTESIAN_POINT('',(-0.408119154097,-4.537634695247));
#2188 = CARTESIAN_POINT('',(-0.544051330986,-4.559283421777));
#2189 = CARTESIAN_POINT('',(-0.679986600637,-4.580934128923));
#2190 = CARTESIAN_POINT('',(-0.816009602593,-4.602594749639));
#2191 = CARTESIAN_POINT('',(-0.952205440011,-4.624274384041));
#2192 = CARTESIAN_POINT('',(-1.175147978707,-4.65975281337));
#2193 = CARTESIAN_POINT('',(-1.262203249516,-4.673604123102));
#2194 = CARTESIAN_POINT('',(-1.349244225257,-4.687451266417));
#2195 = CARTESIAN_POINT('',(-1.436271970326,-4.701295735094));
#2196 = CARTESIAN_POINT('',(-1.523299412765,-4.715141026399));
#2197 = CARTESIAN_POINT('',(-1.610339725506,-4.728990171449));
#2198 = CARTESIAN_POINT('',(-1.697394696429,-4.742843615516));
#2199 = CARTESIAN_POINT('',(-1.868290290836,-4.770042390267));
#2200 = CARTESIAN_POINT('',(-1.952183245514,-4.783395917344));
#2201 = CARTESIAN_POINT('',(-2.036066231296,-4.796749268867));
#2202 = CARTESIAN_POINT('',(-2.119936716704,-4.81010137024));
#2203 = CARTESIAN_POINT('',(-2.203807737048,-4.823453524159));
#2204 = CARTESIAN_POINT('',(-2.287692136808,-4.836807166988));
#2205 = CARTESIAN_POINT('',(-2.371586865209,-4.850161514982));
#2206 = CARTESIAN_POINT('',(-2.535240899561,-4.876210179904));
#2207 = CARTESIAN_POINT('',(-2.615041200829,-4.888911107221));
#2208 = CARTESIAN_POINT('',(-2.694832930981,-4.901609847512));
#2209 = CARTESIAN_POINT('',(-2.77461471179,-4.914306459431));
#2210 = CARTESIAN_POINT('',(-2.85439705041,-4.927003020316));
#2211 = CARTESIAN_POINT('',(-2.934190152863,-4.939701545058));
#2212 = CARTESIAN_POINT('',(-3.013991585228,-4.95240189863));
#2213 = CARTESIAN_POINT('',(-3.177636318106,-4.978446915602));
#2214 = CARTESIAN_POINT('',(-3.261520977982,-4.991798214567));
#2215 = CARTESIAN_POINT('',(-3.345395354508,-5.005148497951));
#2216 = CARTESIAN_POINT('',(-3.429257600073,-5.018497228315));
#2217 = CARTESIAN_POINT('',(-3.51312087474,-5.031846051328));
#2218 = CARTESIAN_POINT('',(-3.596997726219,-5.045196451025));
#2219 = CARTESIAN_POINT('',(-3.680884402198,-5.058547440989));
#2220 = CARTESIAN_POINT('',(-3.885701842792,-5.091142723022));
#2221 = CARTESIAN_POINT('',(-4.006808602814,-5.110413923492));
#2222 = CARTESIAN_POINT('',(-4.127831870443,-5.129669555977));
#2223 = CARTESIAN_POINT('',(-4.248800145614,-5.148915130287));
#2224 = CARTESIAN_POINT('',(-4.369766062482,-5.168161899255));
#2225 = CARTESIAN_POINT('',(-4.490782856818,-5.187421336903));
#2226 = CARTESIAN_POINT('',(-4.611884002861,-5.206698515973));
#2227 = CARTESIAN_POINT('',(-4.830335994083,-5.24147665676));
#2228 = CARTESIAN_POINT('',(-4.927882395851,-5.257007895024));
#2229 = CARTESIAN_POINT('',(-5.025402946145,-5.27253561238));
#2230 = CARTESIAN_POINT('',(-5.122900324141,-5.288058575354));
#2231 = CARTESIAN_POINT('',(-5.220395648401,-5.303578005117));
#2232 = CARTESIAN_POINT('',(-5.317910987995,-5.319096436919));
#2233 = CARTESIAN_POINT('',(-5.415452168443,-5.334616054125));
#2234 = CARTESIAN_POINT('',(-5.564611393851,-5.35834703966));
#2235 = CARTESIAN_POINT('',(-5.616278279825,-5.366566880424));
#2236 = CARTESIAN_POINT('',(-5.667944184213,-5.374786579489));
#2237 = CARTESIAN_POINT('',(-5.719609178908,-5.383006503124));
#2238 = CARTESIAN_POINT('',(-5.77127448289,-5.391227182486));
#2239 = CARTESIAN_POINT('',(-5.822941043977,-5.399449005162));
#2240 = CARTESIAN_POINT('',(-5.874608120578,-5.407671906722));
#2241 = CARTESIAN_POINT('',(-5.970882637078,-5.422995618853));
#2242 = CARTESIAN_POINT('',(-6.01549568372,-5.430097214883));
#2243 = CARTESIAN_POINT('',(-6.060109787424,-5.437199182037));
#2244 = CARTESIAN_POINT('',(-6.104724723342,-5.44430165631));
#2245 = CARTESIAN_POINT('',(-6.149340625321,-5.451404416124));
#2246 = CARTESIAN_POINT('',(-6.193957272823,-5.458506640106));
#2247 = CARTESIAN_POINT('',(-6.23857329718,-5.465607584539));
#2248 = CARTESIAN_POINT('',(-6.28318530718,-5.472708180476));
#2249 = ( GEOMETRIC_REPRESENTATION_CONTEXT(2) 
PARAMETRIC_REPRESENTATION_CONTEXT() REPRESENTATION_CONTEXT('2D SPACE',''
  ) );
#2250 = ORIENTED_EDGE('',*,*,#2251,.T.);
#2251 = EDGE_CURVE('',#2038,#2252,#2254,.T.);
#2252 = VERTEX_POINT('',#2253);
#2253 = CARTESIAN_POINT('',(3.,0.,6.472708180475));
#2254 = SURFACE_CURVE('',#2255,(#2318,#2384),.PCURVE_S1.);
#2255 = B_SPLINE_CURVE_WITH_KNOTS('',7,(#2256,#2257,#2258,#2259,#2260,
    #2261,#2262,#2263,#2264,#2265,#2266,#2267,#2268,#2269,#2270,#2271,
    #2272,#2273,#2274,#2275,#2276,#2277,#2278,#2279,#2280,#2281,#2282,
    #2283,#2284,#2285,#2286,#2287,#2288,#2289,#2290,#2291,#2292,#2293,
    #2294,#2295,#2296,#2297,#2298,#2299,#2300,#2301,#2302,#2303,#2304,
    #2305,#2306,#2307,#2308,#2309,#2310,#2311,#2312,#2313,#2314,#2315,
    #2316,#2317),.UNSPECIFIED.,.F.,.F.,(8,6,6,6,6,6,6,6,6,6,8),(0.,
    9.139324036676E-02,0.199502382839,0.31098847079,0.429270976757,
    0.530782151881,0.641437851373,0.738213642094,0.846106616069,
    0.920400824769,1.),.UNSPECIFIED.);
#2256 = CARTESIAN_POINT('',(3.,-2.22044604925E-15,5.472708180476));
#2257 = CARTESIAN_POINT('',(3.,0.246075239626,5.485763565089));
#2258 = CARTESIAN_POINT('',(2.976451440852,0.492212102343,5.4988174238)
  );
#2259 = CARTESIAN_POINT('',(2.929334215086,0.73561031875,5.511866929545)
  );
#2260 = CARTESIAN_POINT('',(2.859066537276,0.973575880418,5.524917577659
    ));
#2261 = CARTESIAN_POINT('',(2.766418189063,1.203515947357,5.537973545711
    ));
#2262 = CARTESIAN_POINT('',(2.652500223054,1.422954302601,5.551033745704
    ));
#2263 = CARTESIAN_POINT('',(2.360713835412,1.873970109618,5.579542044421
    ));
#2264 = CARTESIAN_POINT('',(2.174871329988,2.100562885216,5.59499830278)
  );
#2265 = CARTESIAN_POINT('',(1.963805940112,2.305404869662,5.610450426806
    ));
#2266 = CARTESIAN_POINT('',(1.730623990373,2.485228698543,5.625896323453
    ));
#2267 = CARTESIAN_POINT('',(1.478870782311,2.637302491358,5.641339905621
    ));
#2268 = CARTESIAN_POINT('',(1.212492823954,2.75945590114,5.656784309193)
  );
#2269 = CARTESIAN_POINT('',(0.650722863354,2.943921166925,5.688142204019
    ));
#2270 = CARTESIAN_POINT('',(0.354473185747,3.004314159076,5.704066961743
    ));
#2271 = CARTESIAN_POINT('',(5.203183325523E-02,3.029805847693,
    5.71998677474));
#2272 = CARTESIAN_POINT('',(-0.251684054265,3.019782297587,
    5.735907282324));
#2273 = CARTESIAN_POINT('',(-0.551785650098,2.974405154046,
    5.751832695573));
#2274 = CARTESIAN_POINT('',(-0.843407329329,2.894611356694,
    5.767765637681));
#2275 = CARTESIAN_POINT('',(-1.417194298614,2.663267300206,
    5.800592722622));
#2276 = CARTESIAN_POINT('',(-1.697968940831,2.507530279315,
    5.817501680052));
#2277 = CARTESIAN_POINT('',(-1.958410266134,2.317388408784,
    5.834404075916));
#2278 = CARTESIAN_POINT('',(-2.193596944067,2.096138274682,
    5.851302995432));
#2279 = CARTESIAN_POINT('',(-2.399275036184,1.847779523895,
    5.868202018758));
#2280 = CARTESIAN_POINT('',(-2.571850530012,1.577026778506,5.88510643736
    ));
#2281 = CARTESIAN_POINT('',(-2.82621960602,1.042682743832,5.916500859653
    ));
#2282 = CARTESIAN_POINT('',(-2.917501402663,0.783339461852,
    5.931003836763));
#2283 = CARTESIAN_POINT('',(-2.980907547294,0.514898436015,
    5.945503947873));
#2284 = CARTESIAN_POINT('',(-3.015438442659,0.240952736866,5.96000281973
    ));
#2285 = CARTESIAN_POINT('',(-3.020631960847,-3.482228445E-02,
    5.974504348807));
#2286 = CARTESIAN_POINT('',(-2.99656604768,-0.308700934952,
    5.989009381593));
#2287 = CARTESIAN_POINT('',(-2.886708162396,-0.869301952651,
    6.01931864239));
#2288 = CARTESIAN_POINT('',(-2.795511860935,-1.155158484628,
    6.035132890623));
#2289 = CARTESIAN_POINT('',(-2.671334000625,-1.429565345953,
    6.050941865624));
#2290 = CARTESIAN_POINT('',(-2.515994194217,-1.688032597879,
    6.066747844846));
#2291 = CARTESIAN_POINT('',(-2.331956648988,-1.926461154206,
    6.082553531564));
#2292 = CARTESIAN_POINT('',(-2.122331858801,-2.141139799971,
    6.098362617548));
#2293 = CARTESIAN_POINT('',(-1.688743176942,-2.493199826094,
    6.127985597993));
#2294 = CARTESIAN_POINT('',(-1.469764586832,-2.636989740785,
    6.141808577588));
#2295 = CARTESIAN_POINT('',(-1.236658378812,-2.758211196678,
    6.155629389266));
#2296 = CARTESIAN_POINT('',(-0.992229235901,-2.855264234913,
    6.169449763928));
#2297 = CARTESIAN_POINT('',(-0.739461092489,-2.926963901345,
    6.183273321856));
#2298 = CARTESIAN_POINT('',(-0.481494638112,-2.972550333484,
    6.197101079144));
#2299 = CARTESIAN_POINT('',(6.805563406993E-02,-3.013263239349,
    6.226341275465));
#2300 = CARTESIAN_POINT('',(0.360278879728,-3.002004715599,
    6.241762722034));
#2301 = CARTESIAN_POINT('',(0.650408917357,-2.957647115364,
    6.257182051137));
#2302 = CARTESIAN_POINT('',(0.933998024718,-2.880687354008,
    6.272599043604));
#2303 = CARTESIAN_POINT('',(1.206753129994,-2.772288793991,
    6.288016444843));
#2304 = CARTESIAN_POINT('',(1.464579131155,-2.634272269175,
    6.303434063012));
#2305 = CARTESIAN_POINT('',(1.868321635309,-2.355713249423,
    6.329453659074));
#2306 = CARTESIAN_POINT('',(2.02415060829,-2.229296497462,6.340064276482
    ));
#2307 = CARTESIAN_POINT('',(2.169936028689,-2.090896268852,
    6.350673222972));
#2308 = CARTESIAN_POINT('',(2.304584012666,-1.941483733871,
    6.361281014546));
#2309 = CARTESIAN_POINT('',(2.427122611223,-1.782139456416,
    6.371889219117));
#2310 = CARTESIAN_POINT('',(2.536704016159,-1.614047270443,
    6.382499019872));
#2311 = CARTESIAN_POINT('',(2.735391700219,-1.250426640116,
    6.404477722181));
#2312 = CARTESIAN_POINT('',(2.822487490099,-1.053777371977,
    6.415847629771));
#2313 = CARTESIAN_POINT('',(2.893040612078,-0.850145008725,
    6.427219828043));
#2314 = CARTESIAN_POINT('',(2.946405907444,-0.641195319326,
    6.438590800469));
#2315 = CARTESIAN_POINT('',(2.982138837737,-0.428655476501,
    6.449966904812));
#2316 = CARTESIAN_POINT('',(3.,-0.214309616308,6.461338103293));
#2317 = CARTESIAN_POINT('',(3.,4.440892098501E-16,6.472708180475));
#2318 = PCURVE('',#351,#2319);
#2319 = DEFINITIONAL_REPRESENTATION('',(#2320),#2383);
#2320 = B_SPLINE_CURVE_WITH_KNOTS('',7,(#2321,#2322,#2323,#2324,#2325,
    #2326,#2327,#2328,#2329,#2330,#2331,#2332,#2333,#2334,#2335,#2336,
    #2337,#2338,#2339,#2340,#2341,#2342,#2343,#2344,#2345,#2346,#2347,
    #2348,#2349,#2350,#2351,#2352,#2353,#2354,#2355,#2356,#2357,#2358,
    #2359,#2360,#2361,#2362,#2363,#2364,#2365,#2366,#2367,#2368,#2369,
    #2370,#2371,#2372,#2373,#2374,#2375,#2376,#2377,#2378,#2379,#2380,
    #2381,#2382),.UNSPECIFIED.,.F.,.F.,(8,6,6,6,6,6,6,6,6,6,8),(0.,
    9.139324036676E-02,0.199502382839,0.31098847079,0.429270976757,
    0.530782151881,0.641437851373,0.738213642094,0.846106616069,
    0.920400824769,1.),.UNSPECIFIED.);
#2321 = CARTESIAN_POINT('',(0.986637230136,31.811325657837));
#2322 = CARTESIAN_POINT('',(0.986638657298,31.894383125824));
#2323 = CARTESIAN_POINT('',(0.986633202346,31.977451863838));
#2324 = CARTESIAN_POINT('',(0.986620880794,32.06051383851));
#2325 = CARTESIAN_POINT('',(0.986612139768,32.143572166772));
#2326 = CARTESIAN_POINT('',(0.986612031309,32.226638027483));
#2327 = CARTESIAN_POINT('',(0.986617236406,32.309714616093));
#2328 = CARTESIAN_POINT('',(0.986636234958,32.491034058806));
#2329 = CARTESIAN_POINT('',(0.98665123311,32.589325154513));
#2330 = CARTESIAN_POINT('',(0.986666375905,32.687589505692));
#2331 = CARTESIAN_POINT('',(0.986674671416,32.785835108699));
#2332 = CARTESIAN_POINT('',(0.986673719891,32.884094173429));
#2333 = CARTESIAN_POINT('',(0.98666652099,32.982377507672));
#2334 = CARTESIAN_POINT('',(0.986645277284,33.181949504343));
#2335 = CARTESIAN_POINT('',(0.986631071281,33.28331033842));
#2336 = CARTESIAN_POINT('',(0.986616948009,33.384639460698));
#2337 = CARTESIAN_POINT('',(0.986607685144,33.485958186451));
#2338 = CARTESIAN_POINT('',(0.986605068301,33.587287864627));
#2339 = CARTESIAN_POINT('',(0.986607725359,33.688649367278));
#2340 = CARTESIAN_POINT('',(0.986619773243,33.8974672603));
#2341 = CARTESIAN_POINT('',(0.986629558591,34.005016702474));
#2342 = CARTESIAN_POINT('',(0.98664044649,34.112521037399));
#2343 = CARTESIAN_POINT('',(0.986648620709,34.220011526866));
#2344 = CARTESIAN_POINT('',(0.986652253921,34.327516518843));
#2345 = CARTESIAN_POINT('',(0.986652429081,34.435066377964));
#2346 = CARTESIAN_POINT('',(0.986649263979,34.634815664217));
#2347 = CARTESIAN_POINT('',(0.986646428632,34.727096092588));
#2348 = CARTESIAN_POINT('',(0.986643199733,34.819359486351));
#2349 = CARTESIAN_POINT('',(0.986641078346,34.911611619702));
#2350 = CARTESIAN_POINT('',(0.986640855523,35.003874871724));
#2351 = CARTESIAN_POINT('',(0.986642241972,35.096155509821));
#2352 = CARTESIAN_POINT('',(0.986646665642,35.288977578541));
#2353 = CARTESIAN_POINT('',(0.986649845866,35.38958232457));
#2354 = CARTESIAN_POINT('',(0.986652797091,35.490154218936));
#2355 = CARTESIAN_POINT('',(0.986653632801,35.590713501968));
#2356 = CARTESIAN_POINT('',(0.986650691064,35.691282438586));
#2357 = CARTESIAN_POINT('',(0.986644570451,35.791882692208));
#2358 = CARTESIAN_POINT('',(0.986630248481,35.980395604567));
#2359 = CARTESIAN_POINT('',(0.98662241497,36.068364944061));
#2360 = CARTESIAN_POINT('',(0.986614475174,36.156320814655));
#2361 = CARTESIAN_POINT('',(0.98660835692,36.244268352334));
#2362 = CARTESIAN_POINT('',(0.98660582778,36.332225202329));
#2363 = CARTESIAN_POINT('',(0.986607682725,36.420195406065));
#2364 = CARTESIAN_POINT('',(0.986619270901,36.606193964072));
#2365 = CARTESIAN_POINT('',(0.986629865187,36.704277001984));
#2366 = CARTESIAN_POINT('',(0.986644199097,36.802335168759));
#2367 = CARTESIAN_POINT('',(0.986658868818,36.900377445549));
#2368 = CARTESIAN_POINT('',(0.986669313236,36.998435202716));
#2369 = CARTESIAN_POINT('',(0.986672182086,37.096517432222));
#2370 = CARTESIAN_POINT('',(0.986666085391,37.262079585158));
#2371 = CARTESIAN_POINT('',(0.986660504969,37.329604156795));
#2372 = CARTESIAN_POINT('',(0.98665208057,37.397126766753));
#2373 = CARTESIAN_POINT('',(0.986641865749,37.464647486469));
#2374 = CARTESIAN_POINT('',(0.986631744855,37.532170547442));
#2375 = CARTESIAN_POINT('',(0.986623786188,37.59969717271));
#2376 = CARTESIAN_POINT('',(0.98661370802,37.739562224573));
#2377 = CARTESIAN_POINT('',(0.986611574356,37.811907095009));
#2378 = CARTESIAN_POINT('',(0.986616720682,37.884244348188));
#2379 = CARTESIAN_POINT('',(0.98662035633,37.956578407318));
#2380 = CARTESIAN_POINT('',(0.986634147132,38.028914161826));
#2381 = CARTESIAN_POINT('',(0.986635987203,38.101255132542));
#2382 = CARTESIAN_POINT('',(0.986637230135,38.173590789404));
#2383 = ( GEOMETRIC_REPRESENTATION_CONTEXT(2) 
PARAMETRIC_REPRESENTATION_CONTEXT() REPRESENTATION_CONTEXT('2D SPACE',''
  ) );
#2384 = PCURVE('',#2385,#2390);
#2385 = CYLINDRICAL_SURFACE('',#2386,3.);
#2386 = AXIS2_PLACEMENT_3D('',#2387,#2388,#2389);
#2387 = CARTESIAN_POINT('',(0.,0.,0.));
#2388 = DIRECTION('',(-0.,-0.,-1.));
#2389 = DIRECTION('',(1.,0.,0.));
#2390 = DEFINITIONAL_REPRESENTATION('',(#2391),#2454);
#2391 = B_SPLINE_CURVE_WITH_KNOTS('',7,(#2392,#2393,#2394,#2395,#2396,
    #2397,#2398,#2399,#2400,#2401,#2402,#2403,#2404,#2405,#2406,#2407,
    #2408,#2409,#2410,#2411,#2412,#2413,#2414,#2415,#2416,#2417,#2418,
    #2419,#2420,#2421,#2422,#2423,#2424,#2425,#2426,#2427,#2428,#2429,
    #2430,#2431,#2432,#2433,#2434,#2435,#2436,#2437,#2438,#2439,#2440,
    #2441,#2442,#2443,#2444,#2445,#2446,#2447,#2448,#2449,#2450,#2451,
    #2452,#2453),.UNSPECIFIED.,.F.,.F.,(8,6,6,6,6,6,6,6,6,6,8),(0.,
    9.139324036676E-02,0.199502382839,0.31098847079,0.429270976757,
    0.530782151881,0.641437851373,0.738213642094,0.846106616069,
    0.920400824769,1.),.UNSPECIFIED.);
#2392 = CARTESIAN_POINT('',(0.,-5.472708180476));
#2393 = CARTESIAN_POINT('',(-8.202507987548E-02,-5.485763565089));
#2394 = CARTESIAN_POINT('',(-0.164070412262,-5.4988174238));
#2395 = CARTESIAN_POINT('',(-0.246105568681,-5.511866929545));
#2396 = CARTESIAN_POINT('',(-0.328132128713,-5.524917577659));
#2397 = CARTESIAN_POINT('',(-0.410163142265,-5.537973545711));
#2398 = CARTESIAN_POINT('',(-0.492203440273,-5.551033745704));
#2399 = CARTESIAN_POINT('',(-0.671261020767,-5.579542044421));
#2400 = CARTESIAN_POINT('',(-0.76832587582,-5.59499830278));
#2401 = CARTESIAN_POINT('',(-0.865366436258,-5.610450426806));
#2402 = CARTESIAN_POINT('',(-0.962390879218,-5.625896323453));
#2403 = CARTESIAN_POINT('',(-1.059429993489,-5.641339905621));
#2404 = CARTESIAN_POINT('',(-1.156493108871,-5.656784309193));
#2405 = CARTESIAN_POINT('',(-1.353586691526,-5.688142204019));
#2406 = CARTESIAN_POINT('',(-1.453688384557,-5.704066961743));
#2407 = CARTESIAN_POINT('',(-1.553757823013,-5.71998677474));
#2408 = CARTESIAN_POINT('',(-1.653816104472,-5.735907282324));
#2409 = CARTESIAN_POINT('',(-1.75388526131,-5.751832695573));
#2410 = CARTESIAN_POINT('',(-1.853986455842,-5.767765637681));
#2411 = CARTESIAN_POINT('',(-2.060209517004,-5.800592722622));
#2412 = CARTESIAN_POINT('',(-2.166423373898,-5.817501680052));
#2413 = CARTESIAN_POINT('',(-2.272593714411,-5.834404075916));
#2414 = CARTESIAN_POINT('',(-2.378751052302,-5.851302995432));
#2415 = CARTESIAN_POINT('',(-2.484922267165,-5.868202018757));
#2416 = CARTESIAN_POINT('',(-2.591136673276,-5.88510643736));
#2417 = CARTESIAN_POINT('',(-2.788403321418,-5.916500859653));
#2418 = CARTESIAN_POINT('',(-2.879535892822,-5.931003836763));
#2419 = CARTESIAN_POINT('',(-2.970650610806,-5.945503947873));
#2420 = CARTESIAN_POINT('',(-3.061753413435,-5.96000281973));
#2421 = CARTESIAN_POINT('',(-3.152866921261,-5.974504348807));
#2422 = CARTESIAN_POINT('',(-3.243997923206,-5.989009381593));
#2423 = CARTESIAN_POINT('',(-3.43441916852,-6.01931864239));
#2424 = CARTESIAN_POINT('',(-3.533772066163,-6.035132890623));
#2425 = CARTESIAN_POINT('',(-3.633093743088,-6.050941865624));
#2426 = CARTESIAN_POINT('',(-3.732404360987,-6.066747844846));
#2427 = CARTESIAN_POINT('',(-3.831725418454,-6.082553531564));
#2428 = CARTESIAN_POINT('',(-3.931077586625,-6.098362617548));
#2429 = CARTESIAN_POINT('',(-4.117251163647,-6.127985597993));
#2430 = CARTESIAN_POINT('',(-4.204128620849,-6.141808577588));
#2431 = CARTESIAN_POINT('',(-4.290992214072,-6.155629389266));
#2432 = CARTESIAN_POINT('',(-4.377846799383,-6.169449763928));
#2433 = CARTESIAN_POINT('',(-4.464709932858,-6.183273321856));
#2434 = CARTESIAN_POINT('',(-4.551586018349,-6.197101079144));
#2435 = CARTESIAN_POINT('',(-4.735271450651,-6.226341275465));
#2436 = CARTESIAN_POINT('',(-4.832134833099,-6.241762722034));
#2437 = CARTESIAN_POINT('',(-4.928974209868,-6.257182051137));
#2438 = CARTESIAN_POINT('',(-5.02579894185,-6.272599043604));
#2439 = CARTESIAN_POINT('',(-5.122639628061,-6.288016444843));
#2440 = CARTESIAN_POINT('',(-5.219504006945,-6.303434063012));
#2441 = CARTESIAN_POINT('',(-5.383008385801,-6.329453659074));
#2442 = CARTESIAN_POINT('',(-5.449693116069,-6.340064276482));
#2443 = CARTESIAN_POINT('',(-5.516375115278,-6.350673222972));
#2444 = CARTESIAN_POINT('',(-5.583054269997,-6.361281014546));
#2445 = CARTESIAN_POINT('',(-5.649734945862,-6.371889219117));
#2446 = CARTESIAN_POINT('',(-5.716418957137,-6.382499019872));
#2447 = CARTESIAN_POINT('',(-5.854539982407,-6.404477722181));
#2448 = CARTESIAN_POINT('',(-5.925983442746,-6.415847629771));
#2449 = CARTESIAN_POINT('',(-5.997421010368,-6.427219828043));
#2450 = CARTESIAN_POINT('',(-6.06885809171,-6.438590800469));
#2451 = CARTESIAN_POINT('',(-6.140300148792,-6.449966904812));
#2452 = CARTESIAN_POINT('',(-6.21174876841,-6.461338103293));
#2453 = CARTESIAN_POINT('',(-6.28318530718,-6.472708180475));
#2454 = ( GEOMETRIC_REPRESENTATION_CONTEXT(2) 
PARAMETRIC_REPRESENTATION_CONTEXT() REPRESENTATION_CONTEXT('2D SPACE',''
  ) );
#2455 = ORIENTED_EDGE('',*,*,#2456,.T.);
#2456 = EDGE_CURVE('',#2252,#2457,#2459,.T.);
#2457 = VERTEX_POINT('',#2458);
#2458 = CARTESIAN_POINT('',(3.,0.,7.472708180476));
#2459 = SURFACE_CURVE('',#2460,(#2523,#2589),.PCURVE_S1.);
#2460 = B_SPLINE_CURVE_WITH_KNOTS('',7,(#2461,#2462,#2463,#2464,#2465,
    #2466,#2467,#2468,#2469,#2470,#2471,#2472,#2473,#2474,#2475,#2476,
    #2477,#2478,#2479,#2480,#2481,#2482,#2483,#2484,#2485,#2486,#2487,
    #2488,#2489,#2490,#2491,#2492,#2493,#2494,#2495,#2496,#2497,#2498,
    #2499,#2500,#2501,#2502,#2503,#2504,#2505,#2506,#2507,#2508,#2509,
    #2510,#2511,#2512,#2513,#2514,#2515,#2516,#2517,#2518,#2519,#2520,
    #2521,#2522),.UNSPECIFIED.,.F.,.F.,(8,6,6,6,6,6,6,6,6,6,8),(0.,
    8.959080875183E-02,0.18930167219,0.299499943133,0.418917592578,
    0.525035014543,0.602259549962,0.718260991806,0.851470205765,
    0.929723061466,1.),.UNSPECIFIED.);
#2461 = CARTESIAN_POINT('',(3.,4.440892098501E-16,6.472708180475));
#2462 = CARTESIAN_POINT('',(3.,0.24122745521,6.48550636859));
#2463 = CARTESIAN_POINT('',(2.977370159604,0.4825061064,6.498302678127)
  );
#2464 = CARTESIAN_POINT('',(2.932094107226,0.721207971458,6.511094923622
    ));
#2465 = CARTESIAN_POINT('',(2.864555092243,0.954796884734,6.523888359987
    ));
#2466 = CARTESIAN_POINT('',(2.775462540532,1.180824359583,6.536686892131
    ));
#2467 = CARTESIAN_POINT('',(2.665845965895,1.396944804417,6.549489413316
    ));
#2468 = CARTESIAN_POINT('',(2.393845375614,1.827999537179,6.576539211556
    ));
#2469 = CARTESIAN_POINT('',(2.226830945764,2.040150558745,6.590792929421
    ));
#2470 = CARTESIAN_POINT('',(2.037993283878,2.234313562349,6.605044329401
    ));
#2471 = CARTESIAN_POINT('',(1.829694430516,2.407860172078,6.619291516878
    ));
#2472 = CARTESIAN_POINT('',(1.604633071018,2.558542416989,6.633536535626
    ));
#2473 = CARTESIAN_POINT('',(1.365821880207,2.684511864295,6.647781011765
    ));
#2474 = CARTESIAN_POINT('',(0.841264930114,2.894875657616,6.677755998239
    ));
#2475 = CARTESIAN_POINT('',(0.553037887361,2.97357850118,6.693495823093)
  );
#2476 = CARTESIAN_POINT('',(0.256535631401,3.018668194553,6.709230019459
    ));
#2477 = CARTESIAN_POINT('',(-4.354714462978E-02,3.02923655627,
    6.724964208611));
#2478 = CARTESIAN_POINT('',(-0.342488774561,3.005116187126,
    6.740703025456));
#2479 = CARTESIAN_POINT('',(-0.635538201962,2.946882842177,
    6.756449228643));
#2480 = CARTESIAN_POINT('',(-1.224093402492,2.757710607307,
    6.789249824901));
#2481 = CARTESIAN_POINT('',(-1.518045488934,2.621002578213,
    6.806319727333));
#2482 = CARTESIAN_POINT('',(-1.793801986277,2.447841411071,
    6.823383541454));
#2483 = CARTESIAN_POINT('',(-2.046071443817,2.241259467458,
    6.840444343837));
#2484 = CARTESIAN_POINT('',(-2.270207395245,2.005062244206,
    6.857505336519));
#2485 = CARTESIAN_POINT('',(-2.46219465959,1.743838265886,6.874571900257
    ));
#2486 = CARTESIAN_POINT('',(-2.758350462511,1.213726770046,
    6.906785660305));
#2487 = CARTESIAN_POINT('',(-2.870035526548,0.948723753566,
    6.921947546897));
#2488 = CARTESIAN_POINT('',(-2.951872165039,0.671974644337,
    6.937105883962));
#2489 = CARTESIAN_POINT('',(-3.002487084062,0.387519759206,
    6.952262516155));
#2490 = CARTESIAN_POINT('',(-3.021138623911,9.952772017569E-02,
    6.967422386712));
#2491 = CARTESIAN_POINT('',(-3.007722116495,-0.187743247033,
    6.982586676556));
#2492 = CARTESIAN_POINT('',(-2.930391769627,-0.675306948415,
    7.008778262818));
#2493 = CARTESIAN_POINT('',(-2.881211011814,-0.878053837137,
    7.019811372275));
#2494 = CARTESIAN_POINT('',(-2.815677010515,-1.076542185289,
    7.030843915395));
#2495 = CARTESIAN_POINT('',(-2.734248035814,-1.269200830988,
    7.041875896222));
#2496 = CARTESIAN_POINT('',(-2.637558634346,-1.454524721488,
    7.052907834129));
#2497 = CARTESIAN_POINT('',(-2.526419401691,-1.631083147338,
    7.063939505704));
#2498 = CARTESIAN_POINT('',(-2.21471263013,-2.047580498366,
    7.091535674551));
#2499 = CARTESIAN_POINT('',(-1.997120791863,-2.275016712308,
    7.108109391118));
#2500 = CARTESIAN_POINT('',(-1.752490578725,-2.475167864585,
    7.124675324721));
#2501 = CARTESIAN_POINT('',(-1.485002579695,-2.644322508103,
    7.141238243257));
#2502 = CARTESIAN_POINT('',(-1.199313630483,-2.77953854255,7.15780407325
    ));
#2503 = CARTESIAN_POINT('',(-0.900562247732,-2.878633713476,
    7.174378626646));
#2504 = CARTESIAN_POINT('',(-0.242893684944,-3.011583175622,
    7.209975945093));
#2505 = CARTESIAN_POINT('',(0.118853986055,-3.03367520928,7.229023135392
    ));
#2506 = CARTESIAN_POINT('',(0.482100820604,-3.004889873905,
    7.248061342149));
#2507 = CARTESIAN_POINT('',(0.83835998926,-2.925566779709,7.267098961709
    ));
#2508 = CARTESIAN_POINT('',(1.179508445006,-2.797513406088,
    7.286136318525));
#2509 = CARTESIAN_POINT('',(1.49771560307,-2.624020369134,7.305180818503
    ));
#2510 = CARTESIAN_POINT('',(1.955188858623,-2.285087985362,
    7.335380580445));
#2511 = CARTESIAN_POINT('',(2.114224584623,-2.145777037255,
    7.346556144841));
#2512 = CARTESIAN_POINT('',(2.261603334355,-1.993608307597,
    7.357729824558));
#2513 = CARTESIAN_POINT('',(2.396096148122,-1.829766283379,
    7.368902554964));
#2514 = CARTESIAN_POINT('',(2.516627076695,-1.655563285845,
    7.380076399537));
#2515 = CARTESIAN_POINT('',(2.622276916084,-1.472432340928,
    7.391252643157));
#2516 = CARTESIAN_POINT('',(2.793167572745,-1.110864424051,
    7.412467393775));
#2517 = CARTESIAN_POINT('',(2.861437267528,-0.933835188695,
    7.422506882516));
#2518 = CARTESIAN_POINT('',(2.916588211858,-0.751974965479,
    7.432546692248));
#2519 = CARTESIAN_POINT('',(2.958225209489,-0.566447436501,
    7.442588138196));
#2520 = CARTESIAN_POINT('',(2.98607690991,-0.378450786256,7.452630069936
    ));
#2521 = CARTESIAN_POINT('',(3.,-0.18921451226,7.462669519929));
#2522 = CARTESIAN_POINT('',(3.,8.881784197001E-16,7.472708180476));
#2523 = PCURVE('',#351,#2524);
#2524 = DEFINITIONAL_REPRESENTATION('',(#2525),#2588);
#2525 = B_SPLINE_CURVE_WITH_KNOTS('',7,(#2526,#2527,#2528,#2529,#2530,
    #2531,#2532,#2533,#2534,#2535,#2536,#2537,#2538,#2539,#2540,#2541,
    #2542,#2543,#2544,#2545,#2546,#2547,#2548,#2549,#2550,#2551,#2552,
    #2553,#2554,#2555,#2556,#2557,#2558,#2559,#2560,#2561,#2562,#2563,
    #2564,#2565,#2566,#2567,#2568,#2569,#2570,#2571,#2572,#2573,#2574,
    #2575,#2576,#2577,#2578,#2579,#2580,#2581,#2582,#2583,#2584,#2585,
    #2586,#2587),.UNSPECIFIED.,.F.,.F.,(8,6,6,6,6,6,6,6,6,6,8),(0.,
    8.959080875183E-02,0.18930167219,0.299499943133,0.418917592578,
    0.525035014543,0.602259549962,0.718260991806,0.851470205765,
    0.929723061466,1.),.UNSPECIFIED.);
#2526 = CARTESIAN_POINT('',(0.986637230135,38.173590789404));
#2527 = CARTESIAN_POINT('',(0.986638629182,38.255011990778));
#2528 = CARTESIAN_POINT('',(0.986633432869,38.336441344269));
#2529 = CARTESIAN_POINT('',(0.986621582815,38.417865123774));
#2530 = CARTESIAN_POINT('',(0.986612826637,38.499287048887));
#2531 = CARTESIAN_POINT('',(0.986612102173,38.580716911849));
#2532 = CARTESIAN_POINT('',(0.986616637485,38.662156121218));
#2533 = CARTESIAN_POINT('',(0.986633814038,38.834201751081));
#2534 = CARTESIAN_POINT('',(0.986647155705,38.92484701468));
#2535 = CARTESIAN_POINT('',(0.986661426186,39.015474700134));
#2536 = CARTESIAN_POINT('',(0.986671082299,39.106089650159));
#2537 = CARTESIAN_POINT('',(0.98667347866,39.196712931525));
#2538 = CARTESIAN_POINT('',(0.986669861274,39.287351091989));
#2539 = CARTESIAN_POINT('',(0.986653899674,39.478108557939));
#2540 = CARTESIAN_POINT('',(0.986640700708,39.578289730348));
#2541 = CARTESIAN_POINT('',(0.986625539867,39.678441073144));
#2542 = CARTESIAN_POINT('',(0.986613355193,39.778583298018));
#2543 = CARTESIAN_POINT('',(0.986607177198,39.878736655658));
#2544 = CARTESIAN_POINT('',(0.986606621905,39.978919867814));
#2545 = CARTESIAN_POINT('',(0.986613950038,40.187583619743));
#2546 = CARTESIAN_POINT('',(0.986622533814,40.296160699358));
#2547 = CARTESIAN_POINT('',(0.9866339254,40.40469048466));
#2548 = CARTESIAN_POINT('',(0.986644054933,40.513204955572));
#2549 = CARTESIAN_POINT('',(0.986649952531,40.621733537162));
#2550 = CARTESIAN_POINT('',(0.986651978925,40.730309363619));
#2551 = CARTESIAN_POINT('',(0.986650946487,40.935264993048));
#2552 = CARTESIAN_POINT('',(0.986648444266,41.031736562797));
#2553 = CARTESIAN_POINT('',(0.986644798202,41.128189036213));
#2554 = CARTESIAN_POINT('',(0.986641838997,41.224628569085));
#2555 = CARTESIAN_POINT('',(0.986640791901,41.32108287673));
#2556 = CARTESIAN_POINT('',(0.986641662552,41.417559455293));
#2557 = CARTESIAN_POINT('',(0.986644961869,41.584187214197));
#2558 = CARTESIAN_POINT('',(0.986646905107,41.654376858333));
#2559 = CARTESIAN_POINT('',(0.986649093732,41.724562151281));
#2560 = CARTESIAN_POINT('',(0.986650974983,41.794744803716));
#2561 = CARTESIAN_POINT('',(0.986651967487,41.864929892207));
#2562 = CARTESIAN_POINT('',(0.986651657215,41.935117257398));
#2563 = CARTESIAN_POINT('',(0.986647444111,42.110704242781));
#2564 = CARTESIAN_POINT('',(0.986641805989,42.216167808147));
#2565 = CARTESIAN_POINT('',(0.986632815985,42.321592073571));
#2566 = CARTESIAN_POINT('',(0.986621659738,42.42700375954));
#2567 = CARTESIAN_POINT('',(0.986612248596,42.532428649435));
#2568 = CARTESIAN_POINT('',(0.98660771313,42.637894177725));
#2569 = CARTESIAN_POINT('',(0.98660967863,42.864367764335));
#2570 = CARTESIAN_POINT('',(0.986617951673,42.985525820851));
#2571 = CARTESIAN_POINT('',(0.986634182072,43.10660246582));
#2572 = CARTESIAN_POINT('',(0.986655910949,43.227658614213));
#2573 = CARTESIAN_POINT('',(0.986671127076,43.348732943143));
#2574 = CARTESIAN_POINT('',(0.986673795836,43.469890966234));
#2575 = CARTESIAN_POINT('',(0.986662976883,43.662062837392));
#2576 = CARTESIAN_POINT('',(0.986655694345,43.733186940014));
#2577 = CARTESIAN_POINT('',(0.986645666442,43.804307420368));
#2578 = CARTESIAN_POINT('',(0.986634485055,43.875425377032));
#2579 = CARTESIAN_POINT('',(0.98662457496,43.946546547062));
#2580 = CARTESIAN_POINT('',(0.986618203953,44.01767219241));
#2581 = CARTESIAN_POINT('',(0.986613505418,44.15266038265));
#2582 = CARTESIAN_POINT('',(0.986614810854,44.216530292448));
#2583 = CARTESIAN_POINT('',(0.986618198103,44.280395898661));
#2584 = CARTESIAN_POINT('',(0.986625828591,44.344258980617));
#2585 = CARTESIAN_POINT('',(0.986634053769,44.408123340614));
#2586 = CARTESIAN_POINT('',(0.98663615338,44.471990583205));
#2587 = CARTESIAN_POINT('',(0.986637230136,44.535855920971));
#2588 = ( GEOMETRIC_REPRESENTATION_CONTEXT(2) 
PARAMETRIC_REPRESENTATION_CONTEXT() REPRESENTATION_CONTEXT('2D SPACE',''
  ) );
#2589 = PCURVE('',#2590,#2595);
#2590 = CYLINDRICAL_SURFACE('',#2591,3.);
#2591 = AXIS2_PLACEMENT_3D('',#2592,#2593,#2594);
#2592 = CARTESIAN_POINT('',(0.,0.,0.));
#2593 = DIRECTION('',(-0.,-0.,-1.));
#2594 = DIRECTION('',(1.,0.,0.));
#2595 = DEFINITIONAL_REPRESENTATION('',(#2596),#2659);
#2596 = B_SPLINE_CURVE_WITH_KNOTS('',7,(#2597,#2598,#2599,#2600,#2601,
    #2602,#2603,#2604,#2605,#2606,#2607,#2608,#2609,#2610,#2611,#2612,
    #2613,#2614,#2615,#2616,#2617,#2618,#2619,#2620,#2621,#2622,#2623,
    #2624,#2625,#2626,#2627,#2628,#2629,#2630,#2631,#2632,#2633,#2634,
    #2635,#2636,#2637,#2638,#2639,#2640,#2641,#2642,#2643,#2644,#2645,
    #2646,#2647,#2648,#2649,#2650,#2651,#2652,#2653,#2654,#2655,#2656,
    #2657,#2658),.UNSPECIFIED.,.F.,.F.,(8,6,6,6,6,6,6,6,6,6,8),(0.,
    8.959080875183E-02,0.18930167219,0.299499943133,0.418917592578,
    0.525035014543,0.602259549962,0.718260991806,0.851470205765,
    0.929723061466,1.),.UNSPECIFIED.);
#2597 = CARTESIAN_POINT('',(0.,-6.472708180475));
#2598 = CARTESIAN_POINT('',(-8.040915173679E-02,-6.48550636859));
#2599 = CARTESIAN_POINT('',(-0.160835121374,-6.498302678127));
#2600 = CARTESIAN_POINT('',(-0.241252462968,-6.511094923622));
#2601 = CARTESIAN_POINT('',(-0.321663235917,-6.523888359987));
#2602 = CARTESIAN_POINT('',(-0.402078870125,-6.536686892131));
#2603 = CARTESIAN_POINT('',(-0.482502344325,-6.549489413316));
#2604 = CARTESIAN_POINT('',(-0.652401825637,-6.576539211556));
#2605 = CARTESIAN_POINT('',(-0.741916119574,-6.590792929421));
#2606 = CARTESIAN_POINT('',(-0.831414599514,-6.605044329401));
#2607 = CARTESIAN_POINT('',(-0.920902542994,-6.619291516878));
#2608 = CARTESIAN_POINT('',(-1.010400163738,-6.633536535626));
#2609 = CARTESIAN_POINT('',(-1.099912879982,-6.647781011765));
#2610 = CARTESIAN_POINT('',(-1.28830163862,-6.677755998239));
#2611 = CARTESIAN_POINT('',(-1.387238749392,-6.693495823093));
#2612 = CARTESIAN_POINT('',(-1.486145600354,-6.709230019459));
#2613 = CARTESIAN_POINT('',(-1.585042358744,-6.724964208611));
#2614 = CARTESIAN_POINT('',(-1.683949799014,-6.740703025456));
#2615 = CARTESIAN_POINT('',(-1.782887046312,-6.756449228643));
#2616 = CARTESIAN_POINT('',(-1.988956980103,-6.789249824901));
#2617 = CARTESIAN_POINT('',(-2.09618511575,-6.806319727333));
#2618 = CARTESIAN_POINT('',(-2.203367658845,-6.823383541454));
#2619 = CARTESIAN_POINT('',(-2.310536117282,-6.840444343837));
#2620 = CARTESIAN_POINT('',(-2.417718498675,-6.857505336519));
#2621 = CARTESIAN_POINT('',(-2.524946685875,-6.874571900257));
#2622 = CARTESIAN_POINT('',(-2.727356187636,-6.906785660305));
#2623 = CARTESIAN_POINT('',(-2.822628379711,-6.921947546897));
#2624 = CARTESIAN_POINT('',(-2.917880535246,-6.937105883962));
#2625 = CARTESIAN_POINT('',(-3.013118849699,-6.952262516155));
#2626 = CARTESIAN_POINT('',(-3.108371217918,-6.967422386712));
#2627 = CARTESIAN_POINT('',(-3.203645755999,-6.982586676556));
#2628 = CARTESIAN_POINT('',(-3.368198464695,-7.008778262818));
#2629 = CARTESIAN_POINT('',(-3.437514341221,-7.019811372275));
#2630 = CARTESIAN_POINT('',(-3.506826410565,-7.030843915395));
#2631 = CARTESIAN_POINT('',(-3.576136475825,-7.041875896222));
#2632 = CARTESIAN_POINT('',(-3.645449547504,-7.052907834129));
#2633 = CARTESIAN_POINT('',(-3.714765351448,-7.063939505704));
#2634 = CARTESIAN_POINT('',(-3.888172757048,-7.091535674551));
#2635 = CARTESIAN_POINT('',(-3.992327908795,-7.108109391118));
#2636 = CARTESIAN_POINT('',(-4.096444410409,-7.124675324721));
#2637 = CARTESIAN_POINT('',(-4.200547806598,-7.141238243257));
#2638 = CARTESIAN_POINT('',(-4.304662980702,-7.15780407325));
#2639 = CARTESIAN_POINT('',(-4.408817389885,-7.174378626646));
#2640 = CARTESIAN_POINT('',(-4.632474741397,-7.209975945093));
#2641 = CARTESIAN_POINT('',(-4.752125707799,-7.229023135392));
#2642 = CARTESIAN_POINT('',(-4.871696595069,-7.248061342149));
#2643 = CARTESIAN_POINT('',(-4.991248881526,-7.267098961709));
#2644 = CARTESIAN_POINT('',(-5.110820991933,-7.286136318525));
#2645 = CARTESIAN_POINT('',(-5.230474754486,-7.305180818503));
#2646 = CARTESIAN_POINT('',(-5.420257361205,-7.335380580445));
#2647 = CARTESIAN_POINT('',(-5.49049645024,-7.346556144841));
#2648 = CARTESIAN_POINT('',(-5.560731026596,-7.357729824558));
#2649 = CARTESIAN_POINT('',(-5.630962033556,-7.368902554964));
#2650 = CARTESIAN_POINT('',(-5.701195550137,-7.380076399537));
#2651 = CARTESIAN_POINT('',(-5.7714337647,-7.391252643157));
#2652 = CARTESIAN_POINT('',(-5.90474000155,-7.412467393775));
#2653 = CARTESIAN_POINT('',(-5.967815058701,-7.422506882516));
#2654 = CARTESIAN_POINT('',(-6.030887479963,-7.432546692248));
#2655 = CARTESIAN_POINT('',(-6.093959573973,-7.442588138196));
#2656 = CARTESIAN_POINT('',(-6.157035091558,-7.452630069936));
#2657 = CARTESIAN_POINT('',(-6.220113803093,-7.462669519929));
#2658 = CARTESIAN_POINT('',(-6.28318530718,-7.472708180476));
#2659 = ( GEOMETRIC_REPRESENTATION_CONTEXT(2) 
PARAMETRIC_REPRESENTATION_CONTEXT() REPRESENTATION_CONTEXT('2D SPACE',''
  ) );
#2660 = ORIENTED_EDGE('',*,*,#2661,.T.);
#2661 = EDGE_CURVE('',#2457,#266,#2662,.T.);
#2662 = SURFACE_CURVE('',#2663,(#2703,#2746),.PCURVE_S1.);
#2663 = B_SPLINE_CURVE_WITH_KNOTS('',7,(#2664,#2665,#2666,#2667,#2668,
    #2669,#2670,#2671,#2672,#2673,#2674,#2675,#2676,#2677,#2678,#2679,
    #2680,#2681,#2682,#2683,#2684,#2685,#2686,#2687,#2688,#2689,#2690,
    #2691,#2692,#2693,#2694,#2695,#2696,#2697,#2698,#2699,#2700,#2701,
    #2702),.UNSPECIFIED.,.F.,.F.,(8,6,7,6,6,6,8),(0.,0.150920962657,
    0.446984057262,0.597905019919,0.723482614519,0.829453622103,1.),
  .UNSPECIFIED.);
#2664 = CARTESIAN_POINT('',(3.,8.881784197001E-16,7.472708180476));
#2665 = CARTESIAN_POINT('',(2.999999190924,0.186989646573,7.4826291026)
  );
#2666 = CARTESIAN_POINT('',(2.986403320236,0.373974976683,7.492545964427
    ));
#2667 = CARTESIAN_POINT('',(2.959210612179,0.559767343282,7.502461718979
    ));
#2668 = CARTESIAN_POINT('',(2.918548212544,0.743194310757,7.512378321289
    ));
#2669 = CARTESIAN_POINT('',(2.864672188679,0.923099654927,7.522296728408
    ));
#2670 = CARTESIAN_POINT('',(2.797967529478,1.098343363047,7.532216899393
    ));
#2671 = CARTESIAN_POINT('',(2.563958914648,1.600240746281,7.561598293294
    ));
#2672 = CARTESIAN_POINT('',(2.361336805142,1.910808204353,7.58108383468)
  );
#2673 = CARTESIAN_POINT('',(2.115178906131,2.190951038674,7.600559849934
    ));
#2674 = CARTESIAN_POINT('',(1.831002168636,2.433445488114,7.620024603349
    ));
#2675 = CARTESIAN_POINT('',(1.51562553848,2.632481721092,7.63948946901)
  );
#2676 = CARTESIAN_POINT('',(1.177052089329,2.783748556923,7.658959206737
    ));
#2677 = CARTESIAN_POINT('',(0.824351155735,2.884518187157,7.67841223804)
  );
#2678 = CARTESIAN_POINT('',(0.264016183284,3.044691375155,7.709323941643
    ));
#2679 = CARTESIAN_POINT('',(-0.335958675345,3.078562898287,
    7.740379549399));
#2680 = CARTESIAN_POINT('',(-0.934692091858,2.972756563557,
    7.771340133741));
#2681 = CARTESIAN_POINT('',(-1.496352489138,2.733475762548,
    7.802244568272));
#2682 = CARTESIAN_POINT('',(-1.987442872986,2.374979038939,7.83321977933
    ));
#2683 = CARTESIAN_POINT('',(-2.378657491776,1.918807499775,
    7.864294310715));
#2684 = CARTESIAN_POINT('',(-2.878212634569,0.975227341997,
    7.920940546887));
#2685 = CARTESIAN_POINT('',(-3.024891997719,0.502668413844,
    7.946727632292));
#2686 = CARTESIAN_POINT('',(-3.079826204251,6.455001369339E-03,
    7.972468480669));
#2687 = CARTESIAN_POINT('',(-3.040170059191,-0.492668871554,
    7.998184808256));
#2688 = CARTESIAN_POINT('',(-2.907576756609,-0.973972001255,
    8.02393361124));
#2689 = CARTESIAN_POINT('',(-2.688132614141,-1.41743842952,8.04972453378
    ));
#2690 = CARTESIAN_POINT('',(-2.150232772057,-2.131656814886,
    8.097156366099));
#2691 = CARTESIAN_POINT('',(-1.851668965903,-2.419824883393,
    8.118890171087));
#2692 = CARTESIAN_POINT('',(-1.508667744318,-2.658284432077,
    8.140599740259));
#2693 = CARTESIAN_POINT('',(-1.131279570287,-2.839496813519,
    8.162296137807));
#2694 = CARTESIAN_POINT('',(-0.730730475044,-2.958079577738,
    8.184010201097));
#2695 = CARTESIAN_POINT('',(-0.319179291186,-3.01091200777,8.20575144542
    ));
#2696 = CARTESIAN_POINT('',(0.748121861016,-2.978960210382,
    8.262417950689));
#2697 = CARTESIAN_POINT('',(1.407171517312,-2.79027307427,8.297676344166
    ));
#2698 = CARTESIAN_POINT('',(2.003208472291,-2.430240742289,8.33265104531
    ));
#2699 = CARTESIAN_POINT('',(2.489096549121,-1.929571425414,
    8.367557846172));
#2700 = CARTESIAN_POINT('',(2.831185611392,-1.323025599269,
    8.402494215762));
#2701 = CARTESIAN_POINT('',(3.000029479947,-0.658524264377,
    8.437774538299));
#2702 = CARTESIAN_POINT('',(3.,-9.414691248821E-14,8.472709165136));
#2703 = PCURVE('',#351,#2704);
#2704 = DEFINITIONAL_REPRESENTATION('',(#2705),#2745);
#2705 = B_SPLINE_CURVE_WITH_KNOTS('',7,(#2706,#2707,#2708,#2709,#2710,
    #2711,#2712,#2713,#2714,#2715,#2716,#2717,#2718,#2719,#2720,#2721,
    #2722,#2723,#2724,#2725,#2726,#2727,#2728,#2729,#2730,#2731,#2732,
    #2733,#2734,#2735,#2736,#2737,#2738,#2739,#2740,#2741,#2742,#2743,
    #2744),.UNSPECIFIED.,.F.,.F.,(8,6,7,6,6,6,8),(0.,0.150920962657,
    0.446984057262,0.597905019919,0.723482614519,0.829453622103,1.),
  .UNSPECIFIED.);
#2706 = CARTESIAN_POINT('',(0.986637230136,44.535855920971));
#2707 = CARTESIAN_POINT('',(0.986638642313,44.598971153208));
#2708 = CARTESIAN_POINT('',(0.986634813985,44.662076527101));
#2709 = CARTESIAN_POINT('',(0.98662841294,44.725182698497));
#2710 = CARTESIAN_POINT('',(0.986621707061,44.788295192778));
#2711 = CARTESIAN_POINT('',(0.986616564331,44.851414404856));
#2712 = CARTESIAN_POINT('',(0.98661445283,44.914535599177));
#2713 = CARTESIAN_POINT('',(0.986618914524,45.101454216634));
#2714 = CARTESIAN_POINT('',(0.986636328556,45.225373314989));
#2715 = CARTESIAN_POINT('',(0.986659567644,45.349214049575));
#2716 = CARTESIAN_POINT('',(0.986676621642,45.473001987021));
#2717 = CARTESIAN_POINT('',(0.986678515034,45.596836851578));
#2718 = CARTESIAN_POINT('',(0.986665236522,45.720748960924));
#2719 = CARTESIAN_POINT('',(0.986651668603,45.844555661951));
#2720 = CARTESIAN_POINT('',(0.98662985892,46.04129059698));
#2721 = CARTESIAN_POINT('',(0.986592913752,46.238987225294));
#2722 = CARTESIAN_POINT('',(0.986589219898,46.435977931155));
#2723 = CARTESIAN_POINT('',(0.986619329676,46.632508355435));
#2724 = CARTESIAN_POINT('',(0.986650540839,46.829485721655));
#2725 = CARTESIAN_POINT('',(0.986652134383,47.027185271762));
#2726 = CARTESIAN_POINT('',(0.986649801186,47.38759075711));
#2727 = CARTESIAN_POINT('',(0.986642878803,47.551676132445));
#2728 = CARTESIAN_POINT('',(0.986635512203,47.715468689707));
#2729 = CARTESIAN_POINT('',(0.986639480038,47.87907068913));
#2730 = CARTESIAN_POINT('',(0.986650910801,48.042856556807));
#2731 = CARTESIAN_POINT('',(0.986653862113,48.206936247683));
#2732 = CARTESIAN_POINT('',(0.986646403567,48.508732876027));
#2733 = CARTESIAN_POINT('',(0.986638027186,48.647034638907));
#2734 = CARTESIAN_POINT('',(0.986622582325,48.785203753507));
#2735 = CARTESIAN_POINT('',(0.986606886996,48.923289830132));
#2736 = CARTESIAN_POINT('',(0.986600436854,49.061460119348));
#2737 = CARTESIAN_POINT('',(0.986608093663,49.199760340299));
#2738 = CARTESIAN_POINT('',(0.986647374348,49.560167933974));
#2739 = CARTESIAN_POINT('',(0.986665811706,49.784434980974));
#2740 = CARTESIAN_POINT('',(0.986762648045,50.006658118682));
#2741 = CARTESIAN_POINT('',(0.986584882597,50.229286318004));
#2742 = CARTESIAN_POINT('',(0.986566989946,50.451615299917));
#2743 = CARTESIAN_POINT('',(0.986640513858,50.675853949759));
#2744 = CARTESIAN_POINT('',(0.986639285313,50.898121052539));
#2745 = ( GEOMETRIC_REPRESENTATION_CONTEXT(2) 
PARAMETRIC_REPRESENTATION_CONTEXT() REPRESENTATION_CONTEXT('2D SPACE',''
  ) );
#2746 = PCURVE('',#572,#2747);
#2747 = DEFINITIONAL_REPRESENTATION('',(#2748),#2788);
#2748 = B_SPLINE_CURVE_WITH_KNOTS('',7,(#2749,#2750,#2751,#2752,#2753,
    #2754,#2755,#2756,#2757,#2758,#2759,#2760,#2761,#2762,#2763,#2764,
    #2765,#2766,#2767,#2768,#2769,#2770,#2771,#2772,#2773,#2774,#2775,
    #2776,#2777,#2778,#2779,#2780,#2781,#2782,#2783,#2784,#2785,#2786,
    #2787),.UNSPECIFIED.,.F.,.F.,(8,6,7,6,6,6,8),(0.,0.150920962657,
    0.446984057262,0.597905019919,0.723482614519,0.829453622103,1.),
  .UNSPECIFIED.);
#2749 = CARTESIAN_POINT('',(0.,-7.472708180476));
#2750 = CARTESIAN_POINT('',(-6.233093554912E-02,-7.4826291026));
#2751 = CARTESIAN_POINT('',(-0.124656598255,-7.492545964427));
#2752 = CARTESIAN_POINT('',(-0.186983606641,-7.502461718979));
#2753 = CARTESIAN_POINT('',(-0.249315016285,-7.512378321289));
#2754 = CARTESIAN_POINT('',(-0.311650319821,-7.522296728408));
#2755 = CARTESIAN_POINT('',(-0.373985446939,-7.532216899393));
#2756 = CARTESIAN_POINT('',(-0.558575692698,-7.561598293294));
#2757 = CARTESIAN_POINT('',(-0.68094627779,-7.58108383468));
#2758 = CARTESIAN_POINT('',(-0.803242392043,-7.600559849934));
#2759 = CARTESIAN_POINT('',(-0.925490938593,-7.620024603349));
#2760 = CARTESIAN_POINT('',(-1.047788608812,-7.63948946901));
#2761 = CARTESIAN_POINT('',(-1.170162639806,-7.658959206737));
#2762 = CARTESIAN_POINT('',(-1.292431571893,-7.67841223804));
#2763 = CARTESIAN_POINT('',(-1.486722954816,-7.709323941643));
#2764 = CARTESIAN_POINT('',(-1.6819627546,-7.740379549399));
#2765 = CARTESIAN_POINT('',(-1.876498084023,-7.771340133741));
#2766 = CARTESIAN_POINT('',(-2.070585630145,-7.802244568273));
#2767 = CARTESIAN_POINT('',(-2.265123247364,-7.83321977933));
#2768 = CARTESIAN_POINT('',(-2.460370101088,-7.864294310715));
#2769 = CARTESIAN_POINT('',(-2.816297610901,-7.920940546887));
#2770 = CARTESIAN_POINT('',(-2.978341738697,-7.946727632292));
#2771 = CARTESIAN_POINT('',(-3.140092073343,-7.972468480669));
#2772 = CARTESIAN_POINT('',(-3.301653651901,-7.998184808256));
#2773 = CARTESIAN_POINT('',(-3.463400439477,-8.02393361124));
#2774 = CARTESIAN_POINT('',(-3.625441946019,-8.04972453378));
#2775 = CARTESIAN_POINT('',(-3.923492354784,-8.097156366099));
#2776 = CARTESIAN_POINT('',(-4.060078551049,-8.118890171087));
#2777 = CARTESIAN_POINT('',(-4.196533865668,-8.140599740259));
#2778 = CARTESIAN_POINT('',(-4.332904714821,-8.162296137807));
#2779 = CARTESIAN_POINT('',(-4.469356219569,-8.184010201097));
#2780 = CARTESIAN_POINT('',(-4.605936002033,-8.20575144542));
#2781 = CARTESIAN_POINT('',(-4.961861854333,-8.262417950689));
#2782 = CARTESIAN_POINT('',(-5.183346854434,-8.297676344166));
#2783 = CARTESIAN_POINT('',(-5.402801144509,-8.33265104531));
#2784 = CARTESIAN_POINT('',(-5.622708479831,-8.367557846171));
#2785 = CARTESIAN_POINT('',(-5.84216611488,-8.402494215762));
#2786 = CARTESIAN_POINT('',(-6.063680513165,-8.437774538299));
#2787 = CARTESIAN_POINT('',(-6.28318530718,-8.472709165136));
#2788 = ( GEOMETRIC_REPRESENTATION_CONTEXT(2) 
PARAMETRIC_REPRESENTATION_CONTEXT() REPRESENTATION_CONTEXT('2D SPACE',''
  ) );
#2789 = ORIENTED_EDGE('',*,*,#265,.T.);
#2790 = ADVANCED_FACE('',(#2791),#598,.T.);
#2791 = FACE_BOUND('',#2792,.T.);
#2792 = EDGE_LOOP('',(#2793,#2816,#2835));
#2793 = ORIENTED_EDGE('',*,*,#2794,.F.);
#2794 = EDGE_CURVE('',#2795,#556,#2797,.T.);
#2795 = VERTEX_POINT('',#2796);
#2796 = CARTESIAN_POINT('',(3.,6.432119325468E-14,7.527292804174));
#2797 = SURFACE_CURVE('',#2798,(#2802,#2809),.PCURVE_S1.);
#2798 = LINE('',#2799,#2800);
#2799 = CARTESIAN_POINT('',(3.,0.,0.));
#2800 = VECTOR('',#2801,1.);
#2801 = DIRECTION('',(0.,0.,1.));
#2802 = PCURVE('',#598,#2803);
#2803 = DEFINITIONAL_REPRESENTATION('',(#2804),#2808);
#2804 = LINE('',#2805,#2806);
#2805 = CARTESIAN_POINT('',(0.259654164308,7.999999009113));
#2806 = VECTOR('',#2807,1.);
#2807 = DIRECTION('',(0.,-1.));
#2808 = ( GEOMETRIC_REPRESENTATION_CONTEXT(2) 
PARAMETRIC_REPRESENTATION_CONTEXT() REPRESENTATION_CONTEXT('2D SPACE',''
  ) );
#2809 = PCURVE('',#572,#2810);
#2810 = DEFINITIONAL_REPRESENTATION('',(#2811),#2815);
#2811 = LINE('',#2812,#2813);
#2812 = CARTESIAN_POINT('',(-0.,0.));
#2813 = VECTOR('',#2814,1.);
#2814 = DIRECTION('',(-0.,-1.));
#2815 = ( GEOMETRIC_REPRESENTATION_CONTEXT(2) 
PARAMETRIC_REPRESENTATION_CONTEXT() REPRESENTATION_CONTEXT('2D SPACE',''
  ) );
#2816 = ORIENTED_EDGE('',*,*,#2817,.T.);
#2817 = EDGE_CURVE('',#2795,#268,#2818,.T.);
#2818 = SURFACE_CURVE('',#2819,(#2822,#2828),.PCURVE_S1.);
#2819 = B_SPLINE_CURVE_WITH_KNOTS('',1,(#2820,#2821),.UNSPECIFIED.,.F.,
  .F.,(2,2),(0.,1.043600757176),.PIECEWISE_BEZIER_KNOTS.);
#2820 = CARTESIAN_POINT('',(3.050001908089,-1.012297775013E-08,
    7.500000190813));
#2821 = CARTESIAN_POINT('',(2.133974596222,1.753307837353E-07,
    7.999996695093));
#2822 = PCURVE('',#598,#2823);
#2823 = DEFINITIONAL_REPRESENTATION('',(#2824),#2827);
#2824 = B_SPLINE_CURVE_WITH_KNOTS('',1,(#2825,#2826),.UNSPECIFIED.,.F.,
  .F.,(2,2),(0.,1.043600757176),.PIECEWISE_BEZIER_KNOTS.);
#2825 = CARTESIAN_POINT('',(0.309656072396,0.499998818301));
#2826 = CARTESIAN_POINT('',(-0.60637123947,2.314020572491E-06));
#2827 = ( GEOMETRIC_REPRESENTATION_CONTEXT(2) 
PARAMETRIC_REPRESENTATION_CONTEXT() REPRESENTATION_CONTEXT('2D SPACE',''
  ) );
#2828 = PCURVE('',#802,#2829);
#2829 = DEFINITIONAL_REPRESENTATION('',(#2830),#2834);
#2830 = LINE('',#2831,#2832);
#2831 = CARTESIAN_POINT('',(0.,50.898121052539));
#2832 = VECTOR('',#2833,1.);
#2833 = DIRECTION('',(1.,0.));
#2834 = ( GEOMETRIC_REPRESENTATION_CONTEXT(2) 
PARAMETRIC_REPRESENTATION_CONTEXT() REPRESENTATION_CONTEXT('2D SPACE',''
  ) );
#2835 = ORIENTED_EDGE('',*,*,#584,.F.);
#2836 = ADVANCED_FACE('',(#2837),#572,.F.);
#2837 = FACE_BOUND('',#2838,.T.);
#2838 = EDGE_LOOP('',(#2839,#2840,#2861,#2862));
#2839 = ORIENTED_EDGE('',*,*,#2661,.F.);
#2840 = ORIENTED_EDGE('',*,*,#2841,.T.);
#2841 = EDGE_CURVE('',#2457,#2795,#2842,.T.);
#2842 = SURFACE_CURVE('',#2843,(#2847,#2854),.PCURVE_S1.);
#2843 = LINE('',#2844,#2845);
#2844 = CARTESIAN_POINT('',(3.,0.,0.));
#2845 = VECTOR('',#2846,1.);
#2846 = DIRECTION('',(0.,0.,1.));
#2847 = PCURVE('',#572,#2848);
#2848 = DEFINITIONAL_REPRESENTATION('',(#2849),#2853);
#2849 = LINE('',#2850,#2851);
#2850 = CARTESIAN_POINT('',(-0.,0.));
#2851 = VECTOR('',#2852,1.);
#2852 = DIRECTION('',(-0.,-1.));
#2853 = ( GEOMETRIC_REPRESENTATION_CONTEXT(2) 
PARAMETRIC_REPRESENTATION_CONTEXT() REPRESENTATION_CONTEXT('2D SPACE',''
  ) );
#2854 = PCURVE('',#2590,#2855);
#2855 = DEFINITIONAL_REPRESENTATION('',(#2856),#2860);
#2856 = LINE('',#2857,#2858);
#2857 = CARTESIAN_POINT('',(-6.28318530718,0.));
#2858 = VECTOR('',#2859,1.);
#2859 = DIRECTION('',(-0.,-1.));
#2860 = ( GEOMETRIC_REPRESENTATION_CONTEXT(2) 
PARAMETRIC_REPRESENTATION_CONTEXT() REPRESENTATION_CONTEXT('2D SPACE',''
  ) );
#2861 = ORIENTED_EDGE('',*,*,#2794,.T.);
#2862 = ORIENTED_EDGE('',*,*,#555,.T.);
#2863 = ADVANCED_FACE('',(#2864),#706,.F.);
#2864 = FACE_BOUND('',#2865,.T.);
#2865 = EDGE_LOOP('',(#2866,#2887,#2888,#3013));
#2866 = ORIENTED_EDGE('',*,*,#2867,.F.);
#2867 = EDGE_CURVE('',#690,#1140,#2868,.T.);
#2868 = SURFACE_CURVE('',#2869,(#2873,#2880),.PCURVE_S1.);
#2869 = LINE('',#2870,#2871);
#2870 = CARTESIAN_POINT('',(3.,0.,0.));
#2871 = VECTOR('',#2872,1.);
#2872 = DIRECTION('',(0.,0.,1.));
#2873 = PCURVE('',#706,#2874);
#2874 = DEFINITIONAL_REPRESENTATION('',(#2875),#2879);
#2875 = LINE('',#2876,#2877);
#2876 = CARTESIAN_POINT('',(-6.28318530718,0.));
#2877 = VECTOR('',#2878,1.);
#2878 = DIRECTION('',(-0.,-1.));
#2879 = ( GEOMETRIC_REPRESENTATION_CONTEXT(2) 
PARAMETRIC_REPRESENTATION_CONTEXT() REPRESENTATION_CONTEXT('2D SPACE',''
  ) );
#2880 = PCURVE('',#1020,#2881);
#2881 = DEFINITIONAL_REPRESENTATION('',(#2882),#2886);
#2882 = LINE('',#2883,#2884);
#2883 = CARTESIAN_POINT('',(2.15772702779E-16,0.25965416431));
#2884 = VECTOR('',#2885,1.);
#2885 = DIRECTION('',(1.,-5.958152459669E-30));
#2886 = ( GEOMETRIC_REPRESENTATION_CONTEXT(2) 
PARAMETRIC_REPRESENTATION_CONTEXT() REPRESENTATION_CONTEXT('2D SPACE',''
  ) );
#2887 = ORIENTED_EDGE('',*,*,#687,.F.);
#2888 = ORIENTED_EDGE('',*,*,#2889,.T.);
#2889 = EDGE_CURVE('',#688,#2890,#2892,.T.);
#2890 = VERTEX_POINT('',#2891);
#2891 = CARTESIAN_POINT('',(3.,0.,0.527292804174));
#2892 = SURFACE_CURVE('',#2893,(#2931,#2972),.PCURVE_S1.);
#2893 = B_SPLINE_CURVE_WITH_KNOTS('',8,(#2894,#2895,#2896,#2897,#2898,
    #2899,#2900,#2901,#2902,#2903,#2904,#2905,#2906,#2907,#2908,#2909,
    #2910,#2911,#2912,#2913,#2914,#2915,#2916,#2917,#2918,#2919,#2920,
    #2921,#2922,#2923,#2924,#2925,#2926,#2927,#2928,#2929,#2930),
  .UNSPECIFIED.,.F.,.F.,(9,7,7,7,7,9),(0.,0.126219386377,0.261100648934,
    0.617603061797,0.827430466534,1.),.UNSPECIFIED.);
#2894 = CARTESIAN_POINT('',(-2.956007599532,0.511877984984,
    -6.000000000086E-07));
#2895 = CARTESIAN_POINT('',(-2.982752497072,0.357430748141,
    8.315746138888E-03));
#2896 = CARTESIAN_POINT('',(-3.000276666447,0.201372633411,
    1.66327362068E-02));
#2897 = CARTESIAN_POINT('',(-3.008465516141,4.43609196872E-02,
    2.494948439606E-02));
#2898 = CARTESIAN_POINT('',(-3.007261224473,-0.112948588543,
    3.326573043883E-02));
#2899 = CARTESIAN_POINT('',(-2.996661665171,-0.269902804792,
    4.158159623297E-02));
#2900 = CARTESIAN_POINT('',(-2.976719332943,-0.425852604168,
    4.989734246786E-02));
#2901 = CARTESIAN_POINT('',(-2.947540269051,-0.58015406697,
    5.821312525021E-02));
#2902 = CARTESIAN_POINT('',(-2.868400277269,-0.89461753721,
    7.541504480917E-02));
#2903 = CARTESIAN_POINT('',(-2.817147643265,-1.054465877445,
    8.430176901962E-02));
#2904 = CARTESIAN_POINT('',(-2.755723554409,-1.210929786149,
    9.31882813886E-02));
#2905 = CARTESIAN_POINT('',(-2.684391839608,-1.363253477372,
    0.10207462918));
#2906 = CARTESIAN_POINT('',(-2.603480772103,-1.510711968006,
    0.110961199136));
#2907 = CARTESIAN_POINT('',(-2.513382154438,-1.652612709728,
    0.119848365718));
#2908 = CARTESIAN_POINT('',(-2.414550403421,-1.788297220947,
    0.128736139345));
#2909 = CARTESIAN_POINT('',(-2.024562822989,-2.257692102566,
    0.161114680815));
#2910 = CARTESIAN_POINT('',(-1.683403011365,-2.551457159198,
    0.184672864203));
#2911 = CARTESIAN_POINT('',(-1.294173700968,-2.785116072601,
    0.208192369362));
#2912 = CARTESIAN_POINT('',(-0.869630555717,-2.950503887714,
    0.231693777806));
#2913 = CARTESIAN_POINT('',(-0.423254808105,-3.041808871731,
    0.255187713544));
#2914 = CARTESIAN_POINT('',(3.047295349605E-02,-3.056604425155,
    0.278690232309));
#2915 = CARTESIAN_POINT('',(0.47641421958,-2.994839198146,0.302231667754
    ));
#2916 = CARTESIAN_POINT('',(1.147452488257,-2.784108791386,
    0.339532577522));
#2917 = CARTESIAN_POINT('',(1.388402280881,-2.681325800674,0.35335812195
    ));
#2918 = CARTESIAN_POINT('',(1.618691864553,-2.554746158417,
    0.367183437306));
#2919 = CARTESIAN_POINT('',(1.835596104745,-2.405701589201,
    0.381009798921));
#2920 = CARTESIAN_POINT('',(2.036627060597,-2.235853659398,
    0.394839494257));
#2921 = CARTESIAN_POINT('',(2.219524968437,-2.047163309208,
    0.408673409078));
#2922 = CARTESIAN_POINT('',(2.38228522015,-1.841907768564,0.422509453178
    ));
#2923 = CARTESIAN_POINT('',(2.639167997671,-1.442471720979,
    0.447713230551));
#2924 = CARTESIAN_POINT('',(2.740386917118,-1.252733469855,
    0.459086877563));
#2925 = CARTESIAN_POINT('',(2.825971945144,-1.054947354565,
    0.470457605231));
#2926 = CARTESIAN_POINT('',(2.895194740734,-0.850618650266,
    0.481824545774));
#2927 = CARTESIAN_POINT('',(2.947500670341,-0.641313817693,
    0.493189149075));
#2928 = CARTESIAN_POINT('',(2.98250371248,-0.428652863548,0.504554444422
    ));
#2929 = CARTESIAN_POINT('',(3.,-0.214306770956,0.515922889152));
#2930 = CARTESIAN_POINT('',(3.,-1.33226762955E-15,0.527292804174));
#2931 = PCURVE('',#706,#2932);
#2932 = DEFINITIONAL_REPRESENTATION('',(#2933),#2971);
#2933 = B_SPLINE_CURVE_WITH_KNOTS('',8,(#2934,#2935,#2936,#2937,#2938,
    #2939,#2940,#2941,#2942,#2943,#2944,#2945,#2946,#2947,#2948,#2949,
    #2950,#2951,#2952,#2953,#2954,#2955,#2956,#2957,#2958,#2959,#2960,
    #2961,#2962,#2963,#2964,#2965,#2966,#2967,#2968,#2969,#2970),
  .UNSPECIFIED.,.F.,.F.,(9,7,7,7,7,9),(0.,0.126219386377,0.261100648934,
    0.617603061797,0.827430466534,1.),.UNSPECIFIED.);
#2934 = CARTESIAN_POINT('',(-2.970127708077,6.000000000173E-07));
#2935 = CARTESIAN_POINT('',(-3.022376300309,-8.315746138891E-03));
#2936 = CARTESIAN_POINT('',(-3.074629536521,-1.66327362068E-02));
#2937 = CARTESIAN_POINT('',(-3.126882429228,-2.494948439606E-02));
#2938 = CARTESIAN_POINT('',(-3.179133654886,-3.326573043883E-02));
#2939 = CARTESIAN_POINT('',(-3.231384049053,-4.158159623298E-02));
#2940 = CARTESIAN_POINT('',(-3.283635101551,-4.989734246786E-02));
#2941 = CARTESIAN_POINT('',(-3.335887451629,-5.821312525021E-02));
#2942 = CARTESIAN_POINT('',(-3.443977132714,-7.541504480917E-02));
#2943 = CARTESIAN_POINT('',(-3.499818242152,-8.430176901962E-02));
#2944 = CARTESIAN_POINT('',(-3.555658056412,-9.31882813886E-02));
#2945 = CARTESIAN_POINT('',(-3.611496106913,-0.10207462918));
#2946 = CARTESIAN_POINT('',(-3.667334043632,-0.110961199136));
#2947 = CARTESIAN_POINT('',(-3.723173567228,-0.119848365718));
#2948 = CARTESIAN_POINT('',(-3.779014361152,-0.128736139345));
#2949 = CARTESIAN_POINT('',(-3.982435617493,-0.161114680815));
#2950 = CARTESIAN_POINT('',(-4.13042440632,-0.184672864203));
#2951 = CARTESIAN_POINT('',(-4.278153179136,-0.208192369362));
#2952 = CARTESIAN_POINT('',(-4.425765157097,-0.231693777806));
#2953 = CARTESIAN_POINT('',(-4.573376092165,-0.255187713544));
#2954 = CARTESIAN_POINT('',(-4.72110259896,-0.278690232309));
#2955 = CARTESIAN_POINT('',(-4.869087768969,-0.302231667754));
#2956 = CARTESIAN_POINT('',(-5.103537399277,-0.339532577522));
#2957 = CARTESIAN_POINT('',(-5.190429345621,-0.35335812195));
#2958 = CARTESIAN_POINT('',(-5.277306407434,-0.367183437306));
#2959 = CARTESIAN_POINT('',(-5.364170340291,-0.381009798921));
#2960 = CARTESIAN_POINT('',(-5.451034282019,-0.394839494257));
#2961 = CARTESIAN_POINT('',(-5.537911335806,-0.408673409078));
#2962 = CARTESIAN_POINT('',(-5.624803042223,-0.422509453178));
#2963 = CARTESIAN_POINT('',(-5.783105817343,-0.447713230551));
#2964 = CARTESIAN_POINT('',(-5.854550757404,-0.459086877563));
#2965 = CARTESIAN_POINT('',(-5.925989478485,-0.470457605231));
#2966 = CARTESIAN_POINT('',(-5.997422964166,-0.481824545774));
#2967 = CARTESIAN_POINT('',(-6.068858212768,-0.493189149075));
#2968 = CARTESIAN_POINT('',(-6.140301236934,-0.504554444422));
#2969 = CARTESIAN_POINT('',(-6.211749716861,-0.515922889152));
#2970 = CARTESIAN_POINT('',(-6.28318530718,-0.527292804174));
#2971 = ( GEOMETRIC_REPRESENTATION_CONTEXT(2) 
PARAMETRIC_REPRESENTATION_CONTEXT() REPRESENTATION_CONTEXT('2D SPACE',''
  ) );
#2972 = PCURVE('',#802,#2973);
#2973 = DEFINITIONAL_REPRESENTATION('',(#2974),#3012);
#2974 = B_SPLINE_CURVE_WITH_KNOTS('',8,(#2975,#2976,#2977,#2978,#2979,
    #2980,#2981,#2982,#2983,#2984,#2985,#2986,#2987,#2988,#2989,#2990,
    #2991,#2992,#2993,#2994,#2995,#2996,#2997,#2998,#2999,#3000,#3001,
    #3002,#3003,#3004,#3005,#3006,#3007,#3008,#3009,#3010,#3011),
  .UNSPECIFIED.,.F.,.F.,(9,7,7,7,7,9),(0.,0.126219386377,0.261100648934,
    0.617603061797,0.827430466534,1.),.UNSPECIFIED.);
#2975 = CARTESIAN_POINT('',(5.695891856123E-02,3.007505004335));
#2976 = CARTESIAN_POINT('',(5.696002868458E-02,3.060412419497));
#2977 = CARTESIAN_POINT('',(5.696091223715E-02,3.113324622144));
#2978 = CARTESIAN_POINT('',(5.696134318056E-02,3.166236665546));
#2979 = CARTESIAN_POINT('',(5.696123848439E-02,3.219147146906));
#2980 = CARTESIAN_POINT('',(5.696062421702E-02,3.272056762305));
#2981 = CARTESIAN_POINT('',(5.695960163656E-02,3.324966861663));
#2982 = CARTESIAN_POINT('',(5.695831328164E-02,3.377878003683));
#2983 = CARTESIAN_POINT('',(5.695540847774E-02,3.487330031153));
#2984 = CARTESIAN_POINT('',(5.695378895019E-02,3.543874663397));
#2985 = CARTESIAN_POINT('',(5.695227397139E-02,3.600417629162));
#2986 = CARTESIAN_POINT('',(5.695112496983E-02,3.656958432265));
#2987 = CARTESIAN_POINT('',(5.695059580732E-02,3.713498759436));
#2988 = CARTESIAN_POINT('',(5.695088727555E-02,3.770040381039));
#2989 = CARTESIAN_POINT('',(5.69521015926E-02,3.826583051792));
#2990 = CARTESIAN_POINT('',(5.695973497038E-02,4.032560649026));
#2991 = CARTESIAN_POINT('',(5.697150613944E-02,4.182408176696));
#2992 = CARTESIAN_POINT('',(5.698869607165E-02,4.33199310568));
#2993 = CARTESIAN_POINT('',(5.700597787529E-02,4.481462618299));
#2994 = CARTESIAN_POINT('',(5.700678133048E-02,4.63093481729));
#2995 = CARTESIAN_POINT('',(5.698764273964E-02,4.780522411703));
#2996 = CARTESIAN_POINT('',(5.696461604516E-02,4.930369455957));
#2997 = CARTESIAN_POINT('',(5.69384962803E-02,5.167767352199));
#2998 = CARTESIAN_POINT('',(5.693110397953E-02,5.255751664734));
#2999 = CARTESIAN_POINT('',(5.692817230272E-02,5.343720922883));
#3000 = CARTESIAN_POINT('',(5.693159967782E-02,5.431677453878));
#3001 = CARTESIAN_POINT('',(5.694149476035E-02,5.519635479996));
#3002 = CARTESIAN_POINT('',(5.695519419188E-02,5.607608755157));
#3003 = CARTESIAN_POINT('',(5.696804187004E-02,5.695598173595));
#3004 = CARTESIAN_POINT('',(5.698466041085E-02,5.855900630586));
#3005 = CARTESIAN_POINT('',(5.698950918797E-02,5.928248008233));
#3006 = CARTESIAN_POINT('',(5.699060998674E-02,6.000588236792));
#3007 = CARTESIAN_POINT('',(5.698615160652E-02,6.072921316349));
#3008 = CARTESIAN_POINT('',(5.69772153762E-02,6.145253175375));
#3009 = CARTESIAN_POINT('',(5.696824258132E-02,6.217589548836));
#3010 = CARTESIAN_POINT('',(5.696436266608E-02,6.289930435093));
#3011 = CARTESIAN_POINT('',(5.696558221006E-02,6.362265131567));
#3012 = ( GEOMETRIC_REPRESENTATION_CONTEXT(2) 
PARAMETRIC_REPRESENTATION_CONTEXT() REPRESENTATION_CONTEXT('2D SPACE',''
  ) );
#3013 = ORIENTED_EDGE('',*,*,#3014,.F.);
#3014 = EDGE_CURVE('',#1140,#2890,#3015,.T.);
#3015 = SURFACE_CURVE('',#3016,(#3020,#3027),.PCURVE_S1.);
#3016 = LINE('',#3017,#3018);
#3017 = CARTESIAN_POINT('',(3.,0.,0.));
#3018 = VECTOR('',#3019,1.);
#3019 = DIRECTION('',(0.,0.,1.));
#3020 = PCURVE('',#706,#3021);
#3021 = DEFINITIONAL_REPRESENTATION('',(#3022),#3026);
#3022 = LINE('',#3023,#3024);
#3023 = CARTESIAN_POINT('',(-6.28318530718,0.));
#3024 = VECTOR('',#3025,1.);
#3025 = DIRECTION('',(-0.,-1.));
#3026 = ( GEOMETRIC_REPRESENTATION_CONTEXT(2) 
PARAMETRIC_REPRESENTATION_CONTEXT() REPRESENTATION_CONTEXT('2D SPACE',''
  ) );
#3027 = PCURVE('',#1300,#3028);
#3028 = DEFINITIONAL_REPRESENTATION('',(#3029),#3033);
#3029 = LINE('',#3030,#3031);
#3030 = CARTESIAN_POINT('',(-0.,0.));
#3031 = VECTOR('',#3032,1.);
#3032 = DIRECTION('',(-0.,-1.));
#3033 = ( GEOMETRIC_REPRESENTATION_CONTEXT(2) 
PARAMETRIC_REPRESENTATION_CONTEXT() REPRESENTATION_CONTEXT('2D SPACE',''
  ) );
#3034 = ADVANCED_FACE('',(#3035),#1020,.F.);
#3035 = FACE_BOUND('',#3036,.F.);
#3036 = EDGE_LOOP('',(#3037,#3038,#3039));
#3037 = ORIENTED_EDGE('',*,*,#1006,.T.);
#3038 = ORIENTED_EDGE('',*,*,#1139,.T.);
#3039 = ORIENTED_EDGE('',*,*,#2867,.F.);
#3040 = ADVANCED_FACE('',(#3041),#802,.T.);
#3041 = FACE_BOUND('',#3042,.T.);
#3042 = EDGE_LOOP('',(#3043,#3044,#3045,#3046,#3234,#3422,#3631,#3840,
    #4049,#4237,#4423));
#3043 = ORIENTED_EDGE('',*,*,#718,.F.);
#3044 = ORIENTED_EDGE('',*,*,#1041,.T.);
#3045 = ORIENTED_EDGE('',*,*,#2817,.F.);
#3046 = ORIENTED_EDGE('',*,*,#3047,.F.);
#3047 = EDGE_CURVE('',#3048,#2795,#3050,.T.);
#3048 = VERTEX_POINT('',#3049);
#3049 = CARTESIAN_POINT('',(3.,0.,6.527291819525));
#3050 = SURFACE_CURVE('',#3051,(#3110,#3172),.PCURVE_S1.);
#3051 = B_SPLINE_CURVE_WITH_KNOTS('',8,(#3052,#3053,#3054,#3055,#3056,
    #3057,#3058,#3059,#3060,#3061,#3062,#3063,#3064,#3065,#3066,#3067,
    #3068,#3069,#3070,#3071,#3072,#3073,#3074,#3075,#3076,#3077,#3078,
    #3079,#3080,#3081,#3082,#3083,#3084,#3085,#3086,#3087,#3088,#3089,
    #3090,#3091,#3092,#3093,#3094,#3095,#3096,#3097,#3098,#3099,#3100,
    #3101,#3102,#3103,#3104,#3105,#3106,#3107,#3108,#3109),
  .UNSPECIFIED.,.F.,.F.,(9,7,7,7,7,7,7,7,9),(0.,4.582880576084E-02,
    0.193202617803,0.357849691751,0.46612699494,0.580164458975,
    0.735426362862,0.876079195801,1.),.UNSPECIFIED.);
#3052 = CARTESIAN_POINT('',(3.,2.6645352591E-15,6.527291819525));
#3053 = CARTESIAN_POINT('',(3.,0.107939334024,6.533018306469));
#3054 = CARTESIAN_POINT('',(2.995561374214,0.215882575614,6.538745412339
    ));
#3055 = CARTESIAN_POINT('',(2.986684049114,0.323613777301,6.544472981778
    ));
#3056 = CARTESIAN_POINT('',(2.973380175684,0.4309190005,6.550200860342)
  );
#3057 = CARTESIAN_POINT('',(2.955674129427,0.537586315509,6.555928894496
    ));
#3058 = CARTESIAN_POINT('',(2.93360251036,0.643405801509,6.561656931616)
  );
#3059 = CARTESIAN_POINT('',(2.907214143012,0.748169546566,6.567384819991
    ));
#3060 = CARTESIAN_POINT('',(2.778026533057,1.184508144991,6.591530881335
    ));
#3061 = CARTESIAN_POINT('',(2.635369067883,1.504654715588,6.609965519475
    ));
#3062 = CARTESIAN_POINT('',(2.450611080573,1.804736386475,6.628382761876
    ));
#3063 = CARTESIAN_POINT('',(2.22724582454,2.078430273297,6.646786943603)
  );
#3064 = CARTESIAN_POINT('',(1.969627068836,2.320158583385,6.665195003763
    ));
#3065 = CARTESIAN_POINT('',(1.683018810722,2.525193066424,6.683615596579
    ));
#3066 = CARTESIAN_POINT('',(1.373488420129,2.689613437832,6.702051809989
    ));
#3067 = CARTESIAN_POINT('',(0.68489172115,2.946407005616,6.741051331088)
  );
#3068 = CARTESIAN_POINT('',(0.300887089496,3.028464650871,6.761669470538
    ));
#3069 = CARTESIAN_POINT('',(-9.362874603753E-02,3.052931416445,
    6.782267640009));
#3070 = CARTESIAN_POINT('',(-0.488583136906,3.018778868333,
    6.802849326452));
#3071 = CARTESIAN_POINT('',(-0.87413469277,2.926602754828,6.823423331545
    ));
#3072 = CARTESIAN_POINT('',(-1.240756906709,2.778952416864,
    6.844004665968));
#3073 = CARTESIAN_POINT('',(-1.579245044972,2.579998481838,
    6.864604827122));
#3074 = CARTESIAN_POINT('',(-2.079994989032,2.176848414214,
    6.898701440622));
#3075 = CARTESIAN_POINT('',(-2.2631805955,1.99755329985,6.912233255784)
  );
#3076 = CARTESIAN_POINT('',(-2.428589501582,1.800724049976,
    6.925764241511));
#3077 = CARTESIAN_POINT('',(-2.574292927774,1.588446316594,
    6.939294118744));
#3078 = CARTESIAN_POINT('',(-2.698672989381,1.363014983309,
    6.952825004736));
#3079 = CARTESIAN_POINT('',(-2.80040761945,1.126905106392,6.966358771639
    ));
#3080 = CARTESIAN_POINT('',(-2.878500494244,0.882770987012,
    6.979894581578));
#3081 = CARTESIAN_POINT('',(-2.989076443819,0.370913570581,
    7.007678494125));
#3082 = CARTESIAN_POINT('',(-3.018947834664,0.102461569635,
    7.021934997862));
#3083 = CARTESIAN_POINT('',(-3.021217402637,-0.168541591145,
    7.036188079886));
#3084 = CARTESIAN_POINT('',(-2.995695212986,-0.438779965146,
    7.050437949416));
#3085 = CARTESIAN_POINT('',(-2.942644867124,-0.704989649585,
    7.064687204608));
#3086 = CARTESIAN_POINT('',(-2.862747478626,-0.963965846704,
    7.078938748882));
#3087 = CARTESIAN_POINT('',(-2.75713644504,-1.212580381099,
    7.093193435758));
#3088 = CARTESIAN_POINT('',(-2.451001455676,-1.768145808664,7.1268447241
    ));
#3089 = CARTESIAN_POINT('',(-2.22965091955,-2.06427199256,7.146272138228
    ));
#3090 = CARTESIAN_POINT('',(-1.967610323614,-2.328198358529,
    7.165687202423));
#3091 = CARTESIAN_POINT('',(-1.67056881929,-2.553660905941,
    7.185095897461));
#3092 = CARTESIAN_POINT('',(-1.344991499846,-2.735508716053,
    7.204505842296));
#3093 = CARTESIAN_POINT('',(-0.998186830166,-2.869876672957,
    7.223922546168));
#3094 = CARTESIAN_POINT('',(-0.638183305191,-2.954058859426,
    7.243349659759));
#3095 = CARTESIAN_POINT('',(5.590705370297E-02,-3.017719640313,
    7.280320856443));
#3096 = CARTESIAN_POINT('',(0.389925941643,-3.006367333924,7.29790631781
    ));
#3097 = CARTESIAN_POINT('',(0.721488455745,-2.95267435901,7.315481192359
    ));
#3098 = CARTESIAN_POINT('',(1.044356764774,-2.857344414158,
    7.333049417318));
#3099 = CARTESIAN_POINT('',(1.3525941341,-2.722003096187,7.350620173217)
  );
#3100 = CARTESIAN_POINT('',(1.640621121572,-2.549240994398,
    7.368202568506));
#3101 = CARTESIAN_POINT('',(1.903227287309,-2.342538181976,
    7.385798023914));
#3102 = CARTESIAN_POINT('',(2.340843381741,-1.898855151116,
    7.418872373705));
#3103 = CARTESIAN_POINT('',(2.522814181527,-1.668140865018,
    7.434373519468));
#3104 = CARTESIAN_POINT('',(2.678622101242,-1.417650964809,
    7.449869552096));
#3105 = CARTESIAN_POINT('',(2.805827637968,-1.150901995417,
    7.465358816695));
#3106 = CARTESIAN_POINT('',(2.902574412367,-0.871664730015,
    7.480840489451));
#3107 = CARTESIAN_POINT('',(2.967540964141,-0.583926376745,
    7.496319400312));
#3108 = CARTESIAN_POINT('',(3.,-0.291896176249,7.511806430578));
#3109 = CARTESIAN_POINT('',(3.,2.295941214925E-13,7.527292804174));
#3110 = PCURVE('',#802,#3111);
#3111 = DEFINITIONAL_REPRESENTATION('',(#3112),#3171);
#3112 = B_SPLINE_CURVE_WITH_KNOTS('',8,(#3113,#3114,#3115,#3116,#3117,
    #3118,#3119,#3120,#3121,#3122,#3123,#3124,#3125,#3126,#3127,#3128,
    #3129,#3130,#3131,#3132,#3133,#3134,#3135,#3136,#3137,#3138,#3139,
    #3140,#3141,#3142,#3143,#3144,#3145,#3146,#3147,#3148,#3149,#3150,
    #3151,#3152,#3153,#3154,#3155,#3156,#3157,#3158,#3159,#3160,#3161,
    #3162,#3163,#3164,#3165,#3166,#3167,#3168,#3169,#3170),
  .UNSPECIFIED.,.F.,.F.,(9,7,7,7,7,7,7,7,9),(0.,4.582880576084E-02,
    0.193202617803,0.357849691751,0.46612699494,0.580164458975,
    0.735426362862,0.876079195801,1.),.UNSPECIFIED.);
#3113 = CARTESIAN_POINT('',(5.696352704226E-02,44.535855920971));
#3114 = CARTESIAN_POINT('',(5.6963796589E-02,44.572288527531));
#3115 = CARTESIAN_POINT('',(5.696556156456E-02,44.608720513482));
#3116 = CARTESIAN_POINT('',(5.696835671387E-02,44.645152308608));
#3117 = CARTESIAN_POINT('',(5.697175568814E-02,44.681584229888));
#3118 = CARTESIAN_POINT('',(5.697537104492E-02,44.718016481502));
#3119 = CARTESIAN_POINT('',(5.697885424807E-02,44.754449154826));
#3120 = CARTESIAN_POINT('',(5.698189566778E-02,44.790882228434));
#3121 = CARTESIAN_POINT('',(5.699171377311E-02,44.944475944909));
#3122 = CARTESIAN_POINT('',(5.699174318756E-02,45.061761910606));
#3123 = CARTESIAN_POINT('',(5.697593455162E-02,45.178985477507));
#3124 = CARTESIAN_POINT('',(5.694889829762E-02,45.296160173952));
#3125 = CARTESIAN_POINT('',(5.693143483169E-02,45.413330365771));
#3126 = CARTESIAN_POINT('',(5.692617281666E-02,45.530543100855));
#3127 = CARTESIAN_POINT('',(5.693157034158E-02,45.647822725709));
#3128 = CARTESIAN_POINT('',(5.695498330106E-02,45.895876651083));
#3129 = CARTESIAN_POINT('',(5.697445808467E-02,46.026995357404));
#3130 = CARTESIAN_POINT('',(5.699457275454E-02,46.157985059019));
#3131 = CARTESIAN_POINT('',(5.700446567757E-02,46.288901049364));
#3132 = CARTESIAN_POINT('',(5.70000561904E-02,46.419811765536));
#3133 = CARTESIAN_POINT('',(5.698870220074E-02,46.550790281278));
#3134 = CARTESIAN_POINT('',(5.697621691771E-02,46.681892026125));
#3135 = CARTESIAN_POINT('',(5.69596164522E-02,46.898874323128));
#3136 = CARTESIAN_POINT('',(5.695407285595E-02,46.984984216991));
#3137 = CARTESIAN_POINT('',(5.695061530995E-02,47.07108247504));
#3138 = CARTESIAN_POINT('',(5.694965570948E-02,47.157166066278));
#3139 = CARTESIAN_POINT('',(5.695086436416E-02,47.243249466177));
#3140 = CARTESIAN_POINT('',(5.695331809409E-02,47.329347399934));
#3141 = CARTESIAN_POINT('',(5.695590616015E-02,47.415457922543));
#3142 = CARTESIAN_POINT('',(5.696019296752E-02,47.592213473428));
#3143 = CARTESIAN_POINT('',(5.696182153438E-02,47.682912165825));
#3144 = CARTESIAN_POINT('',(5.696208067099E-02,47.7735932627));
#3145 = CARTESIAN_POINT('',(5.696049389071E-02,47.864259547592));
#3146 = CARTESIAN_POINT('',(5.695749877634E-02,47.954926216797));
#3147 = CARTESIAN_POINT('',(5.69542413778E-02,48.04560824925));
#3148 = CARTESIAN_POINT('',(5.695196849978E-02,48.136307274738));
#3149 = CARTESIAN_POINT('',(5.695065637984E-02,48.350409692816));
#3150 = CARTESIAN_POINT('',(5.695308708903E-02,48.474004642997));
#3151 = CARTESIAN_POINT('',(5.696059665276E-02,48.597505538196));
#3152 = CARTESIAN_POINT('',(5.697352543449E-02,48.720949392201));
#3153 = CARTESIAN_POINT('',(5.698825426074E-02,48.844395710706));
#3154 = CARTESIAN_POINT('',(5.699720637014E-02,48.96790264069));
#3155 = CARTESIAN_POINT('',(5.699753497403E-02,49.091502086439));
#3156 = CARTESIAN_POINT('',(5.698448904775E-02,49.326762408828));
#3157 = CARTESIAN_POINT('',(5.697238655561E-02,49.438682667569));
#3158 = CARTESIAN_POINT('',(5.695546018719E-02,49.550550274386));
#3159 = CARTESIAN_POINT('',(5.693762470412E-02,49.662378345906));
#3160 = CARTESIAN_POINT('',(5.692608709281E-02,49.774203322452));
#3161 = CARTESIAN_POINT('',(5.692696900556E-02,49.886064494639));
#3162 = CARTESIAN_POINT('',(5.69372594202E-02,49.997980079699));
#3163 = CARTESIAN_POINT('',(5.696305005273E-02,50.208329246782));
#3164 = CARTESIAN_POINT('',(5.697790309598E-02,50.306906370679));
#3165 = CARTESIAN_POINT('',(5.699076356712E-02,50.405457037353));
#3166 = CARTESIAN_POINT('',(5.699728617532E-02,50.503983962699));
#3167 = CARTESIAN_POINT('',(5.698951861203E-02,50.602506146555));
#3168 = CARTESIAN_POINT('',(5.697156071736E-02,50.701041821489));
#3169 = CARTESIAN_POINT('',(5.696392113234E-02,50.799597701099));
#3170 = CARTESIAN_POINT('',(5.696558221087E-02,50.898121052539));
#3171 = ( GEOMETRIC_REPRESENTATION_CONTEXT(2) 
PARAMETRIC_REPRESENTATION_CONTEXT() REPRESENTATION_CONTEXT('2D SPACE',''
  ) );
#3172 = PCURVE('',#2590,#3173);
#3173 = DEFINITIONAL_REPRESENTATION('',(#3174),#3233);
#3174 = B_SPLINE_CURVE_WITH_KNOTS('',8,(#3175,#3176,#3177,#3178,#3179,
    #3180,#3181,#3182,#3183,#3184,#3185,#3186,#3187,#3188,#3189,#3190,
    #3191,#3192,#3193,#3194,#3195,#3196,#3197,#3198,#3199,#3200,#3201,
    #3202,#3203,#3204,#3205,#3206,#3207,#3208,#3209,#3210,#3211,#3212,
    #3213,#3214,#3215,#3216,#3217,#3218,#3219,#3220,#3221,#3222,#3223,
    #3224,#3225,#3226,#3227,#3228,#3229,#3230,#3231,#3232),
  .UNSPECIFIED.,.F.,.F.,(9,7,7,7,7,7,7,7,9),(0.,4.582880576084E-02,
    0.193202617803,0.357849691751,0.46612699494,0.580164458975,
    0.735426362862,0.876079195801,1.),.UNSPECIFIED.);
#3175 = CARTESIAN_POINT('',(0.,-6.527291819525));
#3176 = CARTESIAN_POINT('',(-3.597977800816E-02,-6.533018306469));
#3177 = CARTESIAN_POINT('',(-7.196056208319E-02,-6.538745412339));
#3178 = CARTESIAN_POINT('',(-0.107941942131,-6.544472981778));
#3179 = CARTESIAN_POINT('',(-0.14392359013,-6.550200860342));
#3180 = CARTESIAN_POINT('',(-0.179905260131,-6.555928894496));
#3181 = CARTESIAN_POINT('',(-0.21588678826,-6.561656931616));
#3182 = CARTESIAN_POINT('',(-0.251868092714,-6.567384819991));
#3183 = CARTESIAN_POINT('',(-0.403555201608,-6.591530881335));
#3184 = CARTESIAN_POINT('',(-0.519379571368,-6.609965519475));
#3185 = CARTESIAN_POINT('',(-0.635136835587,-6.628382761876));
#3186 = CARTESIAN_POINT('',(-0.750849236208,-6.646786943603));
#3187 = CARTESIAN_POINT('',(-0.866561561127,-6.665195003763));
#3188 = CARTESIAN_POINT('',(-0.982318308024,-6.683615596579));
#3189 = CARTESIAN_POINT('',(-1.098141813453,-6.702051809989));
#3190 = CARTESIAN_POINT('',(-1.343115360846,-6.741051331088));
#3191 = CARTESIAN_POINT('',(-1.472605463073,-6.761669470538));
#3192 = CARTESIAN_POINT('',(-1.601966492078,-6.78226764001));
#3193 = CARTESIAN_POINT('',(-1.731252855844,-6.802849326451));
#3194 = CARTESIAN_POINT('',(-1.860534925218,-6.823423331546));
#3195 = CARTESIAN_POINT('',(-1.989885994005,-6.844004665968));
#3196 = CARTESIAN_POINT('',(-2.119360295059,-6.864604827122));
#3197 = CARTESIAN_POINT('',(-2.333649944184,-6.898701440622));
#3198 = CARTESIAN_POINT('',(-2.418691482024,-6.912233255784));
#3199 = CARTESIAN_POINT('',(-2.503721484307,-6.925764241511));
#3200 = CARTESIAN_POINT('',(-2.588736545766,-6.939294118744));
#3201 = CARTESIAN_POINT('',(-2.673750623926,-6.952825004736));
#3202 = CARTESIAN_POINT('',(-2.75877811919,-6.966358771639));
#3203 = CARTESIAN_POINT('',(-2.843817196047,-6.979894581578));
#3204 = CARTESIAN_POINT('',(-3.018372203417,-7.007678494125));
#3205 = CARTESIAN_POINT('',(-3.107941062566,-7.021934997862));
#3206 = CARTESIAN_POINT('',(-3.19749215842,-7.036188079886));
#3207 = CARTESIAN_POINT('',(-3.287028708424,-7.050437949416));
#3208 = CARTESIAN_POINT('',(-3.376566242158,-7.064687204607));
#3209 = CARTESIAN_POINT('',(-3.466119901272,-7.078938748882));
#3210 = CARTESIAN_POINT('',(-3.555691327097,-7.093193435758));
#3211 = CARTESIAN_POINT('',(-3.767133879321,-7.1268447241));
#3212 = CARTESIAN_POINT('',(-3.889194880206,-7.146272138228));
#3213 = CARTESIAN_POINT('',(-4.011164069027,-7.165687202423));
#3214 = CARTESIAN_POINT('',(-4.133076876846,-7.185095897461));
#3215 = CARTESIAN_POINT('',(-4.254990431449,-7.204505842296));
#3216 = CARTESIAN_POINT('',(-4.376962019243,-7.223922546168));
#3217 = CARTESIAN_POINT('',(-4.499024222034,-7.243349659759));
#3218 = CARTESIAN_POINT('',(-4.731358779978,-7.280320856443));
#3219 = CARTESIAN_POINT('',(-4.841887268003,-7.29790631781));
#3220 = CARTESIAN_POINT('',(-4.952364538556,-7.315481192358));
#3221 = CARTESIAN_POINT('',(-5.062804055503,-7.333049417318));
#3222 = CARTESIAN_POINT('',(-5.173241771426,-7.350620173217));
#3223 = CARTESIAN_POINT('',(-5.283714293784,-7.368202568506));
#3224 = CARTESIAN_POINT('',(-5.394238010611,-7.385798023914));
#3225 = CARTESIAN_POINT('',(-5.601967128556,-7.418872373705));
#3226 = CARTESIAN_POINT('',(-5.699314743112,-7.434373519468));
#3227 = CARTESIAN_POINT('',(-5.796634911062,-7.449869552096));
#3228 = CARTESIAN_POINT('',(-5.893931576059,-7.465358816695));
#3229 = CARTESIAN_POINT('',(-5.991226833016,-7.480840489451));
#3230 = CARTESIAN_POINT('',(-6.088543135509,-7.496319400312));
#3231 = CARTESIAN_POINT('',(-6.185886581763,-7.511806430578));
#3232 = CARTESIAN_POINT('',(-6.28318530718,-7.527292804174));
#3233 = ( GEOMETRIC_REPRESENTATION_CONTEXT(2) 
PARAMETRIC_REPRESENTATION_CONTEXT() REPRESENTATION_CONTEXT('2D SPACE',''
  ) );
#3234 = ORIENTED_EDGE('',*,*,#3235,.F.);
#3235 = EDGE_CURVE('',#3236,#3048,#3238,.T.);
#3236 = VERTEX_POINT('',#3237);
#3237 = CARTESIAN_POINT('',(3.,0.,5.527291819524));
#3238 = SURFACE_CURVE('',#3239,(#3298,#3360),.PCURVE_S1.);
#3239 = B_SPLINE_CURVE_WITH_KNOTS('',8,(#3240,#3241,#3242,#3243,#3244,
    #3245,#3246,#3247,#3248,#3249,#3250,#3251,#3252,#3253,#3254,#3255,
    #3256,#3257,#3258,#3259,#3260,#3261,#3262,#3263,#3264,#3265,#3266,
    #3267,#3268,#3269,#3270,#3271,#3272,#3273,#3274,#3275,#3276,#3277,
    #3278,#3279,#3280,#3281,#3282,#3283,#3284,#3285,#3286,#3287,#3288,
    #3289,#3290,#3291,#3292,#3293,#3294,#3295,#3296,#3297),
  .UNSPECIFIED.,.F.,.F.,(9,7,7,7,7,7,7,7,9),(0.,0.103057365303,
    0.194571867062,0.357931094802,0.466348565452,0.581207277841,
    0.739722360136,0.872497632477,1.),.UNSPECIFIED.);
#3240 = CARTESIAN_POINT('',(3.,4.440892098501E-15,5.527291819524));
#3241 = CARTESIAN_POINT('',(3.,0.242761750755,5.540171401089));
#3242 = CARTESIAN_POINT('',(2.977548911684,0.485587447639,5.553055303816
    ));
#3243 = CARTESIAN_POINT('',(2.932627878576,0.725958199114,5.565940648702
    ));
#3244 = CARTESIAN_POINT('',(2.865575140105,0.961450602896,5.578823880523
    ));
#3245 = CARTESIAN_POINT('',(2.777024222353,1.189728262045,5.591703871433
    ));
#3246 = CARTESIAN_POINT('',(2.667880229628,1.408546564633,5.60458216879)
  );
#3247 = CARTESIAN_POINT('',(2.53933423688,1.615770727004,5.617460387212)
  );
#3248 = CARTESIAN_POINT('',(2.262896819034,1.981355376218,5.641767119668
    ));
#3249 = CARTESIAN_POINT('',(2.118730722568,2.142660747851,5.653201205409
    ));
#3250 = CARTESIAN_POINT('',(1.96146677103,2.291916024919,5.664634886205)
  );
#3251 = CARTESIAN_POINT('',(1.792297631236,2.427888643977,5.676068658053
    ));
#3252 = CARTESIAN_POINT('',(1.61253444558,2.549500073162,5.687503978119)
  );
#3253 = CARTESIAN_POINT('',(1.423593869834,2.655820531802,5.698941910317
    ));
#3254 = CARTESIAN_POINT('',(1.226997062482,2.746079025186,5.710382067187
    ));
#3255 = CARTESIAN_POINT('',(0.66269735119,2.951086653303,5.74224258721)
  );
#3256 = CARTESIAN_POINT('',(0.281170680111,3.029674298652,5.762699299331
    ));
#3257 = CARTESIAN_POINT('',(-0.110304514724,3.051523824558,
    5.783137069819));
#3258 = CARTESIAN_POINT('',(-0.501889418317,3.015674988635,5.80355891181
    ));
#3259 = CARTESIAN_POINT('',(-0.883971449514,2.922761978953,
    5.823973631601));
#3260 = CARTESIAN_POINT('',(-1.247251822616,2.775304292241,5.8443956514)
  );
#3261 = CARTESIAN_POINT('',(-1.582748598739,2.577400919348,
    5.864835961472));
#3262 = CARTESIAN_POINT('',(-2.081253688061,2.17568630819,5.898792097662
    ));
#3263 = CARTESIAN_POINT('',(-2.264589569846,1.996033953577,
    5.912342605383));
#3264 = CARTESIAN_POINT('',(-2.430088489411,1.798809585464,
    5.925892277032));
#3265 = CARTESIAN_POINT('',(-2.575815090646,1.586108795655,
    5.939440833017));
#3266 = CARTESIAN_POINT('',(-2.700146713813,1.360237331624,
    5.952990403443));
#3267 = CARTESIAN_POINT('',(-2.801758215827,1.123681851966,
    5.966542870321));
#3268 = CARTESIAN_POINT('',(-2.879652183255,0.879108983409,
    5.980097385918));
#3269 = CARTESIAN_POINT('',(-2.990000299496,0.364840361664,
    6.008003814478));
#3270 = CARTESIAN_POINT('',(-3.019516600097,9.43444931126E-02,
    6.022364398787));
#3271 = CARTESIAN_POINT('',(-3.021017201839,-0.178676495217,
    6.036721453769));
#3272 = CARTESIAN_POINT('',(-2.994317067068,-0.450832047573,
    6.05107519693));
#3273 = CARTESIAN_POINT('',(-2.939697802057,-0.718787232797,
    6.065428313704));
#3274 = CARTESIAN_POINT('',(-2.857869952311,-0.979269743061,
    6.079783806047));
#3275 = CARTESIAN_POINT('',(-2.750009184384,-1.229088128698,
    6.094142566756));
#3276 = CARTESIAN_POINT('',(-2.435490618042,-1.791039009036,
    6.128306043784));
#3277 = CARTESIAN_POINT('',(-2.206535595605,-2.091352775611,
    6.14814196181));
#3278 = CARTESIAN_POINT('',(-1.935486414482,-2.357640424918,
    6.167963816264));
#3279 = CARTESIAN_POINT('',(-1.628476811862,-2.583316189195,
    6.187778802652));
#3280 = CARTESIAN_POINT('',(-1.292458297072,-2.763001343468,
    6.207595460373));
#3281 = CARTESIAN_POINT('',(-0.935276776871,-2.892730749532,
    6.227419826251));
#3282 = CARTESIAN_POINT('',(-0.565539123156,-2.969774525491,
    6.247256819126));
#3283 = CARTESIAN_POINT('',(0.119127726443,-3.013902636021,
    6.283647742536));
#3284 = CARTESIAN_POINT('',(0.433819328214,-2.996849488074,
    6.300244187184));
#3285 = CARTESIAN_POINT('',(0.745633116859,-2.942192588458,
    6.316832784093));
#3286 = CARTESIAN_POINT('',(1.04933254721,-2.850571124515,6.333416245485
    ));
#3287 = CARTESIAN_POINT('',(1.339949378084,-2.723416124225,
    6.350002278605));
#3288 = CARTESIAN_POINT('',(1.612775113128,-2.56286082911,6.366597894563
    ));
#3289 = CARTESIAN_POINT('',(1.86341166951,-2.371812939632,6.383203888836
    ));
#3290 = CARTESIAN_POINT('',(2.303605937341,-1.945144149137,
    6.415738931768));
#3291 = CARTESIAN_POINT('',(2.495455465227,-1.711341463411,
    6.431688079385));
#3292 = CARTESIAN_POINT('',(2.65998887215,-1.456077916064,6.447631945985
    ));
#3293 = CARTESIAN_POINT('',(2.794482789615,-1.18313853952,6.463569115502
    ));
#3294 = CARTESIAN_POINT('',(2.896862164594,-0.896601786317,
    6.479498353189));
#3295 = CARTESIAN_POINT('',(2.965642484156,-0.600795963989,
    6.495424535602));
#3296 = CARTESIAN_POINT('',(3.,-0.300310732391,6.511359485834));
#3297 = CARTESIAN_POINT('',(3.,2.6645352591E-15,6.527291819525));
#3298 = PCURVE('',#802,#3299);
#3299 = DEFINITIONAL_REPRESENTATION('',(#3300),#3359);
#3300 = B_SPLINE_CURVE_WITH_KNOTS('',8,(#3301,#3302,#3303,#3304,#3305,
    #3306,#3307,#3308,#3309,#3310,#3311,#3312,#3313,#3314,#3315,#3316,
    #3317,#3318,#3319,#3320,#3321,#3322,#3323,#3324,#3325,#3326,#3327,
    #3328,#3329,#3330,#3331,#3332,#3333,#3334,#3335,#3336,#3337,#3338,
    #3339,#3340,#3341,#3342,#3343,#3344,#3345,#3346,#3347,#3348,#3349,
    #3350,#3351,#3352,#3353,#3354,#3355,#3356,#3357,#3358),
  .UNSPECIFIED.,.F.,.F.,(9,7,7,7,7,7,7,7,9),(0.,0.103057365303,
    0.194571867062,0.357931094802,0.466348565452,0.581207277841,
    0.739722360136,0.872497632477,1.),.UNSPECIFIED.);
#3301 = CARTESIAN_POINT('',(5.69635270409E-02,38.173590789404));
#3302 = CARTESIAN_POINT('',(5.696493498573E-02,38.255529810364));
#3303 = CARTESIAN_POINT('',(5.697127939646E-02,38.337481276305));
#3304 = CARTESIAN_POINT('',(5.698280501824E-02,38.419426124371));
#3305 = CARTESIAN_POINT('',(5.699215453199E-02,38.501364161734));
#3306 = CARTESIAN_POINT('',(5.699376477702E-02,38.583305170309));
#3307 = CARTESIAN_POINT('',(5.698780758426E-02,38.665258471165));
#3308 = CARTESIAN_POINT('',(5.697867521974E-02,38.747220948613));
#3309 = CARTESIAN_POINT('',(5.695854015853E-02,38.901928201022));
#3310 = CARTESIAN_POINT('',(5.694805163845E-02,38.974706857368));
#3311 = CARTESIAN_POINT('',(5.693853248514E-02,39.047479982525));
#3312 = CARTESIAN_POINT('',(5.693199609694E-02,39.12024459484));
#3313 = CARTESIAN_POINT('',(5.692961127254E-02,39.193006402414));
#3314 = CARTESIAN_POINT('',(5.693137986217E-02,39.265772168533));
#3315 = CARTESIAN_POINT('',(5.693636246132E-02,39.338542291611));
#3316 = CARTESIAN_POINT('',(5.69561076888E-02,39.541187179422));
#3317 = CARTESIAN_POINT('',(5.697545050668E-02,39.671279244544));
#3318 = CARTESIAN_POINT('',(5.699499741067E-02,39.801250175975));
#3319 = CARTESIAN_POINT('',(5.700433058161E-02,39.931150899776));
#3320 = CARTESIAN_POINT('',(5.699977006271E-02,40.061048661003));
#3321 = CARTESIAN_POINT('',(5.698846740929E-02,40.19101341839));
#3322 = CARTESIAN_POINT('',(5.697609735124E-02,40.321097797036));
#3323 = CARTESIAN_POINT('',(5.695957759747E-02,40.537186094123));
#3324 = CARTESIAN_POINT('',(5.695403647337E-02,40.62341490747));
#3325 = CARTESIAN_POINT('',(5.695059110168E-02,40.709632013198));
#3326 = CARTESIAN_POINT('',(5.694965121965E-02,40.795834383499));
#3327 = CARTESIAN_POINT('',(5.695088128115E-02,40.882036593467));
#3328 = CARTESIAN_POINT('',(5.695335094742E-02,40.968253452847));
#3329 = CARTESIAN_POINT('',(5.695594429141E-02,41.054482969725));
#3330 = CARTESIAN_POINT('',(5.696023491968E-02,41.232017988319));
#3331 = CARTESIAN_POINT('',(5.696185387282E-02,41.323378898218));
#3332 = CARTESIAN_POINT('',(5.696207204434E-02,41.414721623489));
#3333 = CARTESIAN_POINT('',(5.69604109788E-02,41.506049006394));
#3334 = CARTESIAN_POINT('',(5.69573405386E-02,41.597376700133));
#3335 = CARTESIAN_POINT('',(5.695405307492E-02,41.688720169408));
#3336 = CARTESIAN_POINT('',(5.695182288199E-02,41.7800812101));
#3337 = CARTESIAN_POINT('',(5.6950759953E-02,41.997441548807));
#3338 = CARTESIAN_POINT('',(5.695354542518E-02,42.123634427706));
#3339 = CARTESIAN_POINT('',(5.69616860715E-02,42.249721506702));
#3340 = CARTESIAN_POINT('',(5.69753937328E-02,42.375747919807));
#3341 = CARTESIAN_POINT('',(5.699046870019E-02,42.501780798395));
#3342 = CARTESIAN_POINT('',(5.69986150606E-02,42.627883838248));
#3343 = CARTESIAN_POINT('',(5.69974025082E-02,42.75409574246));
#3344 = CARTESIAN_POINT('',(5.698198970968E-02,42.985671427179));
#3345 = CARTESIAN_POINT('',(5.696990217619E-02,43.091299253729));
#3346 = CARTESIAN_POINT('',(5.695412388476E-02,43.196888401134));
#3347 = CARTESIAN_POINT('',(5.693794560269E-02,43.302446094188));
#3348 = CARTESIAN_POINT('',(5.692760506061E-02,43.408002354482));
#3349 = CARTESIAN_POINT('',(5.692749201223E-02,43.513588407754));
#3350 = CARTESIAN_POINT('',(5.693597112593E-02,43.619214299964));
#3351 = CARTESIAN_POINT('',(5.696006677964E-02,43.826137420489));
#3352 = CARTESIAN_POINT('',(5.697554194911E-02,43.927562954589));
#3353 = CARTESIAN_POINT('',(5.698972718125E-02,44.02895882164));
#3354 = CARTESIAN_POINT('',(5.699807361136E-02,44.130329877375));
#3355 = CARTESIAN_POINT('',(5.699082888505E-02,44.231697994093));
#3356 = CARTESIAN_POINT('',(5.697149190525E-02,44.333083532929));
#3357 = CARTESIAN_POINT('',(5.696277710456E-02,44.434492475868));
#3358 = CARTESIAN_POINT('',(5.696352704226E-02,44.535855920971));
#3359 = ( GEOMETRIC_REPRESENTATION_CONTEXT(2) 
PARAMETRIC_REPRESENTATION_CONTEXT() REPRESENTATION_CONTEXT('2D SPACE',''
  ) );
#3360 = PCURVE('',#2385,#3361);
#3361 = DEFINITIONAL_REPRESENTATION('',(#3362),#3421);
#3362 = B_SPLINE_CURVE_WITH_KNOTS('',8,(#3363,#3364,#3365,#3366,#3367,
    #3368,#3369,#3370,#3371,#3372,#3373,#3374,#3375,#3376,#3377,#3378,
    #3379,#3380,#3381,#3382,#3383,#3384,#3385,#3386,#3387,#3388,#3389,
    #3390,#3391,#3392,#3393,#3394,#3395,#3396,#3397,#3398,#3399,#3400,
    #3401,#3402,#3403,#3404,#3405,#3406,#3407,#3408,#3409,#3410,#3411,
    #3412,#3413,#3414,#3415,#3416,#3417,#3418,#3419,#3420),
  .UNSPECIFIED.,.F.,.F.,(9,7,7,7,7,7,7,7,9),(0.,0.103057365303,
    0.194571867062,0.357931094802,0.466348565452,0.581207277841,
    0.739722360136,0.872497632477,1.),.UNSPECIFIED.);
#3363 = CARTESIAN_POINT('',(0.,-5.527291819524));
#3364 = CARTESIAN_POINT('',(-8.09205835851E-02,-5.540171401089));
#3365 = CARTESIAN_POINT('',(-0.161861992777,-5.553055303816));
#3366 = CARTESIAN_POINT('',(-0.242794293098,-5.565940648702));
#3367 = CARTESIAN_POINT('',(-0.323714992388,-5.578823880523));
#3368 = CARTESIAN_POINT('',(-0.40463520057,-5.591703871433));
#3369 = CARTESIAN_POINT('',(-0.485566116503,-5.60458216879));
#3370 = CARTESIAN_POINT('',(-0.566505841919,-5.617460387212));
#3371 = CARTESIAN_POINT('',(-0.719283742344,-5.641767119668));
#3372 = CARTESIAN_POINT('',(-0.791155225766,-5.653201205409));
#3373 = CARTESIAN_POINT('',(-0.86302226359,-5.664634886205));
#3374 = CARTESIAN_POINT('',(-0.934881992381,-5.676068658053));
#3375 = CARTESIAN_POINT('',(-1.006739807255,-5.687503978119));
#3376 = CARTESIAN_POINT('',(-1.078601989527,-5.698941910317));
#3377 = CARTESIAN_POINT('',(-1.150468549156,-5.710382067187));
#3378 = CARTESIAN_POINT('',(-1.350596922332,-5.74224258721));
#3379 = CARTESIAN_POINT('',(-1.47907305247,-5.762699299331));
#3380 = CARTESIAN_POINT('',(-1.607427903932,-5.783137069819));
#3381 = CARTESIAN_POINT('',(-1.735711665815,-5.803558911809));
#3382 = CARTESIAN_POINT('',(-1.863993435045,-5.823973631601));
#3383 = CARTESIAN_POINT('',(-1.992343370441,-5.8443956514));
#3384 = CARTESIAN_POINT('',(-2.120812942895,-5.864835961472));
#3385 = CARTESIAN_POINT('',(-2.334219688831,-5.898792097662));
#3386 = CARTESIAN_POINT('',(-2.419378670915,-5.912342605383));
#3387 = CARTESIAN_POINT('',(-2.504526044568,-5.925892277032));
#3388 = CARTESIAN_POINT('',(-2.589658405778,-5.939440833017));
#3389 = CARTESIAN_POINT('',(-2.674789809703,-5.952990403443));
#3390 = CARTESIAN_POINT('',(-2.759934741254,-5.966542870321));
#3391 = CARTESIAN_POINT('',(-2.845091321023,-5.980097385918));
#3392 = CARTESIAN_POINT('',(-3.02041607432,-6.008003814478));
#3393 = CARTESIAN_POINT('',(-3.110638891123,-6.022364398787));
#3394 = CARTESIAN_POINT('',(-3.200843364255,-6.036721453769));
#3395 = CARTESIAN_POINT('',(-3.291032782072,-6.05107519693));
#3396 = CARTESIAN_POINT('',(-3.381223136597,-6.065428313704));
#3397 = CARTESIAN_POINT('',(-3.471430050466,-6.079783806047));
#3398 = CARTESIAN_POINT('',(-3.56165531778,-6.094142566756));
#3399 = CARTESIAN_POINT('',(-3.776315442029,-6.128306043784));
#3400 = CARTESIAN_POINT('',(-3.900942215006,-6.14814196181));
#3401 = CARTESIAN_POINT('',(-4.025465568098,-6.167963816264));
#3402 = CARTESIAN_POINT('',(-4.149928849696,-6.187778802652));
#3403 = CARTESIAN_POINT('',(-4.274396607085,-6.207595460373));
#3404 = CARTESIAN_POINT('',(-4.398931768336,-6.227419826251));
#3405 = CARTESIAN_POINT('',(-4.523573822332,-6.247256819126));
#3406 = CARTESIAN_POINT('',(-4.752269638035,-6.283647742536));
#3407 = CARTESIAN_POINT('',(-4.856584087721,-6.300244187184));
#3408 = CARTESIAN_POINT('',(-4.960861035959,-6.316832784093));
#3409 = CARTESIAN_POINT('',(-5.065108150747,-6.333416245485));
#3410 = CARTESIAN_POINT('',(-5.169354655877,-6.350002278605));
#3411 = CARTESIAN_POINT('',(-5.273629968606,-6.366597894563));
#3412 = CARTESIAN_POINT('',(-5.377942495797,-6.383203888836));
#3413 = CARTESIAN_POINT('',(-5.58228894731,-6.415738931768));
#3414 = CARTESIAN_POINT('',(-5.682449703985,-6.431688079384));
#3415 = CARTESIAN_POINT('',(-5.782579565309,-6.447631945985));
#3416 = CARTESIAN_POINT('',(-5.882684469701,-6.463569115502));
#3417 = CARTESIAN_POINT('',(-5.982789517718,-6.479498353189));
#3418 = CARTESIAN_POINT('',(-6.082919947944,-6.495424535602));
#3419 = CARTESIAN_POINT('',(-6.183081729716,-6.511359485834));
#3420 = CARTESIAN_POINT('',(-6.28318530718,-6.527291819525));
#3421 = ( GEOMETRIC_REPRESENTATION_CONTEXT(2) 
PARAMETRIC_REPRESENTATION_CONTEXT() REPRESENTATION_CONTEXT('2D SPACE',''
  ) );
#3422 = ORIENTED_EDGE('',*,*,#3423,.F.);
#3423 = EDGE_CURVE('',#3424,#3236,#3426,.T.);
#3424 = VERTEX_POINT('',#3425);
#3425 = CARTESIAN_POINT('',(3.,0.,4.527291819525));
#3426 = SURFACE_CURVE('',#3427,(#3493,#3562),.PCURVE_S1.);
#3427 = B_SPLINE_CURVE_WITH_KNOTS('',8,(#3428,#3429,#3430,#3431,#3432,
    #3433,#3434,#3435,#3436,#3437,#3438,#3439,#3440,#3441,#3442,#3443,
    #3444,#3445,#3446,#3447,#3448,#3449,#3450,#3451,#3452,#3453,#3454,
    #3455,#3456,#3457,#3458,#3459,#3460,#3461,#3462,#3463,#3464,#3465,
    #3466,#3467,#3468,#3469,#3470,#3471,#3472,#3473,#3474,#3475,#3476,
    #3477,#3478,#3479,#3480,#3481,#3482,#3483,#3484,#3485,#3486,#3487,
    #3488,#3489,#3490,#3491,#3492),.UNSPECIFIED.,.F.,.F.,(9,7,7,7,7,7,7,
    7,7,9),(0.,7.238038143392E-02,0.176213824417,0.357518461101,
    0.508447895017,0.622685188244,0.79505639705,0.894540062572,
    0.947199302687,1.),.UNSPECIFIED.);
#3428 = CARTESIAN_POINT('',(3.,3.685940441756E-14,4.527291819525));
#3429 = CARTESIAN_POINT('',(3.,0.170468440741,4.536335661329));
#3430 = CARTESIAN_POINT('',(2.988929720671,0.340952105209,4.545382104472
    ));
#3431 = CARTESIAN_POINT('',(2.966785680039,0.510596370649,4.554426528358
    ));
#3432 = CARTESIAN_POINT('',(2.933646550845,0.678560031584,4.563476072419
    ));
#3433 = CARTESIAN_POINT('',(2.889664788884,0.844017802676,4.572520959975
    ));
#3434 = CARTESIAN_POINT('',(2.835065450437,1.006158703452,4.58156765462)
  );
#3435 = CARTESIAN_POINT('',(2.770147967668,1.164190126149,4.590612328346
    ));
#3436 = CARTESIAN_POINT('',(2.58791280889,1.537045143232,4.612627001165)
  );
#3437 = CARTESIAN_POINT('',(2.460031285072,1.746811655499,4.625600714871
    ));
#3438 = CARTESIAN_POINT('',(2.312761235291,1.944315665757,4.638571195776
    ));
#3439 = CARTESIAN_POINT('',(2.147503681067,2.12748125271,4.651539467765)
  );
#3440 = CARTESIAN_POINT('',(1.965894187656,2.294447217678,4.664508916891
    ));
#3441 = CARTESIAN_POINT('',(1.769778006437,2.443561518694,4.677482312494
    ));
#3442 = CARTESIAN_POINT('',(1.561215334969,2.573404860459,4.690459380795
    ));
#3443 = CARTESIAN_POINT('',(0.960644762376,2.873935263386,4.726091671816
    ));
#3444 = CARTESIAN_POINT('',(0.546782566776,3.00335854906,4.74880779072)
  );
#3445 = CARTESIAN_POINT('',(0.113958873044,3.063961628458,4.771494502847
    ));
#3446 = CARTESIAN_POINT('',(-0.32446153494,3.053407636397,4.794161290945
    ));
#3447 = CARTESIAN_POINT('',(-0.755308586647,2.971590293624,
    4.816818138602));
#3448 = CARTESIAN_POINT('',(-1.16572741844,2.821384734654,4.839486023903
    ));
#3449 = CARTESIAN_POINT('',(-1.543150493938,2.607879283864,
    4.862186278033));
#3450 = CARTESIAN_POINT('',(-2.1537107104,2.118465549208,4.903688753209)
  );
#3451 = CARTESIAN_POINT('',(-2.401276079906,1.858325302167,
    4.922564346662));
#3452 = CARTESIAN_POINT('',(-2.61249928474,1.56538481955,4.941430008836)
  );
#3453 = CARTESIAN_POINT('',(-2.782552356112,1.245721585424,
    4.960290744329));
#3454 = CARTESIAN_POINT('',(-2.90771747383,0.905961315122,4.979153100037
    ));
#3455 = CARTESIAN_POINT('',(-2.985527789053,0.55328902653,4.998022982696
    ));
#3456 = CARTESIAN_POINT('',(-3.014663020036,0.195358885573,
    5.016903795259));
#3457 = CARTESIAN_POINT('',(-2.981437125182,-0.428277334366,
    5.050035756396));
#3458 = CARTESIAN_POINT('',(-2.939578362684,-0.695605586169,
    5.064315420773));
#3459 = CARTESIAN_POINT('',(-2.87031672165,-0.958126917191,
    5.078592108913));
#3460 = CARTESIAN_POINT('',(-2.77434799741,-1.212558554032,5.0928659284)
  );
#3461 = CARTESIAN_POINT('',(-2.65279987415,-1.455799440813,
    5.107139675122));
#3462 = CARTESIAN_POINT('',(-2.507187647933,-1.684926289215,
    5.12141636537));
#3463 = CARTESIAN_POINT('',(-2.339437701385,-1.897215753818,
    5.135696801022));
#3464 = CARTESIAN_POINT('',(-1.869098806274,-2.381448604255,
    5.171514906332));
#3465 = CARTESIAN_POINT('',(-1.540616809946,-2.629511035292,
    5.193101989275));
#3466 = CARTESIAN_POINT('',(-1.175030802409,-2.825026424162,
    5.214664383575));
#3467 = CARTESIAN_POINT('',(-0.782387466424,-2.962132500271,
    5.236212007272));
#3468 = CARTESIAN_POINT('',(-0.373260924901,-3.036793591473,
    5.257752679149));
#3469 = CARTESIAN_POINT('',(4.115571153393E-02,-3.047301104261,
    5.279299192539));
#3470 = CARTESIAN_POINT('',(0.449240649058,-2.993831778234,
    5.300868199142));
#3471 = CARTESIAN_POINT('',(1.064027313977,-2.814739058916,
    5.334827117771));
#3472 = CARTESIAN_POINT('',(1.283201942462,-2.72910372849,5.347257446242
    ));
#3473 = CARTESIAN_POINT('',(1.494403677073,-2.623988289783,
    5.359687963956));
#3474 = CARTESIAN_POINT('',(1.695622181642,-2.500282736189,
    5.372119243879));
#3475 = CARTESIAN_POINT('',(1.88498874924,-2.359103740295,5.384553091843
    ));
#3476 = CARTESIAN_POINT('',(2.060776021462,-2.2017749146,5.396990534525)
  );
#3477 = CARTESIAN_POINT('',(2.221415480428,-2.029833334633,
    5.409430211527));
#3478 = CARTESIAN_POINT('',(2.441817638726,-1.747258318781,
    5.428450371531));
#3479 = CARTESIAN_POINT('',(2.513481167915,-1.645850259681,
    5.435033385763));
#3480 = CARTESIAN_POINT('',(2.580323762037,-1.541093333377,5.44161610014
    ));
#3481 = CARTESIAN_POINT('',(2.642164153033,-1.433254259854,
    5.448198386386));
#3482 = CARTESIAN_POINT('',(2.698839343845,-1.322611292889,
    5.454780102064));
#3483 = CARTESIAN_POINT('',(2.750204608415,-1.209454220048,
    5.461361090573));
#3484 = CARTESIAN_POINT('',(2.796133491686,-1.094084362691,5.46794118115
    ));
#3485 = CARTESIAN_POINT('',(2.877010610895,-0.859229770354,
    5.481116869608));
#3486 = CARTESIAN_POINT('',(2.911934853714,-0.739718611211,
    5.487713220445));
#3487 = CARTESIAN_POINT('',(2.941182338148,-0.618595497298,5.49430920545
    ));
#3488 = CARTESIAN_POINT('',(2.964666558751,-0.496177619335,
    5.500904923465));
#3489 = CARTESIAN_POINT('',(2.982322704537,-0.372784960004,
    5.507500608107));
#3490 = CARTESIAN_POINT('',(2.994107658976,-0.248740293943,
    5.514096627762));
#3491 = CARTESIAN_POINT('',(3.,-0.124369187755,5.520693485591));
#3492 = CARTESIAN_POINT('',(3.,4.440892098501E-15,5.527291819524));
#3493 = PCURVE('',#802,#3494);
#3494 = DEFINITIONAL_REPRESENTATION('',(#3495),#3561);
#3495 = B_SPLINE_CURVE_WITH_KNOTS('',8,(#3496,#3497,#3498,#3499,#3500,
    #3501,#3502,#3503,#3504,#3505,#3506,#3507,#3508,#3509,#3510,#3511,
    #3512,#3513,#3514,#3515,#3516,#3517,#3518,#3519,#3520,#3521,#3522,
    #3523,#3524,#3525,#3526,#3527,#3528,#3529,#3530,#3531,#3532,#3533,
    #3534,#3535,#3536,#3537,#3538,#3539,#3540,#3541,#3542,#3543,#3544,
    #3545,#3546,#3547,#3548,#3549,#3550,#3551,#3552,#3553,#3554,#3555,
    #3556,#3557,#3558,#3559,#3560),.UNSPECIFIED.,.F.,.F.,(9,7,7,7,7,7,7,
    7,7,9),(0.,7.238038143392E-02,0.176213824417,0.357518461101,
    0.508447895017,0.622685188244,0.79505639705,0.894540062572,
    0.947199302687,1.),.UNSPECIFIED.);
#3496 = CARTESIAN_POINT('',(5.696352704229E-02,31.811325657837));
#3497 = CARTESIAN_POINT('',(5.696397132281E-02,31.868863622921));
#3498 = CARTESIAN_POINT('',(5.696955901527E-02,31.926402460216));
#3499 = CARTESIAN_POINT('',(5.697112389715E-02,31.983940712833));
#3500 = CARTESIAN_POINT('',(5.69832098827E-02,32.041479470972));
#3501 = CARTESIAN_POINT('',(5.698478054896E-02,32.099020655916));
#3502 = CARTESIAN_POINT('',(5.698914872782E-02,32.156564810664));
#3503 = CARTESIAN_POINT('',(5.698891265898E-02,32.21411014248));
#3504 = CARTESIAN_POINT('',(5.698295788045E-02,32.354191479084));
#3505 = CARTESIAN_POINT('',(5.697435435333E-02,32.436759910764));
#3506 = CARTESIAN_POINT('',(5.696141535981E-02,32.519320990046));
#3507 = CARTESIAN_POINT('',(5.694780523482E-02,32.60187006143));
#3508 = CARTESIAN_POINT('',(5.693719393575E-02,32.684417480988));
#3509 = CARTESIAN_POINT('',(5.693163114343E-02,32.766974620084));
#3510 = CARTESIAN_POINT('',(5.693119395068E-02,32.849539501875));
#3511 = CARTESIAN_POINT('',(5.694139351876E-02,33.076210494015));
#3512 = CARTESIAN_POINT('',(5.696053311356E-02,33.220678123528));
#3513 = CARTESIAN_POINT('',(5.698750528927E-02,33.364934784013));
#3514 = CARTESIAN_POINT('',(5.700581344484E-02,33.509091092652));
#3515 = CARTESIAN_POINT('',(5.700350374111E-02,33.65324700477));
#3516 = CARTESIAN_POINT('',(5.699146345027E-02,33.797502802414));
#3517 = CARTESIAN_POINT('',(5.697743358659E-02,33.941970603784));
#3518 = CARTESIAN_POINT('',(5.695715688531E-02,34.206082162256));
#3519 = CARTESIAN_POINT('',(5.694995308448E-02,34.326195651087));
#3520 = CARTESIAN_POINT('',(5.69474546959E-02,34.446231611382));
#3521 = CARTESIAN_POINT('',(5.695059504621E-02,34.566219038675));
#3522 = CARTESIAN_POINT('',(5.695623954977E-02,34.686209141));
#3523 = CARTESIAN_POINT('',(5.696033045751E-02,34.806251867504));
#3524 = CARTESIAN_POINT('',(5.696161480185E-02,34.926372687968));
#3525 = CARTESIAN_POINT('',(5.695990425439E-02,35.137172223163));
#3526 = CARTESIAN_POINT('',(5.695787442665E-02,35.228029421269));
#3527 = CARTESIAN_POINT('',(5.695479666322E-02,35.318870878102));
#3528 = CARTESIAN_POINT('',(5.695153738847E-02,35.40969463708));
#3529 = CARTESIAN_POINT('',(5.694949816822E-02,35.500514214121));
#3530 = CARTESIAN_POINT('',(5.694984484987E-02,35.591345245926));
#3531 = CARTESIAN_POINT('',(5.695281151468E-02,35.682192120712));
#3532 = CARTESIAN_POINT('',(5.696542389856E-02,35.910037957945));
#3533 = CARTESIAN_POINT('',(5.697773877577E-02,36.047343164633));
#3534 = CARTESIAN_POINT('',(5.699272457275E-02,36.184483154092));
#3535 = CARTESIAN_POINT('',(5.700483960081E-02,36.321537919621));
#3536 = CARTESIAN_POINT('',(5.700314199781E-02,36.458590559879));
#3537 = CARTESIAN_POINT('',(5.698663218539E-02,36.595725516348));
#3538 = CARTESIAN_POINT('',(5.696630374166E-02,36.733015220513));
#3539 = CARTESIAN_POINT('',(5.694145296593E-02,36.949146614925));
#3540 = CARTESIAN_POINT('',(5.693390187804E-02,37.028254677652));
#3541 = CARTESIAN_POINT('',(5.692942732556E-02,37.107354566424));
#3542 = CARTESIAN_POINT('',(5.692969431768E-02,37.186444851328));
#3543 = CARTESIAN_POINT('',(5.69351985072E-02,37.26553551073));
#3544 = CARTESIAN_POINT('',(5.694478670782E-02,37.344636591777));
#3545 = CARTESIAN_POINT('',(5.695599866376E-02,37.423746938595));
#3546 = CARTESIAN_POINT('',(5.697164581669E-02,37.544710543495));
#3547 = CARTESIAN_POINT('',(5.697685643651E-02,37.586577542298));
#3548 = CARTESIAN_POINT('',(5.698135962002E-02,37.628444789745));
#3549 = CARTESIAN_POINT('',(5.698478636948E-02,37.670312594505));
#3550 = CARTESIAN_POINT('',(5.698690100048E-02,37.712180768771));
#3551 = CARTESIAN_POINT('',(5.698760114201E-02,37.754048628265));
#3552 = CARTESIAN_POINT('',(5.698691773638E-02,37.795914992235));
#3553 = CARTESIAN_POINT('',(5.6983107231E-02,37.879753830715));
#3554 = CARTESIAN_POINT('',(5.697999008509E-02,37.921731065398));
#3555 = CARTESIAN_POINT('',(5.697605267088E-02,37.963708472935));
#3556 = CARTESIAN_POINT('',(5.697176760112E-02,38.005685241556));
#3557 = CARTESIAN_POINT('',(5.696769103197E-02,38.047661162288));
#3558 = CARTESIAN_POINT('',(5.696446266299E-02,38.089636628958));
#3559 = CARTESIAN_POINT('',(5.696280573717E-02,38.13161263819));
#3560 = CARTESIAN_POINT('',(5.69635270409E-02,38.173590789404));
#3561 = ( GEOMETRIC_REPRESENTATION_CONTEXT(2) 
PARAMETRIC_REPRESENTATION_CONTEXT() REPRESENTATION_CONTEXT('2D SPACE',''
  ) );
#3562 = PCURVE('',#2177,#3563);
#3563 = DEFINITIONAL_REPRESENTATION('',(#3564),#3630);
#3564 = B_SPLINE_CURVE_WITH_KNOTS('',8,(#3565,#3566,#3567,#3568,#3569,
    #3570,#3571,#3572,#3573,#3574,#3575,#3576,#3577,#3578,#3579,#3580,
    #3581,#3582,#3583,#3584,#3585,#3586,#3587,#3588,#3589,#3590,#3591,
    #3592,#3593,#3594,#3595,#3596,#3597,#3598,#3599,#3600,#3601,#3602,
    #3603,#3604,#3605,#3606,#3607,#3608,#3609,#3610,#3611,#3612,#3613,
    #3614,#3615,#3616,#3617,#3618,#3619,#3620,#3621,#3622,#3623,#3624,
    #3625,#3626,#3627,#3628,#3629),.UNSPECIFIED.,.F.,.F.,(9,7,7,7,7,7,7,
    7,7,9),(0.,7.238038143392E-02,0.176213824417,0.357518461101,
    0.508447895017,0.622685188244,0.79505639705,0.894540062572,
    0.947199302687,1.),.UNSPECIFIED.);
#3565 = CARTESIAN_POINT('',(0.,-4.527291819525));
#3566 = CARTESIAN_POINT('',(-5.682281358018E-02,-4.536335661329));
#3567 = CARTESIAN_POINT('',(-0.113650701298,-4.545382104472));
#3568 = CARTESIAN_POINT('',(-0.170478367714,-4.554426528358));
#3569 = CARTESIAN_POINT('',(-0.227305183298,-4.563476072419));
#3570 = CARTESIAN_POINT('',(-0.284132640605,-4.572520959975));
#3571 = CARTESIAN_POINT('',(-0.34096146963,-4.58156765462));
#3572 = CARTESIAN_POINT('',(-0.3977903238,-4.590612328346));
#3573 = CARTESIAN_POINT('',(-0.536125872721,-4.612627001165));
#3574 = CARTESIAN_POINT('',(-0.617663830648,-4.625600714871));
#3575 = CARTESIAN_POINT('',(-0.699194530182,-4.638571195776));
#3576 = CARTESIAN_POINT('',(-0.780714553245,-4.651539467765));
#3577 = CARTESIAN_POINT('',(-0.8622345843,-4.664508916891));
#3578 = CARTESIAN_POINT('',(-0.943765545984,-4.677482312494));
#3579 = CARTESIAN_POINT('',(-1.025304778018,-4.690459380795));
#3580 = CARTESIAN_POINT('',(-1.249160767377,-4.726091671816));
#3581 = CARTESIAN_POINT('',(-1.391835050982,-4.74880779072));
#3582 = CARTESIAN_POINT('',(-1.534299432353,-4.771494502846));
#3583 = CARTESIAN_POINT('',(-1.676661069116,-4.794161290946));
#3584 = CARTESIAN_POINT('',(-1.819022780236,-4.816818138601));
#3585 = CARTESIAN_POINT('',(-1.961485790833,-4.839486023903));
#3586 = CARTESIAN_POINT('',(-2.104160141673,-4.862186278033));
#3587 = CARTESIAN_POINT('',(-2.36499418461,-4.903688753209));
#3588 = CARTESIAN_POINT('',(-2.483617571871,-4.922564346662));
#3589 = CARTESIAN_POINT('',(-2.602164082218,-4.941430008837));
#3590 = CARTESIAN_POINT('',(-2.720661197319,-4.960290744328));
#3591 = CARTESIAN_POINT('',(-2.839158601535,-4.979153100037));
#3592 = CARTESIAN_POINT('',(-2.957706225953,-4.998022982696));
#3593 = CARTESIAN_POINT('',(-3.076330345037,-5.016903795259));
#3594 = CARTESIAN_POINT('',(-3.284503909083,-5.050035756396));
#3595 = CARTESIAN_POINT('',(-3.374229472636,-5.064315420773));
#3596 = CARTESIAN_POINT('',(-3.46394009349,-5.078592108913));
#3597 = CARTESIAN_POINT('',(-3.55363421825,-5.0928659284));
#3598 = CARTESIAN_POINT('',(-3.643325314452,-5.107139675122));
#3599 = CARTESIAN_POINT('',(-3.733028630365,-5.12141636537));
#3600 = CARTESIAN_POINT('',(-3.822748091648,-5.135696801022));
#3601 = CARTESIAN_POINT('',(-4.047766641426,-5.171514906332));
#3602 = CARTESIAN_POINT('',(-4.183368319825,-5.193101989274));
#3603 = CARTESIAN_POINT('',(-4.318805754162,-5.214664383576));
#3604 = CARTESIAN_POINT('',(-4.454156641795,-5.236212007272));
#3605 = CARTESIAN_POINT('',(-4.5895031397,-5.25775267915));
#3606 = CARTESIAN_POINT('',(-4.724932103327,-5.279299192539));
#3607 = CARTESIAN_POINT('',(-4.860515790619,-5.300868199142));
#3608 = CARTESIAN_POINT('',(-5.073962855478,-5.334827117771));
#3609 = CARTESIAN_POINT('',(-5.152088692438,-5.347257446242));
#3610 = CARTESIAN_POINT('',(-5.230206589685,-5.359687963956));
#3611 = CARTESIAN_POINT('',(-5.30831468591,-5.372119243879));
#3612 = CARTESIAN_POINT('',(-5.386422283329,-5.384553091843));
#3613 = CARTESIAN_POINT('',(-5.464538880256,-5.396990534525));
#3614 = CARTESIAN_POINT('',(-5.542663311134,-5.409430211527));
#3615 = CARTESIAN_POINT('',(-5.662118440304,-5.428450371531));
#3616 = CARTESIAN_POINT('',(-5.7034631305,-5.435033385763));
#3617 = CARTESIAN_POINT('',(-5.744808000591,-5.44161610014));
#3618 = CARTESIAN_POINT('',(-5.786153502564,-5.448198386386));
#3619 = CARTESIAN_POINT('',(-5.827499604434,-5.454780102064));
#3620 = CARTESIAN_POINT('',(-5.868845790238,-5.461361090573));
#3621 = CARTESIAN_POINT('',(-5.910191060038,-5.46794118115));
#3622 = CARTESIAN_POINT('',(-5.99298785812,-5.481116869608));
#3623 = CARTESIAN_POINT('',(-6.034443929882,-5.487713220445));
#3624 = CARTESIAN_POINT('',(-6.075901074232,-5.49430920545));
#3625 = CARTESIAN_POINT('',(-6.117358504572,-5.500904923465));
#3626 = CARTESIAN_POINT('',(-6.158815718687,-5.507500608107));
#3627 = CARTESIAN_POINT('',(-6.200272498737,-5.514096627762));
#3628 = CARTESIAN_POINT('',(-6.241728911261,-5.520693485591));
#3629 = CARTESIAN_POINT('',(-6.28318530718,-5.527291819524));
#3630 = ( GEOMETRIC_REPRESENTATION_CONTEXT(2) 
PARAMETRIC_REPRESENTATION_CONTEXT() REPRESENTATION_CONTEXT('2D SPACE',''
  ) );
#3631 = ORIENTED_EDGE('',*,*,#3632,.F.);
#3632 = EDGE_CURVE('',#3633,#3424,#3635,.T.);
#3633 = VERTEX_POINT('',#3634);
#3634 = CARTESIAN_POINT('',(3.,0.,3.527292804174));
#3635 = SURFACE_CURVE('',#3636,(#3702,#3771),.PCURVE_S1.);
#3636 = B_SPLINE_CURVE_WITH_KNOTS('',8,(#3637,#3638,#3639,#3640,#3641,
    #3642,#3643,#3644,#3645,#3646,#3647,#3648,#3649,#3650,#3651,#3652,
    #3653,#3654,#3655,#3656,#3657,#3658,#3659,#3660,#3661,#3662,#3663,
    #3664,#3665,#3666,#3667,#3668,#3669,#3670,#3671,#3672,#3673,#3674,
    #3675,#3676,#3677,#3678,#3679,#3680,#3681,#3682,#3683,#3684,#3685,
    #3686,#3687,#3688,#3689,#3690,#3691,#3692,#3693,#3694,#3695,#3696,
    #3697,#3698,#3699,#3700,#3701),.UNSPECIFIED.,.F.,.F.,(9,7,7,7,7,7,7,
    7,7,9),(0.,9.082177529869E-02,0.190444934256,0.301458277967,
    0.421469121011,0.514860338687,0.616551397885,0.796127845001,
    0.897570618973,1.),.UNSPECIFIED.);
#3637 = CARTESIAN_POINT('',(3.,1.820765760385E-14,3.527292804174));
#3638 = CARTESIAN_POINT('',(3.,0.213942406872,3.538643071922));
#3639 = CARTESIAN_POINT('',(2.982563168759,0.427925185021,3.549996272308
    ));
#3640 = CARTESIAN_POINT('',(2.947678705651,0.640235300243,3.561351074355
    ));
#3641 = CARTESIAN_POINT('',(2.895547596628,0.849210584503,3.572705213935
    ));
#3642 = CARTESIAN_POINT('',(2.826552081876,1.053237173957,3.584057503102
    ));
#3643 = CARTESIAN_POINT('',(2.741243590194,1.250752410705,3.595408241825
    ));
#3644 = CARTESIAN_POINT('',(2.640349140094,1.440253208275,3.606758032092
    ));
#3645 = CARTESIAN_POINT('',(2.39804523715,1.817815539084,3.630551571551)
  );
#3646 = CARTESIAN_POINT('',(2.253608053841,2.004034114189,3.642999515391
    ));
#3647 = CARTESIAN_POINT('',(2.092696159041,2.177049248462,3.655445814893
    ));
#3648 = CARTESIAN_POINT('',(1.916739337425,2.335176378164,3.667891542065
    ));
#3649 = CARTESIAN_POINT('',(1.727346217629,2.476932206781,3.68033921875)
  );
#3650 = CARTESIAN_POINT('',(1.526285360176,2.601029014132,3.692790636164
    ));
#3651 = CARTESIAN_POINT('',(1.315486872681,2.706393801282,3.705245127224
    ));
#3652 = CARTESIAN_POINT('',(0.853669418375,2.887842598705,3.731575259976
    ));
#3653 = CARTESIAN_POINT('',(0.60066761584,2.959256476593,3.745458477045)
  );
#3654 = CARTESIAN_POINT('',(0.340988234283,3.005272703189,3.759340188107
    ));
#3655 = CARTESIAN_POINT('',(7.762062365148E-02,3.025211747967,
    3.773219324392));
#3656 = CARTESIAN_POINT('',(-0.186423616754,3.018805201595,
    3.787096845567));
#3657 = CARTESIAN_POINT('',(-0.448122375134,2.986166022847,
    3.800974321258));
#3658 = CARTESIAN_POINT('',(-0.704453519099,2.927819960634,
    3.814852136303));
#3659 = CARTESIAN_POINT('',(-1.22050295619,2.755048309854,3.843719546651
    ));
#3660 = CARTESIAN_POINT('',(-1.479032129154,2.636386931324,
    3.858720418777));
#3661 = CARTESIAN_POINT('',(-1.724190850586,2.490047490351,
    3.873716607901));
#3662 = CARTESIAN_POINT('',(-1.952550058477,2.317850587509,
    3.888709767797));
#3663 = CARTESIAN_POINT('',(-2.161030164074,2.122055423519,
    3.903703964985));
#3664 = CARTESIAN_POINT('',(-2.3468817467,1.905313138131,3.918702726984)
  );
#3665 = CARTESIAN_POINT('',(-2.507728254246,1.670693760029,
    3.933706429549));
#3666 = CARTESIAN_POINT('',(-2.745963834739,1.228038965005,
    3.960375596508));
#3667 = CARTESIAN_POINT('',(-2.834008312469,1.025544015094,
    3.972049695507));
#3668 = CARTESIAN_POINT('',(-2.90494554638,0.815906630093,3.983723552673
    ));
#3669 = CARTESIAN_POINT('',(-2.95811742947,0.600822904675,3.995396540858
    ));
#3670 = CARTESIAN_POINT('',(-2.993068610649,0.382038073767,
    4.007069334634));
#3671 = CARTESIAN_POINT('',(-3.009537109757,0.161337235375,
    4.018742684625));
#3672 = CARTESIAN_POINT('',(-3.007467286721,-5.945959305498E-02,
    4.030416141371));
#3673 = CARTESIAN_POINT('',(-2.964808093123,-0.517002911857,
    4.054794501636));
#3674 = CARTESIAN_POINT('',(-2.920800213894,-0.753545806374,
    4.067505301725));
#3675 = CARTESIAN_POINT('',(-2.855226210501,-0.985714589201,
    4.080214566863));
#3676 = CARTESIAN_POINT('',(-2.768620960091,-1.211216190314,
    4.092922036499));
#3677 = CARTESIAN_POINT('',(-2.661792425001,-1.42786626437,
    4.105629629945));
#3678 = CARTESIAN_POINT('',(-2.535798163284,-1.633592740146,
    4.11833934509));
#3679 = CARTESIAN_POINT('',(-2.391955458368,-1.826453303833,
    4.131051177516));
#3680 = CARTESIAN_POINT('',(-1.949216441505,-2.319374418066,
    4.166205467222));
#3681 = CARTESIAN_POINT('',(-1.615172141389,-2.589264419335,
    4.18870461911));
#3682 = CARTESIAN_POINT('',(-1.23899668538,-2.803226361584,
    4.211173304511));
#3683 = CARTESIAN_POINT('',(-0.831923446666,-2.954363280223,
    4.233625645359));
#3684 = CARTESIAN_POINT('',(-0.405804274269,-3.037843238416,
    4.256070946537));
#3685 = CARTESIAN_POINT('',(2.672501062444E-02,-3.051608096489,
    4.278523444335));
#3686 = CARTESIAN_POINT('',(0.452493640859,-2.995697019959,
    4.301005599944));
#3687 = CARTESIAN_POINT('',(1.086845126158,-2.806398612202,
    4.336112953639));
#3688 = CARTESIAN_POINT('',(1.309665831291,-2.717203439014,
    4.348789664042));
#3689 = CARTESIAN_POINT('',(1.52401810675,-2.607816007017,4.361466588878
    ));
#3690 = CARTESIAN_POINT('',(1.727778387876,-2.47920038252,4.374144322986
    ));
#3691 = CARTESIAN_POINT('',(1.918978548565,-2.332563917806,
    4.386824777656));
#3692 = CARTESIAN_POINT('',(2.095805375122,-2.169335452026,
    4.399508977932));
#3693 = CARTESIAN_POINT('',(2.256620418077,-1.991172825012,
    4.412195322129));
#3694 = CARTESIAN_POINT('',(2.544774501993,-1.606967281084,
    4.437684636502));
#3695 = CARTESIAN_POINT('',(2.671839351726,-1.400581248552,
    4.450493183367));
#3696 = CARTESIAN_POINT('',(2.779701288135,-1.182804657379,
    4.463298706864));
#3697 = CARTESIAN_POINT('',(2.867197045861,-0.955736861643,
    4.476098717861));
#3698 = CARTESIAN_POINT('',(2.933442833202,-0.721583965779,
    4.488894655036));
#3699 = CARTESIAN_POINT('',(2.977820411794,-0.482641544347,
    4.501690768786));
#3700 = CARTESIAN_POINT('',(3.,-0.241289634333,4.514490709405));
#3701 = CARTESIAN_POINT('',(3.,3.685940441756E-14,4.527291819525));
#3702 = PCURVE('',#802,#3703);
#3703 = DEFINITIONAL_REPRESENTATION('',(#3704),#3770);
#3704 = B_SPLINE_CURVE_WITH_KNOTS('',8,(#3705,#3706,#3707,#3708,#3709,
    #3710,#3711,#3712,#3713,#3714,#3715,#3716,#3717,#3718,#3719,#3720,
    #3721,#3722,#3723,#3724,#3725,#3726,#3727,#3728,#3729,#3730,#3731,
    #3732,#3733,#3734,#3735,#3736,#3737,#3738,#3739,#3740,#3741,#3742,
    #3743,#3744,#3745,#3746,#3747,#3748,#3749,#3750,#3751,#3752,#3753,
    #3754,#3755,#3756,#3757,#3758,#3759,#3760,#3761,#3762,#3763,#3764,
    #3765,#3766,#3767,#3768,#3769),.UNSPECIFIED.,.F.,.F.,(9,7,7,7,7,7,7,
    7,7,9),(0.,9.082177529869E-02,0.190444934256,0.301458277967,
    0.421469121011,0.514860338687,0.616551397885,0.796127845001,
    0.897570618973,1.),.UNSPECIFIED.);
#3705 = CARTESIAN_POINT('',(5.696558221141E-02,25.449060526269));
#3706 = CARTESIAN_POINT('',(5.696613979388E-02,25.521272239389));
#3707 = CARTESIAN_POINT('',(5.697063206559E-02,25.593490616987));
#3708 = CARTESIAN_POINT('',(5.697952010472E-02,25.665705785628));
#3709 = CARTESIAN_POINT('',(5.698804215745E-02,25.737917854996));
#3710 = CARTESIAN_POINT('',(5.699199893597E-02,25.810132067323));
#3711 = CARTESIAN_POINT('',(5.699043134861E-02,25.882353254694));
#3712 = CARTESIAN_POINT('',(5.698519066203E-02,25.954579604249));
#3713 = CARTESIAN_POINT('',(5.696885665551E-02,26.106010200227));
#3714 = CARTESIAN_POINT('',(5.69573747599E-02,26.185242318603));
#3715 = CARTESIAN_POINT('',(5.694515109494E-02,26.264466236395));
#3716 = CARTESIAN_POINT('',(5.693530351836E-02,26.343679270042));
#3717 = CARTESIAN_POINT('',(5.693006731918E-02,26.422890650462));
#3718 = CARTESIAN_POINT('',(5.692998257988E-02,26.502110127576));
#3719 = CARTESIAN_POINT('',(5.693407364111E-02,26.581336431297));
#3720 = CARTESIAN_POINT('',(5.694876196884E-02,26.748810943548));
#3721 = CARTESIAN_POINT('',(5.696003026181E-02,26.837105303199));
#3722 = CARTESIAN_POINT('',(5.697293341835E-02,26.925385097847));
#3723 = CARTESIAN_POINT('',(5.698457621553E-02,27.013652352964));
#3724 = CARTESIAN_POINT('',(5.699262081407E-02,27.10192030041));
#3725 = CARTESIAN_POINT('',(5.699613506293E-02,27.190201767923));
#3726 = CARTESIAN_POINT('',(5.699562465087E-02,27.278497662524));
#3727 = CARTESIAN_POINT('',(5.698838358756E-02,27.462181853111));
#3728 = CARTESIAN_POINT('',(5.698115924561E-02,27.557643400111));
#3729 = CARTESIAN_POINT('',(5.697180001599E-02,27.653081660223));
#3730 = CARTESIAN_POINT('',(5.696264004229E-02,27.748500040228));
#3731 = CARTESIAN_POINT('',(5.695575215811E-02,27.843918093963));
#3732 = CARTESIAN_POINT('',(5.695202787906E-02,27.93935554687));
#3733 = CARTESIAN_POINT('',(5.695099572886E-02,28.034816226769));
#3734 = CARTESIAN_POINT('',(5.695237022762E-02,28.204488348025));
#3735 = CARTESIAN_POINT('',(5.695405829314E-02,28.278756915434));
#3736 = CARTESIAN_POINT('',(5.695642192211E-02,28.353021884974));
#3737 = CARTESIAN_POINT('',(5.695880369062E-02,28.427281270531));
#3738 = CARTESIAN_POINT('',(5.696059240521E-02,28.501541226963));
#3739 = CARTESIAN_POINT('',(5.696141144484E-02,28.575807677973));
#3740 = CARTESIAN_POINT('',(5.696120277028E-02,28.650077940876));
#3741 = CARTESIAN_POINT('',(5.695912189988E-02,28.805185875294));
#3742 = CARTESIAN_POINT('',(5.695710893431E-02,28.886061491442));
#3743 = CARTESIAN_POINT('',(5.695441558457E-02,28.966929415784));
#3744 = CARTESIAN_POINT('',(5.695177717591E-02,29.047785749191));
#3745 = CARTESIAN_POINT('',(5.695008053953E-02,29.128639999588));
#3746 = CARTESIAN_POINT('',(5.695006731597E-02,29.2095026174));
#3747 = CARTESIAN_POINT('',(5.69520765006E-02,29.290372541178));
#3748 = CARTESIAN_POINT('',(5.696244788826E-02,29.514001838587));
#3749 = CARTESIAN_POINT('',(5.697456920085E-02,29.657110459753));
#3750 = CARTESIAN_POINT('',(5.69906877763E-02,29.800013060534));
#3751 = CARTESIAN_POINT('',(5.700525883744E-02,29.942816389924));
#3752 = CARTESIAN_POINT('',(5.700492994981E-02,30.085620349464));
#3753 = CARTESIAN_POINT('',(5.698750500829E-02,30.228522208485));
#3754 = CARTESIAN_POINT('',(5.696599976272E-02,30.371625195876));
#3755 = CARTESIAN_POINT('',(5.694063428355E-02,30.595064807587));
#3756 = CARTESIAN_POINT('',(5.69331908793E-02,30.675740089242));
#3757 = CARTESIAN_POINT('',(5.69290714914E-02,30.756406602829));
#3758 = CARTESIAN_POINT('',(5.693000873876E-02,30.837062851524));
#3759 = CARTESIAN_POINT('',(5.693640423911E-02,30.917719771275));
#3760 = CARTESIAN_POINT('',(5.694683285989E-02,30.998388227781));
#3761 = CARTESIAN_POINT('',(5.695850389143E-02,31.079066537331));
#3762 = CARTESIAN_POINT('',(5.69789533551E-02,31.241173979001));
#3763 = CARTESIAN_POINT('',(5.698747855671E-02,31.322639363445));
#3764 = CARTESIAN_POINT('',(5.69926325172E-02,31.404095788486));
#3765 = CARTESIAN_POINT('',(5.699021548539E-02,31.485540219623));
#3766 = CARTESIAN_POINT('',(5.69802781333E-02,31.566981655825));
#3767 = CARTESIAN_POINT('',(5.696861139287E-02,31.648429487127));
#3768 = CARTESIAN_POINT('',(5.696289818523E-02,31.729883518194));
#3769 = CARTESIAN_POINT('',(5.696352704229E-02,31.811325657837));
#3770 = ( GEOMETRIC_REPRESENTATION_CONTEXT(2) 
PARAMETRIC_REPRESENTATION_CONTEXT() REPRESENTATION_CONTEXT('2D SPACE',''
  ) );
#3771 = PCURVE('',#1963,#3772);
#3772 = DEFINITIONAL_REPRESENTATION('',(#3773),#3839);
#3773 = B_SPLINE_CURVE_WITH_KNOTS('',8,(#3774,#3775,#3776,#3777,#3778,
    #3779,#3780,#3781,#3782,#3783,#3784,#3785,#3786,#3787,#3788,#3789,
    #3790,#3791,#3792,#3793,#3794,#3795,#3796,#3797,#3798,#3799,#3800,
    #3801,#3802,#3803,#3804,#3805,#3806,#3807,#3808,#3809,#3810,#3811,
    #3812,#3813,#3814,#3815,#3816,#3817,#3818,#3819,#3820,#3821,#3822,
    #3823,#3824,#3825,#3826,#3827,#3828,#3829,#3830,#3831,#3832,#3833,
    #3834,#3835,#3836,#3837,#3838),.UNSPECIFIED.,.F.,.F.,(9,7,7,7,7,7,7,
    7,7,9),(0.,9.082177529869E-02,0.190444934256,0.301458277967,
    0.421469121011,0.514860338687,0.616551397885,0.796127845001,
    0.897570618973,1.),.UNSPECIFIED.);
#3774 = CARTESIAN_POINT('',(0.,-3.527292804174));
#3775 = CARTESIAN_POINT('',(-7.131413562388E-02,-3.538643071922));
#3776 = CARTESIAN_POINT('',(-0.142641520063,-3.549996272308));
#3777 = CARTESIAN_POINT('',(-0.213964762398,-3.561351074355));
#3778 = CARTESIAN_POINT('',(-0.285281687973,-3.572705213935));
#3779 = CARTESIAN_POINT('',(-0.356597811781,-3.584057503102));
#3780 = CARTESIAN_POINT('',(-0.427919027246,-3.595408241825));
#3781 = CARTESIAN_POINT('',(-0.499244510415,-3.606758032092));
#3782 = CARTESIAN_POINT('',(-0.648786215868,-3.630551571551));
#3783 = CARTESIAN_POINT('',(-0.727029925969,-3.642999515391));
#3784 = CARTESIAN_POINT('',(-0.80526650497,-3.655445814893));
#3785 = CARTESIAN_POINT('',(-0.883493720396,-3.667891542065));
#3786 = CARTESIAN_POINT('',(-0.961720557073,-3.68033921875));
#3787 = CARTESIAN_POINT('',(-1.039956153782,-3.692790636164));
#3788 = CARTESIAN_POINT('',(-1.118198691663,-3.705245127224));
#3789 = CARTESIAN_POINT('',(-1.283593514633,-3.731575259976));
#3790 = CARTESIAN_POINT('',(-1.370791346807,-3.745458477046));
#3791 = CARTESIAN_POINT('',(-1.457974259828,-3.759340188107));
#3792 = CARTESIAN_POINT('',(-1.545144048429,-3.773219324392));
#3793 = CARTESIAN_POINT('',(-1.632314032528,-3.787096845567));
#3794 = CARTESIAN_POINT('',(-1.719497349726,-3.800974321258));
#3795 = CARTESIAN_POINT('',(-1.806695246829,-3.814852136303));
#3796 = CARTESIAN_POINT('',(-1.988096295716,-3.843719546651));
#3797 = CARTESIAN_POINT('',(-2.082371873179,-3.858720418777));
#3798 = CARTESIAN_POINT('',(-2.176625257278,-3.873716607901));
#3799 = CARTESIAN_POINT('',(-2.270859782592,-3.888709767797));
#3800 = CARTESIAN_POINT('',(-2.365094307498,-3.903703964985));
#3801 = CARTESIAN_POINT('',(-2.459347690643,-3.918702726984));
#3802 = CARTESIAN_POINT('',(-2.553623265704,-3.933706429549));
#3803 = CARTESIAN_POINT('',(-2.72118733616,-3.960375596508));
#3804 = CARTESIAN_POINT('',(-2.794532613031,-3.972049695507));
#3805 = CARTESIAN_POINT('',(-2.867873689467,-3.983723552673));
#3806 = CARTESIAN_POINT('',(-2.941208623319,-3.995396540858));
#3807 = CARTESIAN_POINT('',(-3.014543629698,-4.007069334634));
#3808 = CARTESIAN_POINT('',(-3.087884788876,-4.018742684625));
#3809 = CARTESIAN_POINT('',(-3.161229717848,-4.030416141371));
#3810 = CARTESIAN_POINT('',(-3.314405613608,-4.054794501636));
#3811 = CARTESIAN_POINT('',(-3.394274094019,-4.067505301725));
#3812 = CARTESIAN_POINT('',(-3.474135515733,-4.080214566863));
#3813 = CARTESIAN_POINT('',(-3.553986256448,-4.092922036499));
#3814 = CARTESIAN_POINT('',(-3.633835775653,-4.105629629945));
#3815 = CARTESIAN_POINT('',(-3.713694275761,-4.11833934509));
#3816 = CARTESIAN_POINT('',(-3.793560451369,-4.131051177516));
#3817 = CARTESIAN_POINT('',(-4.014414616904,-4.166205467222));
#3818 = CARTESIAN_POINT('',(-4.155747925474,-4.18870461911));
#3819 = CARTESIAN_POINT('',(-4.296876865874,-4.211173304511));
#3820 = CARTESIAN_POINT('',(-4.437905177591,-4.233625645359));
#3821 = CARTESIAN_POINT('',(-4.578931202907,-4.256070946537));
#3822 = CARTESIAN_POINT('',(-4.720055217566,-4.278523444335));
#3823 = CARTESIAN_POINT('',(-4.861379990873,-4.301005599944));
#3824 = CARTESIAN_POINT('',(-5.082044566412,-4.336112953639));
#3825 = CARTESIAN_POINT('',(-5.161718176466,-4.348789664042));
#3826 = CARTESIAN_POINT('',(-5.241383242939,-4.361466588878));
#3827 = CARTESIAN_POINT('',(-5.321037788021,-4.374144322986));
#3828 = CARTESIAN_POINT('',(-5.400692020193,-4.386824777656));
#3829 = CARTESIAN_POINT('',(-5.480356251008,-4.399508977932));
#3830 = CARTESIAN_POINT('',(-5.560028861998,-4.412195322129));
#3831 = CARTESIAN_POINT('',(-5.720114490496,-4.437684636502));
#3832 = CARTESIAN_POINT('',(-5.800563263903,-4.450493183367));
#3833 = CARTESIAN_POINT('',(-5.881003485954,-4.463298706864));
#3834 = CARTESIAN_POINT('',(-5.961433353868,-4.476098717861));
#3835 = CARTESIAN_POINT('',(-6.041863724769,-4.488894655036));
#3836 = CARTESIAN_POINT('',(-6.122305263144,-4.501690768786));
#3837 = CARTESIAN_POINT('',(-6.202755429069,-4.514490709405));
#3838 = CARTESIAN_POINT('',(-6.28318530718,-4.527291819525));
#3839 = ( GEOMETRIC_REPRESENTATION_CONTEXT(2) 
PARAMETRIC_REPRESENTATION_CONTEXT() REPRESENTATION_CONTEXT('2D SPACE',''
  ) );
#3840 = ORIENTED_EDGE('',*,*,#3841,.F.);
#3841 = EDGE_CURVE('',#3842,#3633,#3844,.T.);
#3842 = VERTEX_POINT('',#3843);
#3843 = CARTESIAN_POINT('',(3.,0.,2.527291819525));
#3844 = SURFACE_CURVE('',#3845,(#3911,#3980),.PCURVE_S1.);
#3845 = B_SPLINE_CURVE_WITH_KNOTS('',8,(#3846,#3847,#3848,#3849,#3850,
    #3851,#3852,#3853,#3854,#3855,#3856,#3857,#3858,#3859,#3860,#3861,
    #3862,#3863,#3864,#3865,#3866,#3867,#3868,#3869,#3870,#3871,#3872,
    #3873,#3874,#3875,#3876,#3877,#3878,#3879,#3880,#3881,#3882,#3883,
    #3884,#3885,#3886,#3887,#3888,#3889,#3890,#3891,#3892,#3893,#3894,
    #3895,#3896,#3897,#3898,#3899,#3900,#3901,#3902,#3903,#3904,#3905,
    #3906,#3907,#3908,#3909,#3910),.UNSPECIFIED.,.F.,.F.,(9,7,7,7,7,7,7,
    7,7,9),(0.,6.35881193715E-02,0.172860689078,0.360123643049,
    0.518601513548,0.610140846541,0.727582166929,0.877173193894,
    0.943128635521,1.),.UNSPECIFIED.);
#3846 = CARTESIAN_POINT('',(3.,3.28626015289E-14,2.527291819525));
#3847 = CARTESIAN_POINT('',(3.,0.149750005981,2.535236488687));
#3848 = CARTESIAN_POINT('',(2.991457119763,0.299510472864,2.543183376139
    ));
#3849 = CARTESIAN_POINT('',(2.97436925447,0.448704715621,2.551127656754)
  );
#3850 = CARTESIAN_POINT('',(2.94878240164,0.596762054327,2.559078444966)
  );
#3851 = CARTESIAN_POINT('',(2.914787073441,0.743121009084,2.56702323666)
  );
#3852 = CARTESIAN_POINT('',(2.872517469236,0.887226724538,2.574971680433
    ));
#3853 = CARTESIAN_POINT('',(2.822152570755,1.028534515273,2.582917929936
    ));
#3854 = CARTESIAN_POINT('',(2.663850503049,1.403614107049,2.604516298565
    ));
#3855 = CARTESIAN_POINT('',(2.540504045412,1.630980506997,2.618171349209
    ));
#3856 = CARTESIAN_POINT('',(2.395025470868,1.84583001267,2.631821408508)
  );
#3857 = CARTESIAN_POINT('',(2.228934782497,2.045668742631,2.645468159722
    ));
#3858 = CARTESIAN_POINT('',(2.044044266587,2.228255418611,2.659115745634
    ));
#3859 = CARTESIAN_POINT('',(1.842431687475,2.391590781146,2.672767641562
    ));
#3860 = CARTESIAN_POINT('',(1.626454140047,2.533945106038,2.68642417722)
  );
#3861 = CARTESIAN_POINT('',(1.00862903745,2.859576444884,2.723478128555)
  );
#3862 = CARTESIAN_POINT('',(0.582838949013,3.000230772553,2.746948926827
    ));
#3863 = CARTESIAN_POINT('',(0.1357270891,3.06756368534,2.770384210085));
#3864 = CARTESIAN_POINT('',(-0.317958893509,3.058916817311,
    2.793797110656));
#3865 = CARTESIAN_POINT('',(-0.76371522278,2.974065261926,2.817198474269
    ));
#3866 = CARTESIAN_POINT('',(-1.187397175153,2.816228060788,
    2.840612525747));
#3867 = CARTESIAN_POINT('',(-1.575149002858,2.591027966751,
    2.864066303064));
#3868 = CARTESIAN_POINT('',(-2.202030762154,2.071322212495,2.90725523289
    ));
#3869 = CARTESIAN_POINT('',(-2.455935814605,1.791887085679,
    2.927082701731));
#3870 = CARTESIAN_POINT('',(-2.668763523709,1.477207963545,
    2.946896108421));
#3871 = CARTESIAN_POINT('',(-2.835150039448,1.13454088401,2.966701929731
    ));
#3872 = CARTESIAN_POINT('',(-2.951078621458,0.771700165155,
    2.986508293533));
#3873 = CARTESIAN_POINT('',(-3.014083366097,0.397114424729,
    3.006322902376));
#3874 = CARTESIAN_POINT('',(-3.023071058473,1.97089537218E-02,
    3.026152177667));
#3875 = CARTESIAN_POINT('',(-2.954164627578,-0.565157607835,
    3.057394163588));
#3876 = CARTESIAN_POINT('',(-2.911341105047,-0.777266654948,
    3.068834741547));
#3877 = CARTESIAN_POINT('',(-2.851116464849,-0.985602906012,
    3.080274439303));
#3878 = CARTESIAN_POINT('',(-2.773895676259,-1.188499462445,
    3.091713064998));
#3879 = CARTESIAN_POINT('',(-2.680264121639,-1.384360829223,
    3.103151739114));
#3880 = CARTESIAN_POINT('',(-2.570974694445,-1.571665257015,
    3.114591642589));
#3881 = CARTESIAN_POINT('',(-2.446953005368,-1.748974523444,
    3.126032771968));
#3882 = CARTESIAN_POINT('',(-2.132743923097,-2.127892562909,
    3.152149675885));
#3883 = CARTESIAN_POINT('',(-1.933654477489,-2.322312594666,
    3.166833742952));
#3884 = CARTESIAN_POINT('',(-1.71442022124,-2.495294349809,
    3.181515720292));
#3885 = CARTESIAN_POINT('',(-1.477778873246,-2.644448375077,
    3.196195726839));
#3886 = CARTESIAN_POINT('',(-1.226731982527,-2.767826217217,
    3.210875525619));
#3887 = CARTESIAN_POINT('',(-0.964512622567,-2.863890979755,
    3.225556676595));
#3888 = CARTESIAN_POINT('',(-0.6945939979,-2.931562477015,3.24023884694)
  );
#3889 = CARTESIAN_POINT('',(-7.184117333958E-02,-3.019766069666,
    3.273603370104));
#3890 = CARTESIAN_POINT('',(0.284040575302,-3.022404612765,
    3.292311375217));
#3891 = CARTESIAN_POINT('',(0.639026682922,-2.976966947332,3.3110045819)
  );
#3892 = CARTESIAN_POINT('',(0.985578900637,-2.884061956367,
    3.329688568118));
#3893 = CARTESIAN_POINT('',(1.316509639448,-2.745447959967,
    3.348375099821));
#3894 = CARTESIAN_POINT('',(1.625058930603,-2.564135056389,
    3.367076354023));
#3895 = CARTESIAN_POINT('',(1.904896594914,-2.344252481816,
    3.385794903376));
#3896 = CARTESIAN_POINT('',(2.258878971593,-1.980303097182,
    3.412740345552));
#3897 = CARTESIAN_POINT('',(2.360606365813,-1.862523714962,
    3.420986062267));
#3898 = CARTESIAN_POINT('',(2.455298664196,-1.738791419608,
    3.429231726079));
#3899 = CARTESIAN_POINT('',(2.542551128385,-1.609597723439,
    3.437476939535));
#3900 = CARTESIAN_POINT('',(2.622002126193,-1.475463904456,
    3.445721469725));
#3901 = CARTESIAN_POINT('',(2.69333417379,-1.336940218834,3.453965123728
    ));
#3902 = CARTESIAN_POINT('',(2.756274977898,-1.19460511342,3.462207624062
    ));
#3903 = CARTESIAN_POINT('',(2.857439974259,-0.923569155631,
    3.477554326268));
#3904 = CARTESIAN_POINT('',(2.897881088029,-0.795674008622,
    3.484659809493));
#3905 = CARTESIAN_POINT('',(2.931775379857,-0.66576617918,3.491764989783
    ));
#3906 = CARTESIAN_POINT('',(2.959007079053,-0.534239324011,
    3.498869601684));
#3907 = CARTESIAN_POINT('',(2.979489303718,-0.401492741091,3.50597397597
    ));
#3908 = CARTESIAN_POINT('',(2.993163485635,-0.267930724702,3.5130790862)
  );
#3909 = CARTESIAN_POINT('',(3.,-0.133962108987,3.520185724156));
#3910 = CARTESIAN_POINT('',(3.,1.820765760385E-14,3.527292804174));
#3911 = PCURVE('',#802,#3912);
#3912 = DEFINITIONAL_REPRESENTATION('',(#3913),#3979);
#3913 = B_SPLINE_CURVE_WITH_KNOTS('',8,(#3914,#3915,#3916,#3917,#3918,
    #3919,#3920,#3921,#3922,#3923,#3924,#3925,#3926,#3927,#3928,#3929,
    #3930,#3931,#3932,#3933,#3934,#3935,#3936,#3937,#3938,#3939,#3940,
    #3941,#3942,#3943,#3944,#3945,#3946,#3947,#3948,#3949,#3950,#3951,
    #3952,#3953,#3954,#3955,#3956,#3957,#3958,#3959,#3960,#3961,#3962,
    #3963,#3964,#3965,#3966,#3967,#3968,#3969,#3970,#3971,#3972,#3973,
    #3974,#3975,#3976,#3977,#3978),.UNSPECIFIED.,.F.,.F.,(9,7,7,7,7,7,7,
    7,7,9),(0.,6.35881193715E-02,0.172860689078,0.360123643049,
    0.518601513548,0.610140846541,0.727582166929,0.877173193894,
    0.943128635521,1.),.UNSPECIFIED.);
#3914 = CARTESIAN_POINT('',(5.696352704177E-02,19.086795394702));
#3915 = CARTESIAN_POINT('',(5.696391732551E-02,19.137340296609));
#3916 = CARTESIAN_POINT('',(5.696885945344E-02,19.187885436901));
#3917 = CARTESIAN_POINT('',(5.696831142872E-02,19.238430726887));
#3918 = CARTESIAN_POINT('',(5.698105043575E-02,19.288976918463));
#3919 = CARTESIAN_POINT('',(5.698052623635E-02,19.339525387452));
#3920 = CARTESIAN_POINT('',(5.698680907896E-02,19.39007634271));
#3921 = CARTESIAN_POINT('',(5.69880203164E-02,19.44062879671));
#3922 = CARTESIAN_POINT('',(5.698737500031E-02,19.578045311316));
#3923 = CARTESIAN_POINT('',(5.69811243897E-02,19.664941417015));
#3924 = CARTESIAN_POINT('',(5.696861195381E-02,19.751824853899));
#3925 = CARTESIAN_POINT('',(5.695350911831E-02,19.838695140112));
#3926 = CARTESIAN_POINT('',(5.694061906094E-02,19.925563991889));
#3927 = CARTESIAN_POINT('',(5.693308417296E-02,20.012443941314));
#3928 = CARTESIAN_POINT('',(5.693117447164E-02,20.099336263118));
#3929 = CARTESIAN_POINT('',(5.693903656757E-02,20.335059360228));
#3930 = CARTESIAN_POINT('',(5.695804328556E-02,20.484328864994));
#3931 = CARTESIAN_POINT('',(5.698693409801E-02,20.633342285044));
#3932 = CARTESIAN_POINT('',(5.700710782221E-02,20.782239872447));
#3933 = CARTESIAN_POINT('',(5.700400536706E-02,20.931135008919));
#3934 = CARTESIAN_POINT('',(5.699090503027E-02,21.080141344862));
#3935 = CARTESIAN_POINT('',(5.697620725332E-02,21.229405296475));
#3936 = CARTESIAN_POINT('',(5.695570724402E-02,21.504247207263));
#3937 = CARTESIAN_POINT('',(5.694882446747E-02,21.630415801136));
#3938 = CARTESIAN_POINT('',(5.694737599219E-02,21.756478362951));
#3939 = CARTESIAN_POINT('',(5.695205800974E-02,21.882473977437));
#3940 = CARTESIAN_POINT('',(5.695839652978E-02,22.008467994036));
#3941 = CARTESIAN_POINT('',(5.696187309611E-02,22.134523191649));
#3942 = CARTESIAN_POINT('',(5.696190391065E-02,22.260682204486));
#3943 = CARTESIAN_POINT('',(5.695864586114E-02,22.459461933384));
#3944 = CARTESIAN_POINT('',(5.695675838365E-02,22.532255677056));
#3945 = CARTESIAN_POINT('',(5.695441751798E-02,22.605045202659));
#3946 = CARTESIAN_POINT('',(5.695215252359E-02,22.677827676258));
#3947 = CARTESIAN_POINT('',(5.695058705304E-02,22.750608325624));
#3948 = CARTESIAN_POINT('',(5.695026292359E-02,22.82339301263));
#3949 = CARTESIAN_POINT('',(5.695148131388E-02,22.896180797236));
#3950 = CARTESIAN_POINT('',(5.695759981157E-02,23.062324813877));
#3951 = CARTESIAN_POINT('',(5.696345606588E-02,23.155730890644));
#3952 = CARTESIAN_POINT('',(5.697158319914E-02,23.24911674988));
#3953 = CARTESIAN_POINT('',(5.698102082314E-02,23.342486075731));
#3954 = CARTESIAN_POINT('',(5.698963729706E-02,23.435856582732));
#3955 = CARTESIAN_POINT('',(5.69951077277E-02,23.52924528259));
#3956 = CARTESIAN_POINT('',(5.699614910927E-02,23.622653968665));
#3957 = CARTESIAN_POINT('',(5.69888385882E-02,23.834950195091));
#3958 = CARTESIAN_POINT('',(5.697782084902E-02,23.954009068209));
#3959 = CARTESIAN_POINT('',(5.69602049007E-02,24.072993902562));
#3960 = CARTESIAN_POINT('',(5.693984120964E-02,24.191928449618));
#3961 = CARTESIAN_POINT('',(5.692548433956E-02,24.310860881313));
#3962 = CARTESIAN_POINT('',(5.692583543713E-02,24.429842148592));
#3963 = CARTESIAN_POINT('',(5.693706936791E-02,24.548900279057));
#3964 = CARTESIAN_POINT('',(5.695835958432E-02,24.72026942915));
#3965 = CARTESIAN_POINT('',(5.696556014697E-02,24.772708916242));
#3966 = CARTESIAN_POINT('',(5.69728323979E-02,24.825147848214));
#3967 = CARTESIAN_POINT('',(5.697936689804E-02,24.877586163698));
#3968 = CARTESIAN_POINT('',(5.698435784459E-02,24.930024837125));
#3969 = CARTESIAN_POINT('',(5.698720190278E-02,24.982464480194));
#3970 = CARTESIAN_POINT('',(5.698769703749E-02,25.034903943349));
#3971 = CARTESIAN_POINT('',(5.698498614566E-02,25.132551995042));
#3972 = CARTESIAN_POINT('',(5.698210370969E-02,25.177767749506));
#3973 = CARTESIAN_POINT('',(5.697852422574E-02,25.222983701391));
#3974 = CARTESIAN_POINT('',(5.697396300541E-02,25.268199029605));
#3975 = CARTESIAN_POINT('',(5.6969054799E-02,25.313413903746));
#3976 = CARTESIAN_POINT('',(5.696564433396E-02,25.358628894673));
#3977 = CARTESIAN_POINT('',(5.696523307576E-02,25.403844463103));
#3978 = CARTESIAN_POINT('',(5.696558221141E-02,25.449060526269));
#3979 = ( GEOMETRIC_REPRESENTATION_CONTEXT(2) 
PARAMETRIC_REPRESENTATION_CONTEXT() REPRESENTATION_CONTEXT('2D SPACE',''
  ) );
#3980 = PCURVE('',#1749,#3981);
#3981 = DEFINITIONAL_REPRESENTATION('',(#3982),#4048);
#3982 = B_SPLINE_CURVE_WITH_KNOTS('',8,(#3983,#3984,#3985,#3986,#3987,
    #3988,#3989,#3990,#3991,#3992,#3993,#3994,#3995,#3996,#3997,#3998,
    #3999,#4000,#4001,#4002,#4003,#4004,#4005,#4006,#4007,#4008,#4009,
    #4010,#4011,#4012,#4013,#4014,#4015,#4016,#4017,#4018,#4019,#4020,
    #4021,#4022,#4023,#4024,#4025,#4026,#4027,#4028,#4029,#4030,#4031,
    #4032,#4033,#4034,#4035,#4036,#4037,#4038,#4039,#4040,#4041,#4042,
    #4043,#4044,#4045,#4046,#4047),.UNSPECIFIED.,.F.,.F.,(9,7,7,7,7,7,7,
    7,7,9),(0.,6.35881193715E-02,0.172860689078,0.360123643049,
    0.518601513548,0.610140846541,0.727582166929,0.877173193894,
    0.943128635521,1.),.UNSPECIFIED.);
#3983 = CARTESIAN_POINT('',(0.,-2.527291819525));
#3984 = CARTESIAN_POINT('',(-4.991666866029E-02,-2.535236488687));
#3985 = CARTESIAN_POINT('',(-9.983682422848E-02,-2.543183376139));
#3986 = CARTESIAN_POINT('',(-0.149757764281,-2.551127656754));
#3987 = CARTESIAN_POINT('',(-0.199678897178,-2.559078444966));
#3988 = CARTESIAN_POINT('',(-0.249601084664,-2.56702323666));
#3989 = CARTESIAN_POINT('',(-0.299524494259,-2.574971680433));
#3990 = CARTESIAN_POINT('',(-0.349448339063,-2.582917929936));
#3991 = CARTESIAN_POINT('',(-0.485154002912,-2.604516298565));
#3992 = CARTESIAN_POINT('',(-0.570965953093,-2.618171349209));
#3993 = CARTESIAN_POINT('',(-0.656764487513,-2.631821408508));
#3994 = CARTESIAN_POINT('',(-0.742551192709,-2.645468159722));
#3995 = CARTESIAN_POINT('',(-0.828338352537,-2.659115745634));
#3996 = CARTESIAN_POINT('',(-0.914137951674,-2.672767641562));
#3997 = CARTESIAN_POINT('',(-0.999950712383,-2.68642417722));
#3998 = CARTESIAN_POINT('',(-1.232746193973,-2.723478128555));
#3999 = CARTESIAN_POINT('',(-1.380162934167,-2.746948926827));
#4000 = CARTESIAN_POINT('',(-1.527325285068,-2.770384210086));
#4001 = CARTESIAN_POINT('',(-1.674368976178,-2.793797110656));
#4002 = CARTESIAN_POINT('',(-1.821410793319,-2.817198474269));
#4003 = CARTESIAN_POINT('',(-1.96856543165,-2.840612525747));
#4004 = CARTESIAN_POINT('',(-2.115976557859,-2.864066303064));
#4005 = CARTESIAN_POINT('',(-2.387407910167,-2.90725523289));
#4006 = CARTESIAN_POINT('',(-2.512011270821,-2.927082701731));
#4007 = CARTESIAN_POINT('',(-2.63650940636,-2.946896108421));
#4008 = CARTESIAN_POINT('',(-2.760939567582,-2.966701929731));
#4009 = CARTESIAN_POINT('',(-2.885365422272,-2.986508293533));
#4010 = CARTESIAN_POINT('',(-3.009850039709,-3.006322902376));
#4011 = CARTESIAN_POINT('',(-3.134436945352,-3.026152177667));
#4012 = CARTESIAN_POINT('',(-3.330740845536,-3.057394163588));
#4013 = CARTESIAN_POINT('',(-3.402628193199,-3.068834741547));
#4014 = CARTESIAN_POINT('',(-3.474511830309,-3.080274439303));
#4015 = CARTESIAN_POINT('',(-3.54638911028,-3.091713064998));
#4016 = CARTESIAN_POINT('',(-3.618265245744,-3.103151739114));
#4017 = CARTESIAN_POINT('',(-3.690145956407,-3.114591642589));
#4018 = CARTESIAN_POINT('',(-3.762030150711,-3.126032771968));
#4019 = CARTESIAN_POINT('',(-3.926112185753,-3.152149675885));
#4020 = CARTESIAN_POINT('',(-4.01835940319,-3.166833742952));
#4021 = CARTESIAN_POINT('',(-4.110586644002,-3.181515720292));
#4022 = CARTESIAN_POINT('',(-4.202797046679,-3.196195726839));
#4023 = CARTESIAN_POINT('',(-4.295007759883,-3.210875525619));
#4024 = CARTESIAN_POINT('',(-4.387235599585,-3.225556676595));
#4025 = CARTESIAN_POINT('',(-4.479482714866,-3.24023884694));
#4026 = CARTESIAN_POINT('',(-4.689138770309,-3.273603370104));
#4027 = CARTESIAN_POINT('',(-4.806716858495,-3.292311375217));
#4028 = CARTESIAN_POINT('',(-4.924222517383,-3.3110045819));
#4029 = CARTESIAN_POINT('',(-5.041679976453,-3.329688568118));
#4030 = CARTESIAN_POINT('',(-5.159137168879,-3.34837509982));
#4031 = CARTESIAN_POINT('',(-5.276641671926,-3.367076354024));
#4032 = CARTESIAN_POINT('',(-5.394219097182,-3.385794903376));
#4033 = CARTESIAN_POINT('',(-5.563453542578,-3.412740345552));
#4034 = CARTESIAN_POINT('',(-5.615239357563,-3.420986062267));
#4035 = CARTESIAN_POINT('',(-5.667024177031,-3.429231726079));
#4036 = CARTESIAN_POINT('',(-5.718808116091,-3.437476939535));
#4037 = CARTESIAN_POINT('',(-5.770592431398,-3.445721469725));
#4038 = CARTESIAN_POINT('',(-5.822378081577,-3.453965123728));
#4039 = CARTESIAN_POINT('',(-5.87416428765,-3.462207624062));
#4040 = CARTESIAN_POINT('',(-5.970597826596,-3.477554326268));
#4041 = CARTESIAN_POINT('',(-6.015251957003,-3.484659809493));
#4042 = CARTESIAN_POINT('',(-6.059907187115,-3.491764989783));
#4043 = CARTESIAN_POINT('',(-6.104562760343,-3.498869601684));
#4044 = CARTESIAN_POINT('',(-6.149218700829,-3.50597397597));
#4045 = CARTESIAN_POINT('',(-6.193875074417,-3.5130790862));
#4046 = CARTESIAN_POINT('',(-6.238531270851,-3.520185724156));
#4047 = CARTESIAN_POINT('',(-6.28318530718,-3.527292804174));
#4048 = ( GEOMETRIC_REPRESENTATION_CONTEXT(2) 
PARAMETRIC_REPRESENTATION_CONTEXT() REPRESENTATION_CONTEXT('2D SPACE',''
  ) );
#4049 = ORIENTED_EDGE('',*,*,#4050,.F.);
#4050 = EDGE_CURVE('',#4051,#3842,#4053,.T.);
#4051 = VERTEX_POINT('',#4052);
#4052 = CARTESIAN_POINT('',(3.,0.,1.527292804174));
#4053 = SURFACE_CURVE('',#4054,(#4113,#4175),.PCURVE_S1.);
#4054 = B_SPLINE_CURVE_WITH_KNOTS('',8,(#4055,#4056,#4057,#4058,#4059,
    #4060,#4061,#4062,#4063,#4064,#4065,#4066,#4067,#4068,#4069,#4070,
    #4071,#4072,#4073,#4074,#4075,#4076,#4077,#4078,#4079,#4080,#4081,
    #4082,#4083,#4084,#4085,#4086,#4087,#4088,#4089,#4090,#4091,#4092,
    #4093,#4094,#4095,#4096,#4097,#4098,#4099,#4100,#4101,#4102,#4103,
    #4104,#4105,#4106,#4107,#4108,#4109,#4110,#4111,#4112),
  .UNSPECIFIED.,.F.,.F.,(9,7,7,7,7,7,7,7,9),(0.,4.575766549881E-02,
    0.195963121036,0.303284516026,0.415148074247,0.589331562997,
    0.730420091518,0.858364888242,1.),.UNSPECIFIED.);
#4055 = CARTESIAN_POINT('',(3.,0.,1.527292804174));
#4056 = CARTESIAN_POINT('',(3.,0.107777322151,1.533010869895));
#4057 = CARTESIAN_POINT('',(2.995574756891,0.215557883549,1.538729135269
    ));
#4058 = CARTESIAN_POINT('',(2.986724154699,0.323127214696,1.54444773256)
  );
#4059 = CARTESIAN_POINT('',(2.973460249747,0.43027265216,1.550166698835)
  );
#4060 = CARTESIAN_POINT('',(2.955807270651,0.536783338581,1.555885975963
    ));
#4061 = CARTESIAN_POINT('',(2.933801618325,0.642450222666,1.561605410613
    ));
#4062 = CARTESIAN_POINT('',(2.907491865979,0.747066059193,1.567324754258
    ));
#4063 = CARTESIAN_POINT('',(2.776644233946,1.189715843815,1.591816721397
    ));
#4064 = CARTESIAN_POINT('',(2.630508809276,1.515861639578,1.610607736822
    ));
#4065 = CARTESIAN_POINT('',(2.440658798835,1.821028128082,1.62937991648)
  );
#4066 = CARTESIAN_POINT('',(2.210829179926,2.098534807054,1.648138309021
    ));
#4067 = CARTESIAN_POINT('',(1.945669106327,2.342505031331,1.666901278271
    ));
#4068 = CARTESIAN_POINT('',(1.650804873859,2.547990279223,1.685677729856
    ));
#4069 = CARTESIAN_POINT('',(1.332714072819,2.710913133482,1.704471070164
    ));
#4070 = CARTESIAN_POINT('',(0.760747163299,2.912931053397,1.736661432409
    ));
#4071 = CARTESIAN_POINT('',(0.514210291702,2.974189063168,1.750081491379
    ));
#4072 = CARTESIAN_POINT('',(0.262174405291,3.011547285732,1.763500334795
    ));
#4073 = CARTESIAN_POINT('',(7.349551125002E-03,3.024471274414,
    1.776916380329));
#4074 = CARTESIAN_POINT('',(-0.247536289174,3.012786214593,
    1.790330823553));
#4075 = CARTESIAN_POINT('',(-0.499752745043,2.976652592815,
    1.803745373986));
#4076 = CARTESIAN_POINT('',(-0.746583168212,2.916592575731,
    1.817159673002));
#4077 = CARTESIAN_POINT('',(-1.234204411337,2.747027734841,
    1.844544611463));
#4078 = CARTESIAN_POINT('',(-1.474466929117,2.635479038109,
    1.858524176149));
#4079 = CARTESIAN_POINT('',(-1.703064855784,2.499954488272,
    1.872500355187));
#4080 = CARTESIAN_POINT('',(-1.917225307439,2.341921638637,
    1.886474284712));
#4081 = CARTESIAN_POINT('',(-2.114435490783,2.163183917512,
    1.900448988995));
#4082 = CARTESIAN_POINT('',(-2.292431462027,1.965848525797,
    1.914427123541));
#4083 = CARTESIAN_POINT('',(-2.449227209434,1.752343681909,
    1.928408937143));
#4084 = CARTESIAN_POINT('',(-2.791821662377,1.172199559512,
    1.964152202091));
#4085 = CARTESIAN_POINT('',(-2.94564206785,0.78561825237,1.985963222882)
  );
#4086 = CARTESIAN_POINT('',(-3.037656013576,0.376726293765,
    2.007748814885));
#4087 = CARTESIAN_POINT('',(-3.064783530001,-4.287164395096E-02,
    2.029519238008));
#4088 = CARTESIAN_POINT('',(-3.0259297817,-0.461546470097,2.051285885061
    ));
#4089 = CARTESIAN_POINT('',(-2.922515263442,-0.867705861081,
    2.073065060382));
#4090 = CARTESIAN_POINT('',(-2.757939366169,-1.249836047385,
    2.094872167466));
#4091 = CARTESIAN_POINT('',(-2.362604482193,-1.878439367866,
    2.134267736423));
#4092 = CARTESIAN_POINT('',(-2.149918322099,-2.137598037977,
    2.151914589431));
#4093 = CARTESIAN_POINT('',(-1.904902151379,-2.368897673711,
    2.169555119329));
#4094 = CARTESIAN_POINT('',(-1.631947219079,-2.567772641999,
    2.187191570939));
#4095 = CARTESIAN_POINT('',(-1.335995293898,-2.730466752902,
    2.204828714763));
#4096 = CARTESIAN_POINT('',(-1.022544206654,-2.854102229987,
    2.22247012134));
#4097 = CARTESIAN_POINT('',(-0.697584289187,-2.936632966287,
    2.240117244684));
#4098 = CARTESIAN_POINT('',(-6.868140772337E-02,-3.014316145404,
    2.273731062736));
#4099 = CARTESIAN_POINT('',(0.234826443966,-3.016944543694,
    2.289723957263));
#4100 = CARTESIAN_POINT('',(0.537892587987,-2.98458929771,2.305709651927
    ));
#4101 = CARTESIAN_POINT('',(0.835810424079,-2.917510078052,
    2.321690001212));
#4102 = CARTESIAN_POINT('',(1.124054500442,-2.816664912509,
    2.337671441845));
#4103 = CARTESIAN_POINT('',(1.398277899291,-2.683637870429,
    2.353660383729));
#4104 = CARTESIAN_POINT('',(1.654349612655,-2.52070256761,2.369658358126
    ));
#4105 = CARTESIAN_POINT('',(2.147708026164,-2.120999434365,
    2.403352192535));
#4106 = CARTESIAN_POINT('',(2.380453263014,-1.87787342854,2.421073860697
    ));
#4107 = CARTESIAN_POINT('',(2.581414417845,-1.605768867999,
    2.438789030285));
#4108 = CARTESIAN_POINT('',(2.746547288235,-1.309648918446,
    2.456495899865));
#4109 = CARTESIAN_POINT('',(2.872682909301,-0.994932793838,
    2.474195209819));
#4110 = CARTESIAN_POINT('',(2.957605069802,-0.667491979911,
    2.491887614682));
#4111 = CARTESIAN_POINT('',(3.,-0.333596220426,2.509593579129));
#4112 = CARTESIAN_POINT('',(3.,3.28626015289E-14,2.527291819525));
#4113 = PCURVE('',#802,#4114);
#4114 = DEFINITIONAL_REPRESENTATION('',(#4115),#4174);
#4115 = B_SPLINE_CURVE_WITH_KNOTS('',8,(#4116,#4117,#4118,#4119,#4120,
    #4121,#4122,#4123,#4124,#4125,#4126,#4127,#4128,#4129,#4130,#4131,
    #4132,#4133,#4134,#4135,#4136,#4137,#4138,#4139,#4140,#4141,#4142,
    #4143,#4144,#4145,#4146,#4147,#4148,#4149,#4150,#4151,#4152,#4153,
    #4154,#4155,#4156,#4157,#4158,#4159,#4160,#4161,#4162,#4163,#4164,
    #4165,#4166,#4167,#4168,#4169,#4170,#4171,#4172,#4173),
  .UNSPECIFIED.,.F.,.F.,(9,7,7,7,7,7,7,7,9),(0.,4.575766549881E-02,
    0.195963121036,0.303284516026,0.415148074247,0.589331562997,
    0.730420091518,0.858364888242,1.),.UNSPECIFIED.);
#4116 = CARTESIAN_POINT('',(5.696558221041E-02,12.724530263135));
#4117 = CARTESIAN_POINT('',(5.696620728404E-02,12.760908207937));
#4118 = CARTESIAN_POINT('',(5.696752738516E-02,12.797285304414));
#4119 = CARTESIAN_POINT('',(5.696962169377E-02,12.8336621527));
#4120 = CARTESIAN_POINT('',(5.697242872451E-02,12.870039176034));
#4121 = CARTESIAN_POINT('',(5.697574632662E-02,12.906416620757));
#4122 = CARTESIAN_POINT('',(5.697923168398E-02,12.942794556317));
#4123 = CARTESIAN_POINT('',(5.698240131506E-02,12.979172875264));
#4124 = CARTESIAN_POINT('',(5.699195054169E-02,13.134968155676));
#4125 = CARTESIAN_POINT('',(5.699176937171E-02,13.254522129953));
#4126 = CARTESIAN_POINT('',(5.697503614103E-02,13.374006720123));
#4127 = CARTESIAN_POINT('',(5.694686619352E-02,13.493438455566));
#4128 = CARTESIAN_POINT('',(5.692979001379E-02,13.612865492507));
#4129 = CARTESIAN_POINT('',(5.692564702398E-02,13.732338884401));
#4130 = CARTESIAN_POINT('',(5.693234602161E-02,13.851886678077));
#4131 = CARTESIAN_POINT('',(5.695292455377E-02,14.05662756947));
#4132 = CARTESIAN_POINT('',(5.696423086035E-02,14.141975078629));
#4133 = CARTESIAN_POINT('',(5.69763802189E-02,14.227312284348));
#4134 = CARTESIAN_POINT('',(5.698683976861E-02,14.31263684012));
#4135 = CARTESIAN_POINT('',(5.69937168377E-02,14.397962121736));
#4136 = CARTESIAN_POINT('',(5.69963707332E-02,14.483300958565));
#4137 = CARTESIAN_POINT('',(5.699535065531E-02,14.56864939486));
#4138 = CARTESIAN_POINT('',(5.698781260695E-02,14.742902611527));
#4139 = CARTESIAN_POINT('',(5.698106790741E-02,14.831864867766));
#4140 = CARTESIAN_POINT('',(5.697256170932E-02,14.92081095305));
#4141 = CARTESIAN_POINT('',(5.696412331633E-02,15.009742519673));
#4142 = CARTESIAN_POINT('',(5.695741625754E-02,15.098673738041));
#4143 = CARTESIAN_POINT('',(5.6953277301E-02,15.187618952521));
#4144 = CARTESIAN_POINT('',(5.695153509641E-02,15.276580268299));
#4145 = CARTESIAN_POINT('',(5.69516756339E-02,15.503987968184));
#4146 = CARTESIAN_POINT('',(5.695611261704E-02,15.642741940346));
#4147 = CARTESIAN_POINT('',(5.696260387932E-02,15.78132786591));
#4148 = CARTESIAN_POINT('',(5.696591113801E-02,15.919826988623));
#4149 = CARTESIAN_POINT('',(5.69613985765E-02,16.058325923484));
#4150 = CARTESIAN_POINT('',(5.695457673439E-02,16.196911605635));
#4151 = CARTESIAN_POINT('',(5.695061325584E-02,16.335666284186));
#4152 = CARTESIAN_POINT('',(5.69520161417E-02,16.586307062606));
#4153 = CARTESIAN_POINT('',(5.695575396571E-02,16.698569626493));
#4154 = CARTESIAN_POINT('',(5.696361492695E-02,16.810779392873));
#4155 = CARTESIAN_POINT('',(5.697521583616E-02,16.922951811934));
#4156 = CARTESIAN_POINT('',(5.698755936274E-02,17.035126371308));
#4157 = CARTESIAN_POINT('',(5.6995594562E-02,17.147341184164));
#4158 = CARTESIAN_POINT('',(5.699696859249E-02,17.259612673335));
#4159 = CARTESIAN_POINT('',(5.698796012269E-02,17.473500155662));
#4160 = CARTESIAN_POINT('',(5.697863967418E-02,17.575279601647));
#4161 = CARTESIAN_POINT('',(5.696478518534E-02,17.677027060948));
#4162 = CARTESIAN_POINT('',(5.694852035676E-02,17.778747858741));
#4163 = CARTESIAN_POINT('',(5.693492395863E-02,17.880467465937));
#4164 = CARTESIAN_POINT('',(5.692881147268E-02,17.982211985459));
#4165 = CARTESIAN_POINT('',(5.693115014935E-02,18.083988211334));
#4166 = CARTESIAN_POINT('',(5.694830683838E-02,18.298305021896));
#4167 = CARTESIAN_POINT('',(5.696444653892E-02,18.411005776104));
#4168 = CARTESIAN_POINT('',(5.698439582053E-02,18.523653572156));
#4169 = CARTESIAN_POINT('',(5.699911202386E-02,18.636264513149));
#4170 = CARTESIAN_POINT('',(5.699827578158E-02,18.74887476352));
#4171 = CARTESIAN_POINT('',(5.697334678337E-02,18.861514523979));
#4172 = CARTESIAN_POINT('',(5.696265761154E-02,18.974197147192));
#4173 = CARTESIAN_POINT('',(5.696352704177E-02,19.086795394702));
#4174 = ( GEOMETRIC_REPRESENTATION_CONTEXT(2) 
PARAMETRIC_REPRESENTATION_CONTEXT() REPRESENTATION_CONTEXT('2D SPACE',''
  ) );
#4175 = PCURVE('',#1528,#4176);
#4176 = DEFINITIONAL_REPRESENTATION('',(#4177),#4236);
#4177 = B_SPLINE_CURVE_WITH_KNOTS('',8,(#4178,#4179,#4180,#4181,#4182,
    #4183,#4184,#4185,#4186,#4187,#4188,#4189,#4190,#4191,#4192,#4193,
    #4194,#4195,#4196,#4197,#4198,#4199,#4200,#4201,#4202,#4203,#4204,
    #4205,#4206,#4207,#4208,#4209,#4210,#4211,#4212,#4213,#4214,#4215,
    #4216,#4217,#4218,#4219,#4220,#4221,#4222,#4223,#4224,#4225,#4226,
    #4227,#4228,#4229,#4230,#4231,#4232,#4233,#4234,#4235),
  .UNSPECIFIED.,.F.,.F.,(9,7,7,7,7,7,7,7,9),(0.,4.575766549881E-02,
    0.195963121036,0.303284516026,0.415148074247,0.589331562997,
    0.730420091518,0.858364888242,1.),.UNSPECIFIED.);
#4178 = CARTESIAN_POINT('',(0.,-1.527292804174));
#4179 = CARTESIAN_POINT('',(-3.592577405025E-02,-1.533010869895));
#4180 = CARTESIAN_POINT('',(-7.185233274418E-02,-1.538729135269));
#4181 = CARTESIAN_POINT('',(-0.107779435563,-1.54444773256));
#4182 = CARTESIAN_POINT('',(-0.143706860137,-1.550166698835));
#4183 = CARTESIAN_POINT('',(-0.179634402246,-1.555885975963));
#4184 = CARTESIAN_POINT('',(-0.215561875819,-1.561605410613));
#4185 = CARTESIAN_POINT('',(-0.251489112936,-1.567324754258));
#4186 = CARTESIAN_POINT('',(-0.405350498834,-1.591816721397));
#4187 = CARTESIAN_POINT('',(-0.52341454284,-1.610607736822));
#4188 = CARTESIAN_POINT('',(-0.641404336997,-1.62937991648));
#4189 = CARTESIAN_POINT('',(-0.759345812708,-1.648138309021));
#4190 = CARTESIAN_POINT('',(-0.87728722947,-1.666901278271));
#4191 = CARTESIAN_POINT('',(-0.995276775758,-1.685677729856));
#4192 = CARTESIAN_POINT('',(-1.113340355968,-1.704471070164));
#4193 = CARTESIAN_POINT('',(-1.315538659498,-1.736661432409));
#4194 = CARTESIAN_POINT('',(-1.399826081336,-1.750081491379));
#4195 = CARTESIAN_POINT('',(-1.484102755272,-1.763500334795));
#4196 = CARTESIAN_POINT('',(-1.568366324303,-1.776916380329));
#4197 = CARTESIAN_POINT('',(-1.652630232498,-1.790330823553));
#4198 = CARTESIAN_POINT('',(-1.736907537326,-1.803745373986));
#4199 = CARTESIAN_POINT('',(-1.821194695581,-1.817159673002));
#4200 = CARTESIAN_POINT('',(-1.993282112647,-1.844544611463));
#4201 = CARTESIAN_POINT('',(-2.081139182735,-1.858524176149));
#4202 = CARTESIAN_POINT('',(-2.168980969353,-1.872500355187));
#4203 = CARTESIAN_POINT('',(-2.256809070323,-1.886474284712));
#4204 = CARTESIAN_POINT('',(-2.34463714246,-1.900448988995));
#4205 = CARTESIAN_POINT('',(-2.432478874822,-1.914427123541));
#4206 = CARTESIAN_POINT('',(-2.520335962278,-1.928408937143));
#4207 = CARTESIAN_POINT('',(-2.744919072838,-1.964152202091));
#4208 = CARTESIAN_POINT('',(-2.881947800355,-1.985963222882));
#4209 = CARTESIAN_POINT('',(-3.018808023113,-2.007748814885));
#4210 = CARTESIAN_POINT('',(-3.155580204201,-2.029519238008));
#4211 = CARTESIAN_POINT('',(-3.292352416724,-2.051285885061));
#4212 = CARTESIAN_POINT('',(-3.429212856352,-2.073065060382));
#4213 = CARTESIAN_POINT('',(-3.566242736564,-2.094872167466));
#4214 = CARTESIAN_POINT('',(-3.813770917902,-2.134267736423));
#4215 = CARTESIAN_POINT('',(-3.924640433656,-2.151914589431));
#4216 = CARTESIAN_POINT('',(-4.03545842332,-2.169555119329));
#4217 = CARTESIAN_POINT('',(-4.146239263349,-2.187191570939));
#4218 = CARTESIAN_POINT('',(-4.257020919801,-2.204828714763));
#4219 = CARTESIAN_POINT('',(-4.3678409342,-2.22247012134));
#4220 = CARTESIAN_POINT('',(-4.47871621339,-2.240117244684));
#4221 = CARTESIAN_POINT('',(-4.689943713344,-2.273731062736));
#4222 = CARTESIAN_POINT('',(-4.790457366301,-2.289723957263));
#4223 = CARTESIAN_POINT('',(-4.890939878638,-2.305709651927));
#4224 = CARTESIAN_POINT('',(-4.991397086788,-2.321690001212));
#4225 = CARTESIAN_POINT('',(-5.09185416624,-2.337671441845));
#4226 = CARTESIAN_POINT('',(-5.192336010696,-2.353660383729));
#4227 = CARTESIAN_POINT('',(-5.292847917548,-2.369658358126));
#4228 = CARTESIAN_POINT('',(-5.504498866808,-2.403352192535));
#4229 = CARTESIAN_POINT('',(-5.615795715758,-2.421073860697));
#4230 = CARTESIAN_POINT('',(-5.727037517012,-2.438789030285));
#4231 = CARTESIAN_POINT('',(-5.838241134793,-2.456495899865));
#4232 = CARTESIAN_POINT('',(-5.949445034971,-2.474195209819));
#4233 = CARTESIAN_POINT('',(-6.060688137655,-2.491887614682));
#4234 = CARTESIAN_POINT('',(-6.171986567038,-2.509593579129));
#4235 = CARTESIAN_POINT('',(-6.28318530718,-2.527291819525));
#4236 = ( GEOMETRIC_REPRESENTATION_CONTEXT(2) 
PARAMETRIC_REPRESENTATION_CONTEXT() REPRESENTATION_CONTEXT('2D SPACE',''
  ) );
#4237 = ORIENTED_EDGE('',*,*,#4238,.F.);
#4238 = EDGE_CURVE('',#2890,#4051,#4239,.T.);
#4239 = SURFACE_CURVE('',#4240,(#4299,#4361),.PCURVE_S1.);
#4240 = B_SPLINE_CURVE_WITH_KNOTS('',8,(#4241,#4242,#4243,#4244,#4245,
    #4246,#4247,#4248,#4249,#4250,#4251,#4252,#4253,#4254,#4255,#4256,
    #4257,#4258,#4259,#4260,#4261,#4262,#4263,#4264,#4265,#4266,#4267,
    #4268,#4269,#4270,#4271,#4272,#4273,#4274,#4275,#4276,#4277,#4278,
    #4279,#4280,#4281,#4282,#4283,#4284,#4285,#4286,#4287,#4288,#4289,
    #4290,#4291,#4292,#4293,#4294,#4295,#4296,#4297,#4298),
  .UNSPECIFIED.,.F.,.F.,(9,7,7,7,7,7,7,7,9),(0.,3.779858611863E-02,
    0.196379016014,0.304601085289,0.416629012354,0.589064893687,
    0.728300392207,0.856993125514,1.),.UNSPECIFIED.);
#4241 = CARTESIAN_POINT('',(3.,-1.33226762955E-15,0.527292804174));
#4242 = CARTESIAN_POINT('',(3.,8.902538480863E-02,0.532015991666));
#4243 = CARTESIAN_POINT('',(2.996980980624,0.17805094914,0.536739164817)
  );
#4244 = CARTESIAN_POINT('',(2.990942490703,0.266958379799,0.541462584896
    ));
#4245 = CARTESIAN_POINT('',(2.981889894877,0.355629121738,0.546186388897
    ));
#4246 = CARTESIAN_POINT('',(2.969834373598,0.44394437805,0.550910589542)
  );
#4247 = CARTESIAN_POINT('',(2.954792923128,0.531785109975,0.555635075276
    ));
#4248 = CARTESIAN_POINT('',(2.936788355539,0.619032036895,0.560359610273
    ));
#4249 = CARTESIAN_POINT('',(2.828001445827,1.06860925276,0.584903874667)
  );
#4250 = CARTESIAN_POINT('',(2.688374202412,1.419649582053,0.604749711463
    ));
#4251 = CARTESIAN_POINT('',(2.498991141249,1.749254061284,0.624571997301
    ));
#4252 = CARTESIAN_POINT('',(2.263995041903,2.049406070045,0.6443749168)
  );
#4253 = CARTESIAN_POINT('',(1.988649311195,2.313032657412,0.664183023573
    ));
#4254 = CARTESIAN_POINT('',(1.679469626403,2.534194058948,0.68400718934)
  );
#4255 = CARTESIAN_POINT('',(1.344023188396,2.707973410241,0.703853105552
    ));
#4256 = CARTESIAN_POINT('',(0.750907870861,2.915667158435,0.737202213669
    ));
#4257 = CARTESIAN_POINT('',(0.502071835911,2.976575559075,0.750734756773
    ));
#4258 = CARTESIAN_POINT('',(0.247732481603,3.013158610641,0.764265986704
    ));
#4259 = CARTESIAN_POINT('',(-9.32858920049E-03,3.024879548071,
    0.777794259085));
#4260 = CARTESIAN_POINT('',(-0.266313350772,3.011573550578,0.79132084621
    ));
#4261 = CARTESIAN_POINT('',(-0.520423606148,2.973421889456,
    0.804847576191));
#4262 = CARTESIAN_POINT('',(-0.768877946057,2.910979249624,
    0.818374136288));
#4263 = CARTESIAN_POINT('',(-1.257422801484,2.736514498483,
    0.845891435764));
#4264 = CARTESIAN_POINT('',(-1.49708162467,2.622765583693,0.859891215927
    ));
#4265 = CARTESIAN_POINT('',(-1.724837266894,2.48507116839,0.87388763669)
  );
#4266 = CARTESIAN_POINT('',(-1.937917643577,2.324929049092,0.88788185799
    ));
#4267 = CARTESIAN_POINT('',(-2.133815077444,2.14417246072,0.901876911637
    ));
#4268 = CARTESIAN_POINT('',(-2.310274694295,1.94493793136,0.915875441325
    ));
#4269 = CARTESIAN_POINT('',(-2.465323953378,1.729682488066,
    0.929877667576));
#4270 = CARTESIAN_POINT('',(-2.800602791919,1.149598558999,0.96542262196
    ));
#4271 = CARTESIAN_POINT('',(-2.94982180396,0.765850057836,0.98701230003)
  );
#4272 = CARTESIAN_POINT('',(-3.038355845499,0.360698324848,
    1.008577963907));
#4273 = CARTESIAN_POINT('',(-3.063273229701,-5.459104364822E-02,
    1.030129028773));
#4274 = CARTESIAN_POINT('',(-3.02357352395,-0.468725281272,
    1.051676168602));
#4275 = CARTESIAN_POINT('',(-2.920659065871,-0.870452980882,
    1.073235095277));
#4276 = CARTESIAN_POINT('',(-2.757879048116,-1.248625377424,1.0948194913
    ));
#4277 = CARTESIAN_POINT('',(-2.368113712512,-1.87071966328,
    1.133765460234));
#4278 = CARTESIAN_POINT('',(-2.15912512704,-2.12710910288,1.151179787603
    ));
#4279 = CARTESIAN_POINT('',(-1.918563442569,-2.356497001517,
    1.168588327758));
#4280 = CARTESIAN_POINT('',(-1.650623656885,-2.554475459537,
    1.185993122727));
#4281 = CARTESIAN_POINT('',(-1.36003208616,-2.717403787907,
    1.203398713821));
#4282 = CARTESIAN_POINT('',(-1.052048587048,-2.842469629454,
    1.220808465546));
#4283 = CARTESIAN_POINT('',(-0.732409478215,-2.927649492521,
    1.238223514077));
#4284 = CARTESIAN_POINT('',(-0.107178623113,-3.013369651753,
    1.271699850537));
#4285 = CARTESIAN_POINT('',(0.198077566002,-3.019889086834,
    1.287786976146));
#4286 = CARTESIAN_POINT('',(0.503332082075,-2.991004637848,1.3038666919)
  );
#4287 = CARTESIAN_POINT('',(0.803789053053,-2.92692246098,1.319940732031
    ));
#4288 = CARTESIAN_POINT('',(1.094831615745,-2.828566516229,
    1.336015597509));
#4289 = CARTESIAN_POINT('',(1.37201956591,-2.697502315099,1.352097893507
    ));
#4290 = CARTESIAN_POINT('',(1.631126434076,-2.53600216736,1.36818937708)
  );
#4291 = CARTESIAN_POINT('',(2.13183059013,-2.137464547327,1.402147923625
    ));
#4292 = CARTESIAN_POINT('',(2.36869717568,-1.893688002445,1.420041998511
    ));
#4293 = CARTESIAN_POINT('',(2.573360175155,-1.620126470196,1.43792939053
    ));
#4294 = CARTESIAN_POINT('',(2.741622895579,-1.321867581618,
    1.455808326154));
#4295 = CARTESIAN_POINT('',(2.870195653981,-1.004473433545,
    1.473679669092));
#4296 = CARTESIAN_POINT('',(2.956777942232,-0.673979464439,
    1.491543779837));
#4297 = CARTESIAN_POINT('',(3.,-0.336834671942,1.509422228502));
#4298 = CARTESIAN_POINT('',(3.,0.,1.527292804174));
#4299 = PCURVE('',#802,#4300);
#4300 = DEFINITIONAL_REPRESENTATION('',(#4301),#4360);
#4301 = B_SPLINE_CURVE_WITH_KNOTS('',8,(#4302,#4303,#4304,#4305,#4306,
    #4307,#4308,#4309,#4310,#4311,#4312,#4313,#4314,#4315,#4316,#4317,
    #4318,#4319,#4320,#4321,#4322,#4323,#4324,#4325,#4326,#4327,#4328,
    #4329,#4330,#4331,#4332,#4333,#4334,#4335,#4336,#4337,#4338,#4339,
    #4340,#4341,#4342,#4343,#4344,#4345,#4346,#4347,#4348,#4349,#4350,
    #4351,#4352,#4353,#4354,#4355,#4356,#4357,#4358,#4359),
  .UNSPECIFIED.,.F.,.F.,(9,7,7,7,7,7,7,7,9),(0.,3.779858611863E-02,
    0.196379016014,0.304601085289,0.416629012354,0.589064893687,
    0.728300392207,0.856993125514,1.),.UNSPECIFIED.);
#4302 = CARTESIAN_POINT('',(5.696558221006E-02,6.362265131567));
#4303 = CARTESIAN_POINT('',(5.696608882202E-02,6.392313758402));
#4304 = CARTESIAN_POINT('',(5.696695830202E-02,6.422361187908));
#4305 = CARTESIAN_POINT('',(5.696836800523E-02,6.452408541727));
#4306 = CARTESIAN_POINT('',(5.697037047863E-02,6.482456531277));
#4307 = CARTESIAN_POINT('',(5.697289346099E-02,6.512505457755));
#4308 = CARTESIAN_POINT('',(5.697573988286E-02,6.542555212133));
#4309 = CARTESIAN_POINT('',(5.697858786662E-02,6.572605275163));
#4310 = CARTESIAN_POINT('',(5.699107169979E-02,6.728724339357));
#4311 = CARTESIAN_POINT('',(5.699646422113E-02,6.854972377125));
#4312 = CARTESIAN_POINT('',(5.698284073283E-02,6.981128541817));
#4313 = CARTESIAN_POINT('',(5.695023571501E-02,7.107219353815));
#4314 = CARTESIAN_POINT('',(5.693033640826E-02,7.233304438363));
#4315 = CARTESIAN_POINT('',(5.692484847091E-02,7.359447765316));
#4316 = CARTESIAN_POINT('',(5.69318408725E-02,7.48569143161));
#4317 = CARTESIAN_POINT('',(5.695334755642E-02,7.697801742247));
#4318 = CARTESIAN_POINT('',(5.696480177978E-02,7.783864454413));
#4319 = CARTESIAN_POINT('',(5.697703794047E-02,7.86991642835));
#4320 = CARTESIAN_POINT('',(5.698746199422E-02,7.955955109274));
#4321 = CARTESIAN_POINT('',(5.69941653069E-02,8.041994409767));
#4322 = CARTESIAN_POINT('',(5.699654799324E-02,8.128047789326));
#4323 = CARTESIAN_POINT('',(5.699523475279E-02,8.214111354008));
#4324 = CARTESIAN_POINT('',(5.698719268867E-02,8.389208222891));
#4325 = CARTESIAN_POINT('',(5.698027985521E-02,8.478299607867));
#4326 = CARTESIAN_POINT('',(5.69717217466E-02,8.567374634606));
#4327 = CARTESIAN_POINT('',(5.696336185733E-02,8.656435063585));
#4328 = CARTESIAN_POINT('',(5.695683330284E-02,8.745495205887));
#4329 = CARTESIAN_POINT('',(5.695291595416E-02,8.834569504153));
#4330 = CARTESIAN_POINT('',(5.69513845695E-02,8.923660047991));
#4331 = CARTESIAN_POINT('',(5.695194417839E-02,9.149804766069));
#4332 = CARTESIAN_POINT('',(5.695642826077E-02,9.287150353585));
#4333 = CARTESIAN_POINT('',(5.696271051668E-02,9.4243376752));
#4334 = CARTESIAN_POINT('',(5.696573789568E-02,9.561442035663));
#4335 = CARTESIAN_POINT('',(5.696125737926E-02,9.698544309676));
#4336 = CARTESIAN_POINT('',(5.695457235042E-02,9.835728294515));
#4337 = CARTESIAN_POINT('',(5.695066208978E-02,9.973065864029));
#4338 = CARTESIAN_POINT('',(5.695195751282E-02,10.220846495471));
#4339 = CARTESIAN_POINT('',(5.695555365673E-02,10.331630101465));
#4340 = CARTESIAN_POINT('',(5.696315424768E-02,10.442364681256));
#4341 = CARTESIAN_POINT('',(5.697442684519E-02,10.55306424011));
#4342 = CARTESIAN_POINT('',(5.698658507233E-02,10.663766164464));
#4343 = CARTESIAN_POINT('',(5.699484653038E-02,10.774506438045));
#4344 = CARTESIAN_POINT('',(5.699679952072E-02,10.88529964093));
#4345 = CARTESIAN_POINT('',(5.698905450266E-02,11.098308577638));
#4346 = CARTESIAN_POINT('',(5.698020541852E-02,11.200686109921));
#4347 = CARTESIAN_POINT('',(5.696657780089E-02,11.303031064783));
#4348 = CARTESIAN_POINT('',(5.695014146099E-02,11.40534847138));
#4349 = CARTESIAN_POINT('',(5.693599497628E-02,11.507664149001));
#4350 = CARTESIAN_POINT('',(5.6929155729E-02,11.610004827474));
#4351 = CARTESIAN_POINT('',(5.69308594252E-02,11.712377919076));
#4352 = CARTESIAN_POINT('',(5.694719713175E-02,11.928381394861));
#4353 = CARTESIAN_POINT('',(5.696325996876E-02,12.042179280644));
#4354 = CARTESIAN_POINT('',(5.698364405362E-02,12.155921476126));
#4355 = CARTESIAN_POINT('',(5.699916085213E-02,12.269624706432));
#4356 = CARTESIAN_POINT('',(5.699913673262E-02,12.383327000877));
#4357 = CARTESIAN_POINT('',(5.697395709436E-02,12.49705996387));
#4358 = CARTESIAN_POINT('',(5.696362867817E-02,12.610838877426));
#4359 = CARTESIAN_POINT('',(5.696558221041E-02,12.724530263135));
#4360 = ( GEOMETRIC_REPRESENTATION_CONTEXT(2) 
PARAMETRIC_REPRESENTATION_CONTEXT() REPRESENTATION_CONTEXT('2D SPACE',''
  ) );
#4361 = PCURVE('',#1300,#4362);
#4362 = DEFINITIONAL_REPRESENTATION('',(#4363),#4422);
#4363 = B_SPLINE_CURVE_WITH_KNOTS('',8,(#4364,#4365,#4366,#4367,#4368,
    #4369,#4370,#4371,#4372,#4373,#4374,#4375,#4376,#4377,#4378,#4379,
    #4380,#4381,#4382,#4383,#4384,#4385,#4386,#4387,#4388,#4389,#4390,
    #4391,#4392,#4393,#4394,#4395,#4396,#4397,#4398,#4399,#4400,#4401,
    #4402,#4403,#4404,#4405,#4406,#4407,#4408,#4409,#4410,#4411,#4412,
    #4413,#4414,#4415,#4416,#4417,#4418,#4419,#4420,#4421),
  .UNSPECIFIED.,.F.,.F.,(9,7,7,7,7,7,7,7,9),(0.,3.779858611863E-02,
    0.196379016014,0.304601085289,0.416629012354,0.589064893687,
    0.728300392207,0.856993125514,1.),.UNSPECIFIED.);
#4364 = CARTESIAN_POINT('',(0.,-0.527292804174));
#4365 = CARTESIAN_POINT('',(-2.967512826954E-02,-0.532015991666));
#4366 = CARTESIAN_POINT('',(-5.935020225579E-02,-0.536739164817));
#4367 = CARTESIAN_POINT('',(-8.902583495886E-02,-0.541462584896));
#4368 = CARTESIAN_POINT('',(-0.118702335324,-0.546186388897));
#4369 = CARTESIAN_POINT('',(-0.14837970824,-0.550910589542));
#4370 = CARTESIAN_POINT('',(-0.178057654542,-0.555635075276));
#4371 = CARTESIAN_POINT('',(-0.207735571009,-0.560359610273));
#4372 = CARTESIAN_POINT('',(-0.361919539317,-0.584903874667));
#4373 = CARTESIAN_POINT('',(-0.486596553091,-0.604749711463));
#4374 = CARTESIAN_POINT('',(-0.611173395218,-0.624571997302));
#4375 = CARTESIAN_POINT('',(-0.735689772241,-0.6443749168));
#4376 = CARTESIAN_POINT('',(-0.860206096772,-0.664183023573));
#4377 = CARTESIAN_POINT('',(-0.984782697443,-0.68400718934));
#4378 = CARTESIAN_POINT('',(-1.109459055476,-0.703853105552));
#4379 = CARTESIAN_POINT('',(-1.318935246893,-0.737202213669));
#4380 = CARTESIAN_POINT('',(-1.403928973139,-0.750734756773));
#4381 = CARTESIAN_POINT('',(-1.488911504894,-0.764265986704));
#4382 = CARTESIAN_POINT('',(-1.573880289677,-0.777794259085));
#4383 = CARTESIAN_POINT('',(-1.65884931769,-0.79132084621));
#4384 = CARTESIAN_POINT('',(-1.743832282114,-0.804847576191));
#4385 = CARTESIAN_POINT('',(-1.828825705231,-0.818374136288));
#4386 = CARTESIAN_POINT('',(-2.001746375917,-0.845891435764));
#4387 = CARTESIAN_POINT('',(-2.089731026611,-0.859891215927));
#4388 = CARTESIAN_POINT('',(-2.177700210282,-0.87388763669));
#4389 = CARTESIAN_POINT('',(-2.265655614814,-0.88788185799));
#4390 = CARTESIAN_POINT('',(-2.353611021356,-0.901876911637));
#4391 = CARTESIAN_POINT('',(-2.441580210697,-0.915875441325));
#4392 = CARTESIAN_POINT('',(-2.52956486858,-0.929877667576));
#4393 = CARTESIAN_POINT('',(-2.752900506462,-0.96542262196));
#4394 = CARTESIAN_POINT('',(-2.888538233992,-0.98701230003));
#4395 = CARTESIAN_POINT('',(-3.024017182454,-1.008577963907));
#4396 = CARTESIAN_POINT('',(-3.159412007565,-1.030129028773));
#4397 = CARTESIAN_POINT('',(-3.294805038009,-1.051676168602));
#4398 = CARTESIAN_POINT('',(-3.430281252985,-1.073235095277));
#4399 = CARTESIAN_POINT('',(-3.565911629948,-1.0948194913));
#4400 = CARTESIAN_POINT('',(-3.810615150636,-1.133765460234));
#4401 = CARTESIAN_POINT('',(-3.920024037198,-1.151179787603));
#4402 = CARTESIAN_POINT('',(-4.029385121502,-1.168588327758));
#4403 = CARTESIAN_POINT('',(-4.138711392957,-1.185993122727));
#4404 = CARTESIAN_POINT('',(-4.248038785336,-1.203398713821));
#4405 = CARTESIAN_POINT('',(-4.357402694187,-1.220808465546));
#4406 = CARTESIAN_POINT('',(-4.466818137281,-1.238223514077));
#4407 = CARTESIAN_POINT('',(-4.677178032031,-1.271699850537));
#4408 = CARTESIAN_POINT('',(-4.778282289337,-1.287786976146));
#4409 = CARTESIAN_POINT('',(-4.879354778378,-1.3038666919));
#4410 = CARTESIAN_POINT('',(-4.980401078066,-1.319940732031));
#4411 = CARTESIAN_POINT('',(-5.081446770222,-1.336015597509));
#4412 = CARTESIAN_POINT('',(-5.182517405381,-1.352097893507));
#4413 = CARTESIAN_POINT('',(-5.283618865464,-1.36818937708));
#4414 = CARTESIAN_POINT('',(-5.49693576235,-1.402147923625));
#4415 = CARTESIAN_POINT('',(-5.609316235313,-1.420041998512));
#4416 = CARTESIAN_POINT('',(-5.721638879748,-1.43792939053));
#4417 = CARTESIAN_POINT('',(-5.833921103141,-1.455808326155));
#4418 = CARTESIAN_POINT('',(-5.946203141319,-1.473679669092));
#4419 = CARTESIAN_POINT('',(-6.058525656085,-1.491543779837));
#4420 = CARTESIAN_POINT('',(-6.170907083199,-1.509422228502));
#4421 = CARTESIAN_POINT('',(-6.28318530718,-1.527292804174));
#4422 = ( GEOMETRIC_REPRESENTATION_CONTEXT(2) 
PARAMETRIC_REPRESENTATION_CONTEXT() REPRESENTATION_CONTEXT('2D SPACE',''
  ) );
#4423 = ORIENTED_EDGE('',*,*,#2889,.F.);
#4424 = ADVANCED_FACE('',(#4425),#2590,.F.);
#4425 = FACE_BOUND('',#4426,.T.);
#4426 = EDGE_LOOP('',(#4427,#4428,#4449,#4450));
#4427 = ORIENTED_EDGE('',*,*,#2456,.F.);
#4428 = ORIENTED_EDGE('',*,*,#4429,.T.);
#4429 = EDGE_CURVE('',#2252,#3048,#4430,.T.);
#4430 = SURFACE_CURVE('',#4431,(#4435,#4442),.PCURVE_S1.);
#4431 = LINE('',#4432,#4433);
#4432 = CARTESIAN_POINT('',(3.,0.,0.));
#4433 = VECTOR('',#4434,1.);
#4434 = DIRECTION('',(0.,0.,1.));
#4435 = PCURVE('',#2590,#4436);
#4436 = DEFINITIONAL_REPRESENTATION('',(#4437),#4441);
#4437 = LINE('',#4438,#4439);
#4438 = CARTESIAN_POINT('',(-0.,0.));
#4439 = VECTOR('',#4440,1.);
#4440 = DIRECTION('',(-0.,-1.));
#4441 = ( GEOMETRIC_REPRESENTATION_CONTEXT(2) 
PARAMETRIC_REPRESENTATION_CONTEXT() REPRESENTATION_CONTEXT('2D SPACE',''
  ) );
#4442 = PCURVE('',#2385,#4443);
#4443 = DEFINITIONAL_REPRESENTATION('',(#4444),#4448);
#4444 = LINE('',#4445,#4446);
#4445 = CARTESIAN_POINT('',(-6.28318530718,0.));
#4446 = VECTOR('',#4447,1.);
#4447 = DIRECTION('',(-0.,-1.));
#4448 = ( GEOMETRIC_REPRESENTATION_CONTEXT(2) 
PARAMETRIC_REPRESENTATION_CONTEXT() REPRESENTATION_CONTEXT('2D SPACE',''
  ) );
#4449 = ORIENTED_EDGE('',*,*,#3047,.T.);
#4450 = ORIENTED_EDGE('',*,*,#2841,.F.);
#4451 = ADVANCED_FACE('',(#4452),#2385,.F.);
#4452 = FACE_BOUND('',#4453,.T.);
#4453 = EDGE_LOOP('',(#4454,#4455,#4476,#4477));
#4454 = ORIENTED_EDGE('',*,*,#2251,.F.);
#4455 = ORIENTED_EDGE('',*,*,#4456,.T.);
#4456 = EDGE_CURVE('',#2038,#3236,#4457,.T.);
#4457 = SURFACE_CURVE('',#4458,(#4462,#4469),.PCURVE_S1.);
#4458 = LINE('',#4459,#4460);
#4459 = CARTESIAN_POINT('',(3.,0.,0.));
#4460 = VECTOR('',#4461,1.);
#4461 = DIRECTION('',(0.,0.,1.));
#4462 = PCURVE('',#2385,#4463);
#4463 = DEFINITIONAL_REPRESENTATION('',(#4464),#4468);
#4464 = LINE('',#4465,#4466);
#4465 = CARTESIAN_POINT('',(-0.,0.));
#4466 = VECTOR('',#4467,1.);
#4467 = DIRECTION('',(-0.,-1.));
#4468 = ( GEOMETRIC_REPRESENTATION_CONTEXT(2) 
PARAMETRIC_REPRESENTATION_CONTEXT() REPRESENTATION_CONTEXT('2D SPACE',''
  ) );
#4469 = PCURVE('',#2177,#4470);
#4470 = DEFINITIONAL_REPRESENTATION('',(#4471),#4475);
#4471 = LINE('',#4472,#4473);
#4472 = CARTESIAN_POINT('',(-6.28318530718,0.));
#4473 = VECTOR('',#4474,1.);
#4474 = DIRECTION('',(-0.,-1.));
#4475 = ( GEOMETRIC_REPRESENTATION_CONTEXT(2) 
PARAMETRIC_REPRESENTATION_CONTEXT() REPRESENTATION_CONTEXT('2D SPACE',''
  ) );
#4476 = ORIENTED_EDGE('',*,*,#3235,.T.);
#4477 = ORIENTED_EDGE('',*,*,#4429,.F.);
#4478 = ADVANCED_FACE('',(#4479),#2177,.F.);
#4479 = FACE_BOUND('',#4480,.T.);
#4480 = EDGE_LOOP('',(#4481,#4482,#4503,#4504));
#4481 = ORIENTED_EDGE('',*,*,#2037,.F.);
#4482 = ORIENTED_EDGE('',*,*,#4483,.T.);
#4483 = EDGE_CURVE('',#1824,#3424,#4484,.T.);
#4484 = SURFACE_CURVE('',#4485,(#4489,#4496),.PCURVE_S1.);
#4485 = LINE('',#4486,#4487);
#4486 = CARTESIAN_POINT('',(3.,0.,0.));
#4487 = VECTOR('',#4488,1.);
#4488 = DIRECTION('',(0.,0.,1.));
#4489 = PCURVE('',#2177,#4490);
#4490 = DEFINITIONAL_REPRESENTATION('',(#4491),#4495);
#4491 = LINE('',#4492,#4493);
#4492 = CARTESIAN_POINT('',(-0.,0.));
#4493 = VECTOR('',#4494,1.);
#4494 = DIRECTION('',(-0.,-1.));
#4495 = ( GEOMETRIC_REPRESENTATION_CONTEXT(2) 
PARAMETRIC_REPRESENTATION_CONTEXT() REPRESENTATION_CONTEXT('2D SPACE',''
  ) );
#4496 = PCURVE('',#1963,#4497);
#4497 = DEFINITIONAL_REPRESENTATION('',(#4498),#4502);
#4498 = LINE('',#4499,#4500);
#4499 = CARTESIAN_POINT('',(-6.28318530718,0.));
#4500 = VECTOR('',#4501,1.);
#4501 = DIRECTION('',(-0.,-1.));
#4502 = ( GEOMETRIC_REPRESENTATION_CONTEXT(2) 
PARAMETRIC_REPRESENTATION_CONTEXT() REPRESENTATION_CONTEXT('2D SPACE',''
  ) );
#4503 = ORIENTED_EDGE('',*,*,#3423,.T.);
#4504 = ORIENTED_EDGE('',*,*,#4456,.F.);
#4505 = ADVANCED_FACE('',(#4506),#1963,.F.);
#4506 = FACE_BOUND('',#4507,.T.);
#4507 = EDGE_LOOP('',(#4508,#4509,#4530,#4531));
#4508 = ORIENTED_EDGE('',*,*,#1823,.F.);
#4509 = ORIENTED_EDGE('',*,*,#4510,.T.);
#4510 = EDGE_CURVE('',#1610,#3633,#4511,.T.);
#4511 = SURFACE_CURVE('',#4512,(#4516,#4523),.PCURVE_S1.);
#4512 = LINE('',#4513,#4514);
#4513 = CARTESIAN_POINT('',(3.,0.,0.));
#4514 = VECTOR('',#4515,1.);
#4515 = DIRECTION('',(0.,0.,1.));
#4516 = PCURVE('',#1963,#4517);
#4517 = DEFINITIONAL_REPRESENTATION('',(#4518),#4522);
#4518 = LINE('',#4519,#4520);
#4519 = CARTESIAN_POINT('',(-0.,0.));
#4520 = VECTOR('',#4521,1.);
#4521 = DIRECTION('',(-0.,-1.));
#4522 = ( GEOMETRIC_REPRESENTATION_CONTEXT(2) 
PARAMETRIC_REPRESENTATION_CONTEXT() REPRESENTATION_CONTEXT('2D SPACE',''
  ) );
#4523 = PCURVE('',#1749,#4524);
#4524 = DEFINITIONAL_REPRESENTATION('',(#4525),#4529);
#4525 = LINE('',#4526,#4527);
#4526 = CARTESIAN_POINT('',(-6.28318530718,0.));
#4527 = VECTOR('',#4528,1.);
#4528 = DIRECTION('',(-0.,-1.));
#4529 = ( GEOMETRIC_REPRESENTATION_CONTEXT(2) 
PARAMETRIC_REPRESENTATION_CONTEXT() REPRESENTATION_CONTEXT('2D SPACE',''
  ) );
#4530 = ORIENTED_EDGE('',*,*,#3632,.T.);
#4531 = ORIENTED_EDGE('',*,*,#4483,.F.);
#4532 = ADVANCED_FACE('',(#4533),#1749,.F.);
#4533 = FACE_BOUND('',#4534,.T.);
#4534 = EDGE_LOOP('',(#4535,#4536,#4557,#4558));
#4535 = ORIENTED_EDGE('',*,*,#1609,.F.);
#4536 = ORIENTED_EDGE('',*,*,#4537,.T.);
#4537 = EDGE_CURVE('',#1375,#3842,#4538,.T.);
#4538 = SURFACE_CURVE('',#4539,(#4543,#4550),.PCURVE_S1.);
#4539 = LINE('',#4540,#4541);
#4540 = CARTESIAN_POINT('',(3.,0.,0.));
#4541 = VECTOR('',#4542,1.);
#4542 = DIRECTION('',(0.,0.,1.));
#4543 = PCURVE('',#1749,#4544);
#4544 = DEFINITIONAL_REPRESENTATION('',(#4545),#4549);
#4545 = LINE('',#4546,#4547);
#4546 = CARTESIAN_POINT('',(-0.,0.));
#4547 = VECTOR('',#4548,1.);
#4548 = DIRECTION('',(-0.,-1.));
#4549 = ( GEOMETRIC_REPRESENTATION_CONTEXT(2) 
PARAMETRIC_REPRESENTATION_CONTEXT() REPRESENTATION_CONTEXT('2D SPACE',''
  ) );
#4550 = PCURVE('',#1528,#4551);
#4551 = DEFINITIONAL_REPRESENTATION('',(#4552),#4556);
#4552 = LINE('',#4553,#4554);
#4553 = CARTESIAN_POINT('',(-6.28318530718,0.));
#4554 = VECTOR('',#4555,1.);
#4555 = DIRECTION('',(-0.,-1.));
#4556 = ( GEOMETRIC_REPRESENTATION_CONTEXT(2) 
PARAMETRIC_REPRESENTATION_CONTEXT() REPRESENTATION_CONTEXT('2D SPACE',''
  ) );
#4557 = ORIENTED_EDGE('',*,*,#3841,.T.);
#4558 = ORIENTED_EDGE('',*,*,#4510,.F.);
#4559 = ADVANCED_FACE('',(#4560),#1528,.F.);
#4560 = FACE_BOUND('',#4561,.T.);
#4561 = EDGE_LOOP('',(#4562,#4563,#4584,#4585));
#4562 = ORIENTED_EDGE('',*,*,#1374,.F.);
#4563 = ORIENTED_EDGE('',*,*,#4564,.T.);
#4564 = EDGE_CURVE('',#1161,#4051,#4565,.T.);
#4565 = SURFACE_CURVE('',#4566,(#4570,#4577),.PCURVE_S1.);
#4566 = LINE('',#4567,#4568);
#4567 = CARTESIAN_POINT('',(3.,0.,0.));
#4568 = VECTOR('',#4569,1.);
#4569 = DIRECTION('',(0.,0.,1.));
#4570 = PCURVE('',#1528,#4571);
#4571 = DEFINITIONAL_REPRESENTATION('',(#4572),#4576);
#4572 = LINE('',#4573,#4574);
#4573 = CARTESIAN_POINT('',(-0.,0.));
#4574 = VECTOR('',#4575,1.);
#4575 = DIRECTION('',(-0.,-1.));
#4576 = ( GEOMETRIC_REPRESENTATION_CONTEXT(2) 
PARAMETRIC_REPRESENTATION_CONTEXT() REPRESENTATION_CONTEXT('2D SPACE',''
  ) );
#4577 = PCURVE('',#1300,#4578);
#4578 = DEFINITIONAL_REPRESENTATION('',(#4579),#4583);
#4579 = LINE('',#4580,#4581);
#4580 = CARTESIAN_POINT('',(-6.28318530718,0.));
#4581 = VECTOR('',#4582,1.);
#4582 = DIRECTION('',(-0.,-1.));
#4583 = ( GEOMETRIC_REPRESENTATION_CONTEXT(2) 
PARAMETRIC_REPRESENTATION_CONTEXT() REPRESENTATION_CONTEXT('2D SPACE',''
  ) );
#4584 = ORIENTED_EDGE('',*,*,#4050,.T.);
#4585 = ORIENTED_EDGE('',*,*,#4537,.F.);
#4586 = ADVANCED_FACE('',(#4587),#1300,.F.);
#4587 = FACE_BOUND('',#4588,.T.);
#4588 = EDGE_LOOP('',(#4589,#4590,#4591,#4592));
#4589 = ORIENTED_EDGE('',*,*,#1160,.F.);
#4590 = ORIENTED_EDGE('',*,*,#3014,.T.);
#4591 = ORIENTED_EDGE('',*,*,#4238,.T.);
#4592 = ORIENTED_EDGE('',*,*,#4564,.F.);
#4593 = ( GEOMETRIC_REPRESENTATION_CONTEXT(3) 
GLOBAL_UNCERTAINTY_ASSIGNED_CONTEXT((#4597)) 
GLOBAL_UNIT_ASSIGNED_CONTEXT((#4594,#4595,#4596)) REPRESENTATION_CONTEXT
('Context #1','3D Context with UNIT and UNCERTAINTY') );
#4594 = ( LENGTH_UNIT() NAMED_UNIT(*) SI_UNIT(.MILLI.,.METRE.) );
#4595 = ( NAMED_UNIT(*) PLANE_ANGLE_UNIT() SI_UNIT($,.RADIAN.) );
#4596 = ( NAMED_UNIT(*) SI_UNIT($,.STERADIAN.) SOLID_ANGLE_UNIT() );
#4597 = UNCERTAINTY_MEASURE_WITH_UNIT(LENGTH_MEASURE(5.E-06),#4594,
  'distance_accuracy_value','confusion accuracy');
#4598 = PRODUCT_RELATED_PRODUCT_CATEGORY('part',$,(#7));
ENDSEC;
END-ISO-10303-21;
