ISO-10303-21;
HEADER;
FILE_DESCRIPTION(('Open CASCADE Model'),'2;1');
FILE_NAME('Open CASCADE Shape Model','2026-08-21T12:41:17',('Author'),(
    'Open CASCADE'),'Open CASCADE STEP processor 7.9','Open CASCADE 7.9'
  ,'Unknown');
FILE_SCHEMA(('AUTOMOTIVE_DESIGN { 1 0 10303 214 1 1 1 1 }'));
ENDSEC;
DATA;
#1 = APPLICATION_PROTOCOL_DEFINITION('international standard',
  'automotive_design',2000,#2);
#2 = APPLICATION_CONTEXT(
  'core data for automotive mechanical design processes');
#3 = SHAPE_DEFINITION_REPRESENTATION(#4,#10);
#4 = PRODUCT_DEFINITION_SHAPE('','',#5);
#5 = PRODUCT_DEFINITION('design','',#6,#9);
#6 = PRODUCT_DEFINITION_FORMATION('','',#7);
#7 = PRODUCT('Open CASCADE STEP translator 7.9 1',
  'Open CASCADE STEP translator 7.9 1','',(#8));
#8 = PRODUCT_CONTEXT('',#2,'mechanical');
#9 = PRODUCT_DEFINITION_CONTEXT('part definition',#2,'design');
#10 = ADVANCED_BREP_SHAPE_REPRESENTATION('',(#11,#15),#4233);
#11 = AXIS2_PLACEMENT_3D('',#12,#13,#14);
#12 = CARTESIAN_POINT('',(0.,0.,0.));
#13 = DIRECTION('',(0.,0.,1.));
#14 = DIRECTION('',(1.,0.,-0.));
#15 = MANIFOLD_SOLID_BREP('',#16);
#16 = CLOSED_SHELL('',(#17,#398,#605,#1011,#2479,#2485,#3991,#4018,#4064
    ,#4111,#4138,#4165,#4192,#4199,#4227));
#17 = ADVANCED_FACE('',(#18),#32,.T.);
#18 = FACE_BOUND('',#19,.F.);
#19 = EDGE_LOOP('',(#20,#55,#84,#372));
#20 = ORIENTED_EDGE('',*,*,#21,.F.);
#21 = EDGE_CURVE('',#22,#24,#26,.T.);
#22 = VERTEX_POINT('',#23);
#23 = CARTESIAN_POINT('',(2.85,0.,0.));
#24 = VERTEX_POINT('',#25);
#25 = CARTESIAN_POINT('',(2.85,-3.923180222413E-16,0.472708180475));
#26 = SURFACE_CURVE('',#27,(#31,#43),.PCURVE_S1.);
#27 = LINE('',#28,#29);
#28 = CARTESIAN_POINT('',(2.85,0.,0.));
#29 = VECTOR('',#30,1.);
#30 = DIRECTION('',(0.,0.,1.));
#31 = PCURVE('',#32,#37);
#32 = CYLINDRICAL_SURFACE('',#33,2.85);
#33 = AXIS2_PLACEMENT_3D('',#34,#35,#36);
#34 = CARTESIAN_POINT('',(0.,0.,0.));
#35 = DIRECTION('',(-0.,-0.,-1.));
#36 = DIRECTION('',(1.,0.,0.));
#37 = DEFINITIONAL_REPRESENTATION('',(#38),#42);
#38 = LINE('',#39,#40);
#39 = CARTESIAN_POINT('',(-6.28318530718,0.));
#40 = VECTOR('',#41,1.);
#41 = DIRECTION('',(-0.,-1.));
#42 = ( GEOMETRIC_REPRESENTATION_CONTEXT(2) 
PARAMETRIC_REPRESENTATION_CONTEXT() REPRESENTATION_CONTEXT('2D SPACE',''
  ) );
#43 = PCURVE('',#44,#49);
#44 = PLANE('',#45);
#45 = AXIS2_PLACEMENT_3D('',#46,#47,#48);
#46 = CARTESIAN_POINT('',(2.59034583569,1.987523338999E-16,
    -5.394317569474E-17));
#47 = DIRECTION('',(2.460620167817E-15,-1.,-3.468572394802E-15));
#48 = DIRECTION('',(0.,3.468572394802E-15,-1.));
#49 = DEFINITIONAL_REPRESENTATION('',(#50),#54);
#50 = LINE('',#51,#52);
#51 = CARTESIAN_POINT('',(-5.394317569474E-17,0.25965416431));
#52 = VECTOR('',#53,1.);
#53 = DIRECTION('',(-1.,8.534839188183E-30));
#54 = ( GEOMETRIC_REPRESENTATION_CONTEXT(2) 
PARAMETRIC_REPRESENTATION_CONTEXT() REPRESENTATION_CONTEXT('2D SPACE',''
  ) );
#55 = ORIENTED_EDGE('',*,*,#56,.F.);
#56 = EDGE_CURVE('',#57,#22,#59,.T.);
#57 = VERTEX_POINT('',#58);
#58 = CARTESIAN_POINT('',(-2.8082085515,0.48627639392,0.));
#59 = SURFACE_CURVE('',#60,(#65,#72),.PCURVE_S1.);
#60 = CIRCLE('',#61,2.85);
#61 = AXIS2_PLACEMENT_3D('',#62,#63,#64);
#62 = CARTESIAN_POINT('',(0.,0.,0.));
#63 = DIRECTION('',(0.,0.,1.));
#64 = DIRECTION('',(1.,0.,0.));
#65 = PCURVE('',#32,#66);
#66 = DEFINITIONAL_REPRESENTATION('',(#67),#71);
#67 = LINE('',#68,#69);
#68 = CARTESIAN_POINT('',(-0.,0.));
#69 = VECTOR('',#70,1.);
#70 = DIRECTION('',(-1.,0.));
#71 = ( GEOMETRIC_REPRESENTATION_CONTEXT(2) 
PARAMETRIC_REPRESENTATION_CONTEXT() REPRESENTATION_CONTEXT('2D SPACE',''
  ) );
#72 = PCURVE('',#73,#78);
#73 = PLANE('',#74);
#74 = AXIS2_PLACEMENT_3D('',#75,#76,#77);
#75 = CARTESIAN_POINT('',(-1.799263332289E-16,2.435112205387E-16,0.));
#76 = DIRECTION('',(0.,0.,1.));
#77 = DIRECTION('',(1.,0.,-0.));
#78 = DEFINITIONAL_REPRESENTATION('',(#79),#83);
#79 = CIRCLE('',#80,2.85);
#80 = AXIS2_PLACEMENT_2D('',#81,#82);
#81 = CARTESIAN_POINT('',(1.799263332289E-16,-2.435112205387E-16));
#82 = DIRECTION('',(1.,0.));
#83 = ( GEOMETRIC_REPRESENTATION_CONTEXT(2) 
PARAMETRIC_REPRESENTATION_CONTEXT() REPRESENTATION_CONTEXT('2D SPACE',''
  ) );
#84 = ORIENTED_EDGE('',*,*,#85,.T.);
#85 = EDGE_CURVE('',#57,#86,#88,.T.);
#86 = VERTEX_POINT('',#87);
#87 = CARTESIAN_POINT('',(2.85,0.,0.527292855683));
#88 = SURFACE_CURVE('',#89,(#127,#168),.PCURVE_S1.);
#89 = B_SPLINE_CURVE_WITH_KNOTS('',8,(#90,#91,#92,#93,#94,#95,#96,#97,
    #98,#99,#100,#101,#102,#103,#104,#105,#106,#107,#108,#109,#110,#111,
    #112,#113,#114,#115,#116,#117,#118,#119,#120,#121,#122,#123,#124,
    #125,#126),.UNSPECIFIED.,.F.,.F.,(9,7,7,7,7,9),(0.,0.278371535308,
    0.487810186478,0.705832841615,0.872937068733,1.),.UNSPECIFIED.);
#90 = CARTESIAN_POINT('',(-2.808206718415,0.486286979722,
    -6.000000000225E-07));
#91 = CARTESIAN_POINT('',(-2.864257081136,0.162607663166,
    1.834544386253E-02));
#92 = CARTESIAN_POINT('',(-2.877725855463,-0.168778903991,
    3.670936422156E-02));
#93 = CARTESIAN_POINT('',(-2.847242275699,-0.50083890637,
    5.50618023738E-02));
#94 = CARTESIAN_POINT('',(-2.773101864297,-0.82679168795,
    7.340584272524E-02));
#95 = CARTESIAN_POINT('',(-2.656640552737,-1.140125768056,
    9.174916668523E-02));
#96 = CARTESIAN_POINT('',(-2.500307018412,-1.434662389612,0.110100680094
    ));
#97 = CARTESIAN_POINT('',(-2.307565673763,-1.704568584123,0.12846426273)
  );
#98 = CARTESIAN_POINT('',(-1.914763577365,-2.125386110305,0.160615229183
    ));
#99 = CARTESIAN_POINT('',(-1.728156321538,-2.289403731188,0.174424291359
    ));
#100 = CARTESIAN_POINT('',(-1.525583753409,-2.434589133037,
    0.188231847247));
#101 = CARTESIAN_POINT('',(-1.309293060301,-2.559161648983,
    0.202037727683));
#102 = CARTESIAN_POINT('',(-1.081716566512,-2.661676339968,
    0.215843164832));
#103 = CARTESIAN_POINT('',(-0.845449691026,-2.741005099792,
    0.229649322485));
#104 = CARTESIAN_POINT('',(-0.603253648409,-2.796366942041,
    0.243455894537));
#105 = CARTESIAN_POINT('',(-0.102821243441,-2.859741336308,
    0.271622028128));
#106 = CARTESIAN_POINT('',(0.155849665489,-2.865743476326,0.285991416142
    ));
#107 = CARTESIAN_POINT('',(0.414641450782,-2.844972170662,0.300356305077
    ));
#108 = CARTESIAN_POINT('',(0.67031782675,-2.797526835949,0.314717660154)
  );
#109 = CARTESIAN_POINT('',(0.919733272398,-2.723947068071,0.329079344865
    ));
#110 = CARTESIAN_POINT('',(1.159837905311,-2.625176616291,0.343445379586
    ));
#111 = CARTESIAN_POINT('',(1.387699133291,-2.502594929722,0.35781694283)
  );
#112 = CARTESIAN_POINT('',(1.763725425276,-2.247366494483,0.383198364487
    ));
#113 = CARTESIAN_POINT('',(1.918153697995,-2.12370307584,0.394214752308)
  );
#114 = CARTESIAN_POINT('',(2.062622026873,-1.987943571898,0.405232229568
    ));
#115 = CARTESIAN_POINT('',(2.196030553191,-1.841037717457,0.416249988967
    ));
#116 = CARTESIAN_POINT('',(2.317398428166,-1.684039932106,0.427267856587
    ));
#117 = CARTESIAN_POINT('',(2.425860963557,-1.518099378821,0.438285516462
    ));
#118 = CARTESIAN_POINT('',(2.520677744814,-1.344459873684,0.449301971941
    ));
#119 = CARTESIAN_POINT('',(2.662518641548,-1.027608441998,0.468689529943
    ));
#120 = CARTESIAN_POINT('',(2.715553304006,-0.887069545799,0.477062150705
    ));
#121 = CARTESIAN_POINT('',(2.760100128507,-0.743427762363,0.48543440314)
  );
#122 = CARTESIAN_POINT('',(2.795952183074,-0.597275063131,0.493803066445
    ));
#123 = CARTESIAN_POINT('',(2.822950488489,-0.449223006556,0.502176350116
    ));
#124 = CARTESIAN_POINT('',(2.840985184955,-0.299895247854,0.510545599515
    ));
#125 = CARTESIAN_POINT('',(2.850000004327,-0.149935557421,0.518919679054
    ));
#126 = CARTESIAN_POINT('',(2.85,-4.440892098501E-16,0.527292855683));
#127 = PCURVE('',#32,#128);
#128 = DEFINITIONAL_REPRESENTATION('',(#129),#167);
#129 = B_SPLINE_CURVE_WITH_KNOTS('',8,(#130,#131,#132,#133,#134,#135,
    #136,#137,#138,#139,#140,#141,#142,#143,#144,#145,#146,#147,#148,
    #149,#150,#151,#152,#153,#154,#155,#156,#157,#158,#159,#160,#161,
    #162,#163,#164,#165,#166),.UNSPECIFIED.,.F.,.F.,(9,7,7,7,7,9),(0.,
    0.278371535308,0.487810186478,0.705832841615,0.872937068733,1.),
  .UNSPECIFIED.);
#130 = CARTESIAN_POINT('',(-2.97012667753,6.000000000173E-07));
#131 = CARTESIAN_POINT('',(-3.085388603411,-1.834544386254E-02));
#132 = CARTESIAN_POINT('',(-3.200765647111,-3.67093642216E-02));
#133 = CARTESIAN_POINT('',(-3.316078931743,-5.506180237367E-02));
#134 = CARTESIAN_POINT('',(-3.431348469582,-7.340584272541E-02));
#135 = CARTESIAN_POINT('',(-3.546617743448,-9.174916668511E-02));
#136 = CARTESIAN_POINT('',(-3.661930526181,-0.110100680094));
#137 = CARTESIAN_POINT('',(-3.777307565106,-0.12846426273));
#138 = CARTESIAN_POINT('',(-3.979292445578,-0.160615229183));
#139 = CARTESIAN_POINT('',(-4.066040772527,-0.174424291359));
#140 = CARTESIAN_POINT('',(-4.152774896025,-0.188231847247));
#141 = CARTESIAN_POINT('',(-4.239496463791,-0.202037727683));
#142 = CARTESIAN_POINT('',(-4.326218250704,-0.215843164832));
#143 = CARTESIAN_POINT('',(-4.412952795639,-0.229649322485));
#144 = CARTESIAN_POINT('',(-4.499701023841,-0.243455894537));
#145 = CARTESIAN_POINT('',(-4.676693756194,-0.271622028128));
#146 = CARTESIAN_POINT('',(-4.767000928908,-0.285991416142));
#147 = CARTESIAN_POINT('',(-4.857290899246,-0.300356305077));
#148 = CARTESIAN_POINT('',(-4.947566001781,-0.314717660154));
#149 = CARTESIAN_POINT('',(-5.037841458912,-0.329079344865));
#150 = CARTESIAN_POINT('',(-5.128132190243,-0.343445379586));
#151 = CARTESIAN_POINT('',(-5.218439634112,-0.35781694283));
#152 = CARTESIAN_POINT('',(-5.377900609198,-0.383198364487));
#153 = CARTESIAN_POINT('',(-5.447102122094,-0.394214752308));
#154 = CARTESIAN_POINT('',(-5.516300957632,-0.405232229568));
#155 = CARTESIAN_POINT('',(-5.585494852937,-0.416249988967));
#156 = CARTESIAN_POINT('',(-5.654688178913,-0.427267856587));
#157 = CARTESIAN_POINT('',(-5.723885877256,-0.438285516462));
#158 = CARTESIAN_POINT('',(-5.793087474525,-0.449301971941));
#159 = CARTESIAN_POINT('',(-5.91489476863,-0.468689529943));
#160 = CARTESIAN_POINT('',(-5.967505948752,-0.477062150705));
#161 = CARTESIAN_POINT('',(-6.020115916157,-0.48543440314));
#162 = CARTESIAN_POINT('',(-6.072727305597,-0.493803066445));
#163 = CARTESIAN_POINT('',(-6.125341323337,-0.502176350116));
#164 = CARTESIAN_POINT('',(-6.177958904533,-0.510545599515));
#165 = CARTESIAN_POINT('',(-6.230576339663,-0.518919679054));
#166 = CARTESIAN_POINT('',(-6.28318530718,-0.527292855683));
#167 = ( GEOMETRIC_REPRESENTATION_CONTEXT(2) 
PARAMETRIC_REPRESENTATION_CONTEXT() REPRESENTATION_CONTEXT('2D SPACE',''
  ) );
#168 = PCURVE('',#169,#332);
#169 = B_SPLINE_SURFACE_WITH_KNOTS('',1,10,(
    (#170,#171,#172,#173,#174,#175,#176,#177,#178,#179,#180,#181,#182
      ,#183,#184,#185,#186,#187,#188,#189,#190,#191,#192,#193,#194,#195
      ,#196,#197,#198,#199,#200,#201,#202,#203,#204,#205,#206,#207,#208
      ,#209,#210,#211,#212,#213,#214,#215,#216,#217,#218,#219,#220,#221
      ,#222,#223,#224,#225,#226,#227,#228,#229,#230,#231,#232,#233,#234
      ,#235,#236,#237,#238,#239,#240,#241,#242,#243,#244,#245,#246,#247
      ,#248,#249,#250)
    ,(#251,#252,#253,#254,#255,#256,#257,#258,#259,#260,#261,#262,#263
      ,#264,#265,#266,#267,#268,#269,#270,#271,#272,#273,#274,#275,#276
      ,#277,#278,#279,#280,#281,#282,#283,#284,#285,#286,#287,#288,#289
      ,#290,#291,#292,#293,#294,#295,#296,#297,#298,#299,#300,#301,#302
      ,#303,#304,#305,#306,#307,#308,#309,#310,#311,#312,#313,#314,#315
      ,#316,#317,#318,#319,#320,#321,#322,#323,#324,#325,#326,#327,#328
      ,#329,#330,#331
    )),.UNSPECIFIED.,.F.,.F.,.F.,(2,2),(11,10,10,10,10,10,10,10,11),(0.,
    1.043600757176),(0.,6.362265131567,12.724530263135,19.086795394702,
    25.449060526269,31.811325657837,38.173590789404,44.535855920971,
    50.898121052539),.PIECEWISE_BEZIER_KNOTS.);
#170 = CARTESIAN_POINT('',(1.983974596216,-1.293297006841E-15,
    1.110223024625E-16));
#171 = CARTESIAN_POINT('',(1.983974596216,1.246566031088,
    9.998184819366E-02));
#172 = CARTESIAN_POINT('',(1.113890890738,2.494149610898,0.200049845824)
  );
#173 = CARTESIAN_POINT('',(-0.628288080445,3.050121746534,0.299912523183
    ));
#174 = CARTESIAN_POINT('',(-2.617780889465,2.271229339936,0.400070201245
    ));
#175 = CARTESIAN_POINT('',(-3.671540470279,-1.797209723264E-07,
    0.499998261096));
#176 = CARTESIAN_POINT('',(-2.617780666864,-2.271229596171,
    0.599926320972));
#177 = CARTESIAN_POINT('',(-0.628287782191,-3.050121808045,
    0.700083999013));
#178 = CARTESIAN_POINT('',(1.113891135092,-2.494149501857,0.799946676387
    ));
#179 = CARTESIAN_POINT('',(1.983974718178,-1.246565836875,0.900014674009
    ));
#180 = CARTESIAN_POINT('',(1.983974596223,1.942130158945E-07,
    0.999996522206));
#181 = CARTESIAN_POINT('',(1.983974596202,1.246565656458,1.099988556748)
  );
#182 = CARTESIAN_POINT('',(1.113890890759,2.494150184244,1.200039578816)
  );
#183 = CARTESIAN_POINT('',(-0.628288080471,3.050121034054,1.299925281661
    ));
#184 = CARTESIAN_POINT('',(-2.617780889437,2.271230065465,1.400057209148
    ));
#185 = CARTESIAN_POINT('',(-3.671540470303,-7.843326992329E-07,
    1.500009087847));
#186 = CARTESIAN_POINT('',(-2.617780666847,-2.27122918903,1.599919030407
    ));
#187 = CARTESIAN_POINT('',(-0.6282877822,-3.050122023058,1.700087849147)
  );
#188 = CARTESIAN_POINT('',(1.113891135096,-2.494149418602,1.799945185593
    ));
#189 = CARTESIAN_POINT('',(1.983974718177,-1.246565856298,1.900015021791
    ));
#190 = CARTESIAN_POINT('',(1.983974596223,1.942132043536E-07,
    1.999996522206));
#191 = CARTESIAN_POINT('',(1.983974596203,1.246565675879,2.099988208969)
  );
#192 = CARTESIAN_POINT('',(1.113890890756,2.494150100992,2.200041069607)
  );
#193 = CARTESIAN_POINT('',(-0.628288080464,3.050121249064,2.299921431532
    ));
#194 = CARTESIAN_POINT('',(-2.617780889452,2.271229658325,2.400064499709
    ));
#195 = CARTESIAN_POINT('',(-3.671540470281,-1.797170749995E-07,
    2.499998261101));
#196 = CARTESIAN_POINT('',(-2.617780666874,-2.271229914566,
    2.599932022499));
#197 = CARTESIAN_POINT('',(-0.628287782174,-3.050121310571,
    2.700075090673));
#198 = CARTESIAN_POINT('',(1.113891135075,-2.494149991953,2.799955452598
    ));
#199 = CARTESIAN_POINT('',(1.983974718191,-1.246565481666,2.900008313238
    ));
#200 = CARTESIAN_POINT('',(1.983974596216,-2.076654927027E-13,
    2.999999999999));
#201 = CARTESIAN_POINT('',(1.983974596215,1.24656603109,3.099981848199)
  );
#202 = CARTESIAN_POINT('',(1.113890890739,2.494149610892,3.200049845811)
  );
#203 = CARTESIAN_POINT('',(-0.628288080448,3.050121746544,3.299912523208
    ));
#204 = CARTESIAN_POINT('',(-2.617780889461,2.271229339925,3.40007020121)
  );
#205 = CARTESIAN_POINT('',(-3.671540470284,-1.797125914749E-07,
    3.499998261135));
#206 = CARTESIAN_POINT('',(-2.61778066686,-2.271229596173,3.59992632094)
  );
#207 = CARTESIAN_POINT('',(-0.628287782193,-3.050121808047,
    3.700083999036));
#208 = CARTESIAN_POINT('',(1.113891135094,-2.494149501854,3.799946676374
    ));
#209 = CARTESIAN_POINT('',(1.983974718178,-1.246565836877,3.900014674015
    ));
#210 = CARTESIAN_POINT('',(1.983974596223,1.942134487577E-07,
    3.999996522204));
#211 = CARTESIAN_POINT('',(1.983974596204,1.246565675877,4.099988208962)
  );
#212 = CARTESIAN_POINT('',(1.113890890754,2.494150100997,4.200041069635)
  );
#213 = CARTESIAN_POINT('',(-0.628288080459,3.050121249056,4.299921431468
    ));
#214 = CARTESIAN_POINT('',(-2.617780889457,2.271229658334,4.400064499805
    ));
#215 = CARTESIAN_POINT('',(-3.671540470277,-1.797203834641E-07,
    4.499998260991));
#216 = CARTESIAN_POINT('',(-2.617780666876,-2.271229914569,
    4.599932022595));
#217 = CARTESIAN_POINT('',(-0.628287782173,-3.050121310566,4.70007509061
    ));
#218 = CARTESIAN_POINT('',(1.113891135075,-2.494149991956,4.799955452628
    ));
#219 = CARTESIAN_POINT('',(1.983974718191,-1.246565481665,4.90000831323)
  );
#220 = CARTESIAN_POINT('',(1.983974596216,-1.800546822413E-13,
    4.999999999998));
#221 = CARTESIAN_POINT('',(1.983974596216,1.246566050511,5.099981500418)
  );
#222 = CARTESIAN_POINT('',(1.113890890736,2.494149527641,5.200051336608)
  );
#223 = CARTESIAN_POINT('',(-0.628288080439,3.050121961551,5.299908673061
    ));
#224 = CARTESIAN_POINT('',(-2.617780889478,2.271228932789,5.4000774918)
  );
#225 = CARTESIAN_POINT('',(-3.671540470259,4.248981495536E-07,
    5.499987434351));
#226 = CARTESIAN_POINT('',(-2.617780666889,-2.271230321705,5.59993931307
    ));
#227 = CARTESIAN_POINT('',(-0.628287782166,-3.050121095562,
    5.700071240531));
#228 = CARTESIAN_POINT('',(1.113891135072,-2.494150075205,5.799956943398
    ));
#229 = CARTESIAN_POINT('',(1.983974718191,-1.246565462245,5.900007965454
    ));
#230 = CARTESIAN_POINT('',(1.983974596216,-2.489884000167E-13,6.));
#231 = CARTESIAN_POINT('',(1.983974596216,1.246566050511,6.099981500414)
  );
#232 = CARTESIAN_POINT('',(1.113890890737,2.49414952764,6.200051336613)
  );
#233 = CARTESIAN_POINT('',(-0.628288080442,3.050121961552,6.299908673061
    ));
#234 = CARTESIAN_POINT('',(-2.617780889472,2.271228932791,6.40007749179)
  );
#235 = CARTESIAN_POINT('',(-3.671540470267,4.248933143103E-07,
    6.49998743437));
#236 = CARTESIAN_POINT('',(-2.617780666881,-2.271230321699,
    6.599939313047));
#237 = CARTESIAN_POINT('',(-0.628287782171,-3.050121095567,
    6.700071240551));
#238 = CARTESIAN_POINT('',(1.113891135074,-2.494150075202,6.799956943386
    ));
#239 = CARTESIAN_POINT('',(1.983974718191,-1.246565462245,6.90000796546)
  );
#240 = CARTESIAN_POINT('',(1.983974596215,-6.848413708162E-14,
    6.999999999998));
#241 = CARTESIAN_POINT('',(1.983974596215,1.24656603109,7.099981848202)
  );
#242 = CARTESIAN_POINT('',(1.11389089074,2.494149610892,7.200049845802)
  );
#243 = CARTESIAN_POINT('',(-0.62828808045,3.050121746545,7.299912523225)
  );
#244 = CARTESIAN_POINT('',(-2.617780889456,2.271229339925,7.400070201188
    ));
#245 = CARTESIAN_POINT('',(-3.671540470289,-1.797140862791E-07,
    7.499998261156));
#246 = CARTESIAN_POINT('',(-2.617780666855,-2.27122959617,7.599926320924
    ));
#247 = CARTESIAN_POINT('',(-0.628287782196,-3.05012180805,7.700083999043
    ));
#248 = CARTESIAN_POINT('',(1.113891135094,-2.494149501853,7.799946676372
    ));
#249 = CARTESIAN_POINT('',(1.983974718178,-1.246565836877,7.900014674015
    ));
#250 = CARTESIAN_POINT('',(1.983974596223,1.942133933459E-07,
    7.999996522205));
#251 = CARTESIAN_POINT('',(2.9,1.843687908585E-15,-0.5));
#252 = CARTESIAN_POINT('',(2.900010479951,1.822124483752,-0.399998952005
    ));
#253 = CARTESIAN_POINT('',(1.6281626884,3.645713263948,-0.300002877819)
  );
#254 = CARTESIAN_POINT('',(-0.918347699121,4.458438933336,
    -0.199994949654));
#255 = CARTESIAN_POINT('',(-3.826435220938,3.319849747812,
    -0.100004052763));
#256 = CARTESIAN_POINT('',(-5.36680189461,-7.738254339529E-07,
    9.993335814418E-08));
#257 = CARTESIAN_POINT('',(-3.826355881947,-3.319849197548,
    0.100004254335));
#258 = CARTESIAN_POINT('',(-0.918443393465,-4.458438207406,
    0.199995149986));
#259 = CARTESIAN_POINT('',(1.62822120648,-3.645713789314,0.300003078791)
  );
#260 = CARTESIAN_POINT('',(2.899991520915,-1.822124494963,0.399999152758
    ));
#261 = CARTESIAN_POINT('',(2.900002007905,-1.12131255927E-08,
    0.500000200795));
#262 = CARTESIAN_POINT('',(2.900006606766,1.822124505382,0.600000660669)
  );
#263 = CARTESIAN_POINT('',(1.62816861606,3.645713230845,0.699997714959)
  );
#264 = CARTESIAN_POINT('',(-0.918355065233,4.458438974471,0.800004313721
    ));
#265 = CARTESIAN_POINT('',(-3.826427719944,3.319849705924,0.89999669735)
  );
#266 = CARTESIAN_POINT('',(-5.366808145441,-7.389203835473E-07,
    0.99999947484));
#267 = CARTESIAN_POINT('',(-3.826351672733,-3.319849221051,
    1.100004675263));
#268 = CARTESIAN_POINT('',(-0.918445616343,-4.458438194994,
    1.199994927695));
#269 = CARTESIAN_POINT('',(1.628222067191,-3.64571379412,1.300003164864)
  );
#270 = CARTESIAN_POINT('',(2.899991320124,-1.822124493842,1.399999132678
    ));
#271 = CARTESIAN_POINT('',(2.900002007905,-1.121314736918E-08,
    1.500000200795));
#272 = CARTESIAN_POINT('',(2.900006807556,1.822124504261,1.600000680748)
  );
#273 = CARTESIAN_POINT('',(1.628167755352,3.645713235651,1.699997628887)
  );
#274 = CARTESIAN_POINT('',(-0.91835284236,4.45843896206,1.800004536013)
  );
#275 = CARTESIAN_POINT('',(-3.826431929151,3.319849729427,1.899996276421
    ));
#276 = CARTESIAN_POINT('',(-5.366801894617,-7.738236336152E-07,
    2.000000099934));
#277 = CARTESIAN_POINT('',(-3.82635917372,-3.319849179165,2.10000392515)
  );
#278 = CARTESIAN_POINT('',(-0.918438250235,-4.458438236128,2.19999566432
    ));
#279 = CARTESIAN_POINT('',(1.628216139534,-3.645713761018,2.300002572086
    ));
#280 = CARTESIAN_POINT('',(2.899995193308,-1.822124515471,2.399999520004
    ));
#281 = CARTESIAN_POINT('',(2.900000000001,6.576461932138E-14,2.5));
#282 = CARTESIAN_POINT('',(2.900010479947,1.822124483752,2.600001047995)
  );
#283 = CARTESIAN_POINT('',(1.62816268841,3.645713263947,2.699997122181)
  );
#284 = CARTESIAN_POINT('',(-0.91834769914,4.458438933338,2.800005050348)
  );
#285 = CARTESIAN_POINT('',(-3.826435220909,3.319849747807,2.899995947233
    ));
#286 = CARTESIAN_POINT('',(-5.366801894641,-7.738199645502E-07,
    3.000000099938));
#287 = CARTESIAN_POINT('',(-3.82635588192,-3.319849197552,3.100004254331
    ));
#288 = CARTESIAN_POINT('',(-0.918443393483,-4.458438207404,
    3.199995149989));
#289 = CARTESIAN_POINT('',(1.628221206489,-3.645713789315,3.30000307879)
  );
#290 = CARTESIAN_POINT('',(2.899991520912,-1.822124494963,3.399999152758
    ));
#291 = CARTESIAN_POINT('',(2.900002007906,-1.121335117558E-08,
    3.500000200794));
#292 = CARTESIAN_POINT('',(2.90000680756,1.82212450426,3.600000680748));
#293 = CARTESIAN_POINT('',(1.628167755335,3.645713235656,3.69999762889)
  );
#294 = CARTESIAN_POINT('',(-0.918352842321,4.45843896205,3.800004536003)
  );
#295 = CARTESIAN_POINT('',(-3.826431929211,3.319849729437,3.899996276438
    ));
#296 = CARTESIAN_POINT('',(-5.366801894548,-7.738259037993E-07,
    4.000000099914));
#297 = CARTESIAN_POINT('',(-3.826359173779,-3.319849179171,
    4.100003925167));
#298 = CARTESIAN_POINT('',(-0.918438250198,-4.458438236121,
    4.199995664311));
#299 = CARTESIAN_POINT('',(1.628216139517,-3.645713761021,4.300002572089
    ));
#300 = CARTESIAN_POINT('',(2.899995193312,-1.822124515471,4.399999520004
    ));
#301 = CARTESIAN_POINT('',(2.900000000001,2.35840994253E-13,4.5));
#302 = CARTESIAN_POINT('',(2.900010680738,1.822124482631,4.600001068075)
  );
#303 = CARTESIAN_POINT('',(1.628161827697,3.645713268752,4.699997036108)
  );
#304 = CARTESIAN_POINT('',(-0.918345476256,4.458438920931,4.80000527264)
  );
#305 = CARTESIAN_POINT('',(-3.826439430136,3.319849771304,4.899995526306
    ));
#306 = CARTESIAN_POINT('',(-5.366795643792,-8.087172078675E-07,
    5.00000072503));
#307 = CARTESIAN_POINT('',(-3.826363382932,-3.319849155671,
    5.100003504221));
#308 = CARTESIAN_POINT('',(-0.918436027356,-4.458438248535,
    5.199995886612));
#309 = CARTESIAN_POINT('',(1.62821527882,-3.645713756213,5.300002486013)
  );
#310 = CARTESIAN_POINT('',(2.899995394101,-1.822124516592,5.399999540084
    ));
#311 = CARTESIAN_POINT('',(2.9,8.636112836262E-14,5.5));
#312 = CARTESIAN_POINT('',(2.900010680741,1.822124482631,5.600001068075)
  );
#313 = CARTESIAN_POINT('',(1.628161827696,3.645713268755,5.699997036108)
  );
#314 = CARTESIAN_POINT('',(-0.918345476258,4.458438920923,5.800005272638
    ));
#315 = CARTESIAN_POINT('',(-3.826439430125,3.319849771316,5.899995526309
    ));
#316 = CARTESIAN_POINT('',(-5.366795643809,-8.087278375868E-07,
    6.000000725027));
#317 = CARTESIAN_POINT('',(-3.826363382913,-3.319849155664,
    6.100003504223));
#318 = CARTESIAN_POINT('',(-0.918436027371,-4.458438248537,
    6.199995886611));
#319 = CARTESIAN_POINT('',(1.628215278829,-3.645713756213,6.300002486014
    ));
#320 = CARTESIAN_POINT('',(2.899995394097,-1.822124516592,6.399999540084
    ));
#321 = CARTESIAN_POINT('',(2.900000000001,1.395283689695E-13,6.5));
#322 = CARTESIAN_POINT('',(2.900010479945,1.822124483752,6.600001047995)
  );
#323 = CARTESIAN_POINT('',(1.628162688415,3.645713263946,6.69999712218)
  );
#324 = CARTESIAN_POINT('',(-0.91834769915,4.458438933341,6.800005050351)
  );
#325 = CARTESIAN_POINT('',(-3.826435220895,3.319849747803,6.89999594723)
  );
#326 = CARTESIAN_POINT('',(-5.366801894656,-7.738153904313E-07,
    7.000000099941));
#327 = CARTESIAN_POINT('',(-3.826355881908,-3.319849197555,
    7.100004254329));
#328 = CARTESIAN_POINT('',(-0.918443393488,-4.458438207402,7.19999514999
    ));
#329 = CARTESIAN_POINT('',(1.628221206491,-3.645713789316,7.30000307879)
  );
#330 = CARTESIAN_POINT('',(2.899991520912,-1.822124494962,7.399999152758
    ));
#331 = CARTESIAN_POINT('',(2.900002007906,-1.12131709504E-08,
    7.500000200795));
#332 = DEFINITIONAL_REPRESENTATION('',(#333),#371);
#333 = B_SPLINE_CURVE_WITH_KNOTS('',8,(#334,#335,#336,#337,#338,#339,
    #340,#341,#342,#343,#344,#345,#346,#347,#348,#349,#350,#351,#352,
    #353,#354,#355,#356,#357,#358,#359,#360,#361,#362,#363,#364,#365,
    #366,#367,#368,#369,#370),.UNSPECIFIED.,.F.,.F.,(9,7,7,7,7,9),(0.,
    0.278371535308,0.487810186478,0.705832841615,0.872937068733,1.),
  .UNSPECIFIED.);
#334 = CARTESIAN_POINT('',(0.986641490411,3.007503942931));
#335 = CARTESIAN_POINT('',(0.986639165797,3.124219252168));
#336 = CARTESIAN_POINT('',(0.986637895551,3.241051510359));
#337 = CARTESIAN_POINT('',(0.98664013758,3.35782142189));
#338 = CARTESIAN_POINT('',(0.986643999458,3.47454284202));
#339 = CARTESIAN_POINT('',(0.986649694035,3.591265290719));
#340 = CARTESIAN_POINT('',(0.986651426596,3.708027765807));
#341 = CARTESIAN_POINT('',(0.986649195786,3.824854947331));
#342 = CARTESIAN_POINT('',(0.986639305119,4.029377771266));
#343 = CARTESIAN_POINT('',(0.986633150089,4.117215924194));
#344 = CARTESIAN_POINT('',(0.986625480666,4.205039877518));
#345 = CARTESIAN_POINT('',(0.986617321903,4.292851679528));
#346 = CARTESIAN_POINT('',(0.986610414074,4.380664474339));
#347 = CARTESIAN_POINT('',(0.986606466593,4.468490876974));
#348 = CARTESIAN_POINT('',(0.986606315799,4.556331489268));
#349 = CARTESIAN_POINT('',(0.986613265552,4.735553083275));
#350 = CARTESIAN_POINT('',(0.986620674311,4.826997523125));
#351 = CARTESIAN_POINT('',(0.986631651665,4.918424216507));
#352 = CARTESIAN_POINT('',(0.986644827671,5.009835128505));
#353 = CARTESIAN_POINT('',(0.986657157044,5.101245556937));
#354 = CARTESIAN_POINT('',(0.986665347021,5.19267104347));
#355 = CARTESIAN_POINT('',(0.986667706124,5.284113930202));
#356 = CARTESIAN_POINT('',(0.986662583121,5.445581648171));
#357 = CARTESIAN_POINT('',(0.986657275333,5.515654649012));
#358 = CARTESIAN_POINT('',(0.986649077453,5.585725771557));
#359 = CARTESIAN_POINT('',(0.986639000887,5.655792962513));
#360 = CARTESIAN_POINT('',(0.986628823933,5.725860535957));
#361 = CARTESIAN_POINT('',(0.986620657704,5.795932916751));
#362 = CARTESIAN_POINT('',(0.986616127646,5.866008718654));
#363 = CARTESIAN_POINT('',(0.986614442937,5.989352367489));
#364 = CARTESIAN_POINT('',(0.986616338532,6.042626234045));
#365 = CARTESIAN_POINT('',(0.98661697808,6.095898441371));
#366 = CARTESIAN_POINT('',(0.986628564774,6.149168762608));
#367 = CARTESIAN_POINT('',(0.986625364299,6.202443390055));
#368 = CARTESIAN_POINT('',(0.986637008937,6.255717586397));
#369 = CARTESIAN_POINT('',(0.986635373574,6.308994069484));
#370 = CARTESIAN_POINT('',(0.986634963759,6.362265190008));
#371 = ( GEOMETRIC_REPRESENTATION_CONTEXT(2) 
PARAMETRIC_REPRESENTATION_CONTEXT() REPRESENTATION_CONTEXT('2D SPACE',''
  ) );
#372 = ORIENTED_EDGE('',*,*,#373,.F.);
#373 = EDGE_CURVE('',#24,#86,#374,.T.);
#374 = SURFACE_CURVE('',#375,(#379,#386),.PCURVE_S1.);
#375 = LINE('',#376,#377);
#376 = CARTESIAN_POINT('',(2.85,0.,0.));
#377 = VECTOR('',#378,1.);
#378 = DIRECTION('',(0.,0.,1.));
#379 = PCURVE('',#32,#380);
#380 = DEFINITIONAL_REPRESENTATION('',(#381),#385);
#381 = LINE('',#382,#383);
#382 = CARTESIAN_POINT('',(-6.28318530718,0.));
#383 = VECTOR('',#384,1.);
#384 = DIRECTION('',(-0.,-1.));
#385 = ( GEOMETRIC_REPRESENTATION_CONTEXT(2) 
PARAMETRIC_REPRESENTATION_CONTEXT() REPRESENTATION_CONTEXT('2D SPACE',''
  ) );
#386 = PCURVE('',#387,#392);
#387 = CYLINDRICAL_SURFACE('',#388,2.85);
#388 = AXIS2_PLACEMENT_3D('',#389,#390,#391);
#389 = CARTESIAN_POINT('',(0.,0.,0.));
#390 = DIRECTION('',(-0.,-0.,-1.));
#391 = DIRECTION('',(1.,0.,0.));
#392 = DEFINITIONAL_REPRESENTATION('',(#393),#397);
#393 = LINE('',#394,#395);
#394 = CARTESIAN_POINT('',(-0.,0.));
#395 = VECTOR('',#396,1.);
#396 = DIRECTION('',(-0.,-1.));
#397 = ( GEOMETRIC_REPRESENTATION_CONTEXT(2) 
PARAMETRIC_REPRESENTATION_CONTEXT() REPRESENTATION_CONTEXT('2D SPACE',''
  ) );
#398 = ADVANCED_FACE('',(#399),#44,.F.);
#399 = FACE_BOUND('',#400,.F.);
#400 = EDGE_LOOP('',(#401,#585,#604));
#401 = ORIENTED_EDGE('',*,*,#402,.T.);
#402 = EDGE_CURVE('',#24,#403,#405,.T.);
#403 = VERTEX_POINT('',#404);
#404 = CARTESIAN_POINT('',(1.983974596216,-1.293297006841E-15,
    1.110223024625E-16));
#405 = SURFACE_CURVE('',#406,(#409,#415),.PCURVE_S1.);
#406 = B_SPLINE_CURVE_WITH_KNOTS('',1,(#407,#408),.UNSPECIFIED.,.F.,.F.,
  (2,2),(0.,1.043600757176),.PIECEWISE_BEZIER_KNOTS.);
#407 = CARTESIAN_POINT('',(2.9,-7.55268494713E-16,0.5));
#408 = CARTESIAN_POINT('',(1.983974596216,-1.293296927431E-15,
    5.551115123126E-17));
#409 = PCURVE('',#44,#410);
#410 = DEFINITIONAL_REPRESENTATION('',(#411),#414);
#411 = B_SPLINE_CURVE_WITH_KNOTS('',1,(#412,#413),.UNSPECIFIED.,.F.,.F.,
  (2,2),(0.,1.043600757176),.PIECEWISE_BEZIER_KNOTS.);
#412 = CARTESIAN_POINT('',(-0.5,0.30965416431));
#413 = CARTESIAN_POINT('',(-1.09454326926E-16,-0.606371239475));
#414 = ( GEOMETRIC_REPRESENTATION_CONTEXT(2) 
PARAMETRIC_REPRESENTATION_CONTEXT() REPRESENTATION_CONTEXT('2D SPACE',''
  ) );
#415 = PCURVE('',#416,#579);
#416 = B_SPLINE_SURFACE_WITH_KNOTS('',1,10,(
    (#417,#418,#419,#420,#421,#422,#423,#424,#425,#426,#427,#428,#429
      ,#430,#431,#432,#433,#434,#435,#436,#437,#438,#439,#440,#441,#442
      ,#443,#444,#445,#446,#447,#448,#449,#450,#451,#452,#453,#454,#455
      ,#456,#457,#458,#459,#460,#461,#462,#463,#464,#465,#466,#467,#468
      ,#469,#470,#471,#472,#473,#474,#475,#476,#477,#478,#479,#480,#481
      ,#482,#483,#484,#485,#486,#487,#488,#489,#490,#491,#492,#493,#494
      ,#495,#496,#497)
    ,(#498,#499,#500,#501,#502,#503,#504,#505,#506,#507,#508,#509,#510
      ,#511,#512,#513,#514,#515,#516,#517,#518,#519,#520,#521,#522,#523
      ,#524,#525,#526,#527,#528,#529,#530,#531,#532,#533,#534,#535,#536
      ,#537,#538,#539,#540,#541,#542,#543,#544,#545,#546,#547,#548,#549
      ,#550,#551,#552,#553,#554,#555,#556,#557,#558,#559,#560,#561,#562
      ,#563,#564,#565,#566,#567,#568,#569,#570,#571,#572,#573,#574,#575
      ,#576,#577,#578
    )),.UNSPECIFIED.,.F.,.F.,.F.,(2,2),(11,10,10,10,10,10,10,10,11),(0.,
    1.043600757176),(0.,6.362265131567,12.724530263135,19.086795394702,
    25.449060526269,31.811325657837,38.173590789404,44.535855920971,
    50.898121052539),.PIECEWISE_BEZIER_KNOTS.);
#417 = CARTESIAN_POINT('',(2.9,-7.55268494713E-16,0.5));
#418 = CARTESIAN_POINT('',(2.89998952005,1.822123222141,0.600001047995)
  );
#419 = CARTESIAN_POINT('',(1.628220093257,3.645711258823,0.699997122119)
  );
#420 = CARTESIAN_POINT('',(-0.918442740343,4.45843512396,0.800005050604)
  );
#421 = CARTESIAN_POINT('',(-3.826353219834,3.319846913803,0.899995946624
    ));
#422 = CARTESIAN_POINT('',(-5.366798178653,7.945653530683E-07,
    1.000000100855));
#423 = CARTESIAN_POINT('',(-3.826432584528,-3.31984743446,1.100004253389
    ));
#424 = CARTESIAN_POINT('',(-0.91834708044,-4.458435842798,1.199995150642
    ));
#425 = CARTESIAN_POINT('',(1.628161546963,-3.645710746044,1.30000307849)
  );
#426 = CARTESIAN_POINT('',(2.900008465002,-1.822123233356,1.399999152834
    ));
#427 = CARTESIAN_POINT('',(2.899997992095,-1.12127480513E-08,
    1.500000200786));
#428 = CARTESIAN_POINT('',(2.899993393236,1.82212324377,1.600000660684)
  );
#429 = CARTESIAN_POINT('',(1.628214165597,3.645711225721,1.699997714873)
  );
#430 = CARTESIAN_POINT('',(-0.918435374233,4.458435165092,1.800004314009
    ));
#431 = CARTESIAN_POINT('',(-3.826360720822,3.319846871918,1.899996696707
    ));
#432 = CARTESIAN_POINT('',(-5.36679192783,8.294705544643E-07,
    1.999999475786));
#433 = CARTESIAN_POINT('',(-3.826436793734,-3.319847457965,2.1000046743)
  );
#434 = CARTESIAN_POINT('',(-0.918344857566,-4.458435830385,
    2.199994928359));
#435 = CARTESIAN_POINT('',(1.628160686253,-3.64571075085,2.300003164559)
  );
#436 = CARTESIAN_POINT('',(2.900008665794,-1.822123232235,2.399999132755
    ));
#437 = CARTESIAN_POINT('',(2.899997992094,-1.121270097519E-08,
    2.500000200787));
#438 = CARTESIAN_POINT('',(2.899993192446,1.822123242649,2.600000680763)
  );
#439 = CARTESIAN_POINT('',(1.628215026306,3.645711230526,2.699997628804)
  );
#440 = CARTESIAN_POINT('',(-0.918437597108,4.458435152683,2.800004536292
    ));
#441 = CARTESIAN_POINT('',(-3.826356511614,3.319846895417,2.899996275794
    ));
#442 = CARTESIAN_POINT('',(-5.366798178654,7.94569488427E-07,
    3.000000100856));
#443 = CARTESIAN_POINT('',(-3.826429292746,-3.319847416081,
    3.100003924216));
#444 = CARTESIAN_POINT('',(-0.918352223675,-4.458435871518,
    3.199995664956));
#445 = CARTESIAN_POINT('',(1.628166613913,-3.645710717749,3.300002571805
    ));
#446 = CARTESIAN_POINT('',(2.900004792608,-1.822123253864,3.399999520066
    ));
#447 = CARTESIAN_POINT('',(2.899999999999,-2.306151816776E-14,3.5));
#448 = CARTESIAN_POINT('',(2.899989520052,1.822123222141,3.600001047995)
  );
#449 = CARTESIAN_POINT('',(1.628220093253,3.645711258823,3.699997122119)
  );
#450 = CARTESIAN_POINT('',(-0.918442740337,4.458435123961,3.800005050606
    ));
#451 = CARTESIAN_POINT('',(-3.826353219841,3.319846913798,3.899995946621
    ));
#452 = CARTESIAN_POINT('',(-5.366798178646,7.945752615868E-07,
    4.000000100859));
#453 = CARTESIAN_POINT('',(-3.826432584533,-3.319847434472,
    4.100004253384));
#454 = CARTESIAN_POINT('',(-0.918347080435,-4.458435842789,
    4.199995150645));
#455 = CARTESIAN_POINT('',(1.628161546959,-3.645710746048,4.300003078489
    ));
#456 = CARTESIAN_POINT('',(2.900008465005,-1.822123233355,4.399999152834
    ));
#457 = CARTESIAN_POINT('',(2.899997992093,-1.121255892874E-08,
    4.500000200786));
#458 = CARTESIAN_POINT('',(2.899993192443,1.822123242648,4.600000680762)
  );
#459 = CARTESIAN_POINT('',(1.628215026319,3.645711230525,4.699997628808)
  );
#460 = CARTESIAN_POINT('',(-0.918437597137,4.458435152688,4.800004536282
    ));
#461 = CARTESIAN_POINT('',(-3.826356511569,3.319846895413,4.899996275811
    ));
#462 = CARTESIAN_POINT('',(-5.366798178707,7.945692521716E-07,
    5.000000100836));
#463 = CARTESIAN_POINT('',(-3.826429292699,-3.319847416076,
    5.100003924232));
#464 = CARTESIAN_POINT('',(-0.918352223706,-4.458435871523,
    5.199995664946));
#465 = CARTESIAN_POINT('',(1.628166613927,-3.645710717747,5.300002571808
    ));
#466 = CARTESIAN_POINT('',(2.900004792604,-1.822123253864,5.399999520065
    ));
#467 = CARTESIAN_POINT('',(2.899999999999,-1.501154205953E-13,5.5));
#468 = CARTESIAN_POINT('',(2.899989319261,1.82212322102,5.600001068074)
  );
#469 = CARTESIAN_POINT('',(1.628220953964,3.645711263629,5.699997036049)
  );
#470 = CARTESIAN_POINT('',(-0.918444963216,4.458435111546,5.800005272889
    ));
#471 = CARTESIAN_POINT('',(-3.826349010625,3.319846937309,5.899995525711
    ));
#472 = CARTESIAN_POINT('',(-5.366804429482,7.596595859027E-07,
    6.000000725925));
#473 = CARTESIAN_POINT('',(-3.826425083533,-3.319847392574,
    6.100003503306));
#474 = CARTESIAN_POINT('',(-0.918354446555,-4.458435883931,
    6.199995887237));
#475 = CARTESIAN_POINT('',(1.628167474626,-3.645710712943,6.300002485736
    ));
#476 = CARTESIAN_POINT('',(2.900004591815,-1.822123254985,6.399999540144
    ));
#477 = CARTESIAN_POINT('',(2.9,3.614964461594E-14,6.5));
#478 = CARTESIAN_POINT('',(2.899989319259,1.82212322102,6.600001068074)
  );
#479 = CARTESIAN_POINT('',(1.628220953969,3.645711263628,6.69999703605)
  );
#480 = CARTESIAN_POINT('',(-0.918444963223,4.458435111551,6.800005272888
    ));
#481 = CARTESIAN_POINT('',(-3.826349010616,3.319846937302,6.899995525712
    ));
#482 = CARTESIAN_POINT('',(-5.366804429489,7.596666042886E-07,
    7.000000725924));
#483 = CARTESIAN_POINT('',(-3.826425083531,-3.319847392578,
    7.100003503306));
#484 = CARTESIAN_POINT('',(-0.918354446553,-4.45843588393,7.199995887237
    ));
#485 = CARTESIAN_POINT('',(1.628167474622,-3.645710712943,7.300002485736
    ));
#486 = CARTESIAN_POINT('',(2.900004591818,-1.822123254985,7.399999540144
    ));
#487 = CARTESIAN_POINT('',(2.899999999999,-5.549490089093E-14,7.5));
#488 = CARTESIAN_POINT('',(2.899989520054,1.822123222141,7.600001047995)
  );
#489 = CARTESIAN_POINT('',(1.628220093249,3.645711258823,7.699997122118)
  );
#490 = CARTESIAN_POINT('',(-0.918442740331,4.458435123959,7.800005050609
    ));
#491 = CARTESIAN_POINT('',(-3.826353219847,3.319846913802,7.899995946617
    ));
#492 = CARTESIAN_POINT('',(-5.366798178641,7.945708659918E-07,
    8.000000100863));
#493 = CARTESIAN_POINT('',(-3.826432584537,-3.319847434468,
    8.100004253382));
#494 = CARTESIAN_POINT('',(-0.918347080433,-4.458435842792,
    8.199995150646));
#495 = CARTESIAN_POINT('',(1.628161546958,-3.645710746047,8.300003078488
    ));
#496 = CARTESIAN_POINT('',(2.900008465004,-1.822123233355,8.399999152834
    ));
#497 = CARTESIAN_POINT('',(2.899997992094,-1.121265720731E-08,
    8.500000200787));
#498 = CARTESIAN_POINT('',(1.983974596216,-1.293296927431E-15,
    5.551115123126E-17));
#499 = CARTESIAN_POINT('',(1.983974596216,1.246566031088,
    9.998184819367E-02));
#500 = CARTESIAN_POINT('',(1.113890890738,2.494149610898,0.200049845824)
  );
#501 = CARTESIAN_POINT('',(-0.628288080445,3.050121746534,0.299912523183
    ));
#502 = CARTESIAN_POINT('',(-2.617780889465,2.271229339936,0.400070201245
    ));
#503 = CARTESIAN_POINT('',(-3.671540470279,-1.797209723264E-07,
    0.499998261096));
#504 = CARTESIAN_POINT('',(-2.617780666864,-2.271229596171,
    0.599926320972));
#505 = CARTESIAN_POINT('',(-0.628287782191,-3.050121808045,
    0.700083999013));
#506 = CARTESIAN_POINT('',(1.113891135092,-2.494149501857,0.799946676387
    ));
#507 = CARTESIAN_POINT('',(1.983974718178,-1.246565836875,0.900014674009
    ));
#508 = CARTESIAN_POINT('',(1.983974596223,1.942130158945E-07,
    0.999996522206));
#509 = CARTESIAN_POINT('',(1.983974596202,1.246565656458,1.099988556748)
  );
#510 = CARTESIAN_POINT('',(1.113890890759,2.494150184244,1.200039578816)
  );
#511 = CARTESIAN_POINT('',(-0.628288080471,3.050121034054,1.299925281661
    ));
#512 = CARTESIAN_POINT('',(-2.617780889437,2.271230065465,1.400057209148
    ));
#513 = CARTESIAN_POINT('',(-3.671540470303,-7.843326992329E-07,
    1.500009087847));
#514 = CARTESIAN_POINT('',(-2.617780666847,-2.27122918903,1.599919030407
    ));
#515 = CARTESIAN_POINT('',(-0.6282877822,-3.050122023058,1.700087849147)
  );
#516 = CARTESIAN_POINT('',(1.113891135096,-2.494149418602,1.799945185593
    ));
#517 = CARTESIAN_POINT('',(1.983974718177,-1.246565856298,1.900015021791
    ));
#518 = CARTESIAN_POINT('',(1.983974596223,1.942132043536E-07,
    1.999996522206));
#519 = CARTESIAN_POINT('',(1.983974596203,1.246565675879,2.099988208969)
  );
#520 = CARTESIAN_POINT('',(1.113890890756,2.494150100992,2.200041069607)
  );
#521 = CARTESIAN_POINT('',(-0.628288080464,3.050121249064,2.299921431532
    ));
#522 = CARTESIAN_POINT('',(-2.617780889452,2.271229658325,2.400064499709
    ));
#523 = CARTESIAN_POINT('',(-3.671540470281,-1.797170749995E-07,
    2.499998261101));
#524 = CARTESIAN_POINT('',(-2.617780666874,-2.271229914566,
    2.599932022499));
#525 = CARTESIAN_POINT('',(-0.628287782174,-3.050121310571,
    2.700075090673));
#526 = CARTESIAN_POINT('',(1.113891135075,-2.494149991953,2.799955452598
    ));
#527 = CARTESIAN_POINT('',(1.983974718191,-1.246565481666,2.900008313238
    ));
#528 = CARTESIAN_POINT('',(1.983974596216,-2.076654927027E-13,
    2.999999999999));
#529 = CARTESIAN_POINT('',(1.983974596215,1.24656603109,3.099981848199)
  );
#530 = CARTESIAN_POINT('',(1.113890890739,2.494149610892,3.200049845811)
  );
#531 = CARTESIAN_POINT('',(-0.628288080448,3.050121746544,3.299912523208
    ));
#532 = CARTESIAN_POINT('',(-2.617780889461,2.271229339925,3.40007020121)
  );
#533 = CARTESIAN_POINT('',(-3.671540470284,-1.797125914749E-07,
    3.499998261135));
#534 = CARTESIAN_POINT('',(-2.61778066686,-2.271229596173,3.59992632094)
  );
#535 = CARTESIAN_POINT('',(-0.628287782193,-3.050121808047,
    3.700083999035));
#536 = CARTESIAN_POINT('',(1.113891135094,-2.494149501854,3.799946676374
    ));
#537 = CARTESIAN_POINT('',(1.983974718178,-1.246565836877,3.900014674015
    ));
#538 = CARTESIAN_POINT('',(1.983974596223,1.942134487577E-07,
    3.999996522204));
#539 = CARTESIAN_POINT('',(1.983974596204,1.246565675877,4.099988208962)
  );
#540 = CARTESIAN_POINT('',(1.113890890754,2.494150100997,4.200041069635)
  );
#541 = CARTESIAN_POINT('',(-0.628288080459,3.050121249056,4.299921431468
    ));
#542 = CARTESIAN_POINT('',(-2.617780889457,2.271229658334,4.400064499805
    ));
#543 = CARTESIAN_POINT('',(-3.671540470277,-1.797203834641E-07,
    4.499998260991));
#544 = CARTESIAN_POINT('',(-2.617780666876,-2.271229914569,
    4.599932022595));
#545 = CARTESIAN_POINT('',(-0.628287782173,-3.050121310566,4.70007509061
    ));
#546 = CARTESIAN_POINT('',(1.113891135075,-2.494149991956,4.799955452628
    ));
#547 = CARTESIAN_POINT('',(1.983974718191,-1.246565481665,4.90000831323)
  );
#548 = CARTESIAN_POINT('',(1.983974596216,-1.800546821222E-13,
    4.999999999998));
#549 = CARTESIAN_POINT('',(1.983974596216,1.246566050511,5.099981500418)
  );
#550 = CARTESIAN_POINT('',(1.113890890736,2.494149527641,5.200051336608)
  );
#551 = CARTESIAN_POINT('',(-0.628288080439,3.050121961551,5.299908673061
    ));
#552 = CARTESIAN_POINT('',(-2.617780889478,2.271228932789,5.4000774918)
  );
#553 = CARTESIAN_POINT('',(-3.671540470259,4.248981495536E-07,
    5.499987434351));
#554 = CARTESIAN_POINT('',(-2.617780666889,-2.271230321705,5.59993931307
    ));
#555 = CARTESIAN_POINT('',(-0.628287782166,-3.050121095562,
    5.700071240531));
#556 = CARTESIAN_POINT('',(1.113891135072,-2.494150075205,5.799956943398
    ));
#557 = CARTESIAN_POINT('',(1.983974718191,-1.246565462245,5.900007965454
    ));
#558 = CARTESIAN_POINT('',(1.983974596216,-2.489883999373E-13,6.));
#559 = CARTESIAN_POINT('',(1.983974596216,1.246566050511,6.099981500414)
  );
#560 = CARTESIAN_POINT('',(1.113890890737,2.49414952764,6.200051336613)
  );
#561 = CARTESIAN_POINT('',(-0.628288080442,3.050121961552,6.299908673061
    ));
#562 = CARTESIAN_POINT('',(-2.617780889472,2.271228932791,6.40007749179)
  );
#563 = CARTESIAN_POINT('',(-3.671540470267,4.248933143103E-07,
    6.49998743437));
#564 = CARTESIAN_POINT('',(-2.617780666881,-2.271230321699,
    6.599939313047));
#565 = CARTESIAN_POINT('',(-0.628287782171,-3.050121095567,
    6.700071240551));
#566 = CARTESIAN_POINT('',(1.113891135074,-2.494150075202,6.799956943386
    ));
#567 = CARTESIAN_POINT('',(1.983974718191,-1.246565462245,6.90000796546)
  );
#568 = CARTESIAN_POINT('',(1.983974596215,-6.848413697574E-14,
    6.999999999998));
#569 = CARTESIAN_POINT('',(1.983974596215,1.24656603109,7.099981848202)
  );
#570 = CARTESIAN_POINT('',(1.11389089074,2.494149610892,7.200049845802)
  );
#571 = CARTESIAN_POINT('',(-0.62828808045,3.050121746545,7.299912523225)
  );
#572 = CARTESIAN_POINT('',(-2.617780889456,2.271229339925,7.400070201188
    ));
#573 = CARTESIAN_POINT('',(-3.671540470289,-1.797140862791E-07,
    7.499998261156));
#574 = CARTESIAN_POINT('',(-2.617780666855,-2.27122959617,7.599926320924
    ));
#575 = CARTESIAN_POINT('',(-0.628287782196,-3.05012180805,7.700083999043
    ));
#576 = CARTESIAN_POINT('',(1.113891135094,-2.494149501853,7.799946676372
    ));
#577 = CARTESIAN_POINT('',(1.983974718178,-1.246565836877,7.900014674015
    ));
#578 = CARTESIAN_POINT('',(1.983974596223,1.942133933459E-07,
    7.999996522205));
#579 = DEFINITIONAL_REPRESENTATION('',(#580),#584);
#580 = LINE('',#581,#582);
#581 = CARTESIAN_POINT('',(0.,0.));
#582 = VECTOR('',#583,1.);
#583 = DIRECTION('',(1.,0.));
#584 = ( GEOMETRIC_REPRESENTATION_CONTEXT(2) 
PARAMETRIC_REPRESENTATION_CONTEXT() REPRESENTATION_CONTEXT('2D SPACE',''
  ) );
#585 = ORIENTED_EDGE('',*,*,#586,.T.);
#586 = EDGE_CURVE('',#403,#22,#587,.T.);
#587 = SURFACE_CURVE('',#588,(#592,#598),.PCURVE_S1.);
#588 = LINE('',#589,#590);
#589 = CARTESIAN_POINT('',(1.295172917845,-2.98817626856E-15,0.));
#590 = VECTOR('',#591,1.);
#591 = DIRECTION('',(1.,2.460620167817E-15,-0.));
#592 = PCURVE('',#44,#593);
#593 = DEFINITIONAL_REPRESENTATION('',(#594),#597);
#594 = B_SPLINE_CURVE_WITH_KNOTS('',1,(#595,#596),.UNSPECIFIED.,.F.,.F.,
  (2,2),(0.68880167837,1.554827082155),.PIECEWISE_BEZIER_KNOTS.);
#595 = CARTESIAN_POINT('',(-5.394317569475E-17,-0.606371239475));
#596 = CARTESIAN_POINT('',(-5.394317569474E-17,0.25965416431));
#597 = ( GEOMETRIC_REPRESENTATION_CONTEXT(2) 
PARAMETRIC_REPRESENTATION_CONTEXT() REPRESENTATION_CONTEXT('2D SPACE',''
  ) );
#598 = PCURVE('',#73,#599);
#599 = DEFINITIONAL_REPRESENTATION('',(#600),#603);
#600 = B_SPLINE_CURVE_WITH_KNOTS('',1,(#601,#602),.UNSPECIFIED.,.F.,.F.,
  (2,2),(0.68880167837,1.554827082155),.PIECEWISE_BEZIER_KNOTS.);
#601 = CARTESIAN_POINT('',(1.983974596216,-1.536808187675E-15));
#602 = CARTESIAN_POINT('',(2.85,5.941513867189E-16));
#603 = ( GEOMETRIC_REPRESENTATION_CONTEXT(2) 
PARAMETRIC_REPRESENTATION_CONTEXT() REPRESENTATION_CONTEXT('2D SPACE',''
  ) );
#604 = ORIENTED_EDGE('',*,*,#21,.T.);
#605 = ADVANCED_FACE('',(#606),#387,.T.);
#606 = FACE_BOUND('',#607,.F.);
#607 = EDGE_LOOP('',(#608,#775,#776,#985));
#608 = ORIENTED_EDGE('',*,*,#609,.F.);
#609 = EDGE_CURVE('',#24,#610,#612,.T.);
#610 = VERTEX_POINT('',#611);
#611 = CARTESIAN_POINT('',(2.85,0.,1.472709216646));
#612 = SURFACE_CURVE('',#613,(#665,#720),.PCURVE_S1.);
#613 = B_SPLINE_CURVE_WITH_KNOTS('',8,(#614,#615,#616,#617,#618,#619,
    #620,#621,#622,#623,#624,#625,#626,#627,#628,#629,#630,#631,#632,
    #633,#634,#635,#636,#637,#638,#639,#640,#641,#642,#643,#644,#645,
    #646,#647,#648,#649,#650,#651,#652,#653,#654,#655,#656,#657,#658,
    #659,#660,#661,#662,#663,#664),.UNSPECIFIED.,.F.,.F.,(9,7,7,7,7,7,7,
    9),(0.,0.160700571088,0.293915598987,0.449560831425,0.607292602356,
    0.758237797399,0.90143326251,1.),.UNSPECIFIED.);
#614 = CARTESIAN_POINT('',(2.85,1.7763568394E-15,0.472708180475));
#615 = CARTESIAN_POINT('',(2.85,0.359599021469,0.49279066329));
#616 = CARTESIAN_POINT('',(2.798145562027,0.719661470222,0.512888450787)
  );
#617 = CARTESIAN_POINT('',(2.694205092335,1.070692847196,0.532964278152)
  );
#618 = CARTESIAN_POINT('',(2.540315312662,1.404033358905,0.553052286234)
  );
#619 = CARTESIAN_POINT('',(2.339930996672,1.711688799653,0.573146144753)
  );
#620 = CARTESIAN_POINT('',(2.097977778003,1.986476430447,0.593249730113)
  );
#621 = CARTESIAN_POINT('',(1.820638812114,2.221950241368,0.613365247591)
  );
#622 = CARTESIAN_POINT('',(1.263786077221,2.57180665796,0.65009127696));
#623 = CARTESIAN_POINT('',(0.99228376389,2.700308818856,0.666743982643)
  );
#624 = CARTESIAN_POINT('',(0.706084860837,2.795881484172,0.683387211786)
  );
#625 = CARTESIAN_POINT('',(0.409892590733,2.856673830043,0.700024618198)
  );
#626 = CARTESIAN_POINT('',(0.108549026246,2.881622871166,0.716663720931)
  );
#627 = CARTESIAN_POINT('',(-0.192996247629,2.870378110316,0.733310831756
    ));
#628 = CARTESIAN_POINT('',(-0.48969427236,2.823391034099,0.749966689044)
  );
#629 = CARTESIAN_POINT('',(-1.111542850569,2.647308944622,0.786060852288
    ));
#630 = CARTESIAN_POINT('',(-1.433789169037,2.505519323251,0.805536969639
    ));
#631 = CARTESIAN_POINT('',(-1.734866882137,2.318957372057,0.825001449722
    ));
#632 = CARTESIAN_POINT('',(-2.007682189901,2.09156651293,0.84445611916)
  );
#633 = CARTESIAN_POINT('',(-2.246029988181,1.828286865218,0.863907203195
    ));
#634 = CARTESIAN_POINT('',(-2.444739612017,1.535120489879,0.883363941199
    ));
#635 = CARTESIAN_POINT('',(-2.599596560113,1.218967715277,0.902833413892
    ));
#636 = CARTESIAN_POINT('',(-2.818083215292,0.552689036938,0.941987826366
    ));
#637 = CARTESIAN_POINT('',(-2.880742768412,0.201308540734,0.961722336397
    ));
#638 = CARTESIAN_POINT('',(-2.893054589306,-0.157593977842,
    0.981442095329));
#639 = CARTESIAN_POINT('',(-2.854360898017,-0.515608411154,
    1.001154029206));
#640 = CARTESIAN_POINT('',(-2.765353855801,-0.864533287484,
    1.020867346115));
#641 = CARTESIAN_POINT('',(-2.62825368925,-1.196443717599,1.040589256512
    ));
#642 = CARTESIAN_POINT('',(-2.446624930139,-1.503692001586,
    1.060324664358));
#643 = CARTESIAN_POINT('',(-2.015398549202,-2.043218917275,
    1.098890908307));
#644 = CARTESIAN_POINT('',(-1.768554127621,-2.278789376051,
    1.117769430119));
#645 = CARTESIAN_POINT('',(-1.490481896454,-2.479875125675,
    1.136634584934));
#646 = CARTESIAN_POINT('',(-1.186957830422,-2.641863312615,
    1.155491155707));
#647 = CARTESIAN_POINT('',(-0.864287104567,-2.761212685738,
    1.174349460963));
#648 = CARTESIAN_POINT('',(-0.529301548268,-2.835573946389,
    1.193219516472));
#649 = CARTESIAN_POINT('',(-0.189267868222,-2.863696293552,
    1.212105052061));
#650 = CARTESIAN_POINT('',(0.468013911075,-2.829510302714,1.248871212278
    ));
#651 = CARTESIAN_POINT('',(0.786146286856,-2.771738963291,1.266787753254
    ));
#652 = CARTESIAN_POINT('',(1.095806063749,-2.673054266176,1.284695285866
    ));
#653 = CARTESIAN_POINT('',(1.390913847666,-2.535075583566,1.302593893105
    ));
#654 = CARTESIAN_POINT('',(1.665831653258,-2.36029945341,1.320486676597)
  );
#655 = CARTESIAN_POINT('',(1.915424698486,-2.15214047116,1.338380384099)
  );
#656 = CARTESIAN_POINT('',(2.135062497509,-1.914856194558,1.356282065495
    ));
#657 = CARTESIAN_POINT('',(2.448998161163,-1.474297125928,1.386482332314
    ));
#658 = CARTESIAN_POINT('',(2.561125669138,-1.283330755557,1.398797707322
    ));
#659 = CARTESIAN_POINT('',(2.656174378101,-1.082699361129,1.411114832855
    ));
#660 = CARTESIAN_POINT('',(2.733196237717,-0.874196730541,1.423429380235
    ));
#661 = CARTESIAN_POINT('',(2.791468969145,-0.659698028827,1.43575237829)
  );
#662 = CARTESIAN_POINT('',(2.830493567025,-0.441146344101,1.448070766163
    ));
#663 = CARTESIAN_POINT('',(2.850000005012,-0.220554149628,1.460392334931
    ));
#664 = CARTESIAN_POINT('',(2.85,0.,1.472709216646));
#665 = PCURVE('',#387,#666);
#666 = DEFINITIONAL_REPRESENTATION('',(#667),#719);
#667 = B_SPLINE_CURVE_WITH_KNOTS('',8,(#668,#669,#670,#671,#672,#673,
    #674,#675,#676,#677,#678,#679,#680,#681,#682,#683,#684,#685,#686,
    #687,#688,#689,#690,#691,#692,#693,#694,#695,#696,#697,#698,#699,
    #700,#701,#702,#703,#704,#705,#706,#707,#708,#709,#710,#711,#712,
    #713,#714,#715,#716,#717,#718),.UNSPECIFIED.,.F.,.F.,(9,7,7,7,7,7,7,
    9),(0.,0.160700571088,0.293915598987,0.449560831425,0.607292602356,
    0.758237797399,0.90143326251,1.),.UNSPECIFIED.);
#668 = CARTESIAN_POINT('',(0.,-0.472708180475));
#669 = CARTESIAN_POINT('',(-0.126175095252,-0.49279066329));
#670 = CARTESIAN_POINT('',(-0.2525124431,-0.512888450787));
#671 = CARTESIAN_POINT('',(-0.378744586442,-0.532964278152));
#672 = CARTESIAN_POINT('',(-0.504914324685,-0.553052286235));
#673 = CARTESIAN_POINT('',(-0.631087628494,-0.573146144753));
#674 = CARTESIAN_POINT('',(-0.757329055897,-0.593249730113));
#675 = CARTESIAN_POINT('',(-0.883681800107,-0.613365247591));
#676 = CARTESIAN_POINT('',(-1.114431106283,-0.65009127696));
#677 = CARTESIAN_POINT('',(-1.219082584668,-0.666743982643));
#678 = CARTESIAN_POINT('',(-1.323696767249,-0.683387211786));
#679 = CARTESIAN_POINT('',(-1.428283248882,-0.700024618198));
#680 = CARTESIAN_POINT('',(-1.532872154039,-0.716663720931));
#681 = CARTESIAN_POINT('',(-1.63749281367,-0.733310831756));
#682 = CARTESIAN_POINT('',(-1.742150989818,-0.749966689044));
#683 = CARTESIAN_POINT('',(-1.968922069038,-0.786060852288));
#684 = CARTESIAN_POINT('',(-2.091267755177,-0.805536969639));
#685 = CARTESIAN_POINT('',(-2.213529192468,-0.825001449722));
#686 = CARTESIAN_POINT('',(-2.335733617134,-0.84445611916));
#687 = CARTESIAN_POINT('',(-2.457934658897,-0.863907203195));
#688 = CARTESIAN_POINT('',(-2.580186424011,-0.883363941199));
#689 = CARTESIAN_POINT('',(-2.702524979984,-0.902833413892));
#690 = CARTESIAN_POINT('',(-2.948555628081,-0.941987826366));
#691 = CARTESIAN_POINT('',(-3.072559192635,-0.961722336397));
#692 = CARTESIAN_POINT('',(-3.196462759026,-0.981442095329));
#693 = CARTESIAN_POINT('',(-3.32030411757,-1.001154029206));
#694 = CARTESIAN_POINT('',(-3.444145721202,-1.020867346115));
#695 = CARTESIAN_POINT('',(-3.568048332508,-1.040589256512));
#696 = CARTESIAN_POINT('',(-3.692049971499,-1.060324664358));
#697 = CARTESIAN_POINT('',(-3.934395513179,-1.098890908307));
#698 = CARTESIAN_POINT('',(-4.053037957051,-1.11776943012));
#699 = CARTESIAN_POINT('',(-4.17160763138,-1.136634584934));
#700 = CARTESIAN_POINT('',(-4.290126957522,-1.155491155708));
#701 = CARTESIAN_POINT('',(-4.408643670803,-1.174349460963));
#702 = CARTESIAN_POINT('',(-4.527206378726,-1.193219516472));
#703 = CARTESIAN_POINT('',(-4.645842614594,-1.212105052061));
#704 = CARTESIAN_POINT('',(-4.876779528793,-1.248871212278));
#705 = CARTESIAN_POINT('',(-4.989306961995,-1.266787753253));
#706 = CARTESIAN_POINT('',(-5.101777718374,-1.284695285867));
#707 = CARTESIAN_POINT('',(-5.214208663426,-1.302593893104));
#708 = CARTESIAN_POINT('',(-5.326639467763,-1.320486676598));
#709 = CARTESIAN_POINT('',(-5.439109757614,-1.338380384099));
#710 = CARTESIAN_POINT('',(-5.551636554032,-1.356282065495));
#711 = CARTESIAN_POINT('',(-5.741450379284,-1.386482332314));
#712 = CARTESIAN_POINT('',(-5.818850602637,-1.398797707323));
#713 = CARTESIAN_POINT('',(-5.896241248883,-1.411114832854));
#714 = CARTESIAN_POINT('',(-5.973623776565,-1.423429380235));
#715 = CARTESIAN_POINT('',(-6.051006061284,-1.43575237829));
#716 = CARTESIAN_POINT('',(-6.128397122511,-1.448070766163));
#717 = CARTESIAN_POINT('',(-6.205797886258,-1.460392334931));
#718 = CARTESIAN_POINT('',(-6.28318530718,-1.472709216646));
#719 = ( GEOMETRIC_REPRESENTATION_CONTEXT(2) 
PARAMETRIC_REPRESENTATION_CONTEXT() REPRESENTATION_CONTEXT('2D SPACE',''
  ) );
#720 = PCURVE('',#416,#721);
#721 = DEFINITIONAL_REPRESENTATION('',(#722),#774);
#722 = B_SPLINE_CURVE_WITH_KNOTS('',8,(#723,#724,#725,#726,#727,#728,
    #729,#730,#731,#732,#733,#734,#735,#736,#737,#738,#739,#740,#741,
    #742,#743,#744,#745,#746,#747,#748,#749,#750,#751,#752,#753,#754,
    #755,#756,#757,#758,#759,#760,#761,#762,#763,#764,#765,#766,#767,
    #768,#769,#770,#771,#772,#773),.UNSPECIFIED.,.F.,.F.,(9,7,7,7,7,7,7,
    9),(0.,0.160700571088,0.293915598987,0.449560831425,0.607292602356,
    0.758237797399,0.90143326251,1.),.UNSPECIFIED.);
#723 = CARTESIAN_POINT('',(5.696352704109E-02,0.));
#724 = CARTESIAN_POINT('',(5.696126029382E-02,0.127763170605));
#725 = CARTESIAN_POINT('',(5.697390631735E-02,0.255669171014));
#726 = CARTESIAN_POINT('',(5.700471580626E-02,0.383490823662));
#727 = CARTESIAN_POINT('',(5.699301692665E-02,0.511260393934));
#728 = CARTESIAN_POINT('',(5.696917157832E-02,0.63903016406));
#729 = CARTESIAN_POINT('',(5.694639860614E-02,0.766865086645));
#730 = CARTESIAN_POINT('',(5.693451311302E-02,0.894809112363));
#731 = CARTESIAN_POINT('',(5.693176116283E-02,1.128461459795));
#732 = CARTESIAN_POINT('',(5.693766992413E-02,1.234428399765));
#733 = CARTESIAN_POINT('',(5.695090107237E-02,1.340357367836));
#734 = CARTESIAN_POINT('',(5.696745464469E-02,1.446259417796));
#735 = CARTESIAN_POINT('',(5.698169941759E-02,1.552165222486));
#736 = CARTESIAN_POINT('',(5.698996097221E-02,1.658103738453));
#737 = CARTESIAN_POINT('',(5.699236418014E-02,1.764080044064));
#738 = CARTESIAN_POINT('',(5.698752287326E-02,1.993705922831));
#739 = CARTESIAN_POINT('',(5.697861347892E-02,2.117590987155));
#740 = CARTESIAN_POINT('',(5.696552684825E-02,2.241389278866));
#741 = CARTESIAN_POINT('',(5.695346458951E-02,2.365128275278));
#742 = CARTESIAN_POINT('',(5.694772016234E-02,2.488863718656));
#743 = CARTESIAN_POINT('',(5.694751698122E-02,2.612652025087));
#744 = CARTESIAN_POINT('',(5.695019955827E-02,2.736530149456));
#745 = CARTESIAN_POINT('',(5.69565291812E-02,2.985660196866));
#746 = CARTESIAN_POINT('',(5.696019604043E-02,3.111227559378));
#747 = CARTESIAN_POINT('',(5.696185938958E-02,3.236694964317));
#748 = CARTESIAN_POINT('',(5.695923430793E-02,3.362099512047));
#749 = CARTESIAN_POINT('',(5.695322323436E-02,3.487502537621));
#750 = CARTESIAN_POINT('',(5.694874307632E-02,3.612964903862));
#751 = CARTESIAN_POINT('',(5.694840089978E-02,3.738525758029));
#752 = CARTESIAN_POINT('',(5.695579493825E-02,3.983916965981));
#753 = CARTESIAN_POINT('',(5.696319444022E-02,4.104049682508));
#754 = CARTESIAN_POINT('',(5.697434796015E-02,4.224108797785));
#755 = CARTESIAN_POINT('',(5.698708251367E-02,4.344118118458));
#756 = CARTESIAN_POINT('',(5.699598431602E-02,4.464126791142));
#757 = CARTESIAN_POINT('',(5.699597403146E-02,4.584183055991));
#758 = CARTESIAN_POINT('',(5.698800651548E-02,4.704313553708));
#759 = CARTESIAN_POINT('',(5.696443529651E-02,4.938157762235));
#760 = CARTESIAN_POINT('',(5.694921718785E-02,5.052101157759));
#761 = CARTESIAN_POINT('',(5.693360408246E-02,5.165986035618));
#762 = CARTESIAN_POINT('',(5.692308566696E-02,5.279829657571));
#763 = CARTESIAN_POINT('',(5.692474180428E-02,5.393673338286));
#764 = CARTESIAN_POINT('',(5.693867393551E-02,5.507560318235));
#765 = CARTESIAN_POINT('',(5.695576115654E-02,5.621507647578));
#766 = CARTESIAN_POINT('',(5.697843609188E-02,5.813718870721));
#767 = CARTESIAN_POINT('',(5.698635838537E-02,5.892096928227));
#768 = CARTESIAN_POINT('',(5.698789442469E-02,5.970465348357));
#769 = CARTESIAN_POINT('',(5.698999846684E-02,6.048822506178));
#770 = CARTESIAN_POINT('',(5.697571832828E-02,6.127178195497));
#771 = CARTESIAN_POINT('',(5.697017283469E-02,6.205536439486));
#772 = CARTESIAN_POINT('',(5.696203419953E-02,6.283903787647));
#773 = CARTESIAN_POINT('',(5.696141840395E-02,6.362265177592));
#774 = ( GEOMETRIC_REPRESENTATION_CONTEXT(2) 
PARAMETRIC_REPRESENTATION_CONTEXT() REPRESENTATION_CONTEXT('2D SPACE',''
  ) );
#775 = ORIENTED_EDGE('',*,*,#373,.T.);
#776 = ORIENTED_EDGE('',*,*,#777,.T.);
#777 = EDGE_CURVE('',#86,#778,#780,.T.);
#778 = VERTEX_POINT('',#779);
#779 = CARTESIAN_POINT('',(2.85,0.,1.527292855683));
#780 = SURFACE_CURVE('',#781,(#847,#916),.PCURVE_S1.);
#781 = B_SPLINE_CURVE_WITH_KNOTS('',8,(#782,#783,#784,#785,#786,#787,
    #788,#789,#790,#791,#792,#793,#794,#795,#796,#797,#798,#799,#800,
    #801,#802,#803,#804,#805,#806,#807,#808,#809,#810,#811,#812,#813,
    #814,#815,#816,#817,#818,#819,#820,#821,#822,#823,#824,#825,#826,
    #827,#828,#829,#830,#831,#832,#833,#834,#835,#836,#837,#838,#839,
    #840,#841,#842,#843,#844,#845,#846),.UNSPECIFIED.,.F.,.F.,(9,7,7,7,7
    ,7,7,7,7,9),(0.,3.804908330969E-02,0.191721351344,0.299245100961,
    0.41827311405,0.598046731021,0.692411734023,0.795404333615,
    0.895636975278,1.),.UNSPECIFIED.);
#782 = CARTESIAN_POINT('',(2.85,0.,0.527292855683));
#783 = CARTESIAN_POINT('',(2.85,8.514174991616E-02,0.532047756632));
#784 = CARTESIAN_POINT('',(2.847093121262,0.170285934145,0.53680274442)
  );
#785 = CARTESIAN_POINT('',(2.841279036381,0.255316028629,0.541557984786)
  );
#786 = CARTESIAN_POINT('',(2.832563054024,0.340115944445,0.546313554911)
  );
#787 = CARTESIAN_POINT('',(2.820956118924,0.424570027799,0.551069443412)
  );
#788 = CARTESIAN_POINT('',(2.806474811881,0.508563060034,0.555825550348)
  );
#789 = CARTESIAN_POINT('',(2.789141349767,0.591980257621,0.560581687217)
  );
#790 = CARTESIAN_POINT('',(2.68757060311,1.008824334844,0.584545618224)
  );
#791 = CARTESIAN_POINT('',(2.559985532209,1.332110376054,0.603775220646)
  );
#792 = CARTESIAN_POINT('',(2.387999661534,1.636473777037,0.622985024278)
  );
#793 = CARTESIAN_POINT('',(2.175128198972,1.914958150319,0.642177873606)
  );
#794 = CARTESIAN_POINT('',(1.925860091295,2.161401772657,0.661374371033)
  );
#795 = CARTESIAN_POINT('',(1.645738270984,2.370567637891,0.680584824007)
  );
#796 = CARTESIAN_POINT('',(1.341222727259,2.538086399899,0.699813748301)
  );
#797 = CARTESIAN_POINT('',(0.795438846586,2.747303126407,0.732463245506)
  );
#798 = CARTESIAN_POINT('',(0.562388068572,2.811774316225,0.745908868756)
  );
#799 = CARTESIAN_POINT('',(0.323494456494,2.853598210594,0.759353524903)
  );
#800 = CARTESIAN_POINT('',(8.133307422393E-02,2.872195879397,
    0.772795681216));
#801 = CARTESIAN_POINT('',(-0.161493943846,2.867332163893,0.786236477734
    ));
#802 = CARTESIAN_POINT('',(-0.402373743701,2.839093402499,0.799677508449
    ));
#803 = CARTESIAN_POINT('',(-0.638698435976,2.787912671097,0.813118301891
    ));
#804 = CARTESIAN_POINT('',(-1.121582573026,2.633533030362,0.841426169446
    ));
#805 = CARTESIAN_POINT('',(-1.366733344017,2.525290010455,0.856303680666
    ));
#806 = CARTESIAN_POINT('',(-1.599776270403,2.391006982226,0.871176748884
    ));
#807 = CARTESIAN_POINT('',(-1.817507310314,2.232321805123,0.88604680563)
  );
#808 = CARTESIAN_POINT('',(-2.017037097738,2.051282148137,0.900917693121
    ));
#809 = CARTESIAN_POINT('',(-2.195775641759,1.850302290406,0.915792817309
    ));
#810 = CARTESIAN_POINT('',(-2.351470533639,1.632186221091,0.930672594606
    ));
#811 = CARTESIAN_POINT('',(-2.679973298422,1.049800174328,0.968012581147
    ));
#812 = CARTESIAN_POINT('',(-2.821527935464,0.666749497376,0.990529935062
    ));
#813 = CARTESIAN_POINT('',(-2.899843346259,0.262710658447,1.013017604873
    ));
#814 = CARTESIAN_POINT('',(-2.912070327731,-0.150068132303,
    1.035487815995));
#815 = CARTESIAN_POINT('',(-2.857475949384,-0.559403540575,
    1.057954188954));
#816 = CARTESIAN_POINT('',(-2.738049842643,-0.953260224221,1.08043538233
    ));
#817 = CARTESIAN_POINT('',(-2.55784772287,-1.319751982821,1.102950506712
    ));
#818 = CARTESIAN_POINT('',(-2.203135209367,-1.820242966614,
    1.137208817861));
#819 = CARTESIAN_POINT('',(-2.06642306342,-1.982217873514,1.149004195529
    ));
#820 = CARTESIAN_POINT('',(-1.916144729909,-2.13239209173,1.160799502206
    ));
#821 = CARTESIAN_POINT('',(-1.753504824098,-2.269451153168,
    1.172594381212));
#822 = CARTESIAN_POINT('',(-1.579839944494,-2.392239619808,
    1.184389654057));
#823 = CARTESIAN_POINT('',(-1.396605141131,-2.499756960797,
    1.196186014054));
#824 = CARTESIAN_POINT('',(-1.205373970461,-2.591170558743,
    1.207982805597));
#825 = CARTESIAN_POINT('',(-0.792271291464,-2.747348538244,
    1.232649281246));
#826 = CARTESIAN_POINT('',(-0.569107406632,-2.808946044461,
    1.245523659994));
#827 = CARTESIAN_POINT('',(-0.340581424921,-2.84978161892,1.258395250553
    ));
#828 = CARTESIAN_POINT('',(-0.108953388382,-2.869342010372,
    1.271263424727));
#829 = CARTESIAN_POINT('',(0.123492199412,-2.867403600997,1.284129993329
    ));
#830 = CARTESIAN_POINT('',(0.354459760667,-2.844015123366,1.296997244736
    ));
#831 = CARTESIAN_POINT('',(0.581654780027,-2.799516954586,1.309865729613
    ));
#832 = CARTESIAN_POINT('',(1.018008574862,-2.671416722161,1.33525307396)
  );
#833 = CARTESIAN_POINT('',(1.227585687524,-2.588865721044,1.347777650131
    ));
#834 = CARTESIAN_POINT('',(1.429419200239,-2.487548063961,1.36030236902)
  );
#835 = CARTESIAN_POINT('',(1.621558161584,-2.368334467986,1.372827779443
    ));
#836 = CARTESIAN_POINT('',(1.802190517073,-2.232317409,1.385355688921));
#837 = CARTESIAN_POINT('',(1.969643480162,-2.080791644754,1.397887126542
    ));
#838 = CARTESIAN_POINT('',(2.122401254216,-1.915260139577,1.41042071008)
  );
#839 = CARTESIAN_POINT('',(2.401513686281,-1.552344082331,1.435998489616
    ));
#840 = CARTESIAN_POINT('',(2.526584546638,-1.353845197455,1.449048016393
    ));
#841 = CARTESIAN_POINT('',(2.632828892168,-1.143922699288,1.462094560588
    ));
#842 = CARTESIAN_POINT('',(2.719058681747,-0.924674100288,1.475135557298
    ));
#843 = CARTESIAN_POINT('',(2.784370070808,-0.698309283645,1.488172476429
    ));
#844 = CARTESIAN_POINT('',(2.82812986726,-0.467131925765,1.501209644279)
  );
#845 = CARTESIAN_POINT('',(2.85,-0.233533519766,1.514250724105));
#846 = CARTESIAN_POINT('',(2.85,-4.440892098501E-16,1.527292855683));
#847 = PCURVE('',#387,#848);
#848 = DEFINITIONAL_REPRESENTATION('',(#849),#915);
#849 = B_SPLINE_CURVE_WITH_KNOTS('',8,(#850,#851,#852,#853,#854,#855,
    #856,#857,#858,#859,#860,#861,#862,#863,#864,#865,#866,#867,#868,
    #869,#870,#871,#872,#873,#874,#875,#876,#877,#878,#879,#880,#881,
    #882,#883,#884,#885,#886,#887,#888,#889,#890,#891,#892,#893,#894,
    #895,#896,#897,#898,#899,#900,#901,#902,#903,#904,#905,#906,#907,
    #908,#909,#910,#911,#912,#913,#914),.UNSPECIFIED.,.F.,.F.,(9,7,7,7,7
    ,7,7,7,7,9),(0.,3.804908330969E-02,0.191721351344,0.299245100961,
    0.41827311405,0.598046731021,0.692411734023,0.795404333615,
    0.895636975278,1.),.UNSPECIFIED.);
#850 = CARTESIAN_POINT('',(0.,-0.527292855683));
#851 = CARTESIAN_POINT('',(-2.98742982162E-02,-0.532047756632));
#852 = CARTESIAN_POINT('',(-5.974933139618E-02,-0.53680274442));
#853 = CARTESIAN_POINT('',(-8.962508267948E-02,-0.541557984786));
#854 = CARTESIAN_POINT('',(-0.119501455835,-0.546313554911));
#855 = CARTESIAN_POINT('',(-0.149378275262,-0.551069443412));
#856 = CARTESIAN_POINT('',(-0.179255285987,-0.555825550348));
#857 = CARTESIAN_POINT('',(-0.209132153668,-0.560581687217));
#858 = CARTESIAN_POINT('',(-0.359672618914,-0.584545618224));
#859 = CARTESIAN_POINT('',(-0.48047949143,-0.603775220646));
#860 = CARTESIAN_POINT('',(-0.601203041908,-0.622985024279));
#861 = CARTESIAN_POINT('',(-0.721873873173,-0.642177873606));
#862 = CARTESIAN_POINT('',(-0.842545211173,-0.661374371033));
#863 = CARTESIAN_POINT('',(-0.963269867628,-0.680584824007));
#864 = CARTESIAN_POINT('',(-1.084077007138,-0.699813748301));
#865 = CARTESIAN_POINT('',(-1.289168158057,-0.732463245506));
#866 = CARTESIAN_POINT('',(-1.37361903471,-0.745908868756));
#867 = CARTESIAN_POINT('',(-1.458059250947,-0.759353524903));
#868 = CARTESIAN_POINT('',(-1.542486528997,-0.772795681216));
#869 = CARTESIAN_POINT('',(-1.626914194649,-0.786236477734));
#870 = CARTESIAN_POINT('',(-1.711355152771,-0.799677508449));
#871 = CARTESIAN_POINT('',(-1.795805830299,-0.813118301891));
#872 = CARTESIAN_POINT('',(-1.97368712786,-0.841426169446));
#873 = CARTESIAN_POINT('',(-2.067185294714,-0.856303680666));
#874 = CARTESIAN_POINT('',(-2.160662992926,-0.871176748884));
#875 = CARTESIAN_POINT('',(-2.254122794606,-0.88604680563));
#876 = CARTESIAN_POINT('',(-2.34758242236,-0.900917693121));
#877 = CARTESIAN_POINT('',(-2.441059778258,-0.915792817309));
#878 = CARTESIAN_POINT('',(-2.534557961004,-0.930672594606));
#879 = CARTESIAN_POINT('',(-2.769170618983,-0.968012581147));
#880 = CARTESIAN_POINT('',(-2.910636046953,-0.990529935062));
#881 = CARTESIAN_POINT('',(-3.051907800206,-1.013017604873));
#882 = CARTESIAN_POINT('',(-3.19307997003,-1.035487815995));
#883 = CARTESIAN_POINT('',(-3.334253543849,-1.057954188953));
#884 = CARTESIAN_POINT('',(-3.475526054331,-1.08043538233));
#885 = CARTESIAN_POINT('',(-3.617001722255,-1.102950506712));
#886 = CARTESIAN_POINT('',(-3.832244845214,-1.137208817861));
#887 = CARTESIAN_POINT('',(-3.906350619919,-1.149004195529));
#888 = CARTESIAN_POINT('',(-3.980451346575,-1.160799502206));
#889 = CARTESIAN_POINT('',(-4.054545055703,-1.172594381212));
#890 = CARTESIAN_POINT('',(-4.128638436477,-1.184389654057));
#891 = CARTESIAN_POINT('',(-4.202738450096,-1.196186014054));
#892 = CARTESIAN_POINT('',(-4.276843972547,-1.207982805597));
#893 = CARTESIAN_POINT('',(-4.431805175478,-1.232649281246));
#894 = CARTESIAN_POINT('',(-4.512691334417,-1.245523659994));
#895 = CARTESIAN_POINT('',(-4.593568753878,-1.258395250553));
#896 = CARTESIAN_POINT('',(-4.674435667725,-1.271263424727));
#897 = CARTESIAN_POINT('',(-4.755302969563,-1.284129993329));
#898 = CARTESIAN_POINT('',(-4.836181377104,-1.296997244736));
#899 = CARTESIAN_POINT('',(-4.917068524688,-1.309865729613));
#900 = CARTESIAN_POINT('',(-5.07663638672,-1.33525307396));
#901 = CARTESIAN_POINT('',(-5.155353194825,-1.347777650131));
#902 = CARTESIAN_POINT('',(-5.234061978464,-1.36030236902));
#903 = CARTESIAN_POINT('',(-5.312760877686,-1.372827779443));
#904 = CARTESIAN_POINT('',(-5.391459354119,-1.385355688921));
#905 = CARTESIAN_POINT('',(-5.470167024478,-1.397887126542));
#906 = CARTESIAN_POINT('',(-5.548882575872,-1.41042071008));
#907 = CARTESIAN_POINT('',(-5.7095260244,-1.435998489616));
#908 = CARTESIAN_POINT('',(-5.791488328785,-1.449048016393));
#909 = CARTESIAN_POINT('',(-5.873441116864,-1.462094560588));
#910 = CARTESIAN_POINT('',(-5.955382825562,-1.475135557298));
#911 = CARTESIAN_POINT('',(-6.037325277267,-1.488172476429));
#912 = CARTESIAN_POINT('',(-6.119279891838,-1.501209644279));
#913 = CARTESIAN_POINT('',(-6.201243721297,-1.514250724105));
#914 = CARTESIAN_POINT('',(-6.28318530718,-1.527292855683));
#915 = ( GEOMETRIC_REPRESENTATION_CONTEXT(2) 
PARAMETRIC_REPRESENTATION_CONTEXT() REPRESENTATION_CONTEXT('2D SPACE',''
  ) );
#916 = PCURVE('',#169,#917);
#917 = DEFINITIONAL_REPRESENTATION('',(#918),#984);
#918 = B_SPLINE_CURVE_WITH_KNOTS('',8,(#919,#920,#921,#922,#923,#924,
    #925,#926,#927,#928,#929,#930,#931,#932,#933,#934,#935,#936,#937,
    #938,#939,#940,#941,#942,#943,#944,#945,#946,#947,#948,#949,#950,
    #951,#952,#953,#954,#955,#956,#957,#958,#959,#960,#961,#962,#963,
    #964,#965,#966,#967,#968,#969,#970,#971,#972,#973,#974,#975,#976,
    #977,#978,#979,#980,#981,#982,#983),.UNSPECIFIED.,.F.,.F.,(9,7,7,7,7
    ,7,7,7,7,9),(0.,3.804908330969E-02,0.191721351344,0.299245100961,
    0.41827311405,0.598046731021,0.692411734023,0.795404333615,
    0.895636975278,1.),.UNSPECIFIED.);
#919 = CARTESIAN_POINT('',(0.986635067455,6.362265131567));
#920 = CARTESIAN_POINT('',(0.986634530763,6.392515436131));
#921 = CARTESIAN_POINT('',(0.98663367773,6.422765328926));
#922 = CARTESIAN_POINT('',(0.986632323912,6.453015302204));
#923 = CARTESIAN_POINT('',(0.986630409098,6.483265663461));
#924 = CARTESIAN_POINT('',(0.986627997312,6.513516535438));
#925 = CARTESIAN_POINT('',(0.98662527681,6.543767856121));
#926 = CARTESIAN_POINT('',(0.986622560084,6.57401937874));
#927 = CARTESIAN_POINT('',(0.986611090656,6.726449300183));
#928 = CARTESIAN_POINT('',(0.986606238722,6.848778339313));
#929 = CARTESIAN_POINT('',(0.9866179101,6.971031779428));
#930 = CARTESIAN_POINT('',(0.986646429667,7.093228709754));
#931 = CARTESIAN_POINT('',(0.986665802628,7.215420969117));
#932 = CARTESIAN_POINT('',(0.986672813718,7.337664335486));
#933 = CARTESIAN_POINT('',(0.986668363096,7.459990283518));
#934 = CARTESIAN_POINT('',(0.986650403349,7.667660295882));
#935 = CARTESIAN_POINT('',(0.986639994209,7.753173186528));
#936 = CARTESIAN_POINT('',(0.986628239825,7.838675823653));
#937 = CARTESIAN_POINT('',(0.986617618441,7.924166009821));
#938 = CARTESIAN_POINT('',(0.986610115186,8.009657049334));
#939 = CARTESIAN_POINT('',(0.986606564252,8.095161626381));
#940 = CARTESIAN_POINT('',(0.986606634007,8.180675730453));
#941 = CARTESIAN_POINT('',(0.986612577898,8.360796007381));
#942 = CARTESIAN_POINT('',(0.986619069243,8.455470465252));
#943 = CARTESIAN_POINT('',(0.986627773206,8.550123400114));
#944 = CARTESIAN_POINT('',(0.986636554401,8.644757410639));
#945 = CARTESIAN_POINT('',(0.98664341666,8.739390857268));
#946 = CARTESIAN_POINT('',(0.98664739651,8.834042472673));
#947 = CARTESIAN_POINT('',(0.986648806234,8.928715858087));
#948 = CARTESIAN_POINT('',(0.986647789895,9.166279654452));
#949 = CARTESIAN_POINT('',(0.986643048242,9.309526576517));
#950 = CARTESIAN_POINT('',(0.986636826342,9.452580128316));
#951 = CARTESIAN_POINT('',(0.986634715049,9.595535133397));
#952 = CARTESIAN_POINT('',(0.986640800549,9.73849070462));
#953 = CARTESIAN_POINT('',(0.986647772213,9.881543268451));
#954 = CARTESIAN_POINT('',(0.986650528532,10.024798861096));
#955 = CARTESIAN_POINT('',(0.986646734289,10.242747753926));
#956 = CARTESIAN_POINT('',(0.986643984862,10.317784693137));
#957 = CARTESIAN_POINT('',(0.986639630918,10.392816289767));
#958 = CARTESIAN_POINT('',(0.986633847837,10.467840809123));
#959 = CARTESIAN_POINT('',(0.98662722385,10.542865270922));
#960 = CARTESIAN_POINT('',(0.986620677866,10.617896887219));
#961 = CARTESIAN_POINT('',(0.986615218799,10.692934562279));
#962 = CARTESIAN_POINT('',(0.986607538267,10.849845808263));
#963 = CARTESIAN_POINT('',(0.986605666444,10.931750313524));
#964 = CARTESIAN_POINT('',(0.986606840397,11.013646363784));
#965 = CARTESIAN_POINT('',(0.986611689324,11.095531880241));
#966 = CARTESIAN_POINT('',(0.986619938661,11.177417546823));
#967 = CARTESIAN_POINT('',(0.986630286245,11.259313953497));
#968 = CARTESIAN_POINT('',(0.986640778167,11.341218647772));
#969 = CARTESIAN_POINT('',(0.986658351756,11.502793231564));
#970 = CARTESIAN_POINT('',(0.986665498023,11.582499689162));
#971 = CARTESIAN_POINT('',(0.98666963858,11.662197892689));
#972 = CARTESIAN_POINT('',(0.986669165417,11.741886432345));
#973 = CARTESIAN_POINT('',(0.986663637309,11.821575463141));
#974 = CARTESIAN_POINT('',(0.986654241523,11.901275151436));
#975 = CARTESIAN_POINT('',(0.986643426952,11.980984167854));
#976 = CARTESIAN_POINT('',(0.986623589924,12.143656315202));
#977 = CARTESIAN_POINT('',(0.986614899962,12.22665437553));
#978 = CARTESIAN_POINT('',(0.98660921099,12.309642607337));
#979 = CARTESIAN_POINT('',(0.986610956881,12.392618207732));
#980 = CARTESIAN_POINT('',(0.986620292407,12.475591000592));
#981 = CARTESIAN_POINT('',(0.986631446244,12.558570918515));
#982 = CARTESIAN_POINT('',(0.986636567741,12.64155733733));
#983 = CARTESIAN_POINT('',(0.986635067455,12.724530263135));
#984 = ( GEOMETRIC_REPRESENTATION_CONTEXT(2) 
PARAMETRIC_REPRESENTATION_CONTEXT() REPRESENTATION_CONTEXT('2D SPACE',''
  ) );
#985 = ORIENTED_EDGE('',*,*,#986,.F.);
#986 = EDGE_CURVE('',#610,#778,#987,.T.);
#987 = SURFACE_CURVE('',#988,(#992,#999),.PCURVE_S1.);
#988 = LINE('',#989,#990);
#989 = CARTESIAN_POINT('',(2.85,0.,0.));
#990 = VECTOR('',#991,1.);
#991 = DIRECTION('',(0.,0.,1.));
#992 = PCURVE('',#387,#993);
#993 = DEFINITIONAL_REPRESENTATION('',(#994),#998);
#994 = LINE('',#995,#996);
#995 = CARTESIAN_POINT('',(-6.28318530718,0.));
#996 = VECTOR('',#997,1.);
#997 = DIRECTION('',(-0.,-1.));
#998 = ( GEOMETRIC_REPRESENTATION_CONTEXT(2) 
PARAMETRIC_REPRESENTATION_CONTEXT() REPRESENTATION_CONTEXT('2D SPACE',''
  ) );
#999 = PCURVE('',#1000,#1005);
#1000 = CYLINDRICAL_SURFACE('',#1001,2.85);
#1001 = AXIS2_PLACEMENT_3D('',#1002,#1003,#1004);
#1002 = CARTESIAN_POINT('',(0.,0.,0.));
#1003 = DIRECTION('',(-0.,-0.,-1.));
#1004 = DIRECTION('',(1.,0.,0.));
#1005 = DEFINITIONAL_REPRESENTATION('',(#1006),#1010);
#1006 = LINE('',#1007,#1008);
#1007 = CARTESIAN_POINT('',(-0.,0.));
#1008 = VECTOR('',#1009,1.);
#1009 = DIRECTION('',(-0.,-1.));
#1010 = ( GEOMETRIC_REPRESENTATION_CONTEXT(2) 
PARAMETRIC_REPRESENTATION_CONTEXT() REPRESENTATION_CONTEXT('2D SPACE',''
  ) );
#1011 = ADVANCED_FACE('',(#1012),#169,.T.);
#1012 = FACE_BOUND('',#1013,.T.);
#1013 = EDGE_LOOP('',(#1014,#1114,#1237,#1238,#1239,#1448,#1662,#1855,
    #2069,#2262,#2455));
#1014 = ORIENTED_EDGE('',*,*,#1015,.F.);
#1015 = EDGE_CURVE('',#403,#1016,#1018,.T.);
#1016 = VERTEX_POINT('',#1017);
#1017 = CARTESIAN_POINT('',(1.983974596223,1.942133933459E-07,
    7.999996522205));
#1018 = SURFACE_CURVE('',#1019,(#1101,#1107),.PCURVE_S1.);
#1019 = B_SPLINE_CURVE_WITH_KNOTS('',10,(#1020,#1021,#1022,#1023,#1024,
    #1025,#1026,#1027,#1028,#1029,#1030,#1031,#1032,#1033,#1034,#1035,
    #1036,#1037,#1038,#1039,#1040,#1041,#1042,#1043,#1044,#1045,#1046,
    #1047,#1048,#1049,#1050,#1051,#1052,#1053,#1054,#1055,#1056,#1057,
    #1058,#1059,#1060,#1061,#1062,#1063,#1064,#1065,#1066,#1067,#1068,
    #1069,#1070,#1071,#1072,#1073,#1074,#1075,#1076,#1077,#1078,#1079,
    #1080,#1081,#1082,#1083,#1084,#1085,#1086,#1087,#1088,#1089,#1090,
    #1091,#1092,#1093,#1094,#1095,#1096,#1097,#1098,#1099,#1100),
  .UNSPECIFIED.,.F.,.F.,(11,10,10,10,10,10,10,10,11),(0.,6.362265131567,
    12.724530263135,19.086795394702,25.449060526269,31.811325657837,
    38.173590789404,44.535855920971,50.898121052539),
  .PIECEWISE_BEZIER_KNOTS.);
#1020 = CARTESIAN_POINT('',(1.983974596216,-1.293296927431E-15,
    5.551115123126E-17));
#1021 = CARTESIAN_POINT('',(1.983974596216,1.246566031088,
    9.998184819367E-02));
#1022 = CARTESIAN_POINT('',(1.113890890738,2.494149610898,0.200049845824
    ));
#1023 = CARTESIAN_POINT('',(-0.628288080445,3.050121746534,
    0.299912523183));
#1024 = CARTESIAN_POINT('',(-2.617780889465,2.271229339936,
    0.400070201245));
#1025 = CARTESIAN_POINT('',(-3.671540470279,-1.797209723264E-07,
    0.499998261096));
#1026 = CARTESIAN_POINT('',(-2.617780666864,-2.271229596171,
    0.599926320972));
#1027 = CARTESIAN_POINT('',(-0.628287782191,-3.050121808045,
    0.700083999013));
#1028 = CARTESIAN_POINT('',(1.113891135092,-2.494149501857,
    0.799946676387));
#1029 = CARTESIAN_POINT('',(1.983974718178,-1.246565836875,
    0.900014674009));
#1030 = CARTESIAN_POINT('',(1.983974596223,1.942130158945E-07,
    0.999996522206));
#1031 = CARTESIAN_POINT('',(1.983974596202,1.246565656458,1.099988556748
    ));
#1032 = CARTESIAN_POINT('',(1.113890890759,2.494150184244,1.200039578816
    ));
#1033 = CARTESIAN_POINT('',(-0.628288080471,3.050121034054,
    1.299925281661));
#1034 = CARTESIAN_POINT('',(-2.617780889437,2.271230065465,
    1.400057209148));
#1035 = CARTESIAN_POINT('',(-3.671540470303,-7.843326992329E-07,
    1.500009087847));
#1036 = CARTESIAN_POINT('',(-2.617780666847,-2.27122918903,
    1.599919030407));
#1037 = CARTESIAN_POINT('',(-0.6282877822,-3.050122023058,1.700087849147
    ));
#1038 = CARTESIAN_POINT('',(1.113891135096,-2.494149418602,
    1.799945185593));
#1039 = CARTESIAN_POINT('',(1.983974718177,-1.246565856298,
    1.900015021791));
#1040 = CARTESIAN_POINT('',(1.983974596223,1.942132043536E-07,
    1.999996522206));
#1041 = CARTESIAN_POINT('',(1.983974596203,1.246565675879,2.099988208969
    ));
#1042 = CARTESIAN_POINT('',(1.113890890756,2.494150100992,2.200041069607
    ));
#1043 = CARTESIAN_POINT('',(-0.628288080464,3.050121249064,
    2.299921431532));
#1044 = CARTESIAN_POINT('',(-2.617780889452,2.271229658325,
    2.400064499709));
#1045 = CARTESIAN_POINT('',(-3.671540470281,-1.797170749995E-07,
    2.499998261101));
#1046 = CARTESIAN_POINT('',(-2.617780666874,-2.271229914566,
    2.599932022499));
#1047 = CARTESIAN_POINT('',(-0.628287782174,-3.050121310571,
    2.700075090673));
#1048 = CARTESIAN_POINT('',(1.113891135075,-2.494149991953,
    2.799955452598));
#1049 = CARTESIAN_POINT('',(1.983974718191,-1.246565481666,
    2.900008313238));
#1050 = CARTESIAN_POINT('',(1.983974596216,-2.076654927027E-13,
    2.999999999999));
#1051 = CARTESIAN_POINT('',(1.983974596215,1.24656603109,3.099981848199)
  );
#1052 = CARTESIAN_POINT('',(1.113890890739,2.494149610892,3.200049845811
    ));
#1053 = CARTESIAN_POINT('',(-0.628288080448,3.050121746544,
    3.299912523208));
#1054 = CARTESIAN_POINT('',(-2.617780889461,2.271229339925,3.40007020121
    ));
#1055 = CARTESIAN_POINT('',(-3.671540470284,-1.797125914749E-07,
    3.499998261135));
#1056 = CARTESIAN_POINT('',(-2.61778066686,-2.271229596173,3.59992632094
    ));
#1057 = CARTESIAN_POINT('',(-0.628287782193,-3.050121808047,
    3.700083999035));
#1058 = CARTESIAN_POINT('',(1.113891135094,-2.494149501854,
    3.799946676374));
#1059 = CARTESIAN_POINT('',(1.983974718178,-1.246565836877,
    3.900014674015));
#1060 = CARTESIAN_POINT('',(1.983974596223,1.942134487577E-07,
    3.999996522204));
#1061 = CARTESIAN_POINT('',(1.983974596204,1.246565675877,4.099988208962
    ));
#1062 = CARTESIAN_POINT('',(1.113890890754,2.494150100997,4.200041069635
    ));
#1063 = CARTESIAN_POINT('',(-0.628288080459,3.050121249056,
    4.299921431468));
#1064 = CARTESIAN_POINT('',(-2.617780889457,2.271229658334,
    4.400064499805));
#1065 = CARTESIAN_POINT('',(-3.671540470277,-1.797203834641E-07,
    4.499998260991));
#1066 = CARTESIAN_POINT('',(-2.617780666876,-2.271229914569,
    4.599932022595));
#1067 = CARTESIAN_POINT('',(-0.628287782173,-3.050121310566,
    4.70007509061));
#1068 = CARTESIAN_POINT('',(1.113891135075,-2.494149991956,
    4.799955452628));
#1069 = CARTESIAN_POINT('',(1.983974718191,-1.246565481665,4.90000831323
    ));
#1070 = CARTESIAN_POINT('',(1.983974596216,-1.800546821222E-13,
    4.999999999998));
#1071 = CARTESIAN_POINT('',(1.983974596216,1.246566050511,5.099981500418
    ));
#1072 = CARTESIAN_POINT('',(1.113890890736,2.494149527641,5.200051336608
    ));
#1073 = CARTESIAN_POINT('',(-0.628288080439,3.050121961551,
    5.299908673061));
#1074 = CARTESIAN_POINT('',(-2.617780889478,2.271228932789,5.4000774918)
  );
#1075 = CARTESIAN_POINT('',(-3.671540470259,4.248981495536E-07,
    5.499987434351));
#1076 = CARTESIAN_POINT('',(-2.617780666889,-2.271230321705,
    5.59993931307));
#1077 = CARTESIAN_POINT('',(-0.628287782166,-3.050121095562,
    5.700071240531));
#1078 = CARTESIAN_POINT('',(1.113891135072,-2.494150075205,
    5.799956943398));
#1079 = CARTESIAN_POINT('',(1.983974718191,-1.246565462245,
    5.900007965454));
#1080 = CARTESIAN_POINT('',(1.983974596216,-2.489883999373E-13,6.));
#1081 = CARTESIAN_POINT('',(1.983974596216,1.246566050511,6.099981500414
    ));
#1082 = CARTESIAN_POINT('',(1.113890890737,2.49414952764,6.200051336613)
  );
#1083 = CARTESIAN_POINT('',(-0.628288080442,3.050121961552,
    6.299908673061));
#1084 = CARTESIAN_POINT('',(-2.617780889472,2.271228932791,6.40007749179
    ));
#1085 = CARTESIAN_POINT('',(-3.671540470267,4.248933143103E-07,
    6.49998743437));
#1086 = CARTESIAN_POINT('',(-2.617780666881,-2.271230321699,
    6.599939313047));
#1087 = CARTESIAN_POINT('',(-0.628287782171,-3.050121095567,
    6.700071240551));
#1088 = CARTESIAN_POINT('',(1.113891135074,-2.494150075202,
    6.799956943386));
#1089 = CARTESIAN_POINT('',(1.983974718191,-1.246565462245,6.90000796546
    ));
#1090 = CARTESIAN_POINT('',(1.983974596215,-6.848413697574E-14,
    6.999999999998));
#1091 = CARTESIAN_POINT('',(1.983974596215,1.24656603109,7.099981848202)
  );
#1092 = CARTESIAN_POINT('',(1.11389089074,2.494149610892,7.200049845802)
  );
#1093 = CARTESIAN_POINT('',(-0.62828808045,3.050121746545,7.299912523225
    ));
#1094 = CARTESIAN_POINT('',(-2.617780889456,2.271229339925,
    7.400070201188));
#1095 = CARTESIAN_POINT('',(-3.671540470289,-1.797140862791E-07,
    7.499998261156));
#1096 = CARTESIAN_POINT('',(-2.617780666855,-2.27122959617,
    7.599926320924));
#1097 = CARTESIAN_POINT('',(-0.628287782196,-3.05012180805,
    7.700083999043));
#1098 = CARTESIAN_POINT('',(1.113891135094,-2.494149501853,
    7.799946676372));
#1099 = CARTESIAN_POINT('',(1.983974718178,-1.246565836877,
    7.900014674015));
#1100 = CARTESIAN_POINT('',(1.983974596223,1.942133933459E-07,
    7.999996522205));
#1101 = PCURVE('',#169,#1102);
#1102 = DEFINITIONAL_REPRESENTATION('',(#1103),#1106);
#1103 = B_SPLINE_CURVE_WITH_KNOTS('',1,(#1104,#1105),.UNSPECIFIED.,.F.,
  .F.,(2,2),(0.,50.898121052539),.PIECEWISE_BEZIER_KNOTS.);
#1104 = CARTESIAN_POINT('',(0.,0.));
#1105 = CARTESIAN_POINT('',(0.,50.898121052539));
#1106 = ( GEOMETRIC_REPRESENTATION_CONTEXT(2) 
PARAMETRIC_REPRESENTATION_CONTEXT() REPRESENTATION_CONTEXT('2D SPACE',''
  ) );
#1107 = PCURVE('',#416,#1108);
#1108 = DEFINITIONAL_REPRESENTATION('',(#1109),#1113);
#1109 = LINE('',#1110,#1111);
#1110 = CARTESIAN_POINT('',(1.043600757176,0.));
#1111 = VECTOR('',#1112,1.);
#1112 = DIRECTION('',(0.,1.));
#1113 = ( GEOMETRIC_REPRESENTATION_CONTEXT(2) 
PARAMETRIC_REPRESENTATION_CONTEXT() REPRESENTATION_CONTEXT('2D SPACE',''
  ) );
#1114 = ORIENTED_EDGE('',*,*,#1115,.T.);
#1115 = EDGE_CURVE('',#403,#57,#1116,.T.);
#1116 = SURFACE_CURVE('',#1117,(#1155,#1196),.PCURVE_S1.);
#1117 = B_SPLINE_CURVE_WITH_KNOTS('',6,(#1118,#1119,#1120,#1121,#1122,
    #1123,#1124,#1125,#1126,#1127,#1128,#1129,#1130,#1131,#1132,#1133,
    #1134,#1135,#1136,#1137,#1138,#1139,#1140,#1141,#1142,#1143,#1144,
    #1145,#1146,#1147,#1148,#1149,#1150,#1151,#1152,#1153,#1154),
  .UNSPECIFIED.,.F.,.F.,(7,5,5,5,5,5,5,7),(0.,0.194088220671,
    0.301394434219,0.417756319621,0.544826526971,0.682252925015,
    0.832990217556,1.),.UNSPECIFIED.);
#1118 = CARTESIAN_POINT('',(1.983974596216,-1.270563052818E-15,0.));
#1119 = CARTESIAN_POINT('',(2.017551802611,0.22850787639,0.));
#1120 = CARTESIAN_POINT('',(2.019042802643,0.462822208359,0.));
#1121 = CARTESIAN_POINT('',(1.987855736429,0.696948834776,0.));
#1122 = CARTESIAN_POINT('',(1.92495916187,0.925393218925,0.));
#1123 = CARTESIAN_POINT('',(1.832222193679,1.143149726326,0.));
#1124 = CARTESIAN_POINT('',(1.646557192028,1.457872311666,0.));
#1125 = CARTESIAN_POINT('',(1.572234370469,1.565346612153,0.));
#1126 = CARTESIAN_POINT('',(1.490176530565,1.667524861495,0.));
#1127 = CARTESIAN_POINT('',(1.400936083037,1.763773382924,0.));
#1128 = CARTESIAN_POINT('',(1.305123242889,1.853540469709,0.));
#1129 = CARTESIAN_POINT('',(1.093084841325,2.026154467463,0.));
#1130 = CARTESIAN_POINT('',(0.975812107032,2.107783568414,0.));
#1131 = CARTESIAN_POINT('',(0.852417867505,2.180639500911,0.));
#1132 = CARTESIAN_POINT('',(0.723782778905,2.244249125581,0.));
#1133 = CARTESIAN_POINT('',(0.59081898613,2.298259459829,0.));
#1134 = CARTESIAN_POINT('',(0.305553639202,2.390665428094,0.));
#1135 = CARTESIAN_POINT('',(0.152587041066,2.427170939915,0.));
#1136 = CARTESIAN_POINT('',(-3.223485689962E-03,2.451632735189,0.));
#1137 = CARTESIAN_POINT('',(-0.16067239864,2.463917868004,0.));
#1138 = CARTESIAN_POINT('',(-0.318575254037,2.464038269553,0.));
#1139 = CARTESIAN_POINT('',(-0.645779071445,2.439310484158,0.));
#1140 = CARTESIAN_POINT('',(-0.814976824546,2.412425257031,0.));
#1141 = CARTESIAN_POINT('',(-0.981899415375,2.371705717558,0.));
#1142 = CARTESIAN_POINT('',(-1.145178334736,2.317555527461,0.));
#1143 = CARTESIAN_POINT('',(-1.303536248322,2.250530130451,0.));
#1144 = CARTESIAN_POINT('',(-1.62279969556,2.084492715619,0.));
#1145 = CARTESIAN_POINT('',(-1.782486193693,1.983000928396,0.));
#1146 = CARTESIAN_POINT('',(-1.933298254776,1.867808636315,0.));
#1147 = CARTESIAN_POINT('',(-2.073899082323,1.740042454671,0.));
#1148 = CARTESIAN_POINT('',(-2.203135527052,1.600959087096,0.));
#1149 = CARTESIAN_POINT('',(-2.449595224778,1.286868162964,0.));
#1150 = CARTESIAN_POINT('',(-2.564035082797,1.109578249162,0.));
#1151 = CARTESIAN_POINT('',(-2.662072386607,0.921977406336,0.));
#1152 = CARTESIAN_POINT('',(-2.742780812136,0.726064946784,0.));
#1153 = CARTESIAN_POINT('',(-2.805526235299,0.523893356991,0.));
#1154 = CARTESIAN_POINT('',(-2.85,0.317575292298,0.));
#1155 = PCURVE('',#169,#1156);
#1156 = DEFINITIONAL_REPRESENTATION('',(#1157),#1195);
#1157 = B_SPLINE_CURVE_WITH_KNOTS('',6,(#1158,#1159,#1160,#1161,#1162,
    #1163,#1164,#1165,#1166,#1167,#1168,#1169,#1170,#1171,#1172,#1173,
    #1174,#1175,#1176,#1177,#1178,#1179,#1180,#1181,#1182,#1183,#1184,
    #1185,#1186,#1187,#1188,#1189,#1190,#1191,#1192,#1193,#1194),
  .UNSPECIFIED.,.F.,.F.,(7,5,5,5,5,5,5,7),(0.,0.194088220671,
    0.301394434219,0.417756319621,0.544826526971,0.682252925015,
    0.832990217556,1.),.UNSPECIFIED.);
#1158 = CARTESIAN_POINT('',(0.,0.));
#1159 = CARTESIAN_POINT('',(3.825352208914E-02,0.11662660926));
#1160 = CARTESIAN_POINT('',(7.592592243115E-02,0.231459669861));
#1161 = CARTESIAN_POINT('',(0.11302436869,0.344540365937));
#1162 = CARTESIAN_POINT('',(0.149595384219,0.456013015072));
#1163 = CARTESIAN_POINT('',(0.185671933318,0.565979625749));
#1164 = CARTESIAN_POINT('',(0.240910002331,0.734354900478));
#1165 = CARTESIAN_POINT('',(0.260428052961,0.7938496425));
#1166 = CARTESIAN_POINT('',(0.279800363674,0.852900454363));
#1167 = CARTESIAN_POINT('',(0.299031256985,0.911520440512));
#1168 = CARTESIAN_POINT('',(0.318124824319,0.96972198345));
#1169 = CARTESIAN_POINT('',(0.357641343995,1.090177542277));
#1170 = CARTESIAN_POINT('',(0.378041786261,1.152362958587));
#1171 = CARTESIAN_POINT('',(0.398287467437,1.214076656541));
#1172 = CARTESIAN_POINT('',(0.418383269401,1.275333457851));
#1173 = CARTESIAN_POINT('',(0.438333728234,1.336147155165));
#1174 = CARTESIAN_POINT('',(0.479770674699,1.462456571206));
#1175 = CARTESIAN_POINT('',(0.501231279021,1.527873376721));
#1176 = CARTESIAN_POINT('',(0.522525429826,1.592782687047));
#1177 = CARTESIAN_POINT('',(0.543658878909,1.657202046881));
#1178 = CARTESIAN_POINT('',(0.564636504494,1.721146348764));
#1179 = CARTESIAN_POINT('',(0.607980840548,1.853269074346));
#1180 = CARTESIAN_POINT('',(0.630323609314,1.921374509896));
#1181 = CARTESIAN_POINT('',(0.652491061115,1.988945511202));
#1182 = CARTESIAN_POINT('',(0.674489561762,2.056001513002));
#1183 = CARTESIAN_POINT('',(0.696324464408,2.122558851756));
#1184 = CARTESIAN_POINT('',(0.741769560388,2.261085043653));
#1185 = CARTESIAN_POINT('',(0.765349657783,2.33296216368));
#1186 = CARTESIAN_POINT('',(0.788740275043,2.404261755003));
#1187 = CARTESIAN_POINT('',(0.811948892059,2.475006616739));
#1188 = CARTESIAN_POINT('',(0.834981669525,2.545215516681));
#1189 = CARTESIAN_POINT('',(0.883165757563,2.692091111637));
#1190 = CARTESIAN_POINT('',(0.908281140891,2.768648297656));
#1191 = CARTESIAN_POINT('',(0.933188272539,2.844570696746));
#1192 = CARTESIAN_POINT('',(0.957896135071,2.919885668332));
#1193 = CARTESIAN_POINT('',(0.98241191604,2.994615108911));
#1194 = CARTESIAN_POINT('',(1.006736136763,3.068760604149));
#1195 = ( GEOMETRIC_REPRESENTATION_CONTEXT(2) 
PARAMETRIC_REPRESENTATION_CONTEXT() REPRESENTATION_CONTEXT('2D SPACE',''
  ) );
#1196 = PCURVE('',#73,#1197);
#1197 = DEFINITIONAL_REPRESENTATION('',(#1198),#1236);
#1198 = B_SPLINE_CURVE_WITH_KNOTS('',6,(#1199,#1200,#1201,#1202,#1203,
    #1204,#1205,#1206,#1207,#1208,#1209,#1210,#1211,#1212,#1213,#1214,
    #1215,#1216,#1217,#1218,#1219,#1220,#1221,#1222,#1223,#1224,#1225,
    #1226,#1227,#1228,#1229,#1230,#1231,#1232,#1233,#1234,#1235),
  .UNSPECIFIED.,.F.,.F.,(7,5,5,5,5,5,5,7),(0.,0.194088220671,
    0.301394434219,0.417756319621,0.544826526971,0.682252925015,
    0.832990217556,1.),.UNSPECIFIED.);
#1199 = CARTESIAN_POINT('',(1.983974596216,-1.514074273357E-15));
#1200 = CARTESIAN_POINT('',(2.017551802611,0.22850787639));
#1201 = CARTESIAN_POINT('',(2.019042802643,0.462822208359));
#1202 = CARTESIAN_POINT('',(1.987855736429,0.696948834776));
#1203 = CARTESIAN_POINT('',(1.92495916187,0.925393218925));
#1204 = CARTESIAN_POINT('',(1.832222193679,1.143149726326));
#1205 = CARTESIAN_POINT('',(1.646557192028,1.457872311666));
#1206 = CARTESIAN_POINT('',(1.572234370469,1.565346612153));
#1207 = CARTESIAN_POINT('',(1.490176530565,1.667524861495));
#1208 = CARTESIAN_POINT('',(1.400936083037,1.763773382924));
#1209 = CARTESIAN_POINT('',(1.305123242889,1.853540469709));
#1210 = CARTESIAN_POINT('',(1.093084841325,2.026154467463));
#1211 = CARTESIAN_POINT('',(0.975812107032,2.107783568414));
#1212 = CARTESIAN_POINT('',(0.852417867505,2.180639500911));
#1213 = CARTESIAN_POINT('',(0.723782778905,2.244249125581));
#1214 = CARTESIAN_POINT('',(0.59081898613,2.298259459828));
#1215 = CARTESIAN_POINT('',(0.305553639202,2.390665428094));
#1216 = CARTESIAN_POINT('',(0.152587041066,2.427170939915));
#1217 = CARTESIAN_POINT('',(-3.223485689962E-03,2.451632735189));
#1218 = CARTESIAN_POINT('',(-0.16067239864,2.463917868004));
#1219 = CARTESIAN_POINT('',(-0.318575254037,2.464038269553));
#1220 = CARTESIAN_POINT('',(-0.645779071445,2.439310484158));
#1221 = CARTESIAN_POINT('',(-0.814976824546,2.412425257031));
#1222 = CARTESIAN_POINT('',(-0.981899415375,2.371705717558));
#1223 = CARTESIAN_POINT('',(-1.145178334736,2.317555527461));
#1224 = CARTESIAN_POINT('',(-1.303536248322,2.250530130451));
#1225 = CARTESIAN_POINT('',(-1.62279969556,2.084492715619));
#1226 = CARTESIAN_POINT('',(-1.782486193693,1.983000928396));
#1227 = CARTESIAN_POINT('',(-1.933298254776,1.867808636315));
#1228 = CARTESIAN_POINT('',(-2.073899082323,1.740042454671));
#1229 = CARTESIAN_POINT('',(-2.203135527052,1.600959087096));
#1230 = CARTESIAN_POINT('',(-2.449595224778,1.286868162964));
#1231 = CARTESIAN_POINT('',(-2.564035082797,1.109578249162));
#1232 = CARTESIAN_POINT('',(-2.662072386607,0.921977406336));
#1233 = CARTESIAN_POINT('',(-2.742780812136,0.726064946784));
#1234 = CARTESIAN_POINT('',(-2.805526235299,0.523893356991));
#1235 = CARTESIAN_POINT('',(-2.85,0.317575292298));
#1236 = ( GEOMETRIC_REPRESENTATION_CONTEXT(2) 
PARAMETRIC_REPRESENTATION_CONTEXT() REPRESENTATION_CONTEXT('2D SPACE',''
  ) );
#1237 = ORIENTED_EDGE('',*,*,#85,.T.);
#1238 = ORIENTED_EDGE('',*,*,#777,.T.);
#1239 = ORIENTED_EDGE('',*,*,#1240,.T.);
#1240 = EDGE_CURVE('',#778,#1241,#1243,.T.);
#1241 = VERTEX_POINT('',#1242);
#1242 = CARTESIAN_POINT('',(2.85,0.,2.527291819525));
#1243 = SURFACE_CURVE('',#1244,(#1310,#1379),.PCURVE_S1.);
#1244 = B_SPLINE_CURVE_WITH_KNOTS('',8,(#1245,#1246,#1247,#1248,#1249,
    #1250,#1251,#1252,#1253,#1254,#1255,#1256,#1257,#1258,#1259,#1260,
    #1261,#1262,#1263,#1264,#1265,#1266,#1267,#1268,#1269,#1270,#1271,
    #1272,#1273,#1274,#1275,#1276,#1277,#1278,#1279,#1280,#1281,#1282,
    #1283,#1284,#1285,#1286,#1287,#1288,#1289,#1290,#1291,#1292,#1293,
    #1294,#1295,#1296,#1297,#1298,#1299,#1300,#1301,#1302,#1303,#1304,
    #1305,#1306,#1307,#1308,#1309),.UNSPECIFIED.,.F.,.F.,(9,7,7,7,7,7,7,
    7,7,9),(0.,7.971308459559E-02,0.167727039996,0.299964729617,
    0.411691195297,0.511377019906,0.626755004049,0.735530991461,
    0.841074648135,1.),.UNSPECIFIED.);
#1245 = CARTESIAN_POINT('',(2.85,-4.440892098501E-16,1.527292855683));
#1246 = CARTESIAN_POINT('',(2.85,0.17837448216,1.537254524008));
#1247 = CARTESIAN_POINT('',(2.83724109694,0.356774661427,1.547216883018)
  );
#1248 = CARTESIAN_POINT('',(2.81171700957,0.53410610504,1.557182670331)
  );
#1249 = CARTESIAN_POINT('',(2.773539386087,0.709299468749,1.567147225283
    ));
#1250 = CARTESIAN_POINT('',(2.722923335666,0.881310445753,1.577110543636
    ));
#1251 = CARTESIAN_POINT('',(2.660182068257,1.049121160475,1.587074152652
    ));
#1252 = CARTESIAN_POINT('',(2.585729687064,1.211743718799,1.597035914087
    ));
#1253 = CARTESIAN_POINT('',(2.405534758011,1.541004781072,1.617992984124
    ));
#1254 = CARTESIAN_POINT('',(2.29732041166,1.706335906871,1.628990055954)
  );
#1255 = CARTESIAN_POINT('',(2.17614818728,1.862927765087,1.639985478551)
  );
#1256 = CARTESIAN_POINT('',(2.042852230289,2.009603494235,1.650980024717
    ));
#1257 = CARTESIAN_POINT('',(1.898381948092,2.145290709971,1.6619754038)
  );
#1258 = CARTESIAN_POINT('',(1.743793353343,2.269020749074,1.672973015005
    ));
#1259 = CARTESIAN_POINT('',(1.580250585657,2.379938057529,1.683972889924
    ));
#1260 = CARTESIAN_POINT('',(1.15179649589,2.623632047392,1.71149981585)
  );
#1261 = CARTESIAN_POINT('',(0.877019285388,2.739514307747,1.728041096526
    ));
#1262 = CARTESIAN_POINT('',(0.589152301165,2.822348643881,1.744579803592
    ));
#1263 = CARTESIAN_POINT('',(0.29287801374,2.870516344745,1.761115046571)
  );
#1264 = CARTESIAN_POINT('',(-7.020961504996E-03,2.883176898335,
    1.777648824106));
#1265 = CARTESIAN_POINT('',(-0.305692469399,2.860186800798,
    1.794184309506));
#1266 = CARTESIAN_POINT('',(-0.59822445782,2.802179694699,1.810722966663
    ));
#1267 = CARTESIAN_POINT('',(-1.117549604805,2.633648348441,
    1.841209778499));
#1268 = CARTESIAN_POINT('',(-1.347722756285,2.532594237415,
    1.855174840144));
#1269 = CARTESIAN_POINT('',(-1.567318756838,2.408584655566,
    1.869136499554));
#1270 = CARTESIAN_POINT('',(-1.773682637856,2.262953244236,
    1.883095801506));
#1271 = CARTESIAN_POINT('',(-1.964398260581,2.097357216387,
    1.897055713835));
#1272 = CARTESIAN_POINT('',(-2.137279413398,1.913746822444,
    1.911018889033));
#1273 = CARTESIAN_POINT('',(-2.290397083869,1.714381109713,
    1.924985621234));
#1274 = CARTESIAN_POINT('',(-2.539728622443,1.312269149812,
    1.951406930761));
#1275 = CARTESIAN_POINT('',(-2.640354186463,1.112109894793,
    1.963868302806));
#1276 = CARTESIAN_POINT('',(-2.722896812586,0.90321628802,1.976329236804
    ));
#1277 = CARTESIAN_POINT('',(-2.786496195671,0.687502433079,
    1.988789280392));
#1278 = CARTESIAN_POINT('',(-2.830535245418,0.46695694353,2.001249521514
    ));
#1279 = CARTESIAN_POINT('',(-2.854630273275,0.243629647354,
    2.013710972277));
#1280 = CARTESIAN_POINT('',(-2.858650713773,1.962485177079E-02,
    2.026172890567));
#1281 = CARTESIAN_POINT('',(-2.824385910954,-0.460451338229,
    2.053050302175));
#1282 = CARTESIAN_POINT('',(-2.779326844355,-0.716223328521,
    2.067475825043));
#1283 = CARTESIAN_POINT('',(-2.707790766316,-0.966820868043,
    2.081898192466));
#1284 = CARTESIAN_POINT('',(-2.610523902713,-1.209042339246,
    2.096317552074));
#1285 = CARTESIAN_POINT('',(-2.488695113112,-1.439875506489,
    2.110736835489));
#1286 = CARTESIAN_POINT('',(-2.34385177158,-1.656492298544,
    2.125159167618));
#1287 = CARTESIAN_POINT('',(-2.1779424976,-1.856271600775,2.139585392844
    ));
#1288 = CARTESIAN_POINT('',(-1.819404894114,-2.207154557788,
    2.167604650384));
#1289 = CARTESIAN_POINT('',(-1.628740992983,-2.360494545481,
    2.18120641429));
#1290 = CARTESIAN_POINT('',(-1.423400994906,-2.494912242546,
    2.194806985622));
#1291 = CARTESIAN_POINT('',(-1.205598352441,-2.608801490492,
    2.208405363722));
#1292 = CARTESIAN_POINT('',(-0.97771419865,-2.700876407307,2.22200302496
    ));
#1293 = CARTESIAN_POINT('',(-0.742271535993,-2.770155995809,
    2.235601466208));
#1294 = CARTESIAN_POINT('',(-0.501930387872,-2.81599499506,
    2.249199766772));
#1295 = CARTESIAN_POINT('',(-2.428125694082E-02,-2.859668281925,
    2.27598066601));
#1296 = CARTESIAN_POINT('',(0.213040790257,-2.858901079592,
    2.289171052924));
#1297 = CARTESIAN_POINT('',(0.449906727199,-2.835606706398,
    2.302358521688));
#1298 = CARTESIAN_POINT('',(0.683823220695,-2.789911707205,
    2.315543365191));
#1299 = CARTESIAN_POINT('',(0.912358215372,-2.722257474785,2.32872855159
    ));
#1300 = CARTESIAN_POINT('',(1.133150296756,-2.633376788198,2.34191713742
    ));
#1301 = CARTESIAN_POINT('',(1.343928308047,-2.524311247988,2.35510951924
    ));
#1302 = CARTESIAN_POINT('',(1.841608241728,-2.203968436325,
    2.388163252825));
#1303 = CARTESIAN_POINT('',(2.113632338236,-1.968547981704,
    2.408058437384));
#1304 = CARTESIAN_POINT('',(2.350730712454,-1.694994007421,
    2.427943390991));
#1305 = CARTESIAN_POINT('',(2.546950964952,-1.389574601894,
    2.447819337654));
#1306 = CARTESIAN_POINT('',(2.697567565284,-1.05927562201,2.467689601146
    ));
#1307 = CARTESIAN_POINT('',(2.799272674437,-0.711846168664,
    2.487548687952));
#1308 = CARTESIAN_POINT('',(2.85,-0.355668919107,2.507429416091));
#1309 = CARTESIAN_POINT('',(2.85,2.6645352591E-15,2.527291819525));
#1310 = PCURVE('',#169,#1311);
#1311 = DEFINITIONAL_REPRESENTATION('',(#1312),#1378);
#1312 = B_SPLINE_CURVE_WITH_KNOTS('',8,(#1313,#1314,#1315,#1316,#1317,
    #1318,#1319,#1320,#1321,#1322,#1323,#1324,#1325,#1326,#1327,#1328,
    #1329,#1330,#1331,#1332,#1333,#1334,#1335,#1336,#1337,#1338,#1339,
    #1340,#1341,#1342,#1343,#1344,#1345,#1346,#1347,#1348,#1349,#1350,
    #1351,#1352,#1353,#1354,#1355,#1356,#1357,#1358,#1359,#1360,#1361,
    #1362,#1363,#1364,#1365,#1366,#1367,#1368,#1369,#1370,#1371,#1372,
    #1373,#1374,#1375,#1376,#1377),.UNSPECIFIED.,.F.,.F.,(9,7,7,7,7,7,7,
    7,7,9),(0.,7.971308459559E-02,0.167727039996,0.299964729617,
    0.411691195297,0.511377019906,0.626755004049,0.735530991461,
    0.841074648135,1.),.UNSPECIFIED.);
#1313 = CARTESIAN_POINT('',(0.986635067455,12.724530263135));
#1314 = CARTESIAN_POINT('',(0.986633921526,12.787905545144));
#1315 = CARTESIAN_POINT('',(0.986632623539,12.851284758032));
#1316 = CARTESIAN_POINT('',(0.986623714257,12.914662581864));
#1317 = CARTESIAN_POINT('',(0.986617187189,12.97803982657));
#1318 = CARTESIAN_POINT('',(0.986613838674,13.041418892518));
#1319 = CARTESIAN_POINT('',(0.986611148044,13.104801813011));
#1320 = CARTESIAN_POINT('',(0.986613403585,13.168188055739));
#1321 = CARTESIAN_POINT('',(0.986622633251,13.301550625588));
#1322 = CARTESIAN_POINT('',(0.986630554056,13.371541056523));
#1323 = CARTESIAN_POINT('',(0.986640633806,13.441527575604));
#1324 = CARTESIAN_POINT('',(0.986650879487,13.511509024434));
#1325 = CARTESIAN_POINT('',(0.986659345554,13.581490347836));
#1326 = CARTESIAN_POINT('',(0.986664791301,13.651476665972));
#1327 = CARTESIAN_POINT('',(0.986666873745,13.721467134352));
#1328 = CARTESIAN_POINT('',(0.986664377026,13.89659312476));
#1329 = CARTESIAN_POINT('',(0.986655939622,14.001807418939));
#1330 = CARTESIAN_POINT('',(0.986641376601,14.106986666936));
#1331 = CARTESIAN_POINT('',(0.986625231876,14.212139054225));
#1332 = CARTESIAN_POINT('',(0.986612674163,14.317293051977));
#1333 = CARTESIAN_POINT('',(0.986606489153,14.422477340935));
#1334 = CARTESIAN_POINT('',(0.986605982266,14.527699117583));
#1335 = CARTESIAN_POINT('',(0.986612664078,14.721684665067));
#1336 = CARTESIAN_POINT('',(0.986618656678,14.810552356543));
#1337 = CARTESIAN_POINT('',(0.986626598144,14.899404342668));
#1338 = CARTESIAN_POINT('',(0.986634778628,14.988242058624));
#1339 = CARTESIAN_POINT('',(0.986641543432,15.077079342676));
#1340 = CARTESIAN_POINT('',(0.986645967224,15.165930250053));
#1341 = CARTESIAN_POINT('',(0.986648094322,15.254796787202));
#1342 = CARTESIAN_POINT('',(0.986648707171,15.422898031634));
#1343 = CARTESIAN_POINT('',(0.986647568661,15.50217711406));
#1344 = CARTESIAN_POINT('',(0.986645333618,15.58145006704));
#1345 = CARTESIAN_POINT('',(0.986642739176,15.660716259473));
#1346 = CARTESIAN_POINT('',(0.986640556078,15.739984962529));
#1347 = CARTESIAN_POINT('',(0.986639329312,15.819264276758));
#1348 = CARTESIAN_POINT('',(0.986639231969,15.898550008246));
#1349 = CARTESIAN_POINT('',(0.98664095864,16.069556490208));
#1350 = CARTESIAN_POINT('',(0.986643096451,16.161342007865));
#1351 = CARTESIAN_POINT('',(0.98664613007,16.253110180352));
#1352 = CARTESIAN_POINT('',(0.986649137987,16.344859137971));
#1353 = CARTESIAN_POINT('',(0.98665073383,16.436603306534));
#1354 = CARTESIAN_POINT('',(0.98664985369,16.528359324505));
#1355 = CARTESIAN_POINT('',(0.986646420846,16.620132330203));
#1356 = CARTESIAN_POINT('',(0.986636120313,16.798366877225));
#1357 = CARTESIAN_POINT('',(0.986629476263,16.884884652953));
#1358 = CARTESIAN_POINT('',(0.986621676549,16.971391318487));
#1359 = CARTESIAN_POINT('',(0.986614035198,17.057884512805));
#1360 = CARTESIAN_POINT('',(0.986608178137,17.144378585147));
#1361 = CARTESIAN_POINT('',(0.986605525273,17.230887387223));
#1362 = CARTESIAN_POINT('',(0.986606766988,17.317407165768));
#1363 = CARTESIAN_POINT('',(0.986615767328,17.487821782191));
#1364 = CARTESIAN_POINT('',(0.986623331218,17.571765577328));
#1365 = CARTESIAN_POINT('',(0.986633692688,17.655699334059));
#1366 = CARTESIAN_POINT('',(0.986645402954,17.739620499583));
#1367 = CARTESIAN_POINT('',(0.986656268521,17.823541271835));
#1368 = CARTESIAN_POINT('',(0.986663969372,17.907474025396));
#1369 = CARTESIAN_POINT('',(0.986666925317,17.99141646657));
#1370 = CARTESIAN_POINT('',(0.986663129453,18.20170151258));
#1371 = CARTESIAN_POINT('',(0.986650689607,18.328242032337));
#1372 = CARTESIAN_POINT('',(0.986628120459,18.454686583537));
#1373 = CARTESIAN_POINT('',(0.986605065198,18.581072349607));
#1374 = CARTESIAN_POINT('',(0.986594957748,18.707461422355));
#1375 = CARTESIAN_POINT('',(0.986625279056,18.833902624922));
#1376 = CARTESIAN_POINT('',(0.986638256922,18.960428647824));
#1377 = CARTESIAN_POINT('',(0.986637230134,19.086795394702));
#1378 = ( GEOMETRIC_REPRESENTATION_CONTEXT(2) 
PARAMETRIC_REPRESENTATION_CONTEXT() REPRESENTATION_CONTEXT('2D SPACE',''
  ) );
#1379 = PCURVE('',#1000,#1380);
#1380 = DEFINITIONAL_REPRESENTATION('',(#1381),#1447);
#1381 = B_SPLINE_CURVE_WITH_KNOTS('',8,(#1382,#1383,#1384,#1385,#1386,
    #1387,#1388,#1389,#1390,#1391,#1392,#1393,#1394,#1395,#1396,#1397,
    #1398,#1399,#1400,#1401,#1402,#1403,#1404,#1405,#1406,#1407,#1408,
    #1409,#1410,#1411,#1412,#1413,#1414,#1415,#1416,#1417,#1418,#1419,
    #1420,#1421,#1422,#1423,#1424,#1425,#1426,#1427,#1428,#1429,#1430,
    #1431,#1432,#1433,#1434,#1435,#1436,#1437,#1438,#1439,#1440,#1441,
    #1442,#1443,#1444,#1445,#1446),.UNSPECIFIED.,.F.,.F.,(9,7,7,7,7,7,7,
    7,7,9),(0.,7.971308459559E-02,0.167727039996,0.299964729617,
    0.411691195297,0.511377019906,0.626755004049,0.735530991461,
    0.841074648135,1.),.UNSPECIFIED.);
#1382 = CARTESIAN_POINT('',(0.,-1.527292855683));
#1383 = CARTESIAN_POINT('',(-6.258753760001E-02,-1.537254524008));
#1384 = CARTESIAN_POINT('',(-0.125184091971,-1.547216883018));
#1385 = CARTESIAN_POINT('',(-0.187779241093,-1.557182670331));
#1386 = CARTESIAN_POINT('',(-0.250371806559,-1.567147225283));
#1387 = CARTESIAN_POINT('',(-0.312963927213,-1.577110543636));
#1388 = CARTESIAN_POINT('',(-0.375558112545,-1.587074152652));
#1389 = CARTESIAN_POINT('',(-0.438154477136,-1.597035914087));
#1390 = CARTESIAN_POINT('',(-0.569854098798,-1.617992984124));
#1391 = CARTESIAN_POINT('',(-0.638971161814,-1.628990055954));
#1392 = CARTESIAN_POINT('',(-0.708084564709,-1.639985478551));
#1393 = CARTESIAN_POINT('',(-0.777193776937,-1.650980024717));
#1394 = CARTESIAN_POINT('',(-0.846303926722,-1.6619754038));
#1395 = CARTESIAN_POINT('',(-0.915419949084,-1.672973015005));
#1396 = CARTESIAN_POINT('',(-0.984540674378,-1.683972889924));
#1397 = CARTESIAN_POINT('',(-1.157491337886,-1.71149981585));
#1398 = CARTESIAN_POINT('',(-1.261399497896,-1.728041096526));
#1399 = CARTESIAN_POINT('',(-1.36527288481,-1.744579803592));
#1400 = CARTESIAN_POINT('',(-1.469118525586,-1.761115046571));
#1401 = CARTESIAN_POINT('',(-1.572964634413,-1.777648824106));
#1402 = CARTESIAN_POINT('',(-1.676840372849,-1.794184309506));
#1403 = CARTESIAN_POINT('',(-1.78075352285,-1.810722966663));
#1404 = CARTESIAN_POINT('',(-1.972327786325,-1.841209778499));
#1405 = CARTESIAN_POINT('',(-2.060091330062,-1.855174840144));
#1406 = CARTESIAN_POINT('',(-2.147840046129,-1.869136499554));
#1407 = CARTESIAN_POINT('',(-2.235575358773,-1.883095801506));
#1408 = CARTESIAN_POINT('',(-2.323310630537,-1.897055713835));
#1409 = CARTESIAN_POINT('',(-2.411059276034,-1.911018889033));
#1410 = CARTESIAN_POINT('',(-2.498822877469,-1.924985621234));
#1411 = CARTESIAN_POINT('',(-2.664836461973,-1.951406930761));
#1412 = CARTESIAN_POINT('',(-2.74313041334,-1.963868302806));
#1413 = CARTESIAN_POINT('',(-2.821417587492,-1.976329236804));
#1414 = CARTESIAN_POINT('',(-2.899697315418,-1.988789280392));
#1415 = CARTESIAN_POINT('',(-2.977978866971,-2.001249521514));
#1416 = CARTESIAN_POINT('',(-3.056270498935,-2.013710972277));
#1417 = CARTESIAN_POINT('',(-3.13456839565,-2.026172890567));
#1418 = CARTESIAN_POINT('',(-3.303444690083,-2.053050302175));
#1419 = CARTESIAN_POINT('',(-3.394087116203,-2.067475825043));
#1420 = CARTESIAN_POINT('',(-3.484713087865,-2.081898192466));
#1421 = CARTESIAN_POINT('',(-3.575321124209,-2.096317552074));
#1422 = CARTESIAN_POINT('',(-3.665925548588,-2.110736835489));
#1423 = CARTESIAN_POINT('',(-3.756542545455,-2.125159167618));
#1424 = CARTESIAN_POINT('',(-3.84717674469,-2.139585392844));
#1425 = CARTESIAN_POINT('',(-4.023199653268,-2.167604650384));
#1426 = CARTESIAN_POINT('',(-4.108643893163,-2.18120641429));
#1427 = CARTESIAN_POINT('',(-4.1940768638,-2.194806985622));
#1428 = CARTESIAN_POINT('',(-4.279495907424,-2.208405363722));
#1429 = CARTESIAN_POINT('',(-4.364915077608,-2.22200302496));
#1430 = CARTESIAN_POINT('',(-4.450348208899,-2.235601466208));
#1431 = CARTESIAN_POINT('',(-4.535791939253,-2.249199766772));
#1432 = CARTESIAN_POINT('',(-4.704087231578,-2.27598066601));
#1433 = CARTESIAN_POINT('',(-4.786987143493,-2.289171052924));
#1434 = CARTESIAN_POINT('',(-4.869877460672,-2.302358521688));
#1435 = CARTESIAN_POINT('',(-4.952755961111,-2.315543365191));
#1436 = CARTESIAN_POINT('',(-5.035634717244,-2.32872855159));
#1437 = CARTESIAN_POINT('',(-5.118525606751,-2.34191713742));
#1438 = CARTESIAN_POINT('',(-5.201425778048,-2.35510951924));
#1439 = CARTESIAN_POINT('',(-5.40909790207,-2.388163252825));
#1440 = CARTESIAN_POINT('',(-5.534064371015,-2.408058437384));
#1441 = CARTESIAN_POINT('',(-5.658932559729,-2.42794339099));
#1442 = CARTESIAN_POINT('',(-5.78373898818,-2.447819337655));
#1443 = CARTESIAN_POINT('',(-5.908545874408,-2.467689601146));
#1444 = CARTESIAN_POINT('',(-6.033415148882,-2.487548687952));
#1445 = CARTESIAN_POINT('',(-6.158389195212,-2.507429416091));
#1446 = CARTESIAN_POINT('',(-6.28318530718,-2.527291819525));
#1447 = ( GEOMETRIC_REPRESENTATION_CONTEXT(2) 
PARAMETRIC_REPRESENTATION_CONTEXT() REPRESENTATION_CONTEXT('2D SPACE',''
  ) );
#1448 = ORIENTED_EDGE('',*,*,#1449,.T.);
#1449 = EDGE_CURVE('',#1241,#1450,#1452,.T.);
#1450 = VERTEX_POINT('',#1451);
#1451 = CARTESIAN_POINT('',(2.85,0.,3.527292855684));
#1452 = SURFACE_CURVE('',#1453,(#1519,#1588),.PCURVE_S1.);
#1453 = B_SPLINE_CURVE_WITH_KNOTS('',8,(#1454,#1455,#1456,#1457,#1458,
    #1459,#1460,#1461,#1462,#1463,#1464,#1465,#1466,#1467,#1468,#1469,
    #1470,#1471,#1472,#1473,#1474,#1475,#1476,#1477,#1478,#1479,#1480,
    #1481,#1482,#1483,#1484,#1485,#1486,#1487,#1488,#1489,#1490,#1491,
    #1492,#1493,#1494,#1495,#1496,#1497,#1498,#1499,#1500,#1501,#1502,
    #1503,#1504,#1505,#1506,#1507,#1508,#1509,#1510,#1511,#1512,#1513,
    #1514,#1515,#1516,#1517,#1518),.UNSPECIFIED.,.F.,.F.,(9,7,7,7,7,7,7,
    7,7,9),(0.,5.737803188738E-02,0.158302842762,0.258850072391,
    0.36064482803,0.505864662838,0.595637997731,0.710812611643,
    0.860158302719,1.),.UNSPECIFIED.);
#1454 = CARTESIAN_POINT('',(2.85,2.6645352591E-15,2.527291819525));
#1455 = CARTESIAN_POINT('',(2.85,0.128399855887,2.534462335703));
#1456 = CARTESIAN_POINT('',(2.84338886412,0.256805310949,2.54163467654)
  );
#1457 = CARTESIAN_POINT('',(2.830165569469,0.384816146328,2.548804208378
    ));
#1458 = CARTESIAN_POINT('',(2.810358699551,0.51203429207,2.555980245944)
  );
#1459 = CARTESIAN_POINT('',(2.784025004208,0.638066959053,2.563150375294
    ));
#1460 = CARTESIAN_POINT('',(2.751249112455,0.762523826523,2.570324481559
    ));
#1461 = CARTESIAN_POINT('',(2.712144515708,0.885020250148,2.577496586932
    ));
#1462 = CARTESIAN_POINT('',(2.587195115792,1.216526069562,2.597281889719
    ));
#1463 = CARTESIAN_POINT('',(2.488374916065,1.420705697552,2.609896746416
    ));
#1464 = CARTESIAN_POINT('',(2.371169957481,1.615619621587,2.622507926853
    ));
#1465 = CARTESIAN_POINT('',(2.236615802184,1.799349717063,2.635116024123
    ));
#1466 = CARTESIAN_POINT('',(2.085965001082,1.97013508829,2.647724008376)
  );
#1467 = CARTESIAN_POINT('',(1.920668308137,2.126371755669,2.660334682952
    ));
#1468 = CARTESIAN_POINT('',(1.742380810619,2.266632916162,2.672948371629
    ));
#1469 = CARTESIAN_POINT('',(1.364313680331,2.512326181167,2.698126116459
    ));
#1470 = CARTESIAN_POINT('',(1.164528126622,2.617944369502,2.710695978217
    ));
#1471 = CARTESIAN_POINT('',(0.955483443008,2.70534652554,2.723266698004)
  );
#1472 = CARTESIAN_POINT('',(0.739129425188,2.77361002004,2.735837464627)
  );
#1473 = CARTESIAN_POINT('',(0.517495454423,2.822064750638,2.748408911689
    ));
#1474 = CARTESIAN_POINT('',(0.2926755209,2.850281109394,2.760981604678)
  );
#1475 = CARTESIAN_POINT('',(6.682135179061E-02,2.858088578279,
    2.773554483435));
#1476 = CARTESIAN_POINT('',(-0.385321721736,2.833006686193,
    2.798847981946));
#1477 = CARTESIAN_POINT('',(-0.611675902424,2.799605951144,
    2.811573653396));
#1478 = CARTESIAN_POINT('',(-0.834631791583,2.745537501273,
    2.824296239685));
#1479 = CARTESIAN_POINT('',(-1.051996996918,2.671227191297,
    2.837015773573));
#1480 = CARTESIAN_POINT('',(-1.261666254354,2.577362170447,
    2.849734412732));
#1481 = CARTESIAN_POINT('',(-1.461626784478,2.464872800582,
    2.862454388923));
#1482 = CARTESIAN_POINT('',(-1.649976591378,2.334946298799,
    2.875175848867));
#1483 = CARTESIAN_POINT('',(-2.074579937038,1.980968786614,
    2.906039067903));
#1484 = CARTESIAN_POINT('',(-2.297318432221,1.740137999797,
    2.924201520843));
#1485 = CARTESIAN_POINT('',(-2.487764939869,1.470906732906,
    2.942356295482));
#1486 = CARTESIAN_POINT('',(-2.641873881572,1.178447313371,
    2.960506860175));
#1487 = CARTESIAN_POINT('',(-2.756527336437,0.86838831871,2.978658772659
    ));
#1488 = CARTESIAN_POINT('',(-2.829620317291,0.5468095738,2.996817080412)
  );
#1489 = CARTESIAN_POINT('',(-2.860006361434,0.220178728069,
    3.014984029119));
#1490 = CARTESIAN_POINT('',(-2.840707779458,-0.305353796503,
    3.04435189852));
#1491 = CARTESIAN_POINT('',(-2.817159527594,-0.5055650549,3.055572907747
    ));
#1492 = CARTESIAN_POINT('',(-2.777482755443,-0.703653183342,
    3.066793155869));
#1493 = CARTESIAN_POINT('',(-2.721913970783,-0.898100224345,
    3.078012432364));
#1494 = CARTESIAN_POINT('',(-2.650853063721,-1.087436151253,
    3.089231709599));
#1495 = CARTESIAN_POINT('',(-2.564853164882,-1.270242086107,
    3.100452022268));
#1496 = CARTESIAN_POINT('',(-2.464626302104,-1.445158517844,
    3.111673334231));
#1497 = CARTESIAN_POINT('',(-2.205371306838,-1.823534498783,
    3.137288156093));
#1498 = CARTESIAN_POINT('',(-2.037639316864,-2.021197923971,
    3.151689718453));
#1499 = CARTESIAN_POINT('',(-1.849741220843,-2.201092119342,
    3.166089758659));
#1500 = CARTESIAN_POINT('',(-1.643917978804,-2.360848377669,
    3.180488400413));
#1501 = CARTESIAN_POINT('',(-1.422680221572,-2.498464749654,
    3.194887428461));
#1502 = CARTESIAN_POINT('',(-1.188775892677,-2.612283573344,
    3.209288369064));
#1503 = CARTESIAN_POINT('',(-0.94519917861,-2.701026509187,
    3.223690792251));
#1504 = CARTESIAN_POINT('',(-0.371064150997,-2.84544080786,
    3.256752556111));
#1505 = CARTESIAN_POINT('',(-3.568661018555E-02,-2.883603132995,
    3.275433206446));
#1506 = CARTESIAN_POINT('',(0.303656776848,-2.876419189186,
    3.294098686109));
#1507 = CARTESIAN_POINT('',(0.639837005926,-2.823696273103,3.3127539679)
  );
#1508 = CARTESIAN_POINT('',(0.965927327561,-2.726359494872,3.33140973304
    ));
#1509 = CARTESIAN_POINT('',(1.275267389795,-2.586544353461,
    3.350078765838));
#1510 = CARTESIAN_POINT('',(1.561464324365,-2.407492003336,
    3.368765509972));
#1511 = CARTESIAN_POINT('',(2.059690051936,-1.994518138913,3.40491304302
    ));
#1512 = CARTESIAN_POINT('',(2.275769878428,-1.764407253729,
    3.422411663654));
#1513 = CARTESIAN_POINT('',(2.46217025656,-1.507735689293,3.439903858636
    ));
#1514 = CARTESIAN_POINT('',(2.615227137562,-1.229078771336,
    3.457387597042));
#1515 = CARTESIAN_POINT('',(2.732079529133,-0.933416720576,
    3.474863669146));
#1516 = CARTESIAN_POINT('',(2.810728457769,-0.626128230886,
    3.492333529534));
#1517 = CARTESIAN_POINT('',(2.85,-0.312942875174,3.509815973008));
#1518 = CARTESIAN_POINT('',(2.85,-8.881784197001E-16,3.527292855684));
#1519 = PCURVE('',#169,#1520);
#1520 = DEFINITIONAL_REPRESENTATION('',(#1521),#1587);
#1521 = B_SPLINE_CURVE_WITH_KNOTS('',8,(#1522,#1523,#1524,#1525,#1526,
    #1527,#1528,#1529,#1530,#1531,#1532,#1533,#1534,#1535,#1536,#1537,
    #1538,#1539,#1540,#1541,#1542,#1543,#1544,#1545,#1546,#1547,#1548,
    #1549,#1550,#1551,#1552,#1553,#1554,#1555,#1556,#1557,#1558,#1559,
    #1560,#1561,#1562,#1563,#1564,#1565,#1566,#1567,#1568,#1569,#1570,
    #1571,#1572,#1573,#1574,#1575,#1576,#1577,#1578,#1579,#1580,#1581,
    #1582,#1583,#1584,#1585,#1586),.UNSPECIFIED.,.F.,.F.,(9,7,7,7,7,7,7,
    7,7,9),(0.,5.737803188738E-02,0.158302842762,0.258850072391,
    0.36064482803,0.505864662838,0.595637997731,0.710812611643,
    0.860158302719,1.),.UNSPECIFIED.);
#1522 = CARTESIAN_POINT('',(0.986637230134,19.086795394702));
#1523 = CARTESIAN_POINT('',(0.986636859454,19.132414989826));
#1524 = CARTESIAN_POINT('',(0.98663245392,19.178033894861));
#1525 = CARTESIAN_POINT('',(0.98663396333,19.223652958212));
#1526 = CARTESIAN_POINT('',(0.986622209513,19.269272983829));
#1527 = CARTESIAN_POINT('',(0.986623479487,19.314895118877));
#1528 = CARTESIAN_POINT('',(0.986617112571,19.360519277362));
#1529 = CARTESIAN_POINT('',(0.986615272648,19.4061445048));
#1530 = CARTESIAN_POINT('',(0.986612714294,19.532016048372));
#1531 = CARTESIAN_POINT('',(0.986615574169,19.612283828699));
#1532 = CARTESIAN_POINT('',(0.986624171055,19.69254570736));
#1533 = CARTESIAN_POINT('',(0.986636325857,19.772798815467));
#1534 = CARTESIAN_POINT('',(0.986648724841,19.853051948917));
#1535 = CARTESIAN_POINT('',(0.986658509727,19.933314230575));
#1536 = CARTESIAN_POINT('',(0.986664167355,20.01358310791));
#1537 = CARTESIAN_POINT('',(0.986667264667,20.173780037198));
#1538 = CARTESIAN_POINT('',(0.986664722047,20.253745079877));
#1539 = CARTESIAN_POINT('',(0.98665787012,20.333702445851));
#1540 = CARTESIAN_POINT('',(0.986647974363,20.413650831579));
#1541 = CARTESIAN_POINT('',(0.986636966169,20.493600155526));
#1542 = CARTESIAN_POINT('',(0.986626770398,20.573559882855));
#1543 = CARTESIAN_POINT('',(0.986618780973,20.653527517506));
#1544 = CARTESIAN_POINT('',(0.986608122354,20.814418971394));
#1545 = CARTESIAN_POINT('',(0.986605522277,20.895375141544));
#1546 = CARTESIAN_POINT('',(0.986606330778,20.976322073148));
#1547 = CARTESIAN_POINT('',(0.986610271024,21.057259130787));
#1548 = CARTESIAN_POINT('',(0.986616396136,21.138197155868));
#1549 = CARTESIAN_POINT('',(0.986623418902,21.219146423761));
#1550 = CARTESIAN_POINT('',(0.986630117908,21.300104144799));
#1551 = CARTESIAN_POINT('',(0.986643954818,21.49650630502));
#1552 = CARTESIAN_POINT('',(0.986650043026,21.612079204262));
#1553 = CARTESIAN_POINT('',(0.986651966489,21.727590557073));
#1554 = CARTESIAN_POINT('',(0.986649171438,21.843060742003));
#1555 = CARTESIAN_POINT('',(0.986644250154,21.95853302071));
#1556 = CARTESIAN_POINT('',(0.986640504373,22.074049571024));
#1557 = CARTESIAN_POINT('',(0.986639116155,22.189628283733));
#1558 = CARTESIAN_POINT('',(0.986640154812,22.37647762126));
#1559 = CARTESIAN_POINT('',(0.986641323759,22.447872220208));
#1560 = CARTESIAN_POINT('',(0.986643200131,22.519264133186));
#1561 = CARTESIAN_POINT('',(0.986645448988,22.590650999829));
#1562 = CARTESIAN_POINT('',(0.986647562523,22.662037458686));
#1563 = CARTESIAN_POINT('',(0.986648986932,22.733428404645));
#1564 = CARTESIAN_POINT('',(0.986649278811,22.80482225619));
#1565 = CARTESIAN_POINT('',(0.986647023849,22.967783670564));
#1566 = CARTESIAN_POINT('',(0.986643640195,23.05939991451));
#1567 = CARTESIAN_POINT('',(0.986637808376,23.15099901158));
#1568 = CARTESIAN_POINT('',(0.986629796357,23.242582565592));
#1569 = CARTESIAN_POINT('',(0.986621006321,23.334166205727));
#1570 = CARTESIAN_POINT('',(0.986613470294,23.425765836514));
#1571 = CARTESIAN_POINT('',(0.986608914096,23.517383983067));
#1572 = CARTESIAN_POINT('',(0.986606807535,23.727725269186));
#1573 = CARTESIAN_POINT('',(0.986611740424,23.846591555977));
#1574 = CARTESIAN_POINT('',(0.986624304392,23.965384584131));
#1575 = CARTESIAN_POINT('',(0.986643170293,24.084131940471));
#1576 = CARTESIAN_POINT('',(0.986662256468,24.202883043223));
#1577 = CARTESIAN_POINT('',(0.986671300786,24.321687948541));
#1578 = CARTESIAN_POINT('',(0.986668892471,24.440570628086));
#1579 = CARTESIAN_POINT('',(0.986650217951,24.670493893285));
#1580 = CARTESIAN_POINT('',(0.986634841797,24.781777887432));
#1581 = CARTESIAN_POINT('',(0.986616440006,24.893011777057));
#1582 = CARTESIAN_POINT('',(0.986603384277,25.004208159662));
#1583 = CARTESIAN_POINT('',(0.986604918969,25.11540024099));
#1584 = CARTESIAN_POINT('',(0.986627732814,25.226617667131));
#1585 = CARTESIAN_POINT('',(0.986637040094,25.337873978022));
#1586 = CARTESIAN_POINT('',(0.986635067454,25.449060526269));
#1587 = ( GEOMETRIC_REPRESENTATION_CONTEXT(2) 
PARAMETRIC_REPRESENTATION_CONTEXT() REPRESENTATION_CONTEXT('2D SPACE',''
  ) );
#1588 = PCURVE('',#1589,#1594);
#1589 = CYLINDRICAL_SURFACE('',#1590,2.85);
#1590 = AXIS2_PLACEMENT_3D('',#1591,#1592,#1593);
#1591 = CARTESIAN_POINT('',(0.,0.,0.));
#1592 = DIRECTION('',(-0.,-0.,-1.));
#1593 = DIRECTION('',(1.,0.,0.));
#1594 = DEFINITIONAL_REPRESENTATION('',(#1595),#1661);
#1595 = B_SPLINE_CURVE_WITH_KNOTS('',8,(#1596,#1597,#1598,#1599,#1600,
    #1601,#1602,#1603,#1604,#1605,#1606,#1607,#1608,#1609,#1610,#1611,
    #1612,#1613,#1614,#1615,#1616,#1617,#1618,#1619,#1620,#1621,#1622,
    #1623,#1624,#1625,#1626,#1627,#1628,#1629,#1630,#1631,#1632,#1633,
    #1634,#1635,#1636,#1637,#1638,#1639,#1640,#1641,#1642,#1643,#1644,
    #1645,#1646,#1647,#1648,#1649,#1650,#1651,#1652,#1653,#1654,#1655,
    #1656,#1657,#1658,#1659,#1660),.UNSPECIFIED.,.F.,.F.,(9,7,7,7,7,7,7,
    7,7,9),(0.,5.737803188738E-02,0.158302842762,0.258850072391,
    0.36064482803,0.505864662838,0.595637997731,0.710812611643,
    0.860158302719,1.),.UNSPECIFIED.);
#1596 = CARTESIAN_POINT('',(0.,-2.527291819525));
#1597 = CARTESIAN_POINT('',(-4.505258101296E-02,-2.534462335703));
#1598 = CARTESIAN_POINT('',(-9.010712665184E-02,-2.54163467654));
#1599 = CARTESIAN_POINT('',(-0.135162553661,-2.548804208378));
#1600 = CARTESIAN_POINT('',(-0.180218584519,-2.555980245944));
#1601 = CARTESIAN_POINT('',(-0.225275864169,-2.563150375294));
#1602 = CARTESIAN_POINT('',(-0.270334172688,-2.570324481559));
#1603 = CARTESIAN_POINT('',(-0.315392630999,-2.577496586932));
#1604 = CARTESIAN_POINT('',(-0.439698502248,-2.597281889719));
#1605 = CARTESIAN_POINT('',(-0.518965522382,-2.609896746416));
#1606 = CARTESIAN_POINT('',(-0.598225360656,-2.622507926853));
#1607 = CARTESIAN_POINT('',(-0.677476744405,-2.635116024123));
#1608 = CARTESIAN_POINT('',(-0.756729442161,-2.647724008376));
#1609 = CARTESIAN_POINT('',(-0.835992652095,-2.660334682952));
#1610 = CARTESIAN_POINT('',(-0.915263374823,-2.672948371629));
#1611 = CARTESIAN_POINT('',(-1.073469669963,-2.698126116459));
#1612 = CARTESIAN_POINT('',(-1.152441742974,-2.710695978217));
#1613 = CARTESIAN_POINT('',(-1.231406520766,-2.723266698004));
#1614 = CARTESIAN_POINT('',(-1.310362214405,-2.735837464627));
#1615 = CARTESIAN_POINT('',(-1.389318302651,-2.748408911689));
#1616 = CARTESIAN_POINT('',(-1.468284112595,-2.760981604678));
#1617 = CARTESIAN_POINT('',(-1.547257393168,-2.773554483435));
#1618 = CARTESIAN_POINT('',(-1.706147999294,-2.798847981946));
#1619 = CARTESIAN_POINT('',(-1.786097274778,-2.811573653396));
#1620 = CARTESIAN_POINT('',(-1.866037539093,-2.824296239685));
#1621 = CARTESIAN_POINT('',(-1.945968467482,-2.837015773573));
#1622 = CARTESIAN_POINT('',(-2.025900955058,-2.849734412732));
#1623 = CARTESIAN_POINT('',(-2.10584514183,-2.862454388923));
#1624 = CARTESIAN_POINT('',(-2.18579808699,-2.875175848867));
#1625 = CARTESIAN_POINT('',(-2.379763075526,-2.906039067903));
#1626 = CARTESIAN_POINT('',(-2.493902154702,-2.924201520843));
#1627 = CARTESIAN_POINT('',(-2.60798006862,-2.942356295482));
#1628 = CARTESIAN_POINT('',(-2.722015941638,-2.960506860175));
#1629 = CARTESIAN_POINT('',(-2.836051776003,-2.978658772659));
#1630 = CARTESIAN_POINT('',(-2.950129716281,-2.996817080412));
#1631 = CARTESIAN_POINT('',(-3.064268394149,-3.014984029119));
#1632 = CARTESIAN_POINT('',(-3.248790059422,-3.04435189852));
#1633 = CARTESIAN_POINT('',(-3.319295344022,-3.055572907747));
#1634 = CARTESIAN_POINT('',(-3.389798261032,-3.066793155869));
#1635 = CARTESIAN_POINT('',(-3.460296674586,-3.078012432364));
#1636 = CARTESIAN_POINT('',(-3.530795286344,-3.089231709599));
#1637 = CARTESIAN_POINT('',(-3.601298945677,-3.100452022268));
#1638 = CARTESIAN_POINT('',(-3.671806005314,-3.111673334231));
#1639 = CARTESIAN_POINT('',(-3.832744135127,-3.137288156093));
#1640 = CARTESIAN_POINT('',(-3.923223530848,-3.151689718453));
#1641 = CARTESIAN_POINT('',(-4.013686325404,-3.166089758659));
#1642 = CARTESIAN_POINT('',(-4.10413363208,-3.180488400413));
#1643 = CARTESIAN_POINT('',(-4.194580416318,-3.194887428461));
#1644 = CARTESIAN_POINT('',(-4.285042169453,-3.209288369064));
#1645 = CARTESIAN_POINT('',(-4.375521541326,-3.223690792251));
#1646 = CARTESIAN_POINT('',(-4.583247513123,-3.256752556111));
#1647 = CARTESIAN_POINT('',(-4.70063522372,-3.275433206446));
#1648 = CARTESIAN_POINT('',(-4.81795061679,-3.294098686109));
#1649 = CARTESIAN_POINT('',(-4.935221937327,-3.3127539679));
#1650 = CARTESIAN_POINT('',(-5.052499074329,-3.33140973304));
#1651 = CARTESIAN_POINT('',(-5.169830039473,-3.350078765838));
#1652 = CARTESIAN_POINT('',(-5.287236075975,-3.368765509972));
#1653 = CARTESIAN_POINT('',(-5.514298976704,-3.40491304302));
#1654 = CARTESIAN_POINT('',(-5.624196514146,-3.422411663654));
#1655 = CARTESIAN_POINT('',(-5.734041938909,-3.439903858635));
#1656 = CARTESIAN_POINT('',(-5.843848750565,-3.457387597043));
#1657 = CARTESIAN_POINT('',(-5.953652581193,-3.474863669145));
#1658 = CARTESIAN_POINT('',(-6.063491333262,-3.492333529534));
#1659 = CARTESIAN_POINT('',(-6.173380789575,-3.509815973008));
#1660 = CARTESIAN_POINT('',(-6.28318530718,-3.527292855684));
#1661 = ( GEOMETRIC_REPRESENTATION_CONTEXT(2) 
PARAMETRIC_REPRESENTATION_CONTEXT() REPRESENTATION_CONTEXT('2D SPACE',''
  ) );
#1662 = ORIENTED_EDGE('',*,*,#1663,.T.);
#1663 = EDGE_CURVE('',#1450,#1664,#1666,.T.);
#1664 = VERTEX_POINT('',#1665);
#1665 = CARTESIAN_POINT('',(2.85,0.,4.527291819525));
#1666 = SURFACE_CURVE('',#1667,(#1726,#1788),.PCURVE_S1.);
#1667 = B_SPLINE_CURVE_WITH_KNOTS('',8,(#1668,#1669,#1670,#1671,#1672,
    #1673,#1674,#1675,#1676,#1677,#1678,#1679,#1680,#1681,#1682,#1683,
    #1684,#1685,#1686,#1687,#1688,#1689,#1690,#1691,#1692,#1693,#1694,
    #1695,#1696,#1697,#1698,#1699,#1700,#1701,#1702,#1703,#1704,#1705,
    #1706,#1707,#1708,#1709,#1710,#1711,#1712,#1713,#1714,#1715,#1716,
    #1717,#1718,#1719,#1720,#1721,#1722,#1723,#1724,#1725),
  .UNSPECIFIED.,.F.,.F.,(9,7,7,7,7,7,7,7,9),(0.,4.222194710095E-02,
    0.173723910983,0.361815761512,0.508029059606,0.605540836121,
    0.722907425743,0.856448468501,1.),.UNSPECIFIED.);
#1668 = CARTESIAN_POINT('',(2.85,-8.881784197001E-16,3.527292855684));
#1669 = CARTESIAN_POINT('',(2.85,9.447354197096E-02,3.532568908088));
#1670 = CARTESIAN_POINT('',(2.846421063304,0.188949612169,3.53784506984)
  );
#1671 = CARTESIAN_POINT('',(2.839262692698,0.283269384407,3.543121549932
    ));
#1672 = CARTESIAN_POINT('',(2.828532940522,0.377274617549,3.54839843837)
  );
#1673 = CARTESIAN_POINT('',(2.81424840867,0.470807655511,3.553675706182)
  );
#1674 = CARTESIAN_POINT('',(2.796434248587,0.563711427261,3.558953205411
    ));
#1675 = CARTESIAN_POINT('',(2.775124161274,0.655829446819,3.564230669117
    ));
#1676 = CARTESIAN_POINT('',(2.673232651618,1.030978298414,3.585943273175
    ));
#1677 = CARTESIAN_POINT('',(2.562554143002,1.306002285384,3.602386272453
    ));
#1678 = CARTESIAN_POINT('',(2.419587186185,1.567200143172,3.618818959365
    ));
#1679 = CARTESIAN_POINT('',(2.246431792812,1.810199596638,3.635243145936
    ));
#1680 = CARTESIAN_POINT('',(2.045798666825,2.031074524905,3.651667499275
    ));
#1681 = CARTESIAN_POINT('',(1.820943791763,2.226324502791,3.668100017415
    ));
#1682 = CARTESIAN_POINT('',(1.57571282999,2.392949728388,3.684541349343)
  );
#1683 = CARTESIAN_POINT('',(0.94122705267,2.722814837276,3.724479702689)
  );
#1684 = CARTESIAN_POINT('',(0.534034855436,2.854454863622,3.748054343445
    ));
#1685 = CARTESIAN_POINT('',(0.106853078131,2.915688091254,3.771593285911
    ));
#1686 = CARTESIAN_POINT('',(-0.326104715615,2.904027186083,
    3.795109899222));
#1687 = CARTESIAN_POINT('',(-0.750863210078,2.819369793677,3.81861558282
    ));
#1688 = CARTESIAN_POINT('',(-1.153817109883,2.664920604379,
    3.842134759144));
#1689 = CARTESIAN_POINT('',(-1.521669519576,2.446253473784,
    3.865693504842));
#1690 = CARTESIAN_POINT('',(-2.0923126203,1.962591514244,3.90745718183)
  );
#1691 = CARTESIAN_POINT('',(-2.314369391322,1.718116309461,
    3.925740954994));
#1692 = CARTESIAN_POINT('',(-2.503431599337,1.445160732756,
    3.944016696293));
#1693 = CARTESIAN_POINT('',(-2.655426279901,1.149037971363,
    3.962288158376));
#1694 = CARTESIAN_POINT('',(-2.767232441939,0.835521203711,
    3.980561085245));
#1695 = CARTESIAN_POINT('',(-2.83677502298,0.510836107331,3.998840689299
    ));
#1696 = CARTESIAN_POINT('',(-2.862961764558,0.181597040565,
    4.017129423279));
#1697 = CARTESIAN_POINT('',(-2.835192077562,-0.36302763601,
    4.047583029516));
#1698 = CARTESIAN_POINT('',(-2.805014610342,-0.580007555802,
    4.059769680827));
#1699 = CARTESIAN_POINT('',(-2.755857413406,-0.794051477131,
    4.071955125314));
#1700 = CARTESIAN_POINT('',(-2.688074006788,-1.003221442157,
    4.084139093594));
#1701 = CARTESIAN_POINT('',(-2.602242008591,-1.205654054645,
    4.096323077534));
#1702 = CARTESIAN_POINT('',(-2.499146431712,-1.399564608332,
    4.108508645892));
#1703 = CARTESIAN_POINT('',(-2.379788314333,-1.583260277032,
    4.120695743318));
#1704 = CARTESIAN_POINT('',(-2.083689446926,-1.96206621655,
    4.147547291753));
#1705 = CARTESIAN_POINT('',(-1.900106605671,-2.152021035639,
    4.162220499486));
#1706 = CARTESIAN_POINT('',(-1.696832628904,-2.322201154684,
    4.176891704448));
#1707 = CARTESIAN_POINT('',(-1.476395608355,-2.470266446932,
    4.191561111475));
#1708 = CARTESIAN_POINT('',(-1.241586617324,-2.594286847527,
    4.206230558721));
#1709 = CARTESIAN_POINT('',(-0.995427961967,-2.692716733018,
    4.220901612595));
#1710 = CARTESIAN_POINT('',(-0.741181202926,-2.764437071613,
    4.235573848734));
#1711 = CARTESIAN_POINT('',(-0.187878463264,-2.859454628948,
    4.266922925368));
#1712 = CARTESIAN_POINT('',(0.112875408295,-2.874776304292,
    4.283617269356));
#1713 = CARTESIAN_POINT('',(0.414665840127,-2.853865613267,4.30030306583
    ));
#1714 = CARTESIAN_POINT('',(0.712391722915,-2.79680810354,4.316982129487
    ));
#1715 = CARTESIAN_POINT('',(1.001132780431,-2.704482466137,
    4.333661698467));
#1716 = CARTESIAN_POINT('',(1.276149254768,-2.578472235059,
    4.350349343053));
#1717 = CARTESIAN_POINT('',(1.532923074624,-2.421141582495,
    4.367047376816));
#1718 = CARTESIAN_POINT('',(2.019313277404,-2.036673867641,
    4.401677832147));
#1719 = CARTESIAN_POINT('',(2.245869239546,-1.804858656682,
    4.419638676873));
#1720 = CARTESIAN_POINT('',(2.441681020879,-1.544444845628,
    4.437592822746));
#1721 = CARTESIAN_POINT('',(2.602700775309,-1.260309194648,
    4.455538658596));
#1722 = CARTESIAN_POINT('',(2.725756994016,-0.957791176654,
    4.473477252654));
#1723 = CARTESIAN_POINT('',(2.808629682125,-0.642687494896,
    4.491408971882));
#1724 = CARTESIAN_POINT('',(2.85,-0.321196138571,4.509354555561));
#1725 = CARTESIAN_POINT('',(2.85,0.,4.527291819525));
#1726 = PCURVE('',#169,#1727);
#1727 = DEFINITIONAL_REPRESENTATION('',(#1728),#1787);
#1728 = B_SPLINE_CURVE_WITH_KNOTS('',8,(#1729,#1730,#1731,#1732,#1733,
    #1734,#1735,#1736,#1737,#1738,#1739,#1740,#1741,#1742,#1743,#1744,
    #1745,#1746,#1747,#1748,#1749,#1750,#1751,#1752,#1753,#1754,#1755,
    #1756,#1757,#1758,#1759,#1760,#1761,#1762,#1763,#1764,#1765,#1766,
    #1767,#1768,#1769,#1770,#1771,#1772,#1773,#1774,#1775,#1776,#1777,
    #1778,#1779,#1780,#1781,#1782,#1783,#1784,#1785,#1786),
  .UNSPECIFIED.,.F.,.F.,(9,7,7,7,7,7,7,7,9),(0.,4.222194710095E-02,
    0.173723910983,0.361815761512,0.508029059606,0.605540836121,
    0.722907425743,0.856448468501,1.),.UNSPECIFIED.);
#1729 = CARTESIAN_POINT('',(0.986635067454,25.449060526269));
#1730 = CARTESIAN_POINT('',(0.986634471938,25.482626355262));
#1731 = CARTESIAN_POINT('',(0.986633413456,25.51619146875));
#1732 = CARTESIAN_POINT('',(0.986631738349,25.549756728004));
#1733 = CARTESIAN_POINT('',(0.986629430585,25.583322656804));
#1734 = CARTESIAN_POINT('',(0.986626611756,25.616889441438));
#1735 = CARTESIAN_POINT('',(0.986623541077,25.650456930706));
#1736 = CARTESIAN_POINT('',(0.986620615387,25.684024635915));
#1737 = CARTESIAN_POINT('',(0.986611373157,25.822137807343));
#1738 = CARTESIAN_POINT('',(0.986608807018,25.92674470603));
#1739 = CARTESIAN_POINT('',(0.986617802455,26.031321236702));
#1740 = CARTESIAN_POINT('',(0.986636355412,26.135872819739));
#1741 = CARTESIAN_POINT('',(0.986654910085,26.240425469197));
#1742 = CARTESIAN_POINT('',(0.98666559617,26.345006079877));
#1743 = CARTESIAN_POINT('',(0.986668573249,26.449619267485));
#1744 = CARTESIAN_POINT('',(0.986659734198,26.703690716962));
#1745 = CARTESIAN_POINT('',(0.986641208272,26.853622360708));
#1746 = CARTESIAN_POINT('',(0.986613651283,27.003299353937));
#1747 = CARTESIAN_POINT('',(0.986595121621,27.152861800754));
#1748 = CARTESIAN_POINT('',(0.986598995905,27.302423001307));
#1749 = CARTESIAN_POINT('',(0.986611969815,27.452097784016));
#1750 = CARTESIAN_POINT('',(0.986626031472,27.602027633267));
#1751 = CARTESIAN_POINT('',(0.986644452411,27.867795370152));
#1752 = CARTESIAN_POINT('',(0.986650322012,27.984139474462));
#1753 = CARTESIAN_POINT('',(0.986651920131,28.100419457512));
#1754 = CARTESIAN_POINT('',(0.986648808819,28.216657859665));
#1755 = CARTESIAN_POINT('',(0.986643768169,28.332899700116));
#1756 = CARTESIAN_POINT('',(0.986640137658,28.449188321024));
#1757 = CARTESIAN_POINT('',(0.98663898495,28.565542581821));
#1758 = CARTESIAN_POINT('',(0.986640429671,28.75930090273));
#1759 = CARTESIAN_POINT('',(0.986641898984,28.836840088214));
#1760 = CARTESIAN_POINT('',(0.986644150002,28.914373978374));
#1761 = CARTESIAN_POINT('',(0.986646678998,28.99189932384));
#1762 = CARTESIAN_POINT('',(0.986648781085,29.069423467638));
#1763 = CARTESIAN_POINT('',(0.986649759087,29.146954265464));
#1764 = CARTESIAN_POINT('',(0.986649148285,29.22448994862));
#1765 = CARTESIAN_POINT('',(0.98664431966,29.395311900277));
#1766 = CARTESIAN_POINT('',(0.986639378371,29.488651676103));
#1767 = CARTESIAN_POINT('',(0.986632111978,29.581971622345));
#1768 = CARTESIAN_POINT('',(0.986623240037,29.675275235572));
#1769 = CARTESIAN_POINT('',(0.986614652811,29.768579972537));
#1770 = CARTESIAN_POINT('',(0.986608585245,29.861902611748));
#1771 = CARTESIAN_POINT('',(0.986606468626,29.95524481621));
#1772 = CARTESIAN_POINT('',(0.986610583791,30.154708497307));
#1773 = CARTESIAN_POINT('',(0.986618034741,30.260945052092));
#1774 = CARTESIAN_POINT('',(0.986630790442,30.367143395382));
#1775 = CARTESIAN_POINT('',(0.986647263299,30.473310233391));
#1776 = CARTESIAN_POINT('',(0.986662109409,30.57947532763));
#1777 = CARTESIAN_POINT('',(0.986669716066,30.685669733523));
#1778 = CARTESIAN_POINT('',(0.986668474866,30.791903268033));
#1779 = CARTESIAN_POINT('',(0.986652993546,31.012184216119));
#1780 = CARTESIAN_POINT('',(0.986637768757,31.126409463897));
#1781 = CARTESIAN_POINT('',(0.986618274576,31.240579077678));
#1782 = CARTESIAN_POINT('',(0.9866033215,31.354709663491));
#1783 = CARTESIAN_POINT('',(0.986603242744,31.46883951356));
#1784 = CARTESIAN_POINT('',(0.986627681889,31.583000362299));
#1785 = CARTESIAN_POINT('',(0.986638157401,31.69720685532));
#1786 = CARTESIAN_POINT('',(0.986637230134,31.811325657837));
#1787 = ( GEOMETRIC_REPRESENTATION_CONTEXT(2) 
PARAMETRIC_REPRESENTATION_CONTEXT() REPRESENTATION_CONTEXT('2D SPACE',''
  ) );
#1788 = PCURVE('',#1789,#1794);
#1789 = CYLINDRICAL_SURFACE('',#1790,2.85);
#1790 = AXIS2_PLACEMENT_3D('',#1791,#1792,#1793);
#1791 = CARTESIAN_POINT('',(0.,0.,0.));
#1792 = DIRECTION('',(-0.,-0.,-1.));
#1793 = DIRECTION('',(1.,0.,0.));
#1794 = DEFINITIONAL_REPRESENTATION('',(#1795),#1854);
#1795 = B_SPLINE_CURVE_WITH_KNOTS('',8,(#1796,#1797,#1798,#1799,#1800,
    #1801,#1802,#1803,#1804,#1805,#1806,#1807,#1808,#1809,#1810,#1811,
    #1812,#1813,#1814,#1815,#1816,#1817,#1818,#1819,#1820,#1821,#1822,
    #1823,#1824,#1825,#1826,#1827,#1828,#1829,#1830,#1831,#1832,#1833,
    #1834,#1835,#1836,#1837,#1838,#1839,#1840,#1841,#1842,#1843,#1844,
    #1845,#1846,#1847,#1848,#1849,#1850,#1851,#1852,#1853),
  .UNSPECIFIED.,.F.,.F.,(9,7,7,7,7,7,7,7,9),(0.,4.222194710095E-02,
    0.173723910983,0.361815761512,0.508029059606,0.605540836121,
    0.722907425743,0.856448468501,1.),.UNSPECIFIED.);
#1796 = CARTESIAN_POINT('',(0.,-3.527292855684));
#1797 = CARTESIAN_POINT('',(-3.314861121788E-02,-3.532568908088));
#1798 = CARTESIAN_POINT('',(-6.629790990634E-02,-3.53784506984));
#1799 = CARTESIAN_POINT('',(-9.944807576945E-02,-3.543121549932));
#1800 = CARTESIAN_POINT('',(-0.132599102812,-3.54839843837));
#1801 = CARTESIAN_POINT('',(-0.16575079934,-3.553675706182));
#1802 = CARTESIAN_POINT('',(-0.198902787959,-3.558953205411));
#1803 = CARTESIAN_POINT('',(-0.232054505577,-3.564230669117));
#1804 = CARTESIAN_POINT('',(-0.368454394102,-3.585943273175));
#1805 = CARTESIAN_POINT('',(-0.471759156437,-3.602386272453));
#1806 = CARTESIAN_POINT('',(-0.575028842161,-3.618818959365));
#1807 = CARTESIAN_POINT('',(-0.67827445609,-3.635243145936));
#1808 = CARTESIAN_POINT('',(-0.781524206769,-3.651667499275));
#1809 = CARTESIAN_POINT('',(-0.884803954174,-3.668100017415));
#1810 = CARTESIAN_POINT('',(-0.988117388528,-3.684541349343));
#1811 = CARTESIAN_POINT('',(-1.239033393791,-3.724479702689));
#1812 = CARTESIAN_POINT('',(-1.387104009677,-3.748054343446));
#1813 = CARTESIAN_POINT('',(-1.534921561465,-3.771593285911));
#1814 = CARTESIAN_POINT('',(-1.682621716126,-3.795109899223));
#1815 = CARTESIAN_POINT('',(-1.830321388734,-3.81861558282));
#1816 = CARTESIAN_POINT('',(-1.978136324285,-3.842134759144));
#1817 = CARTESIAN_POINT('',(-2.126205204444,-3.865693504842));
#1818 = CARTESIAN_POINT('',(-2.388675051048,-3.90745718183));
#1819 = CARTESIAN_POINT('',(-2.503575750089,-3.925740954994));
#1820 = CARTESIAN_POINT('',(-2.618412679534,-3.944016696293));
#1821 = CARTESIAN_POINT('',(-2.733207084416,-3.962288158376));
#1822 = CARTESIAN_POINT('',(-2.848002731767,-3.980561085245));
#1823 = CARTESIAN_POINT('',(-2.962842991904,-3.998840689299));
#1824 = CARTESIAN_POINT('',(-3.077747499999,-4.017129423279));
#1825 = CARTESIAN_POINT('',(-3.269092126911,-4.047583029516));
#1826 = CARTESIAN_POINT('',(-3.34566552186,-4.059769680827));
#1827 = CARTESIAN_POINT('',(-3.422234077761,-4.071955125314));
#1828 = CARTESIAN_POINT('',(-3.498794824705,-4.084139093594));
#1829 = CARTESIAN_POINT('',(-3.575355136307,-4.096323077534));
#1830 = CARTESIAN_POINT('',(-3.651922736641,-4.108508645892));
#1831 = CARTESIAN_POINT('',(-3.728495710923,-4.120695743318));
#1832 = CARTESIAN_POINT('',(-3.897197406596,-4.147547291753));
#1833 = CARTESIAN_POINT('',(-3.989379118376,-4.162220499486));
#1834 = CARTESIAN_POINT('',(-4.08154134679,-4.176891704448));
#1835 = CARTESIAN_POINT('',(-4.173687037104,-4.191561111475));
#1836 = CARTESIAN_POINT('',(-4.265833029261,-4.206230558721));
#1837 = CARTESIAN_POINT('',(-4.357995834809,-4.220901612595));
#1838 = CARTESIAN_POINT('',(-4.45017742034,-4.235573848734));
#1839 = CARTESIAN_POINT('',(-4.647160594583,-4.266922925368));
#1840 = CARTESIAN_POINT('',(-4.752075785823,-4.283617269356));
#1841 = CARTESIAN_POINT('',(-4.856953544065,-4.30030306583));
#1842 = CARTESIAN_POINT('',(-4.961801241376,-4.316982129487));
#1843 = CARTESIAN_POINT('',(-5.066648507921,-4.333661698467));
#1844 = CARTESIAN_POINT('',(-5.171525151378,-4.350349343053));
#1845 = CARTESIAN_POINT('',(-5.276439204375,-4.367047376816));
#1846 = CARTESIAN_POINT('',(-5.493980475759,-4.401677832147));
#1847 = CARTESIAN_POINT('',(-5.606783046101,-4.419638676873));
#1848 = CARTESIAN_POINT('',(-5.719527805012,-4.437592822746));
#1849 = CARTESIAN_POINT('',(-5.832232009958,-4.455538658596));
#1850 = CARTESIAN_POINT('',(-5.944936126582,-4.473477252654));
#1851 = CARTESIAN_POINT('',(-6.057681091744,-4.491408971882));
#1852 = CARTESIAN_POINT('',(-6.170484907681,-4.509354555561));
#1853 = CARTESIAN_POINT('',(-6.28318530718,-4.527291819525));
#1854 = ( GEOMETRIC_REPRESENTATION_CONTEXT(2) 
PARAMETRIC_REPRESENTATION_CONTEXT() REPRESENTATION_CONTEXT('2D SPACE',''
  ) );
#1855 = ORIENTED_EDGE('',*,*,#1856,.T.);
#1856 = EDGE_CURVE('',#1664,#1857,#1859,.T.);
#1857 = VERTEX_POINT('',#1858);
#1858 = CARTESIAN_POINT('',(2.85,0.,5.527291819524));
#1859 = SURFACE_CURVE('',#1860,(#1926,#1995),.PCURVE_S1.);
#1860 = B_SPLINE_CURVE_WITH_KNOTS('',8,(#1861,#1862,#1863,#1864,#1865,
    #1866,#1867,#1868,#1869,#1870,#1871,#1872,#1873,#1874,#1875,#1876,
    #1877,#1878,#1879,#1880,#1881,#1882,#1883,#1884,#1885,#1886,#1887,
    #1888,#1889,#1890,#1891,#1892,#1893,#1894,#1895,#1896,#1897,#1898,
    #1899,#1900,#1901,#1902,#1903,#1904,#1905,#1906,#1907,#1908,#1909,
    #1910,#1911,#1912,#1913,#1914,#1915,#1916,#1917,#1918,#1919,#1920,
    #1921,#1922,#1923,#1924,#1925),.UNSPECIFIED.,.F.,.F.,(9,7,7,7,7,7,7,
    7,7,9),(0.,4.608348385776E-02,0.197812722405,0.308464684356,
    0.424340074084,0.520081470962,0.618096711167,0.797360395377,
    0.916305686548,1.),.UNSPECIFIED.);
#1861 = CARTESIAN_POINT('',(2.85,0.,4.527291819525));
#1862 = CARTESIAN_POINT('',(2.85,0.103121975536,4.533050687312));
#1863 = CARTESIAN_POINT('',(2.845735461175,0.20624793801,4.538810167398)
  );
#1864 = CARTESIAN_POINT('',(2.837206360646,0.309168978233,4.544570088136
    ));
#1865 = CARTESIAN_POINT('',(2.824424532197,0.411678251944,4.550330287833
    ));
#1866 = CARTESIAN_POINT('',(2.807413666271,0.513570979809,4.556090614746
    ));
#1867 = CARTESIAN_POINT('',(2.786209309971,0.61464444742,4.561850927087)
  );
#1868 = CARTESIAN_POINT('',(2.760858867062,0.714698005294,4.567611093018
    ));
#1869 = CARTESIAN_POINT('',(2.634499793216,1.138946160169,4.592335374626
    ));
#1870 = CARTESIAN_POINT('',(2.493162282162,1.451526706933,4.611318227783
    ));
#1871 = CARTESIAN_POINT('',(2.309505896762,1.743606928482,4.630282036592
    ));
#1872 = CARTESIAN_POINT('',(2.08721780828,2.008656286847,4.649232143613)
  );
#1873 = CARTESIAN_POINT('',(1.830887567884,2.240944958348,4.668187031336
    ));
#1874 = CARTESIAN_POINT('',(1.546064186757,2.435667038391,4.687155562921
    ));
#1875 = CARTESIAN_POINT('',(1.239133130922,2.588887135408,4.7061411419)
  );
#1876 = CARTESIAN_POINT('',(0.683246199239,2.777946896148,4.738939818732
    ));
#1877 = CARTESIAN_POINT('',(0.440824030864,2.834425266136,4.752777459664
    ));
#1878 = CARTESIAN_POINT('',(0.193211573424,2.8666705662,4.766613179866)
  );
#1879 = CARTESIAN_POINT('',(-5.675217539261E-02,2.874172843376,
    4.780445944495));
#1880 = CARTESIAN_POINT('',(-0.306224826401,2.856808864451,
    4.794276881547));
#1881 = CARTESIAN_POINT('',(-0.552371003545,2.814814052893,
    4.808107763407));
#1882 = CARTESIAN_POINT('',(-0.792373869028,2.74881013062,4.821939128607
    ));
#1883 = CARTESIAN_POINT('',(-1.265479411766,2.566768530789,
    4.850243056838));
#1884 = CARTESIAN_POINT('',(-1.497895864656,2.448448875118,
    4.864725506024));
#1885 = CARTESIAN_POINT('',(-1.717516554009,2.306126096517,
    4.879204348817));
#1886 = CARTESIAN_POINT('',(-1.921473599428,2.141463051786,
    4.893680967526));
#1887 = CARTESIAN_POINT('',(-2.107197285373,1.956477262925,
    4.908158703029));
#1888 = CARTESIAN_POINT('',(-2.272402539699,1.753505586172,
    4.922640364047));
#1889 = CARTESIAN_POINT('',(-2.415124558461,1.535222658558,
    4.937126012475));
#1890 = CARTESIAN_POINT('',(-2.631905047027,1.11421540642,4.96357110931)
  );
#1891 = CARTESIAN_POINT('',(-2.713639845175,0.915272065159,
    4.975538763343));
#1892 = CARTESIAN_POINT('',(-2.778146325922,0.709551674119,
    4.987506018903));
#1893 = CARTESIAN_POINT('',(-2.824788187868,0.498805991446,
    4.999472147264));
#1894 = CARTESIAN_POINT('',(-2.853143645228,0.284832480655,
    5.011437937557));
#1895 = CARTESIAN_POINT('',(-2.86299444928,6.946351268313E-02,
    5.023404344097));
#1896 = CARTESIAN_POINT('',(-2.854338628667,-0.145439925346,
    5.035371079995));
#1897 = CARTESIAN_POINT('',(-2.799876120214,-0.575588135594,
    5.059583379142));
#1898 = CARTESIAN_POINT('',(-2.753180434146,-0.790810814465,
    5.071833837721));
#1899 = CARTESIAN_POINT('',(-2.687583676366,-1.00162292621,
    5.084082972075));
#1900 = CARTESIAN_POINT('',(-2.603593494496,-1.206090451789,
    5.096330687143));
#1901 = CARTESIAN_POINT('',(-2.501939318994,-1.40237246082,
    5.108578611389));
#1902 = CARTESIAN_POINT('',(-2.383554892456,-1.588724267588,
    5.120828383733));
#1903 = CARTESIAN_POINT('',(-2.249585406984,-1.763511760386,
    5.133079969555));
#1904 = CARTESIAN_POINT('',(-1.830432705185,-2.221021978563,
    5.167734548396));
#1905 = CARTESIAN_POINT('',(-1.511259511984,-2.473875262606,
    5.190191310421));
#1906 = CARTESIAN_POINT('',(-1.152712154815,-2.673444767503,
    5.212618829533));
#1907 = CARTESIAN_POINT('',(-0.765451907389,-2.81328175045,
    5.235030176232));
#1908 = CARTESIAN_POINT('',(-0.360729437365,-2.888930142381,
    5.257434849574));
#1909 = CARTESIAN_POINT('',(4.949637637259E-02,-2.898533433473,
    5.279847142523));
#1910 = CARTESIAN_POINT('',(0.452771483951,-2.842256967942,
    5.302288302299));
#1911 = CARTESIAN_POINT('',(1.090729023315,-2.646442874206,
    5.339542294177));
#1912 = CARTESIAN_POINT('',(1.336958193667,-2.541146008558,
    5.354408935232));
#1913 = CARTESIAN_POINT('',(1.571399755467,-2.409706693392,
    5.369274591921));
#1914 = CARTESIAN_POINT('',(1.790839048261,-2.253721222507,
    5.384140988535));
#1915 = CARTESIAN_POINT('',(1.992369293669,-2.075198150501,
    5.399011113041));
#1916 = CARTESIAN_POINT('',(2.173377330951,-1.876515463298,
    5.413886083381));
#1917 = CARTESIAN_POINT('',(2.331581725995,-1.660444069561,
    5.428763292837));
#1918 = CARTESIAN_POINT('',(2.559142017175,-1.268214993179,5.45409331402
    ));
#1919 = CARTESIAN_POINT('',(2.640963147277,-1.099156363426,
    5.464553836447));
#1920 = CARTESIAN_POINT('',(2.709991715905,-0.924117351793,
    5.475011845439));
#1921 = CARTESIAN_POINT('',(2.765730491769,-0.74422471273,5.485467175948
    ));
#1922 = CARTESIAN_POINT('',(2.807799679956,-0.560645714223,
    5.495921129838));
#1923 = CARTESIAN_POINT('',(2.835935600323,-0.374583942203,
    5.506375938972));
#1924 = CARTESIAN_POINT('',(2.85,-0.187277556736,5.516833276953));
#1925 = CARTESIAN_POINT('',(2.85,2.22044604925E-15,5.527291819524));
#1926 = PCURVE('',#169,#1927);
#1927 = DEFINITIONAL_REPRESENTATION('',(#1928),#1994);
#1928 = B_SPLINE_CURVE_WITH_KNOTS('',8,(#1929,#1930,#1931,#1932,#1933,
    #1934,#1935,#1936,#1937,#1938,#1939,#1940,#1941,#1942,#1943,#1944,
    #1945,#1946,#1947,#1948,#1949,#1950,#1951,#1952,#1953,#1954,#1955,
    #1956,#1957,#1958,#1959,#1960,#1961,#1962,#1963,#1964,#1965,#1966,
    #1967,#1968,#1969,#1970,#1971,#1972,#1973,#1974,#1975,#1976,#1977,
    #1978,#1979,#1980,#1981,#1982,#1983,#1984,#1985,#1986,#1987,#1988,
    #1989,#1990,#1991,#1992,#1993),.UNSPECIFIED.,.F.,.F.,(9,7,7,7,7,7,7,
    7,7,9),(0.,4.608348385776E-02,0.197812722405,0.308464684356,
    0.424340074084,0.520081470962,0.618096711167,0.797360395377,
    0.916305686548,1.),.UNSPECIFIED.);
#1929 = CARTESIAN_POINT('',(0.986637230134,31.811325657837));
#1930 = CARTESIAN_POINT('',(0.986636932429,31.847964194071));
#1931 = CARTESIAN_POINT('',(0.986635177564,31.88460218419));
#1932 = CARTESIAN_POINT('',(0.986632437893,31.921239975972));
#1933 = CARTESIAN_POINT('',(0.986629139681,31.957877840019));
#1934 = CARTESIAN_POINT('',(0.986625663101,31.994515969756));
#1935 = CARTESIAN_POINT('',(0.986622342235,32.031154481429));
#1936 = CARTESIAN_POINT('',(0.986619465075,32.067793414109));
#1937 = CARTESIAN_POINT('',(0.986610057865,32.225067173711));
#1938 = CARTESIAN_POINT('',(0.98661047601,32.345842392934));
#1939 = CARTESIAN_POINT('',(0.98662709248,32.466545822645));
#1940 = CARTESIAN_POINT('',(0.986654414456,32.587194711594));
#1941 = CARTESIAN_POINT('',(0.986670221254,32.707838915399));
#1942 = CARTESIAN_POINT('',(0.986673344855,32.828531263843));
#1943 = CARTESIAN_POINT('',(0.986666148518,32.949300614925));
#1944 = CARTESIAN_POINT('',(0.98664547979,33.157911490077));
#1945 = CARTESIAN_POINT('',(0.986634209804,33.245915877117));
#1946 = CARTESIAN_POINT('',(0.986622394847,33.333906382817));
#1947 = CARTESIAN_POINT('',(0.986612676476,33.421884475239));
#1948 = CARTESIAN_POINT('',(0.986606871621,33.509862869356));
#1949 = CARTESIAN_POINT('',(0.986605399422,33.597854119165));
#1950 = CARTESIAN_POINT('',(0.986607471201,33.685859246912));
#1951 = CARTESIAN_POINT('',(0.986616583449,33.865964118642));
#1952 = CARTESIAN_POINT('',(0.98662384973,33.958127449288));
#1953 = CARTESIAN_POINT('',(0.986632387043,34.050271709498));
#1954 = CARTESIAN_POINT('',(0.986640227878,34.142399696502));
#1955 = CARTESIAN_POINT('',(0.986645809739,34.234527903023));
#1956 = CARTESIAN_POINT('',(0.986648593849,34.326672556545));
#1957 = CARTESIAN_POINT('',(0.986649089673,34.418835603829));
#1958 = CARTESIAN_POINT('',(0.986647302169,34.587080872621));
#1959 = CARTESIAN_POINT('',(0.986645492725,34.663216745001));
#1960 = CARTESIAN_POINT('',(0.986643131992,34.739348401737));
#1961 = CARTESIAN_POINT('',(0.986640903469,34.815473289938));
#1962 = CARTESIAN_POINT('',(0.986639404362,34.89159825069));
#1963 = CARTESIAN_POINT('',(0.986638951732,34.967730322056));
#1964 = CARTESIAN_POINT('',(0.986639515158,35.043867586039));
#1965 = CARTESIAN_POINT('',(0.986642066589,35.197920429968));
#1966 = CARTESIAN_POINT('',(0.986644084791,35.275867247336));
#1967 = CARTESIAN_POINT('',(0.986646535562,35.353806958203));
#1968 = CARTESIAN_POINT('',(0.986648756452,35.431736938463));
#1969 = CARTESIAN_POINT('',(0.986650004852,35.509665285218));
#1970 = CARTESIAN_POINT('',(0.986649698101,35.587600649632));
#1971 = CARTESIAN_POINT('',(0.986647606331,35.665542110757));
#1972 = CARTESIAN_POINT('',(0.986637398755,35.885992614491));
#1973 = CARTESIAN_POINT('',(0.986625662886,36.02883271503));
#1974 = CARTESIAN_POINT('',(0.986610419986,36.171476074218));
#1975 = CARTESIAN_POINT('',(0.986597099489,36.314022399953));
#1976 = CARTESIAN_POINT('',(0.986598279258,36.456570468122));
#1977 = CARTESIAN_POINT('',(0.986615399908,36.599215605676));
#1978 = CARTESIAN_POINT('',(0.98663590576,36.742054720322));
#1979 = CARTESIAN_POINT('',(0.986661046079,36.979151126931));
#1980 = CARTESIAN_POINT('',(0.986668691627,37.073759944181));
#1981 = CARTESIAN_POINT('',(0.986671395597,37.168347435603));
#1982 = CARTESIAN_POINT('',(0.986666798295,37.262917378817));
#1983 = CARTESIAN_POINT('',(0.98665502045,37.357489152134));
#1984 = CARTESIAN_POINT('',(0.986639859889,37.452081444718));
#1985 = CARTESIAN_POINT('',(0.986627352179,37.546696069471));
#1986 = CARTESIAN_POINT('',(0.986615070609,37.707814943024));
#1987 = CARTESIAN_POINT('',(0.986612702862,37.774360342654));
#1988 = CARTESIAN_POINT('',(0.986613693917,37.840899989445));
#1989 = CARTESIAN_POINT('',(0.986618815802,37.907435186778));
#1990 = CARTESIAN_POINT('',(0.986626819902,37.97397041145));
#1991 = CARTESIAN_POINT('',(0.986634327304,38.040509563402));
#1992 = CARTESIAN_POINT('',(0.986637748172,38.10705234779));
#1993 = CARTESIAN_POINT('',(0.986637230135,38.173590789404));
#1994 = ( GEOMETRIC_REPRESENTATION_CONTEXT(2) 
PARAMETRIC_REPRESENTATION_CONTEXT() REPRESENTATION_CONTEXT('2D SPACE',''
  ) );
#1995 = PCURVE('',#1996,#2001);
#1996 = CYLINDRICAL_SURFACE('',#1997,2.85);
#1997 = AXIS2_PLACEMENT_3D('',#1998,#1999,#2000);
#1998 = CARTESIAN_POINT('',(0.,0.,0.));
#1999 = DIRECTION('',(-0.,-0.,-1.));
#2000 = DIRECTION('',(1.,0.,0.));
#2001 = DEFINITIONAL_REPRESENTATION('',(#2002),#2068);
#2002 = B_SPLINE_CURVE_WITH_KNOTS('',8,(#2003,#2004,#2005,#2006,#2007,
    #2008,#2009,#2010,#2011,#2012,#2013,#2014,#2015,#2016,#2017,#2018,
    #2019,#2020,#2021,#2022,#2023,#2024,#2025,#2026,#2027,#2028,#2029,
    #2030,#2031,#2032,#2033,#2034,#2035,#2036,#2037,#2038,#2039,#2040,
    #2041,#2042,#2043,#2044,#2045,#2046,#2047,#2048,#2049,#2050,#2051,
    #2052,#2053,#2054,#2055,#2056,#2057,#2058,#2059,#2060,#2061,#2062,
    #2063,#2064,#2065,#2066,#2067),.UNSPECIFIED.,.F.,.F.,(9,7,7,7,7,7,7,
    7,7,9),(0.,4.608348385776E-02,0.197812722405,0.308464684356,
    0.424340074084,0.520081470962,0.618096711167,0.797360395377,
    0.916305686548,1.),.UNSPECIFIED.);
#2003 = CARTESIAN_POINT('',(0.,-4.527291819525));
#2004 = CARTESIAN_POINT('',(-3.61831493108E-02,-4.533050687312));
#2005 = CARTESIAN_POINT('',(-7.236739350837E-02,-4.538810167398));
#2006 = CARTESIAN_POINT('',(-0.108552229727,-4.544570088136));
#2007 = CARTESIAN_POINT('',(-0.144737275793,-4.550330287833));
#2008 = CARTESIAN_POINT('',(-0.180922270226,-4.556090614746));
#2009 = CARTESIAN_POINT('',(-0.21710707224,-4.561850927087));
#2010 = CARTESIAN_POINT('',(-0.25329166174,-4.567611093018));
#2011 = CARTESIAN_POINT('',(-0.408613035486,-4.592335374626));
#2012 = CARTESIAN_POINT('',(-0.527882938424,-4.611318227783));
#2013 = CARTESIAN_POINT('',(-0.647076222547,-4.630282036592));
#2014 = CARTESIAN_POINT('',(-0.766219864804,-4.649232143613));
#2015 = CARTESIAN_POINT('',(-0.885363552311,-4.668187031336));
#2016 = CARTESIAN_POINT('',(-1.004557065923,-4.687155562921));
#2017 = CARTESIAN_POINT('',(-1.123827071902,-4.7061411419));
#2018 = CARTESIAN_POINT('',(-1.32984723065,-4.738939818732));
#2019 = CARTESIAN_POINT('',(-1.416758448897,-4.752777459664));
#2020 = CARTESIAN_POINT('',(-1.503655354322,-4.766613179866));
#2021 = CARTESIAN_POINT('',(-1.590539328806,-4.780445944495));
#2022 = CARTESIAN_POINT('',(-1.677423268685,-4.794276881547));
#2023 = CARTESIAN_POINT('',(-1.764320049249,-4.808107763407));
#2024 = CARTESIAN_POINT('',(-1.851230980506,-4.821939128607));
#2025 = CARTESIAN_POINT('',(-2.029097686017,-4.850243056838));
#2026 = CARTESIAN_POINT('',(-2.12011630999,-4.864725506024));
#2027 = CARTESIAN_POINT('',(-2.211116831683,-4.879204348817));
#2028 = CARTESIAN_POINT('',(-2.30210189688,-4.893680967526));
#2029 = CARTESIAN_POINT('',(-2.393087344828,-4.908158703029));
#2030 = CARTESIAN_POINT('',(-2.48408865191,-4.922640364047));
#2031 = CARTESIAN_POINT('',(-2.575107371496,-4.937126012475));
#2032 = CARTESIAN_POINT('',(-2.741262037167,-4.96357110931));
#2033 = CARTESIAN_POINT('',(-2.816451249051,-4.975538763343));
#2034 = CARTESIAN_POINT('',(-2.891635615758,-4.987506018903));
#2035 = CARTESIAN_POINT('',(-2.966812661314,-4.999472147264));
#2036 = CARTESIAN_POINT('',(-3.041989313405,-5.011437937557));
#2037 = CARTESIAN_POINT('',(-3.117172787329,-5.023404344097));
#2038 = CARTESIAN_POINT('',(-3.192361478932,-5.035371079995));
#2039 = CARTESIAN_POINT('',(-3.344495634146,-5.059583379142));
#2040 = CARTESIAN_POINT('',(-3.421471962052,-5.071833837721));
#2041 = CARTESIAN_POINT('',(-3.498441825886,-5.084082972075));
#2042 = CARTESIAN_POINT('',(-3.575402807647,-5.096330687143));
#2043 = CARTESIAN_POINT('',(-3.652362935788,-5.108578611389));
#2044 = CARTESIAN_POINT('',(-3.729330628034,-5.120828383733));
#2045 = CARTESIAN_POINT('',(-3.806304736926,-5.133079969555));
#2046 = CARTESIAN_POINT('',(-4.024019606656,-5.167734548396));
#2047 = CARTESIAN_POINT('',(-4.165087677758,-5.190191310421));
#2048 = CARTESIAN_POINT('',(-4.305960464548,-5.212618829533));
#2049 = CARTESIAN_POINT('',(-4.446734809743,-5.235030176232));
#2050 = CARTESIAN_POINT('',(-4.587508086187,-5.257434849574));
#2051 = CARTESIAN_POINT('',(-4.728378660509,-5.279847142523));
#2052 = CARTESIAN_POINT('',(-4.869442940712,-5.302288302299));
#2053 = CARTESIAN_POINT('',(-5.103594778116,-5.339542294177));
#2054 = CARTESIAN_POINT('',(-5.197029012262,-5.354408935232));
#2055 = CARTESIAN_POINT('',(-5.290442162379,-5.369274591921));
#2056 = CARTESIAN_POINT('',(-5.383837304212,-5.384140988535));
#2057 = CARTESIAN_POINT('',(-5.47723234772,-5.399011113041));
#2058 = CARTESIAN_POINT('',(-5.570645233667,-5.413886083381));
#2059 = CARTESIAN_POINT('',(-5.66407899409,-5.428763292837));
#2060 = CARTESIAN_POINT('',(-5.823188293302,-5.45409331402));
#2061 = CARTESIAN_POINT('',(-5.888904073724,-5.464553836447));
#2062 = CARTESIAN_POINT('',(-5.954615226945,-5.475011845439));
#2063 = CARTESIAN_POINT('',(-6.020323812265,-5.485467175948));
#2064 = CARTESIAN_POINT('',(-6.086034962583,-5.495921129838));
#2065 = CARTESIAN_POINT('',(-6.151752461113,-5.506375938972));
#2066 = CARTESIAN_POINT('',(-6.217473883763,-5.516833276953));
#2067 = CARTESIAN_POINT('',(-6.28318530718,-5.527291819524));
#2068 = ( GEOMETRIC_REPRESENTATION_CONTEXT(2) 
PARAMETRIC_REPRESENTATION_CONTEXT() REPRESENTATION_CONTEXT('2D SPACE',''
  ) );
#2069 = ORIENTED_EDGE('',*,*,#2070,.T.);
#2070 = EDGE_CURVE('',#1857,#2071,#2073,.T.);
#2071 = VERTEX_POINT('',#2072);
#2072 = CARTESIAN_POINT('',(2.85,0.,6.527291819525));
#2073 = SURFACE_CURVE('',#2074,(#2133,#2195),.PCURVE_S1.);
#2074 = B_SPLINE_CURVE_WITH_KNOTS('',8,(#2075,#2076,#2077,#2078,#2079,
    #2080,#2081,#2082,#2083,#2084,#2085,#2086,#2087,#2088,#2089,#2090,
    #2091,#2092,#2093,#2094,#2095,#2096,#2097,#2098,#2099,#2100,#2101,
    #2102,#2103,#2104,#2105,#2106,#2107,#2108,#2109,#2110,#2111,#2112,
    #2113,#2114,#2115,#2116,#2117,#2118,#2119,#2120,#2121,#2122,#2123,
    #2124,#2125,#2126,#2127,#2128,#2129,#2130,#2131,#2132),
  .UNSPECIFIED.,.F.,.F.,(9,7,7,7,7,7,7,7,9),(0.,9.438167758521E-02,
    0.19342899575,0.357867930952,0.466163065913,0.580511859198,
    0.730216001765,0.864565853578,1.),.UNSPECIFIED.);
#2075 = CARTESIAN_POINT('',(2.85,2.22044604925E-15,5.527291819524));
#2076 = CARTESIAN_POINT('',(2.85,0.211202015322,5.539086426988));
#2077 = CARTESIAN_POINT('',(2.832112767937,0.422444523834,5.550885825128
    ));
#2078 = CARTESIAN_POINT('',(2.796326276304,0.631901826173,5.562682106082
    ));
#2079 = CARTESIAN_POINT('',(2.742865833314,0.837802406548,5.574483933926
    ));
#2080 = CARTESIAN_POINT('',(2.672152049182,1.038431718113,5.586277305072
    ));
#2081 = CARTESIAN_POINT('',(2.584795638352,1.23213209261,5.598073242003)
  );
#2082 = CARTESIAN_POINT('',(2.48159867299,1.417312518579,5.609866916843)
  );
#2083 = CARTESIAN_POINT('',(2.239740716811,1.776284727733,5.634031687821
    ));
#2084 = CARTESIAN_POINT('',(2.099529163292,1.949134342417,5.646407124397
    ));
#2085 = CARTESIAN_POINT('',(1.944122266124,2.10925512228,5.65878125661)
  );
#2086 = CARTESIAN_POINT('',(1.77488860165,2.255102765003,5.671154984947)
  );
#2087 = CARTESIAN_POINT('',(1.593359078681,2.385323908316,5.683530579357
    ));
#2088 = CARTESIAN_POINT('',(1.401208980374,2.498750798652,5.695909655006
    ));
#2089 = CARTESIAN_POINT('',(1.200257950316,2.594418402539,5.708291574788
    ));
#2090 = CARTESIAN_POINT('',(0.647546911534,2.79974787459,5.741226795304)
  );
#2091 = CARTESIAN_POINT('',(0.283122156984,2.877205878779,5.761818731654
    ));
#2092 = CARTESIAN_POINT('',(-9.12142331223E-02,2.900088671396,
    5.782391347548));
#2093 = CARTESIAN_POINT('',(-0.4659252554,2.867415894977,5.802947891078)
  );
#2094 = CARTESIAN_POINT('',(-0.831693058764,2.779764026462,
    5.823497236303));
#2095 = CARTESIAN_POINT('',(-1.179497622999,2.639545643891,5.84405403797
    ));
#2096 = CARTESIAN_POINT('',(-1.500627494284,2.45072126458,5.86462927167)
  );
#2097 = CARTESIAN_POINT('',(-1.976039975085,2.067969830085,
    5.898704798788));
#2098 = CARTESIAN_POINT('',(-2.150102059882,1.897596527131,
    5.912239809764));
#2099 = CARTESIAN_POINT('',(-2.307268792301,1.710558359383,
    5.925773973624));
#2100 = CARTESIAN_POINT('',(-2.445706263498,1.508837703646,5.93930701038
    ));
#2101 = CARTESIAN_POINT('',(-2.563875852158,1.294616692942,5.95284100539
    ));
#2102 = CARTESIAN_POINT('',(-2.660520869385,1.070249181547,5.96637781225
    ));
#2103 = CARTESIAN_POINT('',(-2.73469497878,0.838258836488,5.979916624634
    ));
#2104 = CARTESIAN_POINT('',(-2.839828367254,0.351225504008,
    6.007743416149));
#2105 = CARTESIAN_POINT('',(-2.86817385003,9.546328090159E-02,
    6.02203972999));
#2106 = CARTESIAN_POINT('',(-2.870148699812,-0.162724069069,
    6.036332672724));
#2107 = CARTESIAN_POINT('',(-2.845572304131,-0.420159324287,
    6.050622444675));
#2108 = CARTESIAN_POINT('',(-2.794700010959,-0.673715012178,
    6.064911630038));
#2109 = CARTESIAN_POINT('',(-2.718188990821,-0.920321083532,6.0792031055
    ));
#2110 = CARTESIAN_POINT('',(-2.617130854135,-1.156982559584,
    6.093497688218));
#2111 = CARTESIAN_POINT('',(-2.330831861406,-1.67390510011,
    6.126495678517));
#2112 = CARTESIAN_POINT('',(-2.128978564609,-1.945465513923,
    6.14522396717));
#2113 = CARTESIAN_POINT('',(-1.891133883825,-2.188788875091,
    6.163942759176));
#2114 = CARTESIAN_POINT('',(-1.622074357192,-2.398497111792,
    6.182656562993));
#2115 = CARTESIAN_POINT('',(-1.327258035062,-2.5701360716,6.201371906424
    ));
#2116 = CARTESIAN_POINT('',(-1.012847863139,-2.700289459514,
    6.220093593666));
#2117 = CARTESIAN_POINT('',(-0.685627816297,-2.786509857446,
    6.238823624615));
#2118 = CARTESIAN_POINT('',(-5.489388654116E-02,-2.865287036061,
    6.274315866517));
#2119 = CARTESIAN_POINT('',(0.248130360242,-2.866607582459,
    6.291112160145));
#2120 = CARTESIAN_POINT('',(0.550488908309,-2.83123376457,6.307899903856
    ));
#2121 = CARTESIAN_POINT('',(0.846994422661,-2.759497636666,
    6.324681319838));
#2122 = CARTESIAN_POINT('',(1.132684012178,-2.652534527428,
    6.341464109195));
#2123 = CARTESIAN_POINT('',(1.402815341095,-2.512191757275,
    6.358255878643));
#2124 = CARTESIAN_POINT('',(1.652912765589,-2.341102626052,
    6.375058359228));
#2125 = CARTESIAN_POINT('',(2.10683022643,-1.943093742122,6.408781308292
    ));
#2126 = CARTESIAN_POINT('',(2.310581494473,-1.715452866303,
    6.425725616465));
#2127 = CARTESIAN_POINT('',(2.485978559536,-1.463574254861,
    6.442663917543));
#2128 = CARTESIAN_POINT('',(2.629754765217,-1.191660463992,
    6.459595510191));
#2129 = CARTESIAN_POINT('',(2.739416650806,-0.904287587728,
    6.476518438778));
#2130 = CARTESIAN_POINT('',(2.813167816384,-0.606346873009,
    6.493437607059));
#2131 = CARTESIAN_POINT('',(2.85,-0.303063758161,6.510367179585));
#2132 = CARTESIAN_POINT('',(2.85,2.6645352591E-15,6.527291819525));
#2133 = PCURVE('',#169,#2134);
#2134 = DEFINITIONAL_REPRESENTATION('',(#2135),#2194);
#2135 = B_SPLINE_CURVE_WITH_KNOTS('',8,(#2136,#2137,#2138,#2139,#2140,
    #2141,#2142,#2143,#2144,#2145,#2146,#2147,#2148,#2149,#2150,#2151,
    #2152,#2153,#2154,#2155,#2156,#2157,#2158,#2159,#2160,#2161,#2162,
    #2163,#2164,#2165,#2166,#2167,#2168,#2169,#2170,#2171,#2172,#2173,
    #2174,#2175,#2176,#2177,#2178,#2179,#2180,#2181,#2182,#2183,#2184,
    #2185,#2186,#2187,#2188,#2189,#2190,#2191,#2192,#2193),
  .UNSPECIFIED.,.F.,.F.,(9,7,7,7,7,7,7,7,9),(0.,9.438167758521E-02,
    0.19342899575,0.357867930952,0.466163065913,0.580511859198,
    0.730216001765,0.864565853578,1.),.UNSPECIFIED.);
#2136 = CARTESIAN_POINT('',(0.986637230135,38.173590789404));
#2137 = CARTESIAN_POINT('',(0.98663664592,38.248629428364));
#2138 = CARTESIAN_POINT('',(0.986628402909,38.323675201275));
#2139 = CARTESIAN_POINT('',(0.986625062498,38.39871608606));
#2140 = CARTESIAN_POINT('',(0.986609122407,38.473753855257));
#2141 = CARTESIAN_POINT('',(0.986611714569,38.548794310522));
#2142 = CARTESIAN_POINT('',(0.986611394888,38.623842214261));
#2143 = CARTESIAN_POINT('',(0.986618081825,38.698897083629));
#2144 = CARTESIAN_POINT('',(0.986635057394,38.8526915086));
#2145 = CARTESIAN_POINT('',(0.986646076231,38.931460905041));
#2146 = CARTESIAN_POINT('',(0.986657205438,39.010222339254));
#2147 = CARTESIAN_POINT('',(0.98666564655,39.088973009987));
#2148 = CARTESIAN_POINT('',(0.986669543767,39.167721702351));
#2149 = CARTESIAN_POINT('',(0.986668626513,39.246477867681));
#2150 = CARTESIAN_POINT('',(0.986663969351,39.325240728099));
#2151 = CARTESIAN_POINT('',(0.986645081692,39.534725759446));
#2152 = CARTESIAN_POINT('',(0.986626595625,39.665680768534));
#2153 = CARTESIAN_POINT('',(0.986607571873,39.796511216884));
#2154 = CARTESIAN_POINT('',(0.986598256328,39.927269001334));
#2155 = CARTESIAN_POINT('',(0.986602468086,40.058022222153));
#2156 = CARTESIAN_POINT('',(0.98661324319,40.188842889427));
#2157 = CARTESIAN_POINT('',(0.98662508304,40.319784071773));
#2158 = CARTESIAN_POINT('',(0.986640835735,40.536629627424));
#2159 = CARTESIAN_POINT('',(0.986646099624,40.622759001296));
#2160 = CARTESIAN_POINT('',(0.986649380805,40.708876941871));
#2161 = CARTESIAN_POINT('',(0.986650288612,40.794980476951));
#2162 = CARTESIAN_POINT('',(0.986649137334,40.881083832144));
#2163 = CARTESIAN_POINT('',(0.986646805129,40.967201477351));
#2164 = CARTESIAN_POINT('',(0.986644347861,41.053331501012));
#2165 = CARTESIAN_POINT('',(0.986640277228,41.230360518211));
#2166 = CARTESIAN_POINT('',(0.98663873364,41.321312752079));
#2167 = CARTESIAN_POINT('',(0.986638501502,41.412247535659));
#2168 = CARTESIAN_POINT('',(0.986640035311,41.50316752886));
#2169 = CARTESIAN_POINT('',(0.986642908925,41.59408787404));
#2170 = CARTESIAN_POINT('',(0.98664601746,41.68502350553));
#2171 = CARTESIAN_POINT('',(0.986648166078,41.775975980169));
#2172 = CARTESIAN_POINT('',(0.986649306451,41.98592141936));
#2173 = CARTESIAN_POINT('',(0.986647113558,42.105069072831));
#2174 = CARTESIAN_POINT('',(0.986640483682,42.22414278124));
#2175 = CARTESIAN_POINT('',(0.986629126621,42.343170344004));
#2176 = CARTESIAN_POINT('',(0.986615893366,42.462201983065));
#2177 = CARTESIAN_POINT('',(0.986606918587,42.581286963888));
#2178 = CARTESIAN_POINT('',(0.986605089674,42.700446811772));
#2179 = CARTESIAN_POINT('',(0.986614005489,42.926285042224));
#2180 = CARTESIAN_POINT('',(0.986623507593,43.033176480016));
#2181 = CARTESIAN_POINT('',(0.986637735525,43.140027926343));
#2182 = CARTESIAN_POINT('',(0.98665433175,43.246846332998));
#2183 = CARTESIAN_POINT('',(0.986667345616,43.353662557527));
#2184 = CARTESIAN_POINT('',(0.986671516213,43.460508959556));
#2185 = CARTESIAN_POINT('',(0.986666733466,43.567396217073));
#2186 = CARTESIAN_POINT('',(0.986646742028,43.781889621895));
#2187 = CARTESIAN_POINT('',(0.986631224842,43.889646503238));
#2188 = CARTESIAN_POINT('',(0.986615164235,43.997363509682));
#2189 = CARTESIAN_POINT('',(0.986602851271,44.105049258145));
#2190 = CARTESIAN_POINT('',(0.986607873022,44.212732723606));
#2191 = CARTESIAN_POINT('',(0.98662859563,44.320440125506));
#2192 = CARTESIAN_POINT('',(0.986638068453,44.428179429836));
#2193 = CARTESIAN_POINT('',(0.986637230134,44.535855920971));
#2194 = ( GEOMETRIC_REPRESENTATION_CONTEXT(2) 
PARAMETRIC_REPRESENTATION_CONTEXT() REPRESENTATION_CONTEXT('2D SPACE',''
  ) );
#2195 = PCURVE('',#2196,#2201);
#2196 = CYLINDRICAL_SURFACE('',#2197,2.85);
#2197 = AXIS2_PLACEMENT_3D('',#2198,#2199,#2200);
#2198 = CARTESIAN_POINT('',(0.,0.,0.));
#2199 = DIRECTION('',(-0.,-0.,-1.));
#2200 = DIRECTION('',(1.,0.,0.));
#2201 = DEFINITIONAL_REPRESENTATION('',(#2202),#2261);
#2202 = B_SPLINE_CURVE_WITH_KNOTS('',8,(#2203,#2204,#2205,#2206,#2207,
    #2208,#2209,#2210,#2211,#2212,#2213,#2214,#2215,#2216,#2217,#2218,
    #2219,#2220,#2221,#2222,#2223,#2224,#2225,#2226,#2227,#2228,#2229,
    #2230,#2231,#2232,#2233,#2234,#2235,#2236,#2237,#2238,#2239,#2240,
    #2241,#2242,#2243,#2244,#2245,#2246,#2247,#2248,#2249,#2250,#2251,
    #2252,#2253,#2254,#2255,#2256,#2257,#2258,#2259,#2260),
  .UNSPECIFIED.,.F.,.F.,(9,7,7,7,7,7,7,7,9),(0.,9.438167758521E-02,
    0.19342899575,0.357867930952,0.466163065913,0.580511859198,
    0.730216001765,0.864565853578,1.),.UNSPECIFIED.);
#2203 = CARTESIAN_POINT('',(0.,-5.527291819524));
#2204 = CARTESIAN_POINT('',(-7.410597028829E-02,-5.539086426988));
#2205 = CARTESIAN_POINT('',(-0.148226144493,-5.550885825128));
#2206 = CARTESIAN_POINT('',(-0.222340100809,-5.562682106082));
#2207 = CARTESIAN_POINT('',(-0.296447262484,-5.574483933926));
#2208 = CARTESIAN_POINT('',(-0.37055402975,-5.586277305072));
#2209 = CARTESIAN_POINT('',(-0.444666352321,-5.598073242003));
#2210 = CARTESIAN_POINT('',(-0.518784904997,-5.609866916843));
#2211 = CARTESIAN_POINT('',(-0.670660961246,-5.634031687821));
#2212 = CARTESIAN_POINT('',(-0.748447929654,-5.646407124397));
#2213 = CARTESIAN_POINT('',(-0.826228103606,-5.65878125661));
#2214 = CARTESIAN_POINT('',(-0.903999014923,-5.671154984947));
#2215 = CARTESIAN_POINT('',(-0.981769130819,-5.683530579357));
#2216 = CARTESIAN_POINT('',(-1.059547280675,-5.695909655006));
#2217 = CARTESIAN_POINT('',(-1.13733216319,-5.708291574788));
#2218 = CARTESIAN_POINT('',(-1.344215760797,-5.741226795304));
#2219 = CARTESIAN_POINT('',(-1.473544182,-5.761818731654));
#2220 = CARTESIAN_POINT('',(-1.602747923179,-5.782391347549));
#2221 = CARTESIAN_POINT('',(-1.731878054228,-5.802947891078));
#2222 = CARTESIAN_POINT('',(-1.861004597105,-5.823497236303));
#2223 = CARTESIAN_POINT('',(-1.99019978531,-5.844054037969));
#2224 = CARTESIAN_POINT('',(-2.119515520304,-5.86462927167));
#2225 = CARTESIAN_POINT('',(-2.333670128149,-5.898704798788));
#2226 = CARTESIAN_POINT('',(-2.418730905306,-5.912239809764));
#2227 = CARTESIAN_POINT('',(-2.503780346374,-5.925773973624));
#2228 = CARTESIAN_POINT('',(-2.58881510381,-5.93930701038));
#2229 = CARTESIAN_POINT('',(-2.673848888276,-5.95284100539));
#2230 = CARTESIAN_POINT('',(-2.758895848292,-5.96637781225));
#2231 = CARTESIAN_POINT('',(-2.843954181853,-5.979916624634));
#2232 = CARTESIAN_POINT('',(-3.018779248117,-6.007743416149));
#2233 = CARTESIAN_POINT('',(-3.108598487543,-6.02203972999));
#2234 = CARTESIAN_POINT('',(-3.198400106526,-6.036332672724));
#2235 = CARTESIAN_POINT('',(-3.288187205137,-6.050622444675));
#2236 = CARTESIAN_POINT('',(-3.377975264182,-6.064911630037));
#2237 = CARTESIAN_POINT('',(-3.467779382242,-6.0792031055));
#2238 = CARTESIAN_POINT('',(-3.55760112484,-6.093497688218));
#2239 = CARTESIAN_POINT('',(-3.764938382017,-6.126495678517));
#2240 = CARTESIAN_POINT('',(-3.882607246902,-6.14522396717));
#2241 = CARTESIAN_POINT('',(-4.000204086858,-6.163942759176));
#2242 = CARTESIAN_POINT('',(-4.117755359834,-6.182656562993));
#2243 = CARTESIAN_POINT('',(-4.235309248948,-6.201371906424));
#2244 = CARTESIAN_POINT('',(-4.352914140856,-6.220093593666));
#2245 = CARTESIAN_POINT('',(-4.470592124479,-6.238823624615));
#2246 = CARTESIAN_POINT('',(-4.693621750535,-6.274315866517));
#2247 = CARTESIAN_POINT('',(-4.799183816885,-6.291112160145));
#2248 = CARTESIAN_POINT('',(-4.90470689456,-6.307899903856));
#2249 = CARTESIAN_POINT('',(-5.010198554103,-6.324681319838));
#2250 = CARTESIAN_POINT('',(-5.11568921206,-6.341464109195));
#2251 = CARTESIAN_POINT('',(-5.221209635913,-6.358255878643));
#2252 = CARTESIAN_POINT('',(-5.326768663582,-6.375058359228));
#2253 = CARTESIAN_POINT('',(-5.538592772495,-6.408781308292));
#2254 = CARTESIAN_POINT('',(-5.645006651538,-6.425725616465));
#2255 = CARTESIAN_POINT('',(-5.751378974045,-6.442663917543));
#2256 = CARTESIAN_POINT('',(-5.857719023621,-6.459595510191));
#2257 = CARTESIAN_POINT('',(-5.964059130198,-6.476518438778));
#2258 = CARTESIAN_POINT('',(-6.070431962165,-6.493437607059));
#2259 = CARTESIAN_POINT('',(-6.176847146421,-6.510367179585));
#2260 = CARTESIAN_POINT('',(-6.28318530718,-6.527291819525));
#2261 = ( GEOMETRIC_REPRESENTATION_CONTEXT(2) 
PARAMETRIC_REPRESENTATION_CONTEXT() REPRESENTATION_CONTEXT('2D SPACE',''
  ) );
#2262 = ORIENTED_EDGE('',*,*,#2263,.T.);
#2263 = EDGE_CURVE('',#2071,#2264,#2266,.T.);
#2264 = VERTEX_POINT('',#2265);
#2265 = CARTESIAN_POINT('',(2.85,9.209850491529E-14,7.527292855684));
#2266 = SURFACE_CURVE('',#2267,(#2326,#2388),.PCURVE_S1.);
#2267 = B_SPLINE_CURVE_WITH_KNOTS('',8,(#2268,#2269,#2270,#2271,#2272,
    #2273,#2274,#2275,#2276,#2277,#2278,#2279,#2280,#2281,#2282,#2283,
    #2284,#2285,#2286,#2287,#2288,#2289,#2290,#2291,#2292,#2293,#2294,
    #2295,#2296,#2297,#2298,#2299,#2300,#2301,#2302,#2303,#2304,#2305,
    #2306,#2307,#2308,#2309,#2310,#2311,#2312,#2313,#2314,#2315,#2316,
    #2317,#2318,#2319,#2320,#2321,#2322,#2323,#2324,#2325),
  .UNSPECIFIED.,.F.,.F.,(9,7,7,7,7,7,7,7,9),(0.,9.185312929772E-02,
    0.193377899267,0.361200295286,0.522287799049,0.630843438904,
    0.718908452175,0.845194692305,1.),.UNSPECIFIED.);
#2268 = CARTESIAN_POINT('',(2.85,2.6645352591E-15,6.527291819525));
#2269 = CARTESIAN_POINT('',(2.85,0.205514211286,6.53876879074));
#2270 = CARTESIAN_POINT('',(2.833063224396,0.411067048104,6.55025032152)
  );
#2271 = CARTESIAN_POINT('',(2.799178505569,0.614977191168,6.561728981591
    ));
#2272 = CARTESIAN_POINT('',(2.748547109995,0.815610906307,6.573213137412
    ));
#2273 = CARTESIAN_POINT('',(2.681546638427,1.011385213882,6.584689332303
    ));
#2274 = CARTESIAN_POINT('',(2.598725849262,1.20076737256,6.596167906282)
  );
#2275 = CARTESIAN_POINT('',(2.500805691401,1.382283656343,6.607644160124
    ));
#2276 = CARTESIAN_POINT('',(2.264803263266,1.74492589426,6.631799693119)
  );
#2277 = CARTESIAN_POINT('',(2.123528046536,1.924074319269,6.644483129134
    ));
#2278 = CARTESIAN_POINT('',(1.966110570988,2.090062302137,6.657164916803
    ));
#2279 = CARTESIAN_POINT('',(1.794002993323,2.2412098531,6.669846124538)
  );
#2280 = CARTESIAN_POINT('',(1.608838644109,2.376044523801,6.682529359158
    ));
#2281 = CARTESIAN_POINT('',(1.41241194289,2.49329578173,6.695216457818)
  );
#2282 = CARTESIAN_POINT('',(1.206679203549,2.591915345641,6.70790665995)
  );
#2283 = CARTESIAN_POINT('',(0.641854400015,2.802056053624,6.741569757635
    ));
#2284 = CARTESIAN_POINT('',(0.26958109885,2.880232474389,6.762585222552)
  );
#2285 = CARTESIAN_POINT('',(-0.112836038237,2.901482987536,6.78357903192
    ));
#2286 = CARTESIAN_POINT('',(-0.495250532249,2.864834417924,6.8045555308)
  );
#2287 = CARTESIAN_POINT('',(-0.867765035303,2.770972412868,
    6.825524408065));
#2288 = CARTESIAN_POINT('',(-1.220825224287,2.622581516815,
    6.846501737256));
#2289 = CARTESIAN_POINT('',(-1.545224704752,2.424002919937,6.86749977228
    ));
#2290 = CARTESIAN_POINT('',(-2.108815662598,1.950721767404,
    6.908588710526));
#2291 = CARTESIAN_POINT('',(-2.351759407485,1.67867587365,6.928744363846
    ));
#2292 = CARTESIAN_POINT('',(-2.554047444706,1.372379992479,
    6.948885206887));
#2293 = CARTESIAN_POINT('',(-2.710394254182,1.039131357533,
    6.969018061069));
#2294 = CARTESIAN_POINT('',(-2.816888813656,0.686786068766,
    6.989151336329));
#2295 = CARTESIAN_POINT('',(-2.871205409504,0.323798515348,
    7.009293212534));
#2296 = CARTESIAN_POINT('',(-2.872414906812,-4.089694181431E-02,
    7.029450757803));
#2297 = CARTESIAN_POINT('',(-2.788185869902,-0.638380222106,
    7.063145418676));
#2298 = CARTESIAN_POINT('',(-2.73083333428,-0.8756958705,7.076714383024)
  );
#2299 = CARTESIAN_POINT('',(-2.650405374643,-1.107004410113,
    7.090281308437));
#2300 = CARTESIAN_POINT('',(-2.547671293986,-1.329696254562,
    7.103846067155));
#2301 = CARTESIAN_POINT('',(-2.423726501259,-1.54131473535,
    7.117411323383));
#2302 = CARTESIAN_POINT('',(-2.279961102343,-1.739559261687,
    7.130979669341));
#2303 = CARTESIAN_POINT('',(-2.118072937492,-1.922311084443,
    7.14455084653));
#2304 = CARTESIAN_POINT('',(-1.795766082565,-2.221837405265,
    7.169126165457));
#2305 = CARTESIAN_POINT('',(-1.640786428469,-2.344602409031,
    7.180135166299));
#2306 = CARTESIAN_POINT('',(-1.476261695143,-2.454967997967,
    7.191143873882));
#2307 = CARTESIAN_POINT('',(-1.303358423105,-2.552079073522,
    7.202151848441));
#2308 = CARTESIAN_POINT('',(-1.123319238949,-2.635217299931,
    7.21315950816));
#2309 = CARTESIAN_POINT('',(-0.937454596718,-2.703797185699,
    7.22416726432));
#2310 = CARTESIAN_POINT('',(-0.747141122882,-2.757375062776,
    7.235174674756));
#2311 = CARTESIAN_POINT('',(-0.276611269349,-2.850587724741,
    7.261960827255));
#2312 = CARTESIAN_POINT('',(6.984856905282E-03,-2.874119874369,
    7.2777488229));
#2313 = CARTESIAN_POINT('',(0.292588989019,-2.865339984589,
    7.293530184963));
#2314 = CARTESIAN_POINT('',(0.575894637698,-2.824156668408,
    7.309305997255));
#2315 = CARTESIAN_POINT('',(0.852707865571,-2.751123014398,7.32508166707
    ));
#2316 = CARTESIAN_POINT('',(1.118953585925,-2.647370539764,
    7.340863240401));
#2317 = CARTESIAN_POINT('',(1.370703417716,-2.514665148814,
    7.356652923786));
#2318 = CARTESIAN_POINT('',(1.890619522394,-2.16057237175,7.391784520527
    ));
#2319 = CARTESIAN_POINT('',(2.150224470552,-1.925538447179,7.41116182518
    ));
#2320 = CARTESIAN_POINT('',(2.375961959295,-1.655086665302,
    7.430529867005));
#2321 = CARTESIAN_POINT('',(2.562444211751,-1.355102826641,
    7.449888893375));
#2322 = CARTESIAN_POINT('',(2.705408909706,-1.032111613981,
    7.469241309998));
#2323 = CARTESIAN_POINT('',(2.801871725231,-0.693304800671,
    7.488583762879));
#2324 = CARTESIAN_POINT('',(2.85,-0.346438019767,7.507945373742));
#2325 = CARTESIAN_POINT('',(2.85,1.532107773983E-13,7.527292855684));
#2326 = PCURVE('',#169,#2327);
#2327 = DEFINITIONAL_REPRESENTATION('',(#2328),#2387);
#2328 = B_SPLINE_CURVE_WITH_KNOTS('',8,(#2329,#2330,#2331,#2332,#2333,
    #2334,#2335,#2336,#2337,#2338,#2339,#2340,#2341,#2342,#2343,#2344,
    #2345,#2346,#2347,#2348,#2349,#2350,#2351,#2352,#2353,#2354,#2355,
    #2356,#2357,#2358,#2359,#2360,#2361,#2362,#2363,#2364,#2365,#2366,
    #2367,#2368,#2369,#2370,#2371,#2372,#2373,#2374,#2375,#2376,#2377,
    #2378,#2379,#2380,#2381,#2382,#2383,#2384,#2385,#2386),
  .UNSPECIFIED.,.F.,.F.,(9,7,7,7,7,7,7,7,9),(0.,9.185312929772E-02,
    0.193377899267,0.361200295286,0.522287799049,0.630843438904,
    0.718908452175,0.845194692305,1.),.UNSPECIFIED.);
#2329 = CARTESIAN_POINT('',(0.986637230134,44.535855920971));
#2330 = CARTESIAN_POINT('',(0.986636661651,44.608873721859));
#2331 = CARTESIAN_POINT('',(0.986628825334,44.681898378044));
#2332 = CARTESIAN_POINT('',(0.986625689693,44.754919098711));
#2333 = CARTESIAN_POINT('',(0.986610202391,44.827937134487));
#2334 = CARTESIAN_POINT('',(0.986612096397,44.900957502214));
#2335 = CARTESIAN_POINT('',(0.986611134755,44.973984301881));
#2336 = CARTESIAN_POINT('',(0.986616983247,45.047017098937));
#2337 = CARTESIAN_POINT('',(0.986633075931,45.20075005817));
#2338 = CARTESIAN_POINT('',(0.986644314512,45.281479698522));
#2339 = CARTESIAN_POINT('',(0.986656061547,45.362200401589));
#2340 = CARTESIAN_POINT('',(0.986665198685,45.442909459427));
#2341 = CARTESIAN_POINT('',(0.986669589439,45.523616944774));
#2342 = CARTESIAN_POINT('',(0.986668864858,45.604333421477));
#2343 = CARTESIAN_POINT('',(0.986664176008,45.68505755935));
#2344 = CARTESIAN_POINT('',(0.986644907785,45.89917237819));
#2345 = CARTESIAN_POINT('',(0.986625909633,46.032820427362));
#2346 = CARTESIAN_POINT('',(0.986606438898,46.166329257766));
#2347 = CARTESIAN_POINT('',(0.986597539936,46.299760179332));
#2348 = CARTESIAN_POINT('',(0.986602914047,46.433186117309));
#2349 = CARTESIAN_POINT('',(0.98661457177,46.566684982609));
#2350 = CARTESIAN_POINT('',(0.986626741607,46.700317144953));
#2351 = CARTESIAN_POINT('',(0.986645033644,46.961791622149));
#2352 = CARTESIAN_POINT('',(0.986651414976,47.090046684169));
#2353 = CARTESIAN_POINT('',(0.98665238775,47.218191032823));
#2354 = CARTESIAN_POINT('',(0.986647413755,47.34626642714));
#2355 = CARTESIAN_POINT('',(0.986641238744,47.474340839518));
#2356 = CARTESIAN_POINT('',(0.986638261895,47.602479722106));
#2357 = CARTESIAN_POINT('',(0.986638714497,47.730728749142));
#2358 = CARTESIAN_POINT('',(0.986642579393,47.945114896158));
#2359 = CARTESIAN_POINT('',(0.986644964905,48.031451516452));
#2360 = CARTESIAN_POINT('',(0.986647756062,48.117776400992));
#2361 = CARTESIAN_POINT('',(0.986649950929,48.204085682818));
#2362 = CARTESIAN_POINT('',(0.986650529779,48.290393203984));
#2363 = CARTESIAN_POINT('',(0.986648860717,48.376713530709));
#2364 = CARTESIAN_POINT('',(0.986644950688,48.463045039531));
#2365 = CARTESIAN_POINT('',(0.986635154001,48.619369871827));
#2366 = CARTESIAN_POINT('',(0.986629773636,48.689395653508));
#2367 = CARTESIAN_POINT('',(0.986623746887,48.759417599067));
#2368 = CARTESIAN_POINT('',(0.98661771764,48.829434873304));
#2369 = CARTESIAN_POINT('',(0.986612482224,48.899452564218));
#2370 = CARTESIAN_POINT('',(0.986608817633,48.969475656923));
#2371 = CARTESIAN_POINT('',(0.986607283289,49.03950304351));
#2372 = CARTESIAN_POINT('',(0.98660901891,49.209928938109));
#2373 = CARTESIAN_POINT('',(0.986614685394,49.310393624982));
#2374 = CARTESIAN_POINT('',(0.986625333099,49.410831291121));
#2375 = CARTESIAN_POINT('',(0.986639973903,49.511245819977));
#2376 = CARTESIAN_POINT('',(0.986654755891,49.611659872657));
#2377 = CARTESIAN_POINT('',(0.986664973195,49.712097570843));
#2378 = CARTESIAN_POINT('',(0.986668028736,49.81256503679));
#2379 = CARTESIAN_POINT('',(0.986660741058,50.036059355323));
#2380 = CARTESIAN_POINT('',(0.986647223912,50.159301701958));
#2381 = CARTESIAN_POINT('',(0.986625187462,50.282459147242));
#2382 = CARTESIAN_POINT('',(0.986604233543,50.405562534299));
#2383 = CARTESIAN_POINT('',(0.986597171253,50.528666210645));
#2384 = CARTESIAN_POINT('',(0.986625595961,50.651814670215));
#2385 = CARTESIAN_POINT('',(0.986637251232,50.775033899401));
#2386 = CARTESIAN_POINT('',(0.986635067454,50.898121052539));
#2387 = ( GEOMETRIC_REPRESENTATION_CONTEXT(2) 
PARAMETRIC_REPRESENTATION_CONTEXT() REPRESENTATION_CONTEXT('2D SPACE',''
  ) );
#2388 = PCURVE('',#2389,#2394);
#2389 = CYLINDRICAL_SURFACE('',#2390,2.85);
#2390 = AXIS2_PLACEMENT_3D('',#2391,#2392,#2393);
#2391 = CARTESIAN_POINT('',(0.,0.,0.));
#2392 = DIRECTION('',(-0.,-0.,-1.));
#2393 = DIRECTION('',(1.,0.,0.));
#2394 = DEFINITIONAL_REPRESENTATION('',(#2395),#2454);
#2395 = B_SPLINE_CURVE_WITH_KNOTS('',8,(#2396,#2397,#2398,#2399,#2400,
    #2401,#2402,#2403,#2404,#2405,#2406,#2407,#2408,#2409,#2410,#2411,
    #2412,#2413,#2414,#2415,#2416,#2417,#2418,#2419,#2420,#2421,#2422,
    #2423,#2424,#2425,#2426,#2427,#2428,#2429,#2430,#2431,#2432,#2433,
    #2434,#2435,#2436,#2437,#2438,#2439,#2440,#2441,#2442,#2443,#2444,
    #2445,#2446,#2447,#2448,#2449,#2450,#2451,#2452,#2453),
  .UNSPECIFIED.,.F.,.F.,(9,7,7,7,7,7,7,7,9),(0.,9.185312929772E-02,
    0.193377899267,0.361200295286,0.522287799049,0.630843438904,
    0.718908452175,0.845194692305,1.),.UNSPECIFIED.);
#2396 = CARTESIAN_POINT('',(0.,-6.527291819525));
#2397 = CARTESIAN_POINT('',(-7.211024957391E-02,-6.53876879074));
#2398 = CARTESIAN_POINT('',(-0.14423404867,-6.55025032152));
#2399 = CARTESIAN_POINT('',(-0.216352862664,-6.561728981591));
#2400 = CARTESIAN_POINT('',(-0.288465626076,-6.573213137412));
#2401 = CARTESIAN_POINT('',(-0.360577763215,-6.584689332303));
#2402 = CARTESIAN_POINT('',(-0.432694420961,-6.596167906282));
#2403 = CARTESIAN_POINT('',(-0.504816240733,-6.607644160124));
#2404 = CARTESIAN_POINT('',(-0.656631577365,-6.631799693119));
#2405 = CARTESIAN_POINT('',(-0.736354182932,-6.644483129134));
#2406 = CARTESIAN_POINT('',(-0.816069030629,-6.657164916803));
#2407 = CARTESIAN_POINT('',(-0.895773832418,-6.669846124538));
#2408 = CARTESIAN_POINT('',(-0.975478345172,-6.682529359158));
#2409 = CARTESIAN_POINT('',(-1.055192457641,-6.695216457818));
#2410 = CARTESIAN_POINT('',(-1.134914265347,-6.70790665995));
#2411 = CARTESIAN_POINT('',(-1.346370159225,-6.741569757635));
#2412 = CARTESIAN_POINT('',(-1.478358168098,-6.762585222552));
#2413 = CARTESIAN_POINT('',(-1.610206925842,-6.78357903192));
#2414 = CARTESIAN_POINT('',(-1.741976800518,-6.8045555308));
#2415 = CARTESIAN_POINT('',(-1.873742891921,-6.825524408065));
#2416 = CARTESIAN_POINT('',(-2.005583209085,-6.846501737256));
#2417 = CARTESIAN_POINT('',(-2.137556703913,-6.86749977228));
#2418 = CARTESIAN_POINT('',(-2.395786541606,-6.908588710526));
#2419 = CARTESIAN_POINT('',(-2.522450475076,-6.928744363846));
#2420 = CARTESIAN_POINT('',(-2.649004476942,-6.948885206887));
#2421 = CARTESIAN_POINT('',(-2.77548837159,-6.969018061069));
#2422 = CARTESIAN_POINT('',(-2.901968441683,-6.989151336329));
#2423 = CARTESIAN_POINT('',(-3.028510594268,-7.009293212534));
#2424 = CARTESIAN_POINT('',(-3.1551614546,-7.029450757803));
#2425 = CARTESIAN_POINT('',(-3.36687762461,-7.063145418676));
#2426 = CARTESIAN_POINT('',(-3.452139432393,-7.076714383024));
#2427 = CARTESIAN_POINT('',(-3.537390392445,-7.090281308437));
#2428 = CARTESIAN_POINT('',(-3.622626888149,-7.103846067155));
#2429 = CARTESIAN_POINT('',(-3.707862564924,-7.117411323383));
#2430 = CARTESIAN_POINT('',(-3.793111549591,-7.130979669341));
#2431 = CARTESIAN_POINT('',(-3.87837184784,-7.14455084653));
#2432 = CARTESIAN_POINT('',(-4.032756905891,-7.169126165457));
#2433 = CARTESIAN_POINT('',(-4.101913734234,-7.180135166299));
#2434 = CARTESIAN_POINT('',(-4.171066573342,-7.191143873882));
#2435 = CARTESIAN_POINT('',(-4.240214440491,-7.202151848441));
#2436 = CARTESIAN_POINT('',(-4.309362281806,-7.21315950816));
#2437 = CARTESIAN_POINT('',(-4.378515047182,-7.22416726432));
#2438 = CARTESIAN_POINT('',(-4.447671760049,-7.235174674756));
#2439 = CARTESIAN_POINT('',(-4.615978352521,-7.261960827255));
#2440 = CARTESIAN_POINT('',(-4.7151934415,-7.2777488229));
#2441 = CARTESIAN_POINT('',(-4.814381995634,-7.293530184963));
#2442 = CARTESIAN_POINT('',(-4.913548468654,-7.309305997255));
#2443 = CARTESIAN_POINT('',(-5.012715608159,-7.32508166707));
#2444 = CARTESIAN_POINT('',(-5.111906799051,-7.340863240401));
#2445 = CARTESIAN_POINT('',(-5.211126864892,-7.356652923786));
#2446 = CARTESIAN_POINT('',(-5.431843527059,-7.391784520527));
#2447 = CARTESIAN_POINT('',(-5.553552331812,-7.41116182518));
#2448 = CARTESIAN_POINT('',(-5.675173891078,-7.430529867005));
#2449 = CARTESIAN_POINT('',(-5.796738795605,-7.449888893374));
#2450 = CARTESIAN_POINT('',(-5.918302240288,-7.469241309998));
#2451 = CARTESIAN_POINT('',(-6.03992079721,-7.488583762879));
#2452 = CARTESIAN_POINT('',(-6.161628107261,-7.507945373742));
#2453 = CARTESIAN_POINT('',(-6.28318530718,-7.527292855684));
#2454 = ( GEOMETRIC_REPRESENTATION_CONTEXT(2) 
PARAMETRIC_REPRESENTATION_CONTEXT() REPRESENTATION_CONTEXT('2D SPACE',''
  ) );
#2455 = ORIENTED_EDGE('',*,*,#2456,.F.);
#2456 = EDGE_CURVE('',#1016,#2264,#2457,.T.);
#2457 = SURFACE_CURVE('',#2458,(#2461,#2468),.PCURVE_S1.);
#2458 = B_SPLINE_CURVE_WITH_KNOTS('',1,(#2459,#2460),.UNSPECIFIED.,.F.,
  .F.,(2,2),(0.,1.043600757176),.PIECEWISE_BEZIER_KNOTS.);
#2459 = CARTESIAN_POINT('',(1.983974596223,1.942133933459E-07,
    7.999996522205));
#2460 = CARTESIAN_POINT('',(2.900002007906,-1.12131709504E-08,
    7.500000200795));
#2461 = PCURVE('',#169,#2462);
#2462 = DEFINITIONAL_REPRESENTATION('',(#2463),#2467);
#2463 = LINE('',#2464,#2465);
#2464 = CARTESIAN_POINT('',(0.,50.898121052539));
#2465 = VECTOR('',#2466,1.);
#2466 = DIRECTION('',(1.,0.));
#2467 = ( GEOMETRIC_REPRESENTATION_CONTEXT(2) 
PARAMETRIC_REPRESENTATION_CONTEXT() REPRESENTATION_CONTEXT('2D SPACE',''
  ) );
#2468 = PCURVE('',#2469,#2474);
#2469 = PLANE('',#2470);
#2470 = AXIS2_PLACEMENT_3D('',#2471,#2472,#2473);
#2471 = CARTESIAN_POINT('',(2.590345835693,5.822960526679E-08,
    7.999998957278));
#2472 = DIRECTION('',(-2.242583078265E-07,-1.,-3.859965032256E-13));
#2473 = DIRECTION('',(-1.,2.242583078265E-07,-1.203706215242E-35));
#2474 = DEFINITIONAL_REPRESENTATION('',(#2475),#2478);
#2475 = B_SPLINE_CURVE_WITH_KNOTS('',1,(#2476,#2477),.UNSPECIFIED.,.F.,
  .F.,(2,2),(0.,1.043600757176),.PIECEWISE_BEZIER_KNOTS.);
#2476 = CARTESIAN_POINT('',(0.60637123947,2.435072778084E-06));
#2477 = CARTESIAN_POINT('',(-0.309656172213,0.499998756483));
#2478 = ( GEOMETRIC_REPRESENTATION_CONTEXT(2) 
PARAMETRIC_REPRESENTATION_CONTEXT() REPRESENTATION_CONTEXT('2D SPACE',''
  ) );
#2479 = ADVANCED_FACE('',(#2480),#73,.F.);
#2480 = FACE_BOUND('',#2481,.F.);
#2481 = EDGE_LOOP('',(#2482,#2483,#2484));
#2482 = ORIENTED_EDGE('',*,*,#56,.T.);
#2483 = ORIENTED_EDGE('',*,*,#586,.F.);
#2484 = ORIENTED_EDGE('',*,*,#1115,.T.);
#2485 = ADVANCED_FACE('',(#2486),#416,.T.);
#2486 = FACE_BOUND('',#2487,.T.);
#2487 = EDGE_LOOP('',(#2488,#2489,#2490,#2491,#2621,#2739,#2927,#3136,
    #3366,#3575,#3784));
#2488 = ORIENTED_EDGE('',*,*,#609,.F.);
#2489 = ORIENTED_EDGE('',*,*,#402,.T.);
#2490 = ORIENTED_EDGE('',*,*,#1015,.T.);
#2491 = ORIENTED_EDGE('',*,*,#2492,.T.);
#2492 = EDGE_CURVE('',#1016,#2493,#2495,.T.);
#2493 = VERTEX_POINT('',#2494);
#2494 = CARTESIAN_POINT('',(-2.808211717109,-0.486258112415,8.));
#2495 = SURFACE_CURVE('',#2496,(#2534,#2575),.PCURVE_S1.);
#2496 = B_SPLINE_CURVE_WITH_KNOTS('',6,(#2497,#2498,#2499,#2500,#2501,
    #2502,#2503,#2504,#2505,#2506,#2507,#2508,#2509,#2510,#2511,#2512,
    #2513,#2514,#2515,#2516,#2517,#2518,#2519,#2520,#2521,#2522,#2523,
    #2524,#2525,#2526,#2527,#2528,#2529,#2530,#2531,#2532,#2533),
  .UNSPECIFIED.,.F.,.F.,(7,5,5,5,5,5,5,7),(0.,0.194089696319,
    0.301396707011,0.417759442579,0.544830562685,0.682257931118,
    0.832996269462,1.),.UNSPECIFIED.);
#2497 = CARTESIAN_POINT('',(1.983980967659,1.942119933977E-07,8.));
#2498 = CARTESIAN_POINT('',(2.017558118623,-0.228510075858,8.));
#2499 = CARTESIAN_POINT('',(2.019048505976,-0.46282682814,8.));
#2500 = CARTESIAN_POINT('',(1.987860264026,-0.696955757389,8.));
#2501 = CARTESIAN_POINT('',(1.924961993272,-0.925402200837,8.));
#2502 = CARTESIAN_POINT('',(1.832222873176,-1.143160412656,8.));
#2503 = CARTESIAN_POINT('',(1.646553991865,-1.457884935269,8.));
#2504 = CARTESIAN_POINT('',(1.572229690128,-1.565359779875,8.));
#2505 = CARTESIAN_POINT('',(1.490170279521,-1.667538426351,8.));
#2506 = CARTESIAN_POINT('',(1.400928188097,-1.763787186844,8.));
#2507 = CARTESIAN_POINT('',(1.305113649489,-1.85355434629,8.));
#2508 = CARTESIAN_POINT('',(1.09307164846,-2.026168125778,8.));
#2509 = CARTESIAN_POINT('',(0.975797008409,-2.107796907686,8.));
#2510 = CARTESIAN_POINT('',(0.852400848263,-2.180652313959,8.));
#2511 = CARTESIAN_POINT('',(0.723763849206,-2.244261202365,8.));
#2512 = CARTESIAN_POINT('',(0.590798181178,-2.298270591306,8.));
#2513 = CARTESIAN_POINT('',(0.305529055124,-2.390674148313,8.));
#2514 = CARTESIAN_POINT('',(0.152560565163,-2.427178157749,8.));
#2515 = CARTESIAN_POINT('',(-3.251749418054E-03,-2.451638215799,8.));
#2516 = CARTESIAN_POINT('',(-0.160702316491,-2.463921388033,8.));
#2517 = CARTESIAN_POINT('',(-0.318606664754,-2.464039621051,8.));
#2518 = CARTESIAN_POINT('',(-0.645813180642,-2.439306932081,8.));
#2519 = CARTESIAN_POINT('',(-0.815012108565,-2.412418941146,8.));
#2520 = CARTESIAN_POINT('',(-0.981935625565,-2.371696445952,8.));
#2521 = CARTESIAN_POINT('',(-1.145215196701,-2.317543137928,8.));
#2522 = CARTESIAN_POINT('',(-1.303573466559,-2.250514493558,8.));
#2523 = CARTESIAN_POINT('',(-1.622836987276,-2.084470085351,8.));
#2524 = CARTESIAN_POINT('',(-1.782523141785,-1.982974536095,8.));
#2525 = CARTESIAN_POINT('',(-1.933334466381,-1.867778420549,8.));
#2526 = CARTESIAN_POINT('',(-2.073934153702,-1.740008403736,8.));
#2527 = CARTESIAN_POINT('',(-2.203169050896,-1.600921239665,8.));
#2528 = CARTESIAN_POINT('',(-2.44961904567,-1.286829630806,8.));
#2529 = CARTESIAN_POINT('',(-2.564051959964,-1.109543902794,8.));
#2530 = CARTESIAN_POINT('',(-2.662083306411,-0.921948233123,8.));
#2531 = CARTESIAN_POINT('',(-2.742786884154,-0.726041735945,8.));
#2532 = CARTESIAN_POINT('',(-2.805528654212,-0.523876690325,8.));
#2533 = CARTESIAN_POINT('',(-2.85,-0.317565532434,8.));
#2534 = PCURVE('',#416,#2535);
#2535 = DEFINITIONAL_REPRESENTATION('',(#2536),#2574);
#2536 = B_SPLINE_CURVE_WITH_KNOTS('',6,(#2537,#2538,#2539,#2540,#2541,
    #2542,#2543,#2544,#2545,#2546,#2547,#2548,#2549,#2550,#2551,#2552,
    #2553,#2554,#2555,#2556,#2557,#2558,#2559,#2560,#2561,#2562,#2563,
    #2564,#2565,#2566,#2567,#2568,#2569,#2570,#2571,#2572,#2573),
  .UNSPECIFIED.,.F.,.F.,(7,5,5,5,5,5,5,7),(0.,0.194089696319,
    0.301396707011,0.417759442579,0.544830562685,0.682257931118,
    0.832996269462,1.),.UNSPECIFIED.);
#2537 = CARTESIAN_POINT('',(1.04359349837,50.898121052539));
#2538 = CARTESIAN_POINT('',(1.005339981065,50.781493599974));
#2539 = CARTESIAN_POINT('',(0.967667583093,50.666659701895));
#2540 = CARTESIAN_POINT('',(0.930569137721,50.553578176588));
#2541 = CARTESIAN_POINT('',(0.893998121212,50.442104704321));
#2542 = CARTESIAN_POINT('',(0.857921569076,50.332137275289));
#2543 = CARTESIAN_POINT('',(0.802683497244,50.163760753122));
#2544 = CARTESIAN_POINT('',(0.783165447298,50.104265575444));
#2545 = CARTESIAN_POINT('',(0.763793136802,50.045214329769));
#2546 = CARTESIAN_POINT('',(0.744562243239,49.986593911554));
#2547 = CARTESIAN_POINT('',(0.725468675186,49.928391938207));
#2548 = CARTESIAN_POINT('',(0.685952155665,49.807935493622));
#2549 = CARTESIAN_POINT('',(0.665551714124,49.74574962201));
#2550 = CARTESIAN_POINT('',(0.645306033175,49.684035470711));
#2551 = CARTESIAN_POINT('',(0.625210230939,49.6227782179));
#2552 = CARTESIAN_POINT('',(0.605259771335,49.561964070828));
#2553 = CARTESIAN_POINT('',(0.563822825027,49.435653726009));
#2554 = CARTESIAN_POINT('',(0.542362221457,49.370236441515));
#2555 = CARTESIAN_POINT('',(0.521068070889,49.30532665438));
#2556 = CARTESIAN_POINT('',(0.49993462152,49.24090681974));
#2557 = CARTESIAN_POINT('',(0.478956995124,49.176962044947));
#2558 = CARTESIAN_POINT('',(0.435612659219,49.044838347783));
#2559 = CARTESIAN_POINT('',(0.413269891229,48.976732413537));
#2560 = CARTESIAN_POINT('',(0.391102439682,48.909160915873));
#2561 = CARTESIAN_POINT('',(0.369103938745,48.842104419844));
#2562 = CARTESIAN_POINT('',(0.347269035258,48.775546588845));
#2563 = CARTESIAN_POINT('',(0.301823939492,48.637019378427));
#2564 = CARTESIAN_POINT('',(0.278243842929,48.565141732112));
#2565 = CARTESIAN_POINT('',(0.254853225945,48.493841617057));
#2566 = CARTESIAN_POINT('',(0.231644608615,48.423096233872));
#2567 = CARTESIAN_POINT('',(0.208611830234,48.352886814591));
#2568 = CARTESIAN_POINT('',(0.160428832701,48.206013463153));
#2569 = CARTESIAN_POINT('',(0.135314522586,48.129458985302));
#2570 = CARTESIAN_POINT('',(0.11040844561,48.053539242532));
#2571 = CARTESIAN_POINT('',(8.570162056523E-02,47.978226879352));
#2572 = CARTESIAN_POINT('',(6.118686088791E-02,47.903500002119));
#2573 = CARTESIAN_POINT('',(3.686364508382E-02,47.829357024609));
#2574 = ( GEOMETRIC_REPRESENTATION_CONTEXT(2) 
PARAMETRIC_REPRESENTATION_CONTEXT() REPRESENTATION_CONTEXT('2D SPACE',''
  ) );
#2575 = PCURVE('',#2576,#2581);
#2576 = PLANE('',#2577);
#2577 = AXIS2_PLACEMENT_3D('',#2578,#2579,#2580);
#2578 = CARTESIAN_POINT('',(-1.799263332289E-16,2.435112205387E-16,8.));
#2579 = DIRECTION('',(0.,0.,1.));
#2580 = DIRECTION('',(1.,0.,-0.));
#2581 = DEFINITIONAL_REPRESENTATION('',(#2582),#2620);
#2582 = B_SPLINE_CURVE_WITH_KNOTS('',6,(#2583,#2584,#2585,#2586,#2587,
    #2588,#2589,#2590,#2591,#2592,#2593,#2594,#2595,#2596,#2597,#2598,
    #2599,#2600,#2601,#2602,#2603,#2604,#2605,#2606,#2607,#2608,#2609,
    #2610,#2611,#2612,#2613,#2614,#2615,#2616,#2617,#2618,#2619),
  .UNSPECIFIED.,.F.,.F.,(7,5,5,5,5,5,5,7),(0.,0.194089696319,
    0.301396707011,0.417759442579,0.544830562685,0.682257931118,
    0.832996269462,1.),.UNSPECIFIED.);
#2583 = CARTESIAN_POINT('',(1.983980967659,1.942119931542E-07));
#2584 = CARTESIAN_POINT('',(2.017558118623,-0.228510075858));
#2585 = CARTESIAN_POINT('',(2.019048505976,-0.46282682814));
#2586 = CARTESIAN_POINT('',(1.987860264026,-0.696955757389));
#2587 = CARTESIAN_POINT('',(1.924961993272,-0.925402200837));
#2588 = CARTESIAN_POINT('',(1.832222873176,-1.143160412656));
#2589 = CARTESIAN_POINT('',(1.646553991865,-1.457884935269));
#2590 = CARTESIAN_POINT('',(1.572229690128,-1.565359779875));
#2591 = CARTESIAN_POINT('',(1.490170279521,-1.667538426351));
#2592 = CARTESIAN_POINT('',(1.400928188097,-1.763787186844));
#2593 = CARTESIAN_POINT('',(1.305113649489,-1.85355434629));
#2594 = CARTESIAN_POINT('',(1.09307164846,-2.026168125778));
#2595 = CARTESIAN_POINT('',(0.975797008409,-2.107796907686));
#2596 = CARTESIAN_POINT('',(0.852400848263,-2.180652313959));
#2597 = CARTESIAN_POINT('',(0.723763849206,-2.244261202365));
#2598 = CARTESIAN_POINT('',(0.590798181178,-2.298270591306));
#2599 = CARTESIAN_POINT('',(0.305529055124,-2.390674148313));
#2600 = CARTESIAN_POINT('',(0.152560565163,-2.427178157749));
#2601 = CARTESIAN_POINT('',(-3.251749418054E-03,-2.451638215799));
#2602 = CARTESIAN_POINT('',(-0.160702316491,-2.463921388033));
#2603 = CARTESIAN_POINT('',(-0.318606664754,-2.464039621051));
#2604 = CARTESIAN_POINT('',(-0.645813180642,-2.439306932081));
#2605 = CARTESIAN_POINT('',(-0.815012108565,-2.412418941146));
#2606 = CARTESIAN_POINT('',(-0.981935625565,-2.371696445952));
#2607 = CARTESIAN_POINT('',(-1.145215196701,-2.317543137928));
#2608 = CARTESIAN_POINT('',(-1.303573466559,-2.250514493558));
#2609 = CARTESIAN_POINT('',(-1.622836987276,-2.084470085351));
#2610 = CARTESIAN_POINT('',(-1.782523141785,-1.982974536095));
#2611 = CARTESIAN_POINT('',(-1.933334466381,-1.867778420549));
#2612 = CARTESIAN_POINT('',(-2.073934153702,-1.740008403736));
#2613 = CARTESIAN_POINT('',(-2.203169050896,-1.600921239665));
#2614 = CARTESIAN_POINT('',(-2.44961904567,-1.286829630806));
#2615 = CARTESIAN_POINT('',(-2.564051959964,-1.109543902794));
#2616 = CARTESIAN_POINT('',(-2.662083306411,-0.921948233123));
#2617 = CARTESIAN_POINT('',(-2.742786884154,-0.726041735945));
#2618 = CARTESIAN_POINT('',(-2.805528654212,-0.523876690325));
#2619 = CARTESIAN_POINT('',(-2.85,-0.317565532434));
#2620 = ( GEOMETRIC_REPRESENTATION_CONTEXT(2) 
PARAMETRIC_REPRESENTATION_CONTEXT() REPRESENTATION_CONTEXT('2D SPACE',''
  ) );
#2621 = ORIENTED_EDGE('',*,*,#2622,.F.);
#2622 = EDGE_CURVE('',#2623,#2493,#2625,.T.);
#2623 = VERTEX_POINT('',#2624);
#2624 = CARTESIAN_POINT('',(2.85,0.,7.472708180476));
#2625 = SURFACE_CURVE('',#2626,(#2660,#2697),.PCURVE_S1.);
#2626 = B_SPLINE_CURVE_WITH_KNOTS('',7,(#2627,#2628,#2629,#2630,#2631,
    #2632,#2633,#2634,#2635,#2636,#2637,#2638,#2639,#2640,#2641,#2642,
    #2643,#2644,#2645,#2646,#2647,#2648,#2649,#2650,#2651,#2652,#2653,
    #2654,#2655,#2656,#2657,#2658,#2659),.UNSPECIFIED.,.F.,.F.,(8,7,6,6,
    6,8),(0.,0.215512673224,0.431025346448,0.611911921876,0.83807772115,
    1.),.UNSPECIFIED.);
#2627 = CARTESIAN_POINT('',(2.85,2.6645352591E-15,7.472708180476));
#2628 = CARTESIAN_POINT('',(2.850019839908,0.519733480763,7.501738860402
    ));
#2629 = CARTESIAN_POINT('',(2.739320517742,1.041765318074,7.530842409487
    ));
#2630 = CARTESIAN_POINT('',(2.516800907428,1.533149561414,7.559904521285
    ));
#2631 = CARTESIAN_POINT('',(2.193866546155,1.967698366824,7.588938893052
    ));
#2632 = CARTESIAN_POINT('',(1.787512435089,2.32250611576,7.618011671725)
  );
#2633 = CARTESIAN_POINT('',(1.319539797336,2.579056641198,7.64713878185)
  );
#2634 = CARTESIAN_POINT('',(0.821906793142,2.728913560996,7.676156135448
    ));
#2635 = CARTESIAN_POINT('',(0.286677867935,2.890153655829,7.707367518462
    ));
#2636 = CARTESIAN_POINT('',(-0.288673286271,2.929631960377,
    7.738724512965));
#2637 = CARTESIAN_POINT('',(-0.864392092439,2.833715599396,
    7.769983541423));
#2638 = CARTESIAN_POINT('',(-1.405341416791,2.608104791677,
    7.801184677245));
#2639 = CARTESIAN_POINT('',(-1.878602443952,2.266497798561,
    7.832459183937));
#2640 = CARTESIAN_POINT('',(-2.25540838091,1.829830704327,7.863837246374
    ));
#2641 = CARTESIAN_POINT('',(-2.73735457113,0.921700790947,7.921255446859
    ));
#2642 = CARTESIAN_POINT('',(-2.878327700229,0.463786536086,
    7.947522545241));
#2643 = CARTESIAN_POINT('',(-2.928671055885,-1.716528609621E-02,
    7.973740382584));
#2644 = CARTESIAN_POINT('',(-2.885667456546,-0.500269926997,
    7.999930263012));
#2645 = CARTESIAN_POINT('',(-2.751197346043,-0.964714714231,
    8.026153401775));
#2646 = CARTESIAN_POINT('',(-2.531628052963,-1.390522574696,
    8.052422470606));
#2647 = CARTESIAN_POINT('',(-1.879752320777,-2.221098832439,
    8.111379557441));
#2648 = CARTESIAN_POINT('',(-1.404163392004,-2.598683518021,
    8.144356717235));
#2649 = CARTESIAN_POINT('',(-0.842970598471,-2.852381779026,
    8.177100546501));
#2650 = CARTESIAN_POINT('',(-0.23599564273,-2.964959948045,
    8.209890584283));
#2651 = CARTESIAN_POINT('',(0.378840452301,-2.929382343716,
    8.242680731315));
#2652 = CARTESIAN_POINT('',(0.958197543112,-2.747474376318,
    8.275677997145));
#2653 = CARTESIAN_POINT('',(1.822349764929,-2.231136290079,
    8.331893708561));
#2654 = CARTESIAN_POINT('',(2.146543314902,-1.953286652571,
    8.355386035887));
#2655 = CARTESIAN_POINT('',(2.420054832495,-1.621127723128,
    8.378833137637));
#2656 = CARTESIAN_POINT('',(2.632919570488,-1.245974926471,
    8.402272092849));
#2657 = CARTESIAN_POINT('',(2.777764440041,-0.840825520926,
    8.425748403647));
#2658 = CARTESIAN_POINT('',(2.850004575356,-0.420008245632,
    8.449253260608));
#2659 = CARTESIAN_POINT('',(2.85,-1.505462421392E-13,8.472709216647));
#2660 = PCURVE('',#416,#2661);
#2661 = DEFINITIONAL_REPRESENTATION('',(#2662),#2696);
#2662 = B_SPLINE_CURVE_WITH_KNOTS('',7,(#2663,#2664,#2665,#2666,#2667,
    #2668,#2669,#2670,#2671,#2672,#2673,#2674,#2675,#2676,#2677,#2678,
    #2679,#2680,#2681,#2682,#2683,#2684,#2685,#2686,#2687,#2688,#2689,
    #2690,#2691,#2692,#2693,#2694,#2695),.UNSPECIFIED.,.F.,.F.,(8,7,6,6,
    6,8),(0.,0.215512673224,0.431025346448,0.611911921876,0.83807772115,
    1.),.UNSPECIFIED.);
#2663 = CARTESIAN_POINT('',(5.696352703959E-02,44.535855920971));
#2664 = CARTESIAN_POINT('',(5.695522284192E-02,44.720531490253));
#2665 = CARTESIAN_POINT('',(5.70120900278E-02,44.905869331572));
#2666 = CARTESIAN_POINT('',(5.700563994411E-02,45.090750529518));
#2667 = CARTESIAN_POINT('',(5.694716068134E-02,45.275296641784));
#2668 = CARTESIAN_POINT('',(5.690740988846E-02,45.460144199082));
#2669 = CARTESIAN_POINT('',(5.693138130578E-02,45.645531666012));
#2670 = CARTESIAN_POINT('',(5.694814501585E-02,45.830198862908));
#2671 = CARTESIAN_POINT('',(5.696841787435E-02,46.028835753189));
#2672 = CARTESIAN_POINT('',(5.700492490975E-02,46.22844854839));
#2673 = CARTESIAN_POINT('',(5.701033453737E-02,46.427343264954));
#2674 = CARTESIAN_POINT('',(5.698165701642E-02,46.625765747351));
#2675 = CARTESIAN_POINT('',(5.695067825494E-02,46.824648020123));
#2676 = CARTESIAN_POINT('',(5.694933914351E-02,47.024279490845));
#2677 = CARTESIAN_POINT('',(5.695144262103E-02,47.389595717577));
#2678 = CARTESIAN_POINT('',(5.695827786524E-02,47.556734797127));
#2679 = CARTESIAN_POINT('',(5.69654070954E-02,47.723561361106));
#2680 = CARTESIAN_POINT('',(5.696103091879E-02,47.890174984525));
#2681 = CARTESIAN_POINT('',(5.694952465909E-02,48.056978472051));
#2682 = CARTESIAN_POINT('',(5.694732929893E-02,48.224102560724));
#2683 = CARTESIAN_POINT('',(5.695793947034E-02,48.599235520913));
#2684 = CARTESIAN_POINT('',(5.697445842728E-02,48.809095308664));
#2685 = CARTESIAN_POINT('',(5.700702205014E-02,49.017519493381));
#2686 = CARTESIAN_POINT('',(5.702233339568E-02,49.22618507969));
#2687 = CARTESIAN_POINT('',(5.695979928727E-02,49.434614070731));
#2688 = CARTESIAN_POINT('',(5.693332456645E-02,49.644470722839));
#2689 = CARTESIAN_POINT('',(5.693344811593E-02,50.00213035998));
#2690 = CARTESIAN_POINT('',(5.694195956826E-02,50.151620719985));
#2691 = CARTESIAN_POINT('',(5.698343519761E-02,50.30092382594));
#2692 = CARTESIAN_POINT('',(5.700707747571E-02,50.450120740296));
#2693 = CARTESIAN_POINT('',(5.698951749645E-02,50.599429726293));
#2694 = CARTESIAN_POINT('',(5.696202717674E-02,50.748890061961));
#2695 = CARTESIAN_POINT('',(5.696136435103E-02,50.898121052539));
#2696 = ( GEOMETRIC_REPRESENTATION_CONTEXT(2) 
PARAMETRIC_REPRESENTATION_CONTEXT() REPRESENTATION_CONTEXT('2D SPACE',''
  ) );
#2697 = PCURVE('',#2698,#2703);
#2698 = CYLINDRICAL_SURFACE('',#2699,2.85);
#2699 = AXIS2_PLACEMENT_3D('',#2700,#2701,#2702);
#2700 = CARTESIAN_POINT('',(0.,0.,0.));
#2701 = DIRECTION('',(-0.,-0.,-1.));
#2702 = DIRECTION('',(1.,0.,0.));
#2703 = DEFINITIONAL_REPRESENTATION('',(#2704),#2738);
#2704 = B_SPLINE_CURVE_WITH_KNOTS('',7,(#2705,#2706,#2707,#2708,#2709,
    #2710,#2711,#2712,#2713,#2714,#2715,#2716,#2717,#2718,#2719,#2720,
    #2721,#2722,#2723,#2724,#2725,#2726,#2727,#2728,#2729,#2730,#2731,
    #2732,#2733,#2734,#2735,#2736,#2737),.UNSPECIFIED.,.F.,.F.,(8,7,6,6,
    6,8),(0.,0.215512673224,0.431025346448,0.611911921876,0.83807772115,
    1.),.UNSPECIFIED.);
#2705 = CARTESIAN_POINT('',(0.,-7.472708180476));
#2706 = CARTESIAN_POINT('',(-0.182381428237,-7.501738860402));
#2707 = CARTESIAN_POINT('',(-0.365454019425,-7.530842409487));
#2708 = CARTESIAN_POINT('',(-0.548002924286,-7.559904521285));
#2709 = CARTESIAN_POINT('',(-0.730231726829,-7.588938893052));
#2710 = CARTESIAN_POINT('',(-0.912798305127,-7.618011671724));
#2711 = CARTESIAN_POINT('',(-1.095877855466,-7.64713878185));
#2712 = CARTESIAN_POINT('',(-1.278253079883,-7.676156135448));
#2713 = CARTESIAN_POINT('',(-1.474422901035,-7.707367518462));
#2714 = CARTESIAN_POINT('',(-1.671555421413,-7.738724512965));
#2715 = CARTESIAN_POINT('',(-1.867970782235,-7.769983541423));
#2716 = CARTESIAN_POINT('',(-2.063926576785,-7.801184677245));
#2717 = CARTESIAN_POINT('',(-2.26034553167,-7.832459183937));
#2718 = CARTESIAN_POINT('',(-2.457500408097,-7.863837246374));
#2719 = CARTESIAN_POINT('',(-2.81827766553,-7.921255446859));
#2720 = CARTESIAN_POINT('',(-2.983337510709,-7.947522545241));
#2721 = CARTESIAN_POINT('',(-3.148083821823,-7.973740382584));
#2722 = CARTESIAN_POINT('',(-3.312619438779,-7.999930263011));
#2723 = CARTESIAN_POINT('',(-3.477346574052,-8.026153401775));
#2724 = CARTESIAN_POINT('',(-3.642395009312,-8.052422470606));
#2725 = CARTESIAN_POINT('',(-4.012871915257,-8.111379557441));
#2726 = CARTESIAN_POINT('',(-4.220128710435,-8.144356717235));
#2727 = CARTESIAN_POINT('',(-4.425968733224,-8.1771005465));
#2728 = CARTESIAN_POINT('',(-4.632028623037,-8.209890584283));
#2729 = CARTESIAN_POINT('',(-4.837866429581,-8.242680731315));
#2730 = CARTESIAN_POINT('',(-5.045120317242,-8.275677997145));
#2731 = CARTESIAN_POINT('',(-5.398337011862,-8.331893708561));
#2732 = CARTESIAN_POINT('',(-5.545966670872,-8.355386035887));
#2733 = CARTESIAN_POINT('',(-5.693411933224,-8.378833137637));
#2734 = CARTESIAN_POINT('',(-5.840736929317,-8.402272092849));
#2735 = CARTESIAN_POINT('',(-5.988178701283,-8.425748403647));
#2736 = CARTESIAN_POINT('',(-6.135808814051,-8.449253260608));
#2737 = CARTESIAN_POINT('',(-6.28318530718,-8.472709216647));
#2738 = ( GEOMETRIC_REPRESENTATION_CONTEXT(2) 
PARAMETRIC_REPRESENTATION_CONTEXT() REPRESENTATION_CONTEXT('2D SPACE',''
  ) );
#2739 = ORIENTED_EDGE('',*,*,#2740,.F.);
#2740 = EDGE_CURVE('',#2741,#2623,#2743,.T.);
#2741 = VERTEX_POINT('',#2742);
#2742 = CARTESIAN_POINT('',(2.85,0.,6.472708180475));
#2743 = SURFACE_CURVE('',#2744,(#2803,#2865),.PCURVE_S1.);
#2744 = B_SPLINE_CURVE_WITH_KNOTS('',8,(#2745,#2746,#2747,#2748,#2749,
    #2750,#2751,#2752,#2753,#2754,#2755,#2756,#2757,#2758,#2759,#2760,
    #2761,#2762,#2763,#2764,#2765,#2766,#2767,#2768,#2769,#2770,#2771,
    #2772,#2773,#2774,#2775,#2776,#2777,#2778,#2779,#2780,#2781,#2782,
    #2783,#2784,#2785,#2786,#2787,#2788,#2789,#2790,#2791,#2792,#2793,
    #2794,#2795,#2796,#2797,#2798,#2799,#2800,#2801,#2802),
  .UNSPECIFIED.,.F.,.F.,(9,7,7,7,7,7,7,7,9),(0.,0.169514406069,
    0.306492202154,0.418005210096,0.520828805181,0.628551408877,
    0.739510150353,0.87906267905,1.),.UNSPECIFIED.);
#2745 = CARTESIAN_POINT('',(2.85,3.10862446895E-15,6.472708180475));
#2746 = CARTESIAN_POINT('',(2.85,0.379327881429,6.493892480482));
#2747 = CARTESIAN_POINT('',(2.792299412633,0.759306268516,6.515101234775
    ));
#2748 = CARTESIAN_POINT('',(2.67655656643,1.128629626459,6.536282217006)
  );
#2749 = CARTESIAN_POINT('',(2.505488821952,1.477152642813,6.557478440798
    ));
#2750 = CARTESIAN_POINT('',(2.283350956806,1.795572229658,6.578677845587
    ));
#2751 = CARTESIAN_POINT('',(2.016223051237,2.075660768677,6.59988687773)
  );
#2752 = CARTESIAN_POINT('',(1.71165137754,2.310114946725,6.621111770346)
  );
#2753 = CARTESIAN_POINT('',(1.111551542103,2.642139692596,6.659408431285
    ));
#2754 = CARTESIAN_POINT('',(0.824895830558,2.757685489232,6.67653437208)
  );
#2755 = CARTESIAN_POINT('',(0.52478650922,2.837496302512,6.693650505105)
  );
#2756 = CARTESIAN_POINT('',(0.216472563417,2.879899917806,6.710760863981
    ));
#2757 = CARTESIAN_POINT('',(-9.471140914274E-02,2.884059992056,
    6.727873672935));
#2758 = CARTESIAN_POINT('',(-0.403368907765,2.850011653231,
    6.744994875318));
#2759 = CARTESIAN_POINT('',(-0.704071274524,2.778621584434,
    6.762125987964));
#2760 = CARTESIAN_POINT('',(-1.225396227317,2.58518324648,6.793182702862
    ));
#2761 = CARTESIAN_POINT('',(-1.45073906431,2.474935969523,6.807125592154
    ));
#2762 = CARTESIAN_POINT('',(-1.664613747952,2.342280592495,
    6.821066722502));
#2763 = CARTESIAN_POINT('',(-1.864438136943,2.188650149484,
    6.835005489533));
#2764 = CARTESIAN_POINT('',(-2.047880050931,2.01578872368,6.848943339739
    ));
#2765 = CARTESIAN_POINT('',(-2.212847212427,1.825721551266,
    6.862882141019));
#2766 = CARTESIAN_POINT('',(-2.357514773787,1.620769437161,
    6.876822324707));
#2767 = CARTESIAN_POINT('',(-2.593728006671,1.203336266865,
    6.903606331158));
#2768 = CARTESIAN_POINT('',(-2.688602156359,0.992567045509,
    6.916458528028));
#2769 = CARTESIAN_POINT('',(-2.763843947438,0.773341935033,6.92930934051
    ));
#2770 = CARTESIAN_POINT('',(-2.818601290649,0.547809998146,
    6.942158635927));
#2771 = CARTESIAN_POINT('',(-2.852305481851,0.318187130183,
    6.955008349975));
#2772 = CARTESIAN_POINT('',(-2.864654786534,8.673980375918E-02,
    6.967860280499));
#2773 = CARTESIAN_POINT('',(-2.855634182598,-0.144223530845,
    6.980713976761));
#2774 = CARTESIAN_POINT('',(-2.794075998641,-0.611352447534,
    7.007027742833));
#2775 = CARTESIAN_POINT('',(-2.739467051352,-0.84738124478,
    7.020495201764));
#2776 = CARTESIAN_POINT('',(-2.662079443417,-1.077720008131,
    7.033961081112));
#2777 = CARTESIAN_POINT('',(-2.562638719231,-1.299811540348,
    7.047424350643));
#2778 = CARTESIAN_POINT('',(-2.442188325382,-1.511243460854,
    7.060886630994));
#2779 = CARTESIAN_POINT('',(-2.302059589269,-1.709751600907,
    7.074349811955));
#2780 = CARTESIAN_POINT('',(-2.143884294669,-1.893244553212,
    7.087813627823));
#2781 = CARTESIAN_POINT('',(-1.790181167366,-2.231459240784,
    7.115137095876));
#2782 = CARTESIAN_POINT('',(-1.593565969871,-2.385254496036,
    7.12900472385));
#2783 = CARTESIAN_POINT('',(-1.381950018707,-2.519146288134,
    7.142869614857));
#2784 = CARTESIAN_POINT('',(-1.157713757562,-2.631462182422,
    7.156732648507));
#2785 = CARTESIAN_POINT('',(-0.923405368753,-2.720883172429,
    7.170596787502));
#2786 = CARTESIAN_POINT('',(-0.68171902233,-2.786422273121,7.18446480596
    ));
#2787 = CARTESIAN_POINT('',(-0.435495940392,-2.827454826225,
    7.198337055849));
#2788 = CARTESIAN_POINT('',(0.123893865808,-2.864381318479,
    7.229649671718));
#2789 = CARTESIAN_POINT('',(0.438344352144,-2.845943865623,
    7.247109769802));
#2790 = CARTESIAN_POINT('',(0.749535064043,-2.787984940979,
    7.264563860785));
#2791 = CARTESIAN_POINT('',(1.05169743317,-2.691290586236,7.282012072406
    ));
#2792 = CARTESIAN_POINT('',(1.339358583925,-2.557493865811,
    7.299456775412));
#2793 = CARTESIAN_POINT('',(1.607390433593,-2.389106718024,7.31690150719
    ));
#2794 = CARTESIAN_POINT('',(1.851023935755,-2.189461431475,
    7.334350347012));
#2795 = CARTESIAN_POINT('',(2.2525487942,-1.7668533011,7.366892867675));
#2796 = CARTESIAN_POINT('',(2.417758395783,-1.550325287974,7.38200771554
    ));
#2797 = CARTESIAN_POINT('',(2.559032891411,-1.316279271968,
    7.397119996045));
#2798 = CARTESIAN_POINT('',(2.674261246548,-1.067847824772,
    7.412231847676));
#2799 = CARTESIAN_POINT('',(2.761838564856,-0.808379685536,
    7.427348944993));
#2800 = CARTESIAN_POINT('',(2.820626294691,-0.541406668445,7.44247202633
    ));
#2801 = CARTESIAN_POINT('',(2.85,-0.270646446667,7.457593879984));
#2802 = CARTESIAN_POINT('',(2.85,2.6645352591E-15,7.472708180476));
#2803 = PCURVE('',#416,#2804);
#2804 = DEFINITIONAL_REPRESENTATION('',(#2805),#2864);
#2805 = B_SPLINE_CURVE_WITH_KNOTS('',8,(#2806,#2807,#2808,#2809,#2810,
    #2811,#2812,#2813,#2814,#2815,#2816,#2817,#2818,#2819,#2820,#2821,
    #2822,#2823,#2824,#2825,#2826,#2827,#2828,#2829,#2830,#2831,#2832,
    #2833,#2834,#2835,#2836,#2837,#2838,#2839,#2840,#2841,#2842,#2843,
    #2844,#2845,#2846,#2847,#2848,#2849,#2850,#2851,#2852,#2853,#2854,
    #2855,#2856,#2857,#2858,#2859,#2860,#2861,#2862,#2863),
  .UNSPECIFIED.,.F.,.F.,(9,7,7,7,7,7,7,7,9),(0.,0.169514406069,
    0.306492202154,0.418005210096,0.520828805181,0.628551408877,
    0.739510150353,0.87906267905,1.),.UNSPECIFIED.);
#2806 = CARTESIAN_POINT('',(5.696352704115E-02,38.173590789404));
#2807 = CARTESIAN_POINT('',(5.696109011949E-02,38.308363494381));
#2808 = CARTESIAN_POINT('',(5.697534600672E-02,38.443342667329));
#2809 = CARTESIAN_POINT('',(5.700983889663E-02,38.578206836371));
#2810 = CARTESIAN_POINT('',(5.698986125577E-02,38.713001932524));
#2811 = CARTESIAN_POINT('',(5.696203584081E-02,38.847793349602));
#2812 = CARTESIAN_POINT('',(5.693915382928E-02,38.982661085111));
#2813 = CARTESIAN_POINT('',(5.693061391937E-02,39.117673447715));
#2814 = CARTESIAN_POINT('',(5.693534220869E-02,39.361341371139));
#2815 = CARTESIAN_POINT('',(5.694480754364E-02,39.470329999641));
#2816 = CARTESIAN_POINT('',(5.696042978788E-02,39.579274996248));
#2817 = CARTESIAN_POINT('',(5.697728100906E-02,39.688187002543));
#2818 = CARTESIAN_POINT('',(5.698900637715E-02,39.797098972044));
#2819 = CARTESIAN_POINT('',(5.699376798864E-02,39.906043115511));
#2820 = CARTESIAN_POINT('',(5.699248712434E-02,40.015031891764));
#2821 = CARTESIAN_POINT('',(5.698316313267E-02,40.21259452427));
#2822 = CARTESIAN_POINT('',(5.697641904905E-02,40.301282325042));
#2823 = CARTESIAN_POINT('',(5.696826032884E-02,40.389954622805));
#2824 = CARTESIAN_POINT('',(5.696041854876E-02,40.478612850657));
#2825 = CARTESIAN_POINT('',(5.69543880153E-02,40.567270766539));
#2826 = CARTESIAN_POINT('',(5.695084978834E-02,40.655942330554));
#2827 = CARTESIAN_POINT('',(5.694955657921E-02,40.744629533152));
#2828 = CARTESIAN_POINT('',(5.695020076284E-02,40.915038447105));
#2829 = CARTESIAN_POINT('',(5.695188533795E-02,40.996812666097));
#2830 = CARTESIAN_POINT('',(5.695448588199E-02,41.07858086933));
#2831 = CARTESIAN_POINT('',(5.695713597849E-02,41.160339571642));
#2832 = CARTESIAN_POINT('',(5.695902968528E-02,41.242098631752));
#2833 = CARTESIAN_POINT('',(5.695971157059E-02,41.323868099747));
#2834 = CARTESIAN_POINT('',(5.695918946712E-02,41.405645131787));
#2835 = CARTESIAN_POINT('',(5.695648755178E-02,41.573052052061));
#2836 = CARTESIAN_POINT('',(5.695423599982E-02,41.658728733151));
#2837 = CARTESIAN_POINT('',(5.69514928211E-02,41.744393865924));
#2838 = CARTESIAN_POINT('',(5.694920721161E-02,41.830043789127));
#2839 = CARTESIAN_POINT('',(5.694838348779E-02,41.915691875084));
#2840 = CARTESIAN_POINT('',(5.694969231191E-02,42.001352191493));
#2841 = CARTESIAN_POINT('',(5.69532096849E-02,42.087023279534));
#2842 = CARTESIAN_POINT('',(5.696351015913E-02,42.260893825917));
#2843 = CARTESIAN_POINT('',(5.697040587505E-02,42.34914437163));
#2844 = CARTESIAN_POINT('',(5.697831485177E-02,42.437380592676));
#2845 = CARTESIAN_POINT('',(5.698596065954E-02,42.525604194507));
#2846 = CARTESIAN_POINT('',(5.699150746666E-02,42.613828430568));
#2847 = CARTESIAN_POINT('',(5.699341903428E-02,42.702066267746));
#2848 = CARTESIAN_POINT('',(5.699128616377E-02,42.790318698016));
#2849 = CARTESIAN_POINT('',(5.697888444225E-02,42.989500058766));
#2850 = CARTESIAN_POINT('',(5.696664713382E-02,43.100548529804));
#2851 = CARTESIAN_POINT('',(5.695044341907E-02,43.211546691514));
#2852 = CARTESIAN_POINT('',(5.693422032612E-02,43.322507388064));
#2853 = CARTESIAN_POINT('',(5.692473494621E-02,43.433466299832));
#2854 = CARTESIAN_POINT('',(5.692708113459E-02,43.544461460282));
#2855 = CARTESIAN_POINT('',(5.693788142016E-02,43.655508527388));
#2856 = CARTESIAN_POINT('',(5.696305523094E-02,43.862629407786));
#2857 = CARTESIAN_POINT('',(5.697685260464E-02,43.958836135025));
#2858 = CARTESIAN_POINT('',(5.698847613185E-02,44.055019901704));
#2859 = CARTESIAN_POINT('',(5.69940110681E-02,44.151182379812));
#2860 = CARTESIAN_POINT('',(5.698705119111E-02,44.247340145367));
#2861 = CARTESIAN_POINT('',(5.697145124599E-02,44.343509646472));
#2862 = CARTESIAN_POINT('',(5.696427568829E-02,44.439697015984));
#2863 = CARTESIAN_POINT('',(5.696352703959E-02,44.535855920971));
#2864 = ( GEOMETRIC_REPRESENTATION_CONTEXT(2) 
PARAMETRIC_REPRESENTATION_CONTEXT() REPRESENTATION_CONTEXT('2D SPACE',''
  ) );
#2865 = PCURVE('',#2389,#2866);
#2866 = DEFINITIONAL_REPRESENTATION('',(#2867),#2926);
#2867 = B_SPLINE_CURVE_WITH_KNOTS('',8,(#2868,#2869,#2870,#2871,#2872,
    #2873,#2874,#2875,#2876,#2877,#2878,#2879,#2880,#2881,#2882,#2883,
    #2884,#2885,#2886,#2887,#2888,#2889,#2890,#2891,#2892,#2893,#2894,
    #2895,#2896,#2897,#2898,#2899,#2900,#2901,#2902,#2903,#2904,#2905,
    #2906,#2907,#2908,#2909,#2910,#2911,#2912,#2913,#2914,#2915,#2916,
    #2917,#2918,#2919,#2920,#2921,#2922,#2923,#2924,#2925),
  .UNSPECIFIED.,.F.,.F.,(9,7,7,7,7,7,7,7,9),(0.,0.169514406069,
    0.306492202154,0.418005210096,0.520828805181,0.628551408877,
    0.739510150353,0.87906267905,1.),.UNSPECIFIED.);
#2868 = CARTESIAN_POINT('',(0.,-6.472708180475));
#2869 = CARTESIAN_POINT('',(-0.133097502256,-6.493892480482));
#2870 = CARTESIAN_POINT('',(-0.266422524411,-6.515101234775));
#2871 = CARTESIAN_POINT('',(-0.399606838678,-6.536282217006));
#2872 = CARTESIAN_POINT('',(-0.532712522669,-6.557478440797));
#2873 = CARTESIAN_POINT('',(-0.665820543561,-6.578677845587));
#2874 = CARTESIAN_POINT('',(-0.799008424431,-6.59988687773));
#2875 = CARTESIAN_POINT('',(-0.932342705709,-6.621111770346));
#2876 = CARTESIAN_POINT('',(-1.172984160066,-6.659408431285));
#2877 = CARTESIAN_POINT('',(-1.280619887387,-6.67653437208));
#2878 = CARTESIAN_POINT('',(-1.38821223751,-6.693650505105));
#2879 = CARTESIAN_POINT('',(-1.49577058995,-6.710760863981));
#2880 = CARTESIAN_POINT('',(-1.603327728825,-6.727873672935));
#2881 = CARTESIAN_POINT('',(-1.710916521644,-6.744994875318));
#2882 = CARTESIAN_POINT('',(-1.818549959379,-6.762125987964));
#2883 = CARTESIAN_POINT('',(-2.013657271596,-6.793182702862));
#2884 = CARTESIAN_POINT('',(-2.101243397752,-6.807125592154));
#2885 = CARTESIAN_POINT('',(-2.188814888946,-6.821066722502));
#2886 = CARTESIAN_POINT('',(-2.276373094542,-6.835005489533));
#2887 = CARTESIAN_POINT('',(-2.363931244665,-6.848943339739));
#2888 = CARTESIAN_POINT('',(-2.451502650318,-6.862882141019));
#2889 = CARTESIAN_POINT('',(-2.539088912244,-6.876822324707));
#2890 = CARTESIAN_POINT('',(-2.707380947277,-6.903606331158));
#2891 = CARTESIAN_POINT('',(-2.788138691689,-6.916458528028));
#2892 = CARTESIAN_POINT('',(-2.868889702199,-6.92930934051));
#2893 = CARTESIAN_POINT('',(-2.949630546907,-6.942158635927));
#2894 = CARTESIAN_POINT('',(-3.03037114838,-6.955008349975));
#2895 = CARTESIAN_POINT('',(-3.111121757104,-6.967860280499));
#2896 = CARTESIAN_POINT('',(-3.191879933635,-6.980713976761));
#2897 = CARTESIAN_POINT('',(-3.357201871563,-7.007027742833));
#2898 = CARTESIAN_POINT('',(-3.44181187973,-7.020495201764));
#2899 = CARTESIAN_POINT('',(-3.526411190659,-7.033961081112));
#2900 = CARTESIAN_POINT('',(-3.61099640469,-7.047424350643));
#2901 = CARTESIAN_POINT('',(-3.695580726868,-7.060886630994));
#2902 = CARTESIAN_POINT('',(-3.780177818025,-7.074349811955));
#2903 = CARTESIAN_POINT('',(-3.864785865873,-7.087813627823));
#2904 = CARTESIAN_POINT('',(-4.036498968506,-7.115137095876));
#2905 = CARTESIAN_POINT('',(-4.123654474458,-7.12900472385));
#2906 = CARTESIAN_POINT('',(-4.210795489005,-7.142869614857));
#2907 = CARTESIAN_POINT('',(-4.297923365448,-7.156732648507));
#2908 = CARTESIAN_POINT('',(-4.385051089567,-7.170596787502));
#2909 = CARTESIAN_POINT('',(-4.472191660547,-7.184464805961));
#2910 = CARTESIAN_POINT('',(-4.559346451385,-7.198337055849));
#2911 = CARTESIAN_POINT('',(-4.756050759757,-7.229649671718));
#2912 = CARTESIAN_POINT('',(-4.865718399049,-7.247109769802));
#2913 = CARTESIAN_POINT('',(-4.975337184569,-7.264563860785));
#2914 = CARTESIAN_POINT('',(-5.08492021799,-7.282012072406));
#2915 = CARTESIAN_POINT('',(-5.194502552278,-7.299456775412));
#2916 = CARTESIAN_POINT('',(-5.304119518482,-7.31690150719));
#2917 = CARTESIAN_POINT('',(-5.41378516336,-7.334350347012));
#2918 = CARTESIAN_POINT('',(-5.618325755064,-7.366892867675));
#2919 = CARTESIAN_POINT('',(-5.713332442379,-7.38200771554));
#2920 = CARTESIAN_POINT('',(-5.808315381061,-7.397119996045));
#2921 = CARTESIAN_POINT('',(-5.903277524127,-7.412231847676));
#2922 = CARTESIAN_POINT('',(-5.998238366219,-7.427348944993));
#2923 = CARTESIAN_POINT('',(-6.093218025271,-7.44247202633));
#2924 = CARTESIAN_POINT('',(-6.188221641683,-7.457593879984));
#2925 = CARTESIAN_POINT('',(-6.28318530718,-7.472708180476));
#2926 = ( GEOMETRIC_REPRESENTATION_CONTEXT(2) 
PARAMETRIC_REPRESENTATION_CONTEXT() REPRESENTATION_CONTEXT('2D SPACE',''
  ) );
#2927 = ORIENTED_EDGE('',*,*,#2928,.F.);
#2928 = EDGE_CURVE('',#2929,#2741,#2931,.T.);
#2929 = VERTEX_POINT('',#2930);
#2930 = CARTESIAN_POINT('',(2.85,0.,5.472708180476));
#2931 = SURFACE_CURVE('',#2932,(#2998,#3067),.PCURVE_S1.);
#2932 = B_SPLINE_CURVE_WITH_KNOTS('',8,(#2933,#2934,#2935,#2936,#2937,
    #2938,#2939,#2940,#2941,#2942,#2943,#2944,#2945,#2946,#2947,#2948,
    #2949,#2950,#2951,#2952,#2953,#2954,#2955,#2956,#2957,#2958,#2959,
    #2960,#2961,#2962,#2963,#2964,#2965,#2966,#2967,#2968,#2969,#2970,
    #2971,#2972,#2973,#2974,#2975,#2976,#2977,#2978,#2979,#2980,#2981,
    #2982,#2983,#2984,#2985,#2986,#2987,#2988,#2989,#2990,#2991,#2992,
    #2993,#2994,#2995,#2996,#2997),.UNSPECIFIED.,.F.,.F.,(9,7,7,7,7,7,7,
    7,7,9),(0.,9.23453332769E-02,0.202101257145,0.310467027942,
    0.41447697834,0.518170710755,0.640192127721,0.736195733902,
    0.84291337846,1.),.UNSPECIFIED.);
#2933 = CARTESIAN_POINT('',(2.85,-4.440892098501E-16,5.472708180476));
#2934 = CARTESIAN_POINT('',(2.85,0.206673006888,5.484250234713));
#2935 = CARTESIAN_POINT('',(2.832871575697,0.413383372696,5.495790799612
    ));
#2936 = CARTESIAN_POINT('',(2.798604552912,0.618423452985,5.507328463121
    ));
#2937 = CARTESIAN_POINT('',(2.747402407225,0.820134834158,5.518865818335
    ));
#2938 = CARTESIAN_POINT('',(2.679652244904,1.01690655586,5.530405857681)
  );
#2939 = CARTESIAN_POINT('',(2.595913400961,1.207179041732,5.541949779376
    ));
#2940 = CARTESIAN_POINT('',(2.496924654349,1.389453738543,5.553496206145
    ));
#2941 = CARTESIAN_POINT('',(2.248975147053,1.767752847051,5.578764210787
    ));
#2942 = CARTESIAN_POINT('',(2.094039636941,1.959999447789,5.59249250933)
  );
#2943 = CARTESIAN_POINT('',(1.920392663632,2.1366089116,5.606218943625)
  );
#2944 = CARTESIAN_POINT('',(1.729906191001,2.295483290762,5.619941020745
    ));
#2945 = CARTESIAN_POINT('',(1.524692177413,2.43481354826,5.633659915285)
  );
#2946 = CARTESIAN_POINT('',(1.307071562809,2.553069148061,5.647378108897
    ));
#2947 = CARTESIAN_POINT('',(1.07957507858,2.649029731509,5.661096277125)
  );
#2948 = CARTESIAN_POINT('',(0.613348082295,2.793765584456,5.688348881192
    ));
#2949 = CARTESIAN_POINT('',(0.374656081895,2.843166840787,5.701891558718
    ));
#2950 = CARTESIAN_POINT('',(0.131553309294,2.869213806812,5.71543232393)
  );
#2951 = CARTESIAN_POINT('',(-0.113281949783,2.871489030916,
    5.728972417563));
#2952 = CARTESIAN_POINT('',(-0.357174991681,2.849932471557,
    5.742514300609));
#2953 = CARTESIAN_POINT('',(-0.597464615636,2.804816239193,
    5.756059809965));
#2954 = CARTESIAN_POINT('',(-0.831514815193,2.736768112962,
    5.769608637136));
#2955 = CARTESIAN_POINT('',(-1.272928849723,2.560534208981,
    5.796155183423));
#2956 = CARTESIAN_POINT('',(-1.481107555029,2.454023555909,
    5.809160321915));
#2957 = CARTESIAN_POINT('',(-1.678997142316,2.328206156872,
    5.822164425147));
#2958 = CARTESIAN_POINT('',(-1.864523541761,2.184268232084,
    5.835166488578));
#2959 = CARTESIAN_POINT('',(-2.035798790159,2.023635059354,
    5.848167798277));
#2960 = CARTESIAN_POINT('',(-2.191118838997,1.847947448126,
    5.861169938101));
#2961 = CARTESIAN_POINT('',(-2.328986495302,1.659067618741,
    5.874172643991));
#2962 = CARTESIAN_POINT('',(-2.566970177495,1.259769265862,
    5.900130846766));
#2963 = CARTESIAN_POINT('',(-2.667259530392,1.049317587578,
    5.913092738026));
#2964 = CARTESIAN_POINT('',(-2.74776751488,0.829839752599,5.926052881226
    ));
#2965 = CARTESIAN_POINT('',(-2.807575768107,0.603516985505,
    5.939011387012));
#2966 = CARTESIAN_POINT('',(-2.846054740235,0.372607513,5.951970395908)
  );
#2967 = CARTESIAN_POINT('',(-2.862848626401,0.139430140822,
    5.964931791196));
#2968 = CARTESIAN_POINT('',(-2.857898093831,-9.364467051854E-02,
    5.977895003391));
#2969 = CARTESIAN_POINT('',(-2.800437839929,-0.595497374125,
    6.006105449206));
#2970 = CARTESIAN_POINT('',(-2.739648814515,-0.863547264714,
    6.02136495182));
#2971 = CARTESIAN_POINT('',(-2.64953888343,-1.124325150127,6.03662075417
    ));
#2972 = CARTESIAN_POINT('',(-2.531194174207,-1.37409643622,
    6.051872361585));
#2973 = CARTESIAN_POINT('',(-2.386208489043,-1.609392206286,
    6.067122137914));
#2974 = CARTESIAN_POINT('',(-2.216627890466,-1.82699751295,
    6.082373068764));
#2975 = CARTESIAN_POINT('',(-2.024983291913,-2.023986775489,
    6.097626598216));
#2976 = CARTESIAN_POINT('',(-1.648684339527,-2.334631909742,
    6.12486948282));
#2977 = CARTESIAN_POINT('',(-1.471171243498,-2.4571677064,6.136867193334
    ));
#2978 = CARTESIAN_POINT('',(-1.28331553161,-2.564221110759,6.14886391262
    ));
#2979 = CARTESIAN_POINT('',(-1.086704756421,-2.654791224526,
    6.160859891665));
#2980 = CARTESIAN_POINT('',(-0.883019054113,-2.728077311574,
    6.172856798812));
#2981 = CARTESIAN_POINT('',(-0.674018717311,-2.783471558647,
    6.18485612853));
#2982 = CARTESIAN_POINT('',(-0.461540665164,-2.820574430409,
    6.196857614031));
#2983 = CARTESIAN_POINT('',(-9.580363122563E-03,-2.859973068015,
    6.222196881187));
#2984 = CARTESIAN_POINT('',(0.230396462441,-2.85793316246,6.23554129781)
  );
#2985 = CARTESIAN_POINT('',(0.469781032958,-2.832861641262,
    6.248885437185));
#2986 = CARTESIAN_POINT('',(0.705996124384,-2.784904680604,
    6.262228130765));
#2987 = CARTESIAN_POINT('',(0.936530965883,-2.71453701513,6.275570301343
    ));
#2988 = CARTESIAN_POINT('',(1.158950756755,-2.622536793872,6.28891284614
    ));
#2989 = CARTESIAN_POINT('',(1.370917656091,-2.510004170698,
    6.302254599482));
#2990 = CARTESIAN_POINT('',(1.863597801614,-2.184739231604,
    6.335220417907));
#2991 = CARTESIAN_POINT('',(2.130062219989,-1.949437936211,
    6.354872240081));
#2992 = CARTESIAN_POINT('',(2.362068188243,-1.67722695776,6.374505268625
    ));
#2993 = CARTESIAN_POINT('',(2.553917398538,-1.37420468614,6.394129224018
    ));
#2994 = CARTESIAN_POINT('',(2.701093981984,-1.047151975337,
    6.413759516625));
#2995 = CARTESIAN_POINT('',(2.800440925406,-0.703568938201,
    6.433415347133));
#2996 = CARTESIAN_POINT('',(2.85,-0.35154964392,6.453075826082));
#2997 = CARTESIAN_POINT('',(2.85,3.10862446895E-15,6.472708180475));
#2998 = PCURVE('',#416,#2999);
#2999 = DEFINITIONAL_REPRESENTATION('',(#3000),#3066);
#3000 = B_SPLINE_CURVE_WITH_KNOTS('',8,(#3001,#3002,#3003,#3004,#3005,
    #3006,#3007,#3008,#3009,#3010,#3011,#3012,#3013,#3014,#3015,#3016,
    #3017,#3018,#3019,#3020,#3021,#3022,#3023,#3024,#3025,#3026,#3027,
    #3028,#3029,#3030,#3031,#3032,#3033,#3034,#3035,#3036,#3037,#3038,
    #3039,#3040,#3041,#3042,#3043,#3044,#3045,#3046,#3047,#3048,#3049,
    #3050,#3051,#3052,#3053,#3054,#3055,#3056,#3057,#3058,#3059,#3060,
    #3061,#3062,#3063,#3064,#3065),.UNSPECIFIED.,.F.,.F.,(9,7,7,7,7,7,7,
    7,7,9),(0.,9.23453332769E-02,0.202101257145,0.310467027942,
    0.41447697834,0.518170710755,0.640192127721,0.736195733902,
    0.84291337846,1.),.UNSPECIFIED.);
#3001 = CARTESIAN_POINT('',(5.696352704004E-02,31.811325657837));
#3002 = CARTESIAN_POINT('',(5.696219930807E-02,31.884755219827));
#3003 = CARTESIAN_POINT('',(5.696594336775E-02,31.958190766195));
#3004 = CARTESIAN_POINT('',(5.697473437315E-02,32.031623237668));
#3005 = CARTESIAN_POINT('',(5.698337903324E-02,32.105053301593));
#3006 = CARTESIAN_POINT('',(5.698745494769E-02,32.178486515875));
#3007 = CARTESIAN_POINT('',(5.698600711352E-02,32.251927592872));
#3008 = CARTESIAN_POINT('',(5.698100160263E-02,32.325373763272));
#3009 = CARTESIAN_POINT('',(5.696466374651E-02,32.486085706417));
#3010 = CARTESIAN_POINT('',(5.695247186243E-02,32.5733916178));
#3011 = CARTESIAN_POINT('',(5.693986252297E-02,32.660684395909));
#3012 = CARTESIAN_POINT('',(5.693083770834E-02,32.747960378975));
#3013 = CARTESIAN_POINT('',(5.692788912318E-02,32.835234635338));
#3014 = CARTESIAN_POINT('',(5.693096951693E-02,32.922522809927));
#3015 = CARTESIAN_POINT('',(5.69380458156E-02,33.009823003524));
#3016 = CARTESIAN_POINT('',(5.695630593683E-02,33.183266957294));
#3017 = CARTESIAN_POINT('',(5.696740173593E-02,33.269462884949));
#3018 = CARTESIAN_POINT('',(5.697856256673E-02,33.355646844224));
#3019 = CARTESIAN_POINT('',(5.698739437528E-02,33.441819431327));
#3020 = CARTESIAN_POINT('',(5.699235750642E-02,33.527991610481));
#3021 = CARTESIAN_POINT('',(5.699320298759E-02,33.614174309565));
#3022 = CARTESIAN_POINT('',(5.699073621316E-02,33.700368020915));
#3023 = CARTESIAN_POINT('',(5.698162800227E-02,33.869236422677));
#3024 = CARTESIAN_POINT('',(5.697516327278E-02,33.951958855776));
#3025 = CARTESIAN_POINT('',(5.696767948741E-02,34.034671595964));
#3026 = CARTESIAN_POINT('',(5.696056922421E-02,34.117372496996));
#3027 = CARTESIAN_POINT('',(5.695497656743E-02,34.200073228617));
#3028 = CARTESIAN_POINT('',(5.695144865627E-02,34.282785535552));
#3029 = CARTESIAN_POINT('',(5.694989488155E-02,34.365507461582));
#3030 = CARTESIAN_POINT('',(5.694981270367E-02,34.530660179477));
#3031 = CARTESIAN_POINT('',(5.695126920956E-02,34.613131608056));
#3032 = CARTESIAN_POINT('',(5.695381356491E-02,34.695595231028));
#3033 = CARTESIAN_POINT('',(5.695657086029E-02,34.778049085432));
#3034 = CARTESIAN_POINT('',(5.695868227089E-02,34.860504171948));
#3035 = CARTESIAN_POINT('',(5.695961602598E-02,34.942970851559));
#3036 = CARTESIAN_POINT('',(5.695930803663E-02,35.025445305672));
#3037 = CARTESIAN_POINT('',(5.695674849627E-02,35.204919839329));
#3038 = CARTESIAN_POINT('',(5.695415368829E-02,35.301996931136));
#3039 = CARTESIAN_POINT('',(5.695090184935E-02,35.399048478086));
#3040 = CARTESIAN_POINT('',(5.694827011469E-02,35.496075225976));
#3041 = CARTESIAN_POINT('',(5.694790097743E-02,35.593097220968));
#3042 = CARTESIAN_POINT('',(5.695072351493E-02,35.690136290323));
#3043 = CARTESIAN_POINT('',(5.695622202259E-02,35.787200049667));
#3044 = CARTESIAN_POINT('',(5.696854815126E-02,35.960564077456));
#3045 = CARTESIAN_POINT('',(5.697483489068E-02,36.036915856193));
#3046 = CARTESIAN_POINT('',(5.698139524191E-02,36.113262162502));
#3047 = CARTESIAN_POINT('',(5.698723116115E-02,36.189601550954));
#3048 = CARTESIAN_POINT('',(5.699127653528E-02,36.26594138622));
#3049 = CARTESIAN_POINT('',(5.699269920167E-02,36.342288639901));
#3050 = CARTESIAN_POINT('',(5.699116054021E-02,36.418640582422));
#3051 = CARTESIAN_POINT('',(5.698244405925E-02,36.57982914842));
#3052 = CARTESIAN_POINT('',(5.697466770193E-02,36.664706160835));
#3053 = CARTESIAN_POINT('',(5.696405503765E-02,36.749572763595));
#3054 = CARTESIAN_POINT('',(5.695213485478E-02,36.834426182172));
#3055 = CARTESIAN_POINT('',(5.694119835374E-02,36.919279271725));
#3056 = CARTESIAN_POINT('',(5.693363769488E-02,37.004145032504));
#3057 = CARTESIAN_POINT('',(5.69310379985E-02,37.089020880055));
#3058 = CARTESIAN_POINT('',(5.693594438779E-02,37.298773112982));
#3059 = CARTESIAN_POINT('',(5.694882869082E-02,37.423842490495));
#3060 = CARTESIAN_POINT('',(5.697135507456E-02,37.548821689142));
#3061 = CARTESIAN_POINT('',(5.699409821022E-02,37.673743823704));
#3062 = CARTESIAN_POINT('',(5.700401034164E-02,37.798667162507));
#3063 = CARTESIAN_POINT('',(5.697619590634E-02,37.92363798346));
#3064 = CARTESIAN_POINT('',(5.696449947922E-02,38.048687509777));
#3065 = CARTESIAN_POINT('',(5.696352704115E-02,38.173590789404));
#3066 = ( GEOMETRIC_REPRESENTATION_CONTEXT(2) 
PARAMETRIC_REPRESENTATION_CONTEXT() REPRESENTATION_CONTEXT('2D SPACE',''
  ) );
#3067 = PCURVE('',#2196,#3068);
#3068 = DEFINITIONAL_REPRESENTATION('',(#3069),#3135);
#3069 = B_SPLINE_CURVE_WITH_KNOTS('',8,(#3070,#3071,#3072,#3073,#3074,
    #3075,#3076,#3077,#3078,#3079,#3080,#3081,#3082,#3083,#3084,#3085,
    #3086,#3087,#3088,#3089,#3090,#3091,#3092,#3093,#3094,#3095,#3096,
    #3097,#3098,#3099,#3100,#3101,#3102,#3103,#3104,#3105,#3106,#3107,
    #3108,#3109,#3110,#3111,#3112,#3113,#3114,#3115,#3116,#3117,#3118,
    #3119,#3120,#3121,#3122,#3123,#3124,#3125,#3126,#3127,#3128,#3129,
    #3130,#3131,#3132,#3133,#3134),.UNSPECIFIED.,.F.,.F.,(9,7,7,7,7,7,7,
    7,7,9),(0.,9.23453332769E-02,0.202101257145,0.310467027942,
    0.41447697834,0.518170710755,0.640192127721,0.736195733902,
    0.84291337846,1.),.UNSPECIFIED.);
#3070 = CARTESIAN_POINT('',(0.,-5.472708180476));
#3071 = CARTESIAN_POINT('',(-7.2516844522E-02,-5.484250234713));
#3072 = CARTESIAN_POINT('',(-0.145046590195,-5.495790799612));
#3073 = CARTESIAN_POINT('',(-0.217572149277,-5.507328463121));
#3074 = CARTESIAN_POINT('',(-0.290091837607,-5.518865818335));
#3075 = CARTESIAN_POINT('',(-0.362611592349,-5.530405857681));
#3076 = CARTESIAN_POINT('',(-0.435137302748,-5.541949779376));
#3077 = CARTESIAN_POINT('',(-0.507667253897,-5.553496206145));
#3078 = CARTESIAN_POINT('',(-0.666374393402,-5.578764210787));
#3079 = CARTESIAN_POINT('',(-0.752591185155,-5.59249250933));
#3080 = CARTESIAN_POINT('',(-0.838796420785,-5.606218943625));
#3081 = CARTESIAN_POINT('',(-0.924986858124,-5.619941020745));
#3082 = CARTESIAN_POINT('',(-1.011176996367,-5.633659915285));
#3083 = CARTESIAN_POINT('',(-1.097381515357,-5.647378108897));
#3084 = CARTESIAN_POINT('',(-1.183597808612,-5.661096277125));
#3085 = CARTESIAN_POINT('',(-1.354887731002,-5.688348881192));
#3086 = CARTESIAN_POINT('',(-1.440012865868,-5.701891558718));
#3087 = CARTESIAN_POINT('',(-1.525125581068,-5.71543232393));
#3088 = CARTESIAN_POINT('',(-1.610226456119,-5.728972417563));
#3089 = CARTESIAN_POINT('',(-1.695326660196,-5.742514300609));
#3090 = CARTESIAN_POINT('',(-1.780437427939,-5.756059809965));
#3091 = CARTESIAN_POINT('',(-1.865559515307,-5.769608637136));
#3092 = CARTESIAN_POINT('',(-2.032329469929,-5.796155183423));
#3093 = CARTESIAN_POINT('',(-2.114024440542,-5.809160321915));
#3094 = CARTESIAN_POINT('',(-2.195710423056,-5.822164425147));
#3095 = CARTESIAN_POINT('',(-2.277385190619,-5.835166488578));
#3096 = CARTESIAN_POINT('',(-2.359059997795,-5.848167798277));
#3097 = CARTESIAN_POINT('',(-2.440746086809,-5.861169938101));
#3098 = CARTESIAN_POINT('',(-2.522441196841,-5.874172643991));
#3099 = CARTESIAN_POINT('',(-2.6855426425,-5.900130846766));
#3100 = CARTESIAN_POINT('',(-2.766989112087,-5.913092738026));
#3101 = CARTESIAN_POINT('',(-2.848427074028,-5.926052881226));
#3102 = CARTESIAN_POINT('',(-2.929854568122,-5.939011387012));
#3103 = CARTESIAN_POINT('',(-3.011282622761,-5.951970395908));
#3104 = CARTESIAN_POINT('',(-3.092721789955,-5.964931791196));
#3105 = CARTESIAN_POINT('',(-3.174168677693,-5.977895003391));
#3106 = CARTESIAN_POINT('',(-3.351407795152,-6.006105449206));
#3107 = CARTESIAN_POINT('',(-3.447276205153,-6.02136495182));
#3108 = CARTESIAN_POINT('',(-3.543120295247,-6.03662075417));
#3109 = CARTESIAN_POINT('',(-3.638941157012,-6.051872361585));
#3110 = CARTESIAN_POINT('',(-3.734758523819,-6.067122137914));
#3111 = CARTESIAN_POINT('',(-3.830593504067,-6.082373068764));
#3112 = CARTESIAN_POINT('',(-3.926453030501,-6.097626598216));
#3113 = CARTESIAN_POINT('',(-4.097665749471,-6.12486948282));
#3114 = CARTESIAN_POINT('',(-4.173069907552,-6.136867193334));
#3115 = CARTESIAN_POINT('',(-4.248468301227,-6.14886391262));
#3116 = CARTESIAN_POINT('',(-4.3238593486,-6.160859891665));
#3117 = CARTESIAN_POINT('',(-4.39925030533,-6.172856798812));
#3118 = CARTESIAN_POINT('',(-4.474648192152,-6.18485612853));
#3119 = CARTESIAN_POINT('',(-4.550050547724,-6.196857614031));
#3120 = CARTESIAN_POINT('',(-4.709234511393,-6.222196881187));
#3121 = CARTESIAN_POINT('',(-4.793056022785,-6.23554129781));
#3122 = CARTESIAN_POINT('',(-4.87686757585,-6.248885437185));
#3123 = CARTESIAN_POINT('',(-4.960666738151,-6.262228130765));
#3124 = CARTESIAN_POINT('',(-5.044466224177,-6.275570301343));
#3125 = CARTESIAN_POINT('',(-5.128278505739,-6.28891284614));
#3126 = CARTESIAN_POINT('',(-5.212100418567,-6.302254599482));
#3127 = CARTESIAN_POINT('',(-5.419246084064,-6.335220417907));
#3128 = CARTESIAN_POINT('',(-5.542759519125,-6.354872240081));
#3129 = CARTESIAN_POINT('',(-5.666180505634,-6.374505268625));
#3130 = CARTESIAN_POINT('',(-5.789541683426,-6.394129224018));
#3131 = CARTESIAN_POINT('',(-5.91290172331,-6.413759516625));
#3132 = CARTESIAN_POINT('',(-6.036319393938,-6.433415347133));
#3133 = CARTESIAN_POINT('',(-6.159834554927,-6.453075826082));
#3134 = CARTESIAN_POINT('',(-6.28318530718,-6.472708180475));
#3135 = ( GEOMETRIC_REPRESENTATION_CONTEXT(2) 
PARAMETRIC_REPRESENTATION_CONTEXT() REPRESENTATION_CONTEXT('2D SPACE',''
  ) );
#3136 = ORIENTED_EDGE('',*,*,#3137,.F.);
#3137 = EDGE_CURVE('',#3138,#2929,#3140,.T.);
#3138 = VERTEX_POINT('',#3139);
#3139 = CARTESIAN_POINT('',(2.85,0.,4.472709216647));
#3140 = SURFACE_CURVE('',#3141,(#3214,#3290),.PCURVE_S1.);
#3141 = B_SPLINE_CURVE_WITH_KNOTS('',8,(#3142,#3143,#3144,#3145,#3146,
    #3147,#3148,#3149,#3150,#3151,#3152,#3153,#3154,#3155,#3156,#3157,
    #3158,#3159,#3160,#3161,#3162,#3163,#3164,#3165,#3166,#3167,#3168,
    #3169,#3170,#3171,#3172,#3173,#3174,#3175,#3176,#3177,#3178,#3179,
    #3180,#3181,#3182,#3183,#3184,#3185,#3186,#3187,#3188,#3189,#3190,
    #3191,#3192,#3193,#3194,#3195,#3196,#3197,#3198,#3199,#3200,#3201,
    #3202,#3203,#3204,#3205,#3206,#3207,#3208,#3209,#3210,#3211,#3212,
    #3213),.UNSPECIFIED.,.F.,.F.,(9,7,7,7,7,7,7,7,7,7,9),(0.,
    8.616682381479E-02,0.205294648446,0.30689703306,0.418900468953,
    0.524988206513,0.604332569738,0.722020844225,0.858673470185,
    0.930678661122,1.),.UNSPECIFIED.);
#3142 = CARTESIAN_POINT('',(2.85,1.7763568394E-14,4.472709216647));
#3143 = CARTESIAN_POINT('',(2.85,0.192849257923,4.483478922849));
#3144 = CARTESIAN_POINT('',(2.835086317439,0.385732452575,4.494247524468
    ));
#3145 = CARTESIAN_POINT('',(2.805250150695,0.577263714795,4.505013871412
    ));
#3146 = CARTESIAN_POINT('',(2.760644433094,0.766092515346,4.515779877514
    ));
#3147 = CARTESIAN_POINT('',(2.701563059387,0.950903017226,4.526547848377
    ));
#3148 = CARTESIAN_POINT('',(2.628432848421,1.130416904574,4.537318815701
    ));
#3149 = CARTESIAN_POINT('',(2.541818242007,1.303399688197,4.548091878103
    ));
#3150 = CARTESIAN_POINT('',(2.305044051808,1.697161569854,4.573758039034
    ));
#3151 = CARTESIAN_POINT('',(2.143160402276,1.911061982469,4.588660445527
    ));
#3152 = CARTESIAN_POINT('',(1.958675112539,2.107153902493,4.603560285618
    ));
#3153 = CARTESIAN_POINT('',(1.753925604961,2.28268866338,4.618454977825)
  );
#3154 = CARTESIAN_POINT('',(1.531577023401,2.435318847054,4.633345821795
    ));
#3155 = CARTESIAN_POINT('',(1.294583889518,2.56307388707,4.648235997332)
  );
#3156 = CARTESIAN_POINT('',(1.04620369349,2.664403330561,4.663127305795)
  );
#3157 = CARTESIAN_POINT('',(0.571543780379,2.80134745331,4.690705785254)
  );
#3158 = CARTESIAN_POINT('',(0.347258943785,2.844474102299,4.703402385406
    ));
#3159 = CARTESIAN_POINT('',(0.119367587738,2.867043531846,4.716097887961
    ));
#3160 = CARTESIAN_POINT('',(-0.109927028858,2.868734444305,
    4.728792861659));
#3161 = CARTESIAN_POINT('',(-0.338419920971,2.849501587271,
    4.741489449845));
#3162 = CARTESIAN_POINT('',(-0.563915563024,2.80955867703,4.754189301374
    ));
#3163 = CARTESIAN_POINT('',(-0.784240507349,2.749395224219,
    4.766891716588));
#3164 = CARTESIAN_POINT('',(-1.232080938337,2.582113915007,
    4.793592430851));
#3165 = CARTESIAN_POINT('',(-1.458166601557,2.470766430204,
    4.807598713241));
#3166 = CARTESIAN_POINT('',(-1.672616844028,2.336837037855,4.82160313875
    ));
#3167 = CARTESIAN_POINT('',(-1.872818828738,2.181786065534,
    4.835605133343));
#3168 = CARTESIAN_POINT('',(-2.056414935629,2.007389450235,
    4.849606201549));
#3169 = CARTESIAN_POINT('',(-2.221292370976,1.815708452244,
    4.863608265084));
#3170 = CARTESIAN_POINT('',(-2.365611628362,1.609104569523,
    4.877611765533));
#3171 = CARTESIAN_POINT('',(-2.603716827824,1.183018276008,
    4.904868678438));
#3172 = CARTESIAN_POINT('',(-2.699843371045,0.964659691387,
    4.918131054389));
#3173 = CARTESIAN_POINT('',(-2.77497630015,0.737478521686,4.931391865807
    ));
#3174 = CARTESIAN_POINT('',(-2.828203454767,0.503846530505,
    4.944650973015));
#3175 = CARTESIAN_POINT('',(-2.858934035861,0.266206737903,4.95791063079
    ));
#3176 = CARTESIAN_POINT('',(-2.866878876482,2.705409957364E-02,
    4.971172936952));
#3177 = CARTESIAN_POINT('',(-2.85207430744,-0.21107425164,4.984437349758
    ));
#3178 = CARTESIAN_POINT('',(-2.78718359215,-0.621003383995,
    5.007616287474));
#3179 = CARTESIAN_POINT('',(-2.746924056931,-0.794445205124,
    5.017535292105));
#3180 = CARTESIAN_POINT('',(-2.69433508329,-0.964865150822,5.02745404177
    ));
#3181 = CARTESIAN_POINT('',(-2.629688748374,-1.13124189871,
    5.037372271469));
#3182 = CARTESIAN_POINT('',(-2.553353851922,-1.292590800707,
    5.047290207253));
#3183 = CARTESIAN_POINT('',(-2.465791723282,-1.447965636428,
    5.057208050518));
#3184 = CARTESIAN_POINT('',(-2.367559118951,-1.596463637795,
    5.067125436775));
#3185 = CARTESIAN_POINT('',(-2.098768863308,-1.946032432001,
    5.091748027032));
#3186 = CARTESIAN_POINT('',(-1.916097060535,-2.137963594891,
    5.106460334002));
#3187 = CARTESIAN_POINT('',(-1.713462941063,-2.310152956241,
    5.121168447722));
#3188 = CARTESIAN_POINT('',(-1.493402256197,-2.460217760566,
    5.135873076618));
#3189 = CARTESIAN_POINT('',(-1.258719137597,-2.586191188276,
    5.150577833261));
#3190 = CARTESIAN_POINT('',(-1.012452017545,-2.686495025173,
    5.165286523294));
#3191 = CARTESIAN_POINT('',(-0.757881626692,-2.759980301827,
    5.180000292915));
#3192 = CARTESIAN_POINT('',(-0.19742952411,-2.85955544739,5.21179016287)
  );
#3193 = CARTESIAN_POINT('',(0.110485350353,-2.876166937146,
    5.228886137286));
#3194 = CARTESIAN_POINT('',(0.419571821211,-2.854788413433,
    5.245977945843));
#3195 = CARTESIAN_POINT('',(0.724364797855,-2.795530975092,
    5.263066211675));
#3196 = CARTESIAN_POINT('',(1.019581106306,-2.699316499178,5.28015356215
    ));
#3197 = CARTESIAN_POINT('',(1.300155333615,-2.567905743007,
    5.297242073883));
#3198 = CARTESIAN_POINT('',(1.561259112324,-2.403853107172,
    5.314333367091));
#3199 = CARTESIAN_POINT('',(1.923526338131,-2.109150868242,
    5.340406482686));
#3200 = CARTESIAN_POINT('',(2.041974500575,-1.999367534663,
    5.349403737281));
#3201 = CARTESIAN_POINT('',(2.153238295467,-1.882003551553,
    5.358400178101));
#3202 = CARTESIAN_POINT('',(2.256752827877,-1.757610461539,
    5.367396131405));
#3203 = CARTESIAN_POINT('',(2.35200818311,-1.626785114121,5.376392352846
    ));
#3204 = CARTESIAN_POINT('',(2.43855063981,-1.490168074084,5.385389566832
    ));
#3205 = CARTESIAN_POINT('',(2.515983883058,-1.348442029918,
    5.394388005883));
#3206 = CARTESIAN_POINT('',(2.649422494819,-1.061664405925,
    5.412050476136));
#3207 = CARTESIAN_POINT('',(2.706124183882,-0.916922724873,
    5.420714966801));
#3208 = CARTESIAN_POINT('',(2.753778243525,-0.768747561962,
    5.429380535524));
#3209 = CARTESIAN_POINT('',(2.792144690619,-0.617798687089,
    5.438046809207));
#3210 = CARTESIAN_POINT('',(2.82104181931,-0.464751999458,5.446713173135
    ));
#3211 = CARTESIAN_POINT('',(2.840347420279,-0.310298289885,
    5.455379015999));
#3212 = CARTESIAN_POINT('',(2.85,-0.15514200309,5.464043974922));
#3213 = CARTESIAN_POINT('',(2.85,-4.440892098501E-16,5.472708180476));
#3214 = PCURVE('',#416,#3215);
#3215 = DEFINITIONAL_REPRESENTATION('',(#3216),#3289);
#3216 = B_SPLINE_CURVE_WITH_KNOTS('',8,(#3217,#3218,#3219,#3220,#3221,
    #3222,#3223,#3224,#3225,#3226,#3227,#3228,#3229,#3230,#3231,#3232,
    #3233,#3234,#3235,#3236,#3237,#3238,#3239,#3240,#3241,#3242,#3243,
    #3244,#3245,#3246,#3247,#3248,#3249,#3250,#3251,#3252,#3253,#3254,
    #3255,#3256,#3257,#3258,#3259,#3260,#3261,#3262,#3263,#3264,#3265,
    #3266,#3267,#3268,#3269,#3270,#3271,#3272,#3273,#3274,#3275,#3276,
    #3277,#3278,#3279,#3280,#3281,#3282,#3283,#3284,#3285,#3286,#3287,
    #3288),.UNSPECIFIED.,.F.,.F.,(9,7,7,7,7,7,7,7,7,7,9),(0.,
    8.616682381479E-02,0.205294648446,0.30689703306,0.418900468953,
    0.524988206513,0.604332569738,0.722020844225,0.858673470185,
    0.930678661122,1.),.UNSPECIFIED.);
#3217 = CARTESIAN_POINT('',(5.696136435046E-02,25.449060526269));
#3218 = CARTESIAN_POINT('',(5.696080760758E-02,25.517578555404));
#3219 = CARTESIAN_POINT('',(5.696445260501E-02,25.58610236486));
#3220 = CARTESIAN_POINT('',(5.697241333639E-02,25.654624984998));
#3221 = CARTESIAN_POINT('',(5.698069612057E-02,25.723146418259));
#3222 = CARTESIAN_POINT('',(5.698563861825E-02,25.791670169693));
#3223 = CARTESIAN_POINT('',(5.698603397834E-02,25.860199124552));
#3224 = CARTESIAN_POINT('',(5.698294011431E-02,25.928730772936));
#3225 = CARTESIAN_POINT('',(5.696920246336E-02,26.091983817941));
#3226 = CARTESIAN_POINT('',(5.695627962234E-02,26.186757487244));
#3227 = CARTESIAN_POINT('',(5.69413560792E-02,26.281508729926));
#3228 = CARTESIAN_POINT('',(5.69304310905E-02,26.376239408904));
#3229 = CARTESIAN_POINT('',(5.692695479679E-02,26.470968309663));
#3230 = CARTESIAN_POINT('',(5.693066746369E-02,26.565714871305));
#3231 = CARTESIAN_POINT('',(5.693903324085E-02,26.660482824745));
#3232 = CARTESIAN_POINT('',(5.695828952669E-02,26.836003120717));
#3233 = CARTESIAN_POINT('',(5.69686248346E-02,26.916813761641));
#3234 = CARTESIAN_POINT('',(5.697876230144E-02,26.997616816325));
#3235 = CARTESIAN_POINT('',(5.698684381272E-02,27.078410239248));
#3236 = CARTESIAN_POINT('',(5.699163192382E-02,27.159203894877));
#3237 = CARTESIAN_POINT('',(5.699285758868E-02,27.240007453553));
#3238 = CARTESIAN_POINT('',(5.699110628999E-02,27.320818248562));
#3239 = CARTESIAN_POINT('',(5.698298332228E-02,27.490670511126));
#3240 = CARTESIAN_POINT('',(5.697616289223E-02,27.579761402877));
#3241 = CARTESIAN_POINT('',(5.696795008353E-02,27.668836236359));
#3242 = CARTESIAN_POINT('',(5.696010391325E-02,27.757896721337));
#3243 = CARTESIAN_POINT('',(5.695412633705E-02,27.846957008326));
#3244 = CARTESIAN_POINT('',(5.695068167544E-02,27.936031348791));
#3245 = CARTESIAN_POINT('',(5.694949168805E-02,28.025121704056));
#3246 = CARTESIAN_POINT('',(5.695031642503E-02,28.198539924617));
#3247 = CARTESIAN_POINT('',(5.695215534031E-02,28.28292428214));
#3248 = CARTESIAN_POINT('',(5.695491478939E-02,28.367301491692));
#3249 = CARTESIAN_POINT('',(5.695762251518E-02,28.451667700939));
#3250 = CARTESIAN_POINT('',(5.695940730971E-02,28.536034599736));
#3251 = CARTESIAN_POINT('',(5.695983027174E-02,28.620414197087));
#3252 = CARTESIAN_POINT('',(5.695899121435E-02,28.704803350525));
#3253 = CARTESIAN_POINT('',(5.695622777833E-02,28.852265474122));
#3254 = CARTESIAN_POINT('',(5.695462801158E-02,28.91536793495));
#3255 = CARTESIAN_POINT('',(5.695280808695E-02,28.978468102522));
#3256 = CARTESIAN_POINT('',(5.695109639912E-02,29.041565291865));
#3257 = CARTESIAN_POINT('',(5.694986250972E-02,29.104662067688));
#3258 = CARTESIAN_POINT('',(5.694943415702E-02,29.167760710353));
#3259 = CARTESIAN_POINT('',(5.695002133816E-02,29.230859541003));
#3260 = CARTESIAN_POINT('',(5.695405943037E-02,29.387527297524));
#3261 = CARTESIAN_POINT('',(5.695876491568E-02,29.48114523862));
#3262 = CARTESIAN_POINT('',(5.696584344814E-02,29.574743734761));
#3263 = CARTESIAN_POINT('',(5.697464128958E-02,29.66832530038));
#3264 = CARTESIAN_POINT('',(5.698330256111E-02,29.761907262436));
#3265 = CARTESIAN_POINT('',(5.698957242184E-02,29.855506960158));
#3266 = CARTESIAN_POINT('',(5.699195138152E-02,29.949127115187));
#3267 = CARTESIAN_POINT('',(5.698833891921E-02,30.151371684689));
#3268 = CARTESIAN_POINT('',(5.698092968554E-02,30.260118221522));
#3269 = CARTESIAN_POINT('',(5.696775484149E-02,30.368820679118));
#3270 = CARTESIAN_POINT('',(5.695081784924E-02,30.477489129064));
#3271 = CARTESIAN_POINT('',(5.693526511433E-02,30.586155974643));
#3272 = CARTESIAN_POINT('',(5.692788581975E-02,30.694855123033));
#3273 = CARTESIAN_POINT('',(5.692980591844E-02,30.80360031477));
#3274 = CARTESIAN_POINT('',(5.694250593152E-02,30.969523101717));
#3275 = CARTESIAN_POINT('',(5.694864089699E-02,31.026784721777));
#3276 = CARTESIAN_POINT('',(5.695619021734E-02,31.084045475682));
#3277 = CARTESIAN_POINT('',(5.696434027223E-02,31.141304959059));
#3278 = CARTESIAN_POINT('',(5.697205309644E-02,31.198564815587));
#3279 = CARTESIAN_POINT('',(5.697831765972E-02,31.255826572261));
#3280 = CARTESIAN_POINT('',(5.698240114663E-02,31.313089474647));
#3281 = CARTESIAN_POINT('',(5.698573599595E-02,31.425472958568));
#3282 = CARTESIAN_POINT('',(5.698556522222E-02,31.480598224775));
#3283 = CARTESIAN_POINT('',(5.698238354758E-02,31.535721171981));
#3284 = CARTESIAN_POINT('',(5.69769780491E-02,31.59084182564));
#3285 = CARTESIAN_POINT('',(5.697114451848E-02,31.64596174876));
#3286 = CARTESIAN_POINT('',(5.696670473205E-02,31.701082605214));
#3287 = CARTESIAN_POINT('',(5.696452372075E-02,31.756204723058));
#3288 = CARTESIAN_POINT('',(5.696352704004E-02,31.811325657837));
#3289 = ( GEOMETRIC_REPRESENTATION_CONTEXT(2) 
PARAMETRIC_REPRESENTATION_CONTEXT() REPRESENTATION_CONTEXT('2D SPACE',''
  ) );
#3290 = PCURVE('',#1996,#3291);
#3291 = DEFINITIONAL_REPRESENTATION('',(#3292),#3365);
#3292 = B_SPLINE_CURVE_WITH_KNOTS('',8,(#3293,#3294,#3295,#3296,#3297,
    #3298,#3299,#3300,#3301,#3302,#3303,#3304,#3305,#3306,#3307,#3308,
    #3309,#3310,#3311,#3312,#3313,#3314,#3315,#3316,#3317,#3318,#3319,
    #3320,#3321,#3322,#3323,#3324,#3325,#3326,#3327,#3328,#3329,#3330,
    #3331,#3332,#3333,#3334,#3335,#3336,#3337,#3338,#3339,#3340,#3341,
    #3342,#3343,#3344,#3345,#3346,#3347,#3348,#3349,#3350,#3351,#3352,
    #3353,#3354,#3355,#3356,#3357,#3358,#3359,#3360,#3361,#3362,#3363,
    #3364),.UNSPECIFIED.,.F.,.F.,(9,7,7,7,7,7,7,7,7,7,9),(0.,
    8.616682381479E-02,0.205294648446,0.30689703306,0.418900468953,
    0.524988206513,0.604332569738,0.722020844225,0.858673470185,
    0.930678661122,1.),.UNSPECIFIED.);
#3293 = CARTESIAN_POINT('',(0.,-4.472709216647));
#3294 = CARTESIAN_POINT('',(-6.766640628894E-02,-4.483478922849));
#3295 = CARTESIAN_POINT('',(-0.135344576884,-4.494247524468));
#3296 = CARTESIAN_POINT('',(-0.203021026931,-4.505013871412));
#3297 = CARTESIAN_POINT('',(-0.270693553482,-4.515779877514));
#3298 = CARTESIAN_POINT('',(-0.338365674524,-4.526547848377));
#3299 = CARTESIAN_POINT('',(-0.406041091607,-4.537318815701));
#3300 = CARTESIAN_POINT('',(-0.473718176082,-4.548091878103));
#3301 = CARTESIAN_POINT('',(-0.634934862998,-4.573758039034));
#3302 = CARTESIAN_POINT('',(-0.728525822741,-4.588660445527));
#3303 = CARTESIAN_POINT('',(-0.822095995695,-4.603560285618));
#3304 = CARTESIAN_POINT('',(-0.915648283738,-4.618454977825));
#3305 = CARTESIAN_POINT('',(-1.009200611414,-4.633345821795));
#3306 = CARTESIAN_POINT('',(-1.102770933489,-4.648235997332));
#3307 = CARTESIAN_POINT('',(-1.196362311745,-4.663127305795));
#3308 = CARTESIAN_POINT('',(-1.369702650359,-4.690705785254));
#3309 = CARTESIAN_POINT('',(-1.44950931574,-4.703402385406));
#3310 = CARTESIAN_POINT('',(-1.529307951015,-4.716097887961));
#3311 = CARTESIAN_POINT('',(-1.6090965944,-4.728792861659));
#3312 = CARTESIAN_POINT('',(-1.688885236898,-4.741489449845));
#3313 = CARTESIAN_POINT('',(-1.768683755612,-4.754189301374));
#3314 = CARTESIAN_POINT('',(-1.848489791978,-4.766891716588));
#3315 = CARTESIAN_POINT('',(-2.016231142668,-4.793592430851));
#3316 = CARTESIAN_POINT('',(-2.104215369376,-4.807598713241));
#3317 = CARTESIAN_POINT('',(-2.192184418946,-4.82160313875));
#3318 = CARTESIAN_POINT('',(-2.280139907886,-4.835605133343));
#3319 = CARTESIAN_POINT('',(-2.3680954434,-4.849606201549));
#3320 = CARTESIAN_POINT('',(-2.456064615657,-4.863608265084));
#3321 = CARTESIAN_POINT('',(-2.544048995873,-4.877611765533));
#3322 = CARTESIAN_POINT('',(-2.715312874618,-4.904868678438));
#3323 = CARTESIAN_POINT('',(-2.798648245696,-4.918131054389));
#3324 = CARTESIAN_POINT('',(-2.881975706334,-4.931391865807));
#3325 = CARTESIAN_POINT('',(-2.965291478536,-4.944650973015));
#3326 = CARTESIAN_POINT('',(-3.048607331802,-4.95791063079));
#3327 = CARTESIAN_POINT('',(-3.131935500092,-4.971172936952));
#3328 = CARTESIAN_POINT('',(-3.215273289059,-4.984437349758));
#3329 = CARTESIAN_POINT('',(-3.360899033032,-5.007616287474));
#3330 = CARTESIAN_POINT('',(-3.423215916228,-5.017535292105));
#3331 = CARTESIAN_POINT('',(-3.485530902716,-5.02745404177));
#3332 = CARTESIAN_POINT('',(-3.547843400257,-5.037372271469));
#3333 = CARTESIAN_POINT('',(-3.610155968481,-5.047290207253));
#3334 = CARTESIAN_POINT('',(-3.672470821624,-5.057208050518));
#3335 = CARTESIAN_POINT('',(-3.734786210314,-5.067125436775));
#3336 = CARTESIAN_POINT('',(-3.889509344294,-5.091748027032));
#3337 = CARTESIAN_POINT('',(-3.981965776501,-5.106460334002));
#3338 = CARTESIAN_POINT('',(-4.074403146713,-5.121168447722));
#3339 = CARTESIAN_POINT('',(-4.166823422243,-5.135873076618));
#3340 = CARTESIAN_POINT('',(-4.259243291712,-5.150577833261));
#3341 = CARTESIAN_POINT('',(-4.351679793612,-5.165286523294));
#3342 = CARTESIAN_POINT('',(-4.444135923194,-5.180000292915));
#3343 = CARTESIAN_POINT('',(-4.643865432156,-5.21179016287));
#3344 = CARTESIAN_POINT('',(-4.751259341896,-5.228886137286));
#3345 = CARTESIAN_POINT('',(-4.858610030016,-5.245977945843));
#3346 = CARTESIAN_POINT('',(-4.965928137334,-5.263066211675));
#3347 = CARTESIAN_POINT('',(-5.073246151197,-5.28015356215));
#3348 = CARTESIAN_POINT('',(-5.180596403562,-5.297242073883));
#3349 = CARTESIAN_POINT('',(-5.287990784037,-5.314333367091));
#3350 = CARTESIAN_POINT('',(-5.45184966398,-5.340406482686));
#3351 = CARTESIAN_POINT('',(-5.508398508121,-5.349403737281));
#3352 = CARTESIAN_POINT('',(-5.564945863518,-5.358400178101));
#3353 = CARTESIAN_POINT('',(-5.621491365108,-5.367396131405));
#3354 = CARTESIAN_POINT('',(-5.678036817779,-5.376392352846));
#3355 = CARTESIAN_POINT('',(-5.734584039164,-5.385389566832));
#3356 = CARTESIAN_POINT('',(-5.791132702442,-5.394388005883));
#3357 = CARTESIAN_POINT('',(-5.902116034236,-5.412050476136));
#3358 = CARTESIAN_POINT('',(-5.956555288898,-5.420714966801));
#3359 = CARTESIAN_POINT('',(-6.010993283785,-5.429380535524));
#3360 = CARTESIAN_POINT('',(-6.065430477206,-5.438046809207));
#3361 = CARTESIAN_POINT('',(-6.11986858417,-5.446713173135));
#3362 = CARTESIAN_POINT('',(-6.174308715444,-5.455379015999));
#3363 = CARTESIAN_POINT('',(-6.228749516622,-5.464043974922));
#3364 = CARTESIAN_POINT('',(-6.28318530718,-5.472708180476));
#3365 = ( GEOMETRIC_REPRESENTATION_CONTEXT(2) 
PARAMETRIC_REPRESENTATION_CONTEXT() REPRESENTATION_CONTEXT('2D SPACE',''
  ) );
#3366 = ORIENTED_EDGE('',*,*,#3367,.F.);
#3367 = EDGE_CURVE('',#3368,#3138,#3370,.T.);
#3368 = VERTEX_POINT('',#3369);
#3369 = CARTESIAN_POINT('',(2.85,0.,3.472708180476));
#3370 = SURFACE_CURVE('',#3371,(#3437,#3506),.PCURVE_S1.);
#3371 = B_SPLINE_CURVE_WITH_KNOTS('',8,(#3372,#3373,#3374,#3375,#3376,
    #3377,#3378,#3379,#3380,#3381,#3382,#3383,#3384,#3385,#3386,#3387,
    #3388,#3389,#3390,#3391,#3392,#3393,#3394,#3395,#3396,#3397,#3398,
    #3399,#3400,#3401,#3402,#3403,#3404,#3405,#3406,#3407,#3408,#3409,
    #3410,#3411,#3412,#3413,#3414,#3415,#3416,#3417,#3418,#3419,#3420,
    #3421,#3422,#3423,#3424,#3425,#3426,#3427,#3428,#3429,#3430,#3431,
    #3432,#3433,#3434,#3435,#3436),.UNSPECIFIED.,.F.,.F.,(9,7,7,7,7,7,7,
    7,7,9),(0.,0.174462814032,0.28219785552,0.385120037217,
    0.524534507839,0.627545573145,0.745449573284,0.864845403896,
    0.936858267094,1.),.UNSPECIFIED.);
#3372 = CARTESIAN_POINT('',(2.85,-6.217248937901E-15,3.472708180476));
#3373 = CARTESIAN_POINT('',(2.85,0.390437972086,3.494512922414));
#3374 = CARTESIAN_POINT('',(2.788869894406,0.781612158114,3.516346230302
    ));
#3375 = CARTESIAN_POINT('',(2.666211944662,1.161127031428,3.53814742922)
  );
#3376 = CARTESIAN_POINT('',(2.48511666143,1.517946015612,3.559966135241)
  );
#3377 = CARTESIAN_POINT('',(2.250337338235,1.841987726859,3.581786149326
    ));
#3378 = CARTESIAN_POINT('',(1.968667449002,2.124417532831,3.603616867059
    ));
#3379 = CARTESIAN_POINT('',(1.648495971037,2.357407843874,3.62546721921)
  );
#3380 = CARTESIAN_POINT('',(1.086669991514,2.645707480983,3.660727133049
    ));
#3381 = CARTESIAN_POINT('',(0.861470676433,2.735072027562,3.674190506309
    ));
#3382 = CARTESIAN_POINT('',(0.62798893749,2.802463229812,3.68765067716)
  );
#3383 = CARTESIAN_POINT('',(0.388741863458,2.847021899047,3.701108251827
    ));
#3384 = CARTESIAN_POINT('',(0.146308544818,2.868232994307,3.714566499718
    ));
#3385 = CARTESIAN_POINT('',(-9.668989919205E-02,2.865902980418,
    3.728028346718));
#3386 = CARTESIAN_POINT('',(-0.337603037401,2.840184572047,3.74149365742
    ));
#3387 = CARTESIAN_POINT('',(-0.799360422921,2.745281396665,
    3.767818514361));
#3388 = CARTESIAN_POINT('',(-1.020733484042,2.678066628654,
    3.780684532914));
#3389 = CARTESIAN_POINT('',(-1.235549080168,2.590466681714,
    3.793550574475));
#3390 = CARTESIAN_POINT('',(-1.441628085168,2.483253033798,
    3.806415900267));
#3391 = CARTESIAN_POINT('',(-1.636923235212,2.357454590794,
    3.819281584565));
#3392 = CARTESIAN_POINT('',(-1.819521957145,2.214337051577,
    3.832148688956));
#3393 = CARTESIAN_POINT('',(-1.987667727388,2.055413566114,
    3.845016346473));
#3394 = CARTESIAN_POINT('',(-2.345872496123,1.64824651641,3.875304040142
    ));
#3395 = CARTESIAN_POINT('',(-2.522813340503,1.38802820559,3.892741509774
    ));
#3396 = CARTESIAN_POINT('',(-2.666507614068,1.106336306372,
    3.910169702959));
#3397 = CARTESIAN_POINT('',(-2.77406695638,0.808211933743,3.927591086798
    ));
#3398 = CARTESIAN_POINT('',(-2.843456123056,0.498975530174,
    3.945012608389));
#3399 = CARTESIAN_POINT('',(-2.873543589239,0.184204955459,
    3.962440677034));
#3400 = CARTESIAN_POINT('',(-2.864062714783,-0.130309448155,
    3.97987751339));
#3401 = CARTESIAN_POINT('',(-2.780577273114,-0.666356061265,
    4.010175728105));
#3402 = CARTESIAN_POINT('',(-2.724036766963,-0.890917896,4.023053870783)
  );
#3403 = CARTESIAN_POINT('',(-2.646779107921,-1.109897751518,
    4.035930695543));
#3404 = CARTESIAN_POINT('',(-2.549476020571,-1.32106921841,
    4.048805196059));
#3405 = CARTESIAN_POINT('',(-2.433064415275,-1.52233286821,
    4.061678620353));
#3406 = CARTESIAN_POINT('',(-2.298721597641,-1.711718158707,
    4.074552537603));
#3407 = CARTESIAN_POINT('',(-2.147873371379,-1.887401611239,
    4.087426903461));
#3408 = CARTESIAN_POINT('',(-1.79264935819,-2.231262184749,
    4.115030214723));
#3409 = CARTESIAN_POINT('',(-1.583566182746,-2.394799543974,
    4.129767530491));
#3410 = CARTESIAN_POINT('',(-1.357554559625,-2.535812888692,
    4.14450119326));
#3411 = CARTESIAN_POINT('',(-1.117485423022,-2.65230545425,
    4.159232390614));
#3412 = CARTESIAN_POINT('',(-0.866435960052,-2.742733471592,
    4.17396494614));
#3413 = CARTESIAN_POINT('',(-0.607660185817,-2.805974381613,
    4.188702409236));
#3414 = CARTESIAN_POINT('',(-0.344590987417,-2.841369076339,
    4.203445231424));
#3415 = CARTESIAN_POINT('',(0.186250420909,-2.856432202321,4.23310844477
    ));
#3416 = CARTESIAN_POINT('',(0.454271546078,-2.835396383493,
    4.248041670073));
#3417 = CARTESIAN_POINT('',(0.71946997722,-2.785596911727,4.262972642995
    ));
#3418 = CARTESIAN_POINT('',(0.978244391061,-2.70752383247,4.27790048061)
  );
#3419 = CARTESIAN_POINT('',(1.227157335961,-2.602165304621,
    4.292826137533));
#3420 = CARTESIAN_POINT('',(1.46293576806,-2.470960513906,4.307751180432
    ));
#3421 = CARTESIAN_POINT('',(1.682500299138,-2.315833327966,
    4.322676390538));
#3422 = CARTESIAN_POINT('',(2.004029607229,-2.032814852884,
    4.346590404753));
#3423 = CARTESIAN_POINT('',(2.118122264976,-1.918512011007,
    4.355587342705));
#3424 = CARTESIAN_POINT('',(2.224741429442,-1.796913444401,
    4.364583656691));
#3425 = CARTESIAN_POINT('',(2.323344078565,-1.668592216086,
    4.373579712228));
#3426 = CARTESIAN_POINT('',(2.413443887925,-1.534164516938,
    4.382576270145));
#3427 = CARTESIAN_POINT('',(2.494612377327,-1.394288033554,
    4.391574020375));
#3428 = CARTESIAN_POINT('',(2.566480057367,-1.249660316127,
    4.400573115741));
#3429 = CARTESIAN_POINT('',(2.683325707066,-0.97068505131,4.417463653043
    ));
#3430 = CARTESIAN_POINT('',(2.730528402208,-0.837259909456,
    4.425355404648));
#3431 = CARTESIAN_POINT('',(2.770142043182,-0.701231566706,
    4.433247721402));
#3432 = CARTESIAN_POINT('',(2.802001208695,-0.563102041616,
    4.441140455787));
#3433 = CARTESIAN_POINT('',(2.825980074706,-0.423384837298,
    4.449033433884));
#3434 = CARTESIAN_POINT('',(2.841993814705,-0.282604253405,
    4.456926337348));
#3435 = CARTESIAN_POINT('',(2.85,-0.141294698092,4.46481858537));
#3436 = CARTESIAN_POINT('',(2.85,1.7763568394E-14,4.472709216647));
#3437 = PCURVE('',#416,#3438);
#3438 = DEFINITIONAL_REPRESENTATION('',(#3439),#3505);
#3439 = B_SPLINE_CURVE_WITH_KNOTS('',8,(#3440,#3441,#3442,#3443,#3444,
    #3445,#3446,#3447,#3448,#3449,#3450,#3451,#3452,#3453,#3454,#3455,
    #3456,#3457,#3458,#3459,#3460,#3461,#3462,#3463,#3464,#3465,#3466,
    #3467,#3468,#3469,#3470,#3471,#3472,#3473,#3474,#3475,#3476,#3477,
    #3478,#3479,#3480,#3481,#3482,#3483,#3484,#3485,#3486,#3487,#3488,
    #3489,#3490,#3491,#3492,#3493,#3494,#3495,#3496,#3497,#3498,#3499,
    #3500,#3501,#3502,#3503,#3504),.UNSPECIFIED.,.F.,.F.,(9,7,7,7,7,7,7,
    7,7,9),(0.,0.174462814032,0.28219785552,0.385120037217,
    0.524534507839,0.627545573145,0.745449573284,0.864845403896,
    0.936858267094,1.),.UNSPECIFIED.);
#3440 = CARTESIAN_POINT('',(5.696352704036E-02,19.086795394702));
#3441 = CARTESIAN_POINT('',(5.696106589913E-02,19.225515441922));
#3442 = CARTESIAN_POINT('',(5.697622579257E-02,19.364470946046));
#3443 = CARTESIAN_POINT('',(5.701289586324E-02,19.503287734739));
#3444 = CARTESIAN_POINT('',(5.698733078327E-02,19.642026195752));
#3445 = CARTESIAN_POINT('',(5.69577525494E-02,19.780760751037));
#3446 = CARTESIAN_POINT('',(5.693529900505E-02,19.919585121033));
#3447 = CARTESIAN_POINT('',(5.692908760332E-02,20.058583920874));
#3448 = CARTESIAN_POINT('',(5.693721152188E-02,20.282941604789));
#3449 = CARTESIAN_POINT('',(5.694463378769E-02,20.368621779827));
#3450 = CARTESIAN_POINT('',(5.695557700171E-02,20.454292313008));
#3451 = CARTESIAN_POINT('',(5.696767142693E-02,20.539949837775));
#3452 = CARTESIAN_POINT('',(5.697841465425E-02,20.625607527024));
#3453 = CARTESIAN_POINT('',(5.698607156315E-02,20.711278706926));
#3454 = CARTESIAN_POINT('',(5.69900370168E-02,20.796960671347));
#3455 = CARTESIAN_POINT('',(5.699125767821E-02,20.964450111621));
#3456 = CARTESIAN_POINT('',(5.69888046531E-02,21.046299655422));
#3457 = CARTESIAN_POINT('',(5.698350914527E-02,21.128140681028));
#3458 = CARTESIAN_POINT('',(5.697643628324E-02,21.209971734922));
#3459 = CARTESIAN_POINT('',(5.696894377519E-02,21.291803790567));
#3460 = CARTESIAN_POINT('',(5.696224706084E-02,21.373647306999));
#3461 = CARTESIAN_POINT('',(5.69571152349E-02,21.45549911272));
#3462 = CARTESIAN_POINT('',(5.694906853684E-02,21.648172921835));
#3463 = CARTESIAN_POINT('',(5.694760001994E-02,21.759110250472));
#3464 = CARTESIAN_POINT('',(5.694978108517E-02,21.869999684688));
#3465 = CARTESIAN_POINT('',(5.695443472492E-02,21.980853333005));
#3466 = CARTESIAN_POINT('',(5.695858057128E-02,22.091706309888));
#3467 = CARTESIAN_POINT('',(5.696024813725E-02,22.202593386474));
#3468 = CARTESIAN_POINT('',(5.695950892713E-02,22.313528909138));
#3469 = CARTESIAN_POINT('',(5.695594260369E-02,22.506283313157));
#3470 = CARTESIAN_POINT('',(5.695371994762E-02,22.58821069608));
#3471 = CARTESIAN_POINT('',(5.695118816471E-02,22.670128751768));
#3472 = CARTESIAN_POINT('',(5.694918238429E-02,22.752033623385));
#3473 = CARTESIAN_POINT('',(5.694855479641E-02,22.833935848856));
#3474 = CARTESIAN_POINT('',(5.694986253323E-02,22.915847109986));
#3475 = CARTESIAN_POINT('',(5.695316336794E-02,22.997767300719));
#3476 = CARTESIAN_POINT('',(5.696336267772E-02,23.173417975425));
#3477 = CARTESIAN_POINT('',(5.697072953088E-02,23.267203141603));
#3478 = CARTESIAN_POINT('',(5.697926527905E-02,23.360968629488));
#3479 = CARTESIAN_POINT('',(5.698742298765E-02,23.454717279366));
#3480 = CARTESIAN_POINT('',(5.69929133865E-02,23.548466439698));
#3481 = CARTESIAN_POINT('',(5.699393376461E-02,23.642233197624));
#3482 = CARTESIAN_POINT('',(5.69902941354E-02,23.736019846722));
#3483 = CARTESIAN_POINT('',(5.69759338575E-02,23.924701301175));
#3484 = CARTESIAN_POINT('',(5.69651096024E-02,24.019677444942));
#3485 = CARTESIAN_POINT('',(5.695192754029E-02,24.114632071305));
#3486 = CARTESIAN_POINT('',(5.693886138842E-02,24.20956710327));
#3487 = CARTESIAN_POINT('',(5.692984797036E-02,24.304500614751));
#3488 = CARTESIAN_POINT('',(5.692784061868E-02,24.399451575832));
#3489 = CARTESIAN_POINT('',(5.693258363705E-02,24.494424177537));
#3490 = CARTESIAN_POINT('',(5.694688752894E-02,24.646615078074));
#3491 = CARTESIAN_POINT('',(5.695377347285E-02,24.703876972733));
#3492 = CARTESIAN_POINT('',(5.696167590483E-02,24.761137996049));
#3493 = CARTESIAN_POINT('',(5.696967914842E-02,24.818397682322));
#3494 = CARTESIAN_POINT('',(5.69767104322E-02,24.87565760208));
#3495 = CARTESIAN_POINT('',(5.698181050671E-02,24.932919220831));
#3496 = CARTESIAN_POINT('',(5.698440426139E-02,24.990181757815));
#3497 = CARTESIAN_POINT('',(5.698471783929E-02,25.097644790142));
#3498 = CARTESIAN_POINT('',(5.698291032955E-02,25.14784869646));
#3499 = CARTESIAN_POINT('',(5.697939681068E-02,25.198050998131));
#3500 = CARTESIAN_POINT('',(5.697469529814E-02,25.248252335622));
#3501 = CARTESIAN_POINT('',(5.696954996967E-02,25.298453870829));
#3502 = CARTESIAN_POINT('',(5.696488731054E-02,25.348656402468));
#3503 = CARTESIAN_POINT('',(5.696177225879E-02,25.39885948145));
#3504 = CARTESIAN_POINT('',(5.696136435046E-02,25.449060526269));
#3505 = ( GEOMETRIC_REPRESENTATION_CONTEXT(2) 
PARAMETRIC_REPRESENTATION_CONTEXT() REPRESENTATION_CONTEXT('2D SPACE',''
  ) );
#3506 = PCURVE('',#1789,#3507);
#3507 = DEFINITIONAL_REPRESENTATION('',(#3508),#3574);
#3508 = B_SPLINE_CURVE_WITH_KNOTS('',8,(#3509,#3510,#3511,#3512,#3513,
    #3514,#3515,#3516,#3517,#3518,#3519,#3520,#3521,#3522,#3523,#3524,
    #3525,#3526,#3527,#3528,#3529,#3530,#3531,#3532,#3533,#3534,#3535,
    #3536,#3537,#3538,#3539,#3540,#3541,#3542,#3543,#3544,#3545,#3546,
    #3547,#3548,#3549,#3550,#3551,#3552,#3553,#3554,#3555,#3556,#3557,
    #3558,#3559,#3560,#3561,#3562,#3563,#3564,#3565,#3566,#3567,#3568,
    #3569,#3570,#3571,#3572,#3573),.UNSPECIFIED.,.F.,.F.,(9,7,7,7,7,7,7,
    7,7,9),(0.,0.174462814032,0.28219785552,0.385120037217,
    0.524534507839,0.627545573145,0.745449573284,0.864845403896,
    0.936858267094,1.),.UNSPECIFIED.);
#3509 = CARTESIAN_POINT('',(0.,-3.472708180476));
#3510 = CARTESIAN_POINT('',(-0.136995779679,-3.494512922414));
#3511 = CARTESIAN_POINT('',(-0.274249105908,-3.516346230302));
#3512 = CARTESIAN_POINT('',(-0.411335122323,-3.53814742922));
#3513 = CARTESIAN_POINT('',(-0.548333894487,-3.559966135241));
#3514 = CARTESIAN_POINT('',(-0.685336524541,-3.581786149325));
#3515 = CARTESIAN_POINT('',(-0.822432516757,-3.603616867059));
#3516 = CARTESIAN_POINT('',(-0.959704263575,-3.62546721921));
#3517 = CARTESIAN_POINT('',(-1.181275671547,-3.660727133049));
#3518 = CARTESIAN_POINT('',(-1.265892142672,-3.674190506309));
#3519 = CARTESIAN_POINT('',(-1.350498888687,-3.68765067716));
#3520 = CARTESIAN_POINT('',(-1.435092176502,-3.701108251827));
#3521 = CARTESIAN_POINT('',(-1.519684935172,-3.714566499718));
#3522 = CARTESIAN_POINT('',(-1.604290580015,-3.728028346718));
#3523 = CARTESIAN_POINT('',(-1.68890685791,-3.74149365742));
#3524 = CARTESIAN_POINT('',(-1.854313543371,-3.767818514361));
#3525 = CARTESIAN_POINT('',(-1.935145482649,-3.780684532914));
#3526 = CARTESIAN_POINT('',(-2.015969460575,-3.793550574475));
#3527 = CARTESIAN_POINT('',(-2.096784205696,-3.806415900267));
#3528 = CARTESIAN_POINT('',(-2.177600534407,-3.819281584565));
#3529 = CARTESIAN_POINT('',(-2.25842855954,-3.832148688956));
#3530 = CARTESIAN_POINT('',(-2.339264819299,-3.845016346473));
#3531 = CARTESIAN_POINT('',(-2.529547582667,-3.875304040142));
#3532 = CARTESIAN_POINT('',(-2.639107792435,-3.892741509774));
#3533 = CARTESIAN_POINT('',(-2.74861960111,-3.910169702959));
#3534 = CARTESIAN_POINT('',(-2.858094360854,-3.927591086798));
#3535 = CARTESIAN_POINT('',(-2.967566757579,-3.945012608389));
#3536 = CARTESIAN_POINT('',(-3.077072019015,-3.962440677034));
#3537 = CARTESIAN_POINT('',(-3.186625254384,-3.97987751339));
#3538 = CARTESIAN_POINT('',(-3.376979216813,-4.010175728105));
#3539 = CARTESIAN_POINT('',(-3.457886745528,-4.023053870783));
#3540 = CARTESIAN_POINT('',(-3.538785739725,-4.035930695543));
#3541 = CARTESIAN_POINT('',(-3.619672553798,-4.048805196059));
#3542 = CARTESIAN_POINT('',(-3.70055757614,-4.061678620353));
#3543 = CARTESIAN_POINT('',(-3.78145213747,-4.074552537603));
#3544 = CARTESIAN_POINT('',(-3.86235581433,-4.087426903461));
#3545 = CARTESIAN_POINT('',(-4.0358269555,-4.115030214723));
#3546 = CARTESIAN_POINT('',(-4.128448426638,-4.129767530491));
#3547 = CARTESIAN_POINT('',(-4.221050071403,-4.14450119326));
#3548 = CARTESIAN_POINT('',(-4.313634284721,-4.159232390614));
#3549 = CARTESIAN_POINT('',(-4.406218100129,-4.17396494614));
#3550 = CARTESIAN_POINT('',(-4.498818680314,-4.188702409236));
#3551 = CARTESIAN_POINT('',(-4.591438806499,-4.203445231424));
#3552 = CARTESIAN_POINT('',(-4.777773922475,-4.23310844477));
#3553 = CARTESIAN_POINT('',(-4.871569250747,-4.248041670073));
#3554 = CARTESIAN_POINT('',(-4.965343928271,-4.262972642995));
#3555 = CARTESIAN_POINT('',(-5.059100134383,-4.27790048061));
#3556 = CARTESIAN_POINT('',(-5.1528554223,-4.292826137533));
#3557 = CARTESIAN_POINT('',(-5.246627622151,-4.307751180432));
#3558 = CARTESIAN_POINT('',(-5.340419837652,-4.322676390538));
#3559 = CARTESIAN_POINT('',(-5.490716785215,-4.346590404753));
#3560 = CARTESIAN_POINT('',(-5.547265550184,-4.355587342705));
#3561 = CARTESIAN_POINT('',(-5.603812820841,-4.364583656691));
#3562 = CARTESIAN_POINT('',(-5.660358237692,-4.373579712228));
#3563 = CARTESIAN_POINT('',(-5.716903612993,-4.382576270145));
#3564 = CARTESIAN_POINT('',(-5.773450771831,-4.391574020375));
#3565 = CARTESIAN_POINT('',(-5.829999393195,-4.400573115741));
#3566 = CARTESIAN_POINT('',(-5.93612457943,-4.417463653043));
#3567 = CARTESIAN_POINT('',(-5.98570427587,-4.425355404648));
#3568 = CARTESIAN_POINT('',(-6.035283372405,-4.433247721402));
#3569 = CARTESIAN_POINT('',(-6.084862737799,-4.441140455787));
#3570 = CARTESIAN_POINT('',(-6.134443512519,-4.449033433884));
#3571 = CARTESIAN_POINT('',(-6.184025943704,-4.456926337348));
#3572 = CARTESIAN_POINT('',(-6.23360822013,-4.46481858537));
#3573 = CARTESIAN_POINT('',(-6.28318530718,-4.472709216647));
#3574 = ( GEOMETRIC_REPRESENTATION_CONTEXT(2) 
PARAMETRIC_REPRESENTATION_CONTEXT() REPRESENTATION_CONTEXT('2D SPACE',''
  ) );
#3575 = ORIENTED_EDGE('',*,*,#3576,.F.);
#3576 = EDGE_CURVE('',#3577,#3368,#3579,.T.);
#3577 = VERTEX_POINT('',#3578);
#3578 = CARTESIAN_POINT('',(2.85,0.,2.472709216646));
#3579 = SURFACE_CURVE('',#3580,(#3646,#3715),.PCURVE_S1.);
#3580 = B_SPLINE_CURVE_WITH_KNOTS('',8,(#3581,#3582,#3583,#3584,#3585,
    #3586,#3587,#3588,#3589,#3590,#3591,#3592,#3593,#3594,#3595,#3596,
    #3597,#3598,#3599,#3600,#3601,#3602,#3603,#3604,#3605,#3606,#3607,
    #3608,#3609,#3610,#3611,#3612,#3613,#3614,#3615,#3616,#3617,#3618,
    #3619,#3620,#3621,#3622,#3623,#3624,#3625,#3626,#3627,#3628,#3629,
    #3630,#3631,#3632,#3633,#3634,#3635,#3636,#3637,#3638,#3639,#3640,
    #3641,#3642,#3643,#3644,#3645),.UNSPECIFIED.,.F.,.F.,(9,7,7,7,7,7,7,
    7,7,9),(0.,0.168257103625,0.302184918408,0.412409502504,
    0.505946161534,0.640455736127,0.739308533084,0.848471540248,
    0.942304732699,1.),.UNSPECIFIED.);
#3581 = CARTESIAN_POINT('',(2.85,1.376676550535E-14,2.472709216646));
#3582 = CARTESIAN_POINT('',(2.85,0.376515036416,2.493735775765));
#3583 = CARTESIAN_POINT('',(2.793151995974,0.753681673734,2.514787407193
    ));
#3584 = CARTESIAN_POINT('',(2.679116088534,1.120430994228,2.535812051399
    ));
#3585 = CARTESIAN_POINT('',(2.510533165989,1.466833284766,2.556851305843
    ));
#3586 = CARTESIAN_POINT('',(2.291537901875,1.783782880448,2.577893910076
    ));
#3587 = CARTESIAN_POINT('',(2.028036557199,2.063202515791,2.598945936961
    ));
#3588 = CARTESIAN_POINT('',(1.727376740335,2.297919974213,2.620012787748
    ));
#3589 = CARTESIAN_POINT('',(1.138286140533,2.629947483048,2.657773309405
    ));
#3590 = CARTESIAN_POINT('',(0.859325075112,2.745831738786,2.674517493398
    ));
#3591 = CARTESIAN_POINT('',(0.567128986365,2.827730396842,2.691252682278
    ));
#3592 = CARTESIAN_POINT('',(0.266577444343,2.873995868088,2.707982562703
    ));
#3593 = CARTESIAN_POINT('',(-3.735577937714E-02,2.883799190271,
    2.724714485358));
#3594 = CARTESIAN_POINT('',(-0.339630634359,2.857041484234,
    2.741454519986));
#3595 = CARTESIAN_POINT('',(-0.635150232359,2.79444185888,2.758203471677
    ));
#3596 = CARTESIAN_POINT('',(-1.152336628281,2.618293517607,
    2.788717982141));
#3597 = CARTESIAN_POINT('',(-1.378036787502,2.515648648135,
    2.802499847695));
#3598 = CARTESIAN_POINT('',(-1.593161216001,2.390803362646,
    2.816280308929));
#3599 = CARTESIAN_POINT('',(-1.795176477894,2.245068771946,
    2.830058708426));
#3600 = CARTESIAN_POINT('',(-1.981779377661,2.08006058245,2.843836316585
    ));
#3601 = CARTESIAN_POINT('',(-2.150888410633,1.897670160291,
    2.857614806943));
#3602 = CARTESIAN_POINT('',(-2.300668848576,1.700078337443,
    2.871394526486));
#3603 = CARTESIAN_POINT('',(-2.539028500342,1.311353914888,
    2.896858433848));
#3604 = CARTESIAN_POINT('',(-2.633486215501,1.123697794423,
    2.908548896387));
#3605 = CARTESIAN_POINT('',(-2.712050292944,0.928332980696,2.9202382293)
  );
#3606 = CARTESIAN_POINT('',(-2.774004078895,0.726837013964,
    2.931926609164));
#3607 = CARTESIAN_POINT('',(-2.818819749124,0.520846912735,
    2.943615387933));
#3608 = CARTESIAN_POINT('',(-2.846151559582,0.312049464542,
    2.955305738161));
#3609 = CARTESIAN_POINT('',(-2.855849148458,0.102176503661,
    2.966997322611));
#3610 = CARTESIAN_POINT('',(-2.836690389312,-0.407791823243,
    2.995497209678));
#3611 = CARTESIAN_POINT('',(-2.789072745142,-0.707471519092,
    3.012322013394));
#3612 = CARTESIAN_POINT('',(-2.705239778213,-1.000556287681,
    3.029141127367));
#3613 = CARTESIAN_POINT('',(-2.586385158861,-1.281960941577,
    3.045954725853));
#3614 = CARTESIAN_POINT('',(-2.434415856698,-1.546938789295,
    3.062766336213));
#3615 = CARTESIAN_POINT('',(-2.251962649998,-1.791111653391,
    3.079580329923));
#3616 = CARTESIAN_POINT('',(-2.042331443397,-2.010473718659,
    3.096399352095));
#3617 = CARTESIAN_POINT('',(-1.638876062623,-2.342120845664,
    3.125557976536));
#3618 = CARTESIAN_POINT('',(-1.455471553799,-2.467475214593,
    3.137911806776));
#3619 = CARTESIAN_POINT('',(-1.261181921514,-2.576352514832,
    3.150264512751));
#3620 = CARTESIAN_POINT('',(-1.057748697376,-2.667670183662,
    3.162616318652));
#3621 = CARTESIAN_POINT('',(-0.84701474705,-2.740572133753,
    3.174969113741));
#3622 = CARTESIAN_POINT('',(-0.630909321264,-2.794419465374,
    3.187324617405));
#3623 = CARTESIAN_POINT('',(-0.411443527493,-2.828807861916,
    3.199682567559));
#3624 = CARTESIAN_POINT('',(5.303263600576E-02,-2.859959492156,
    3.225684049018));
#3625 = CARTESIAN_POINT('',(0.298456106968,-2.852433319348,
    3.239334673818));
#3626 = CARTESIAN_POINT('',(0.542713717815,-2.820819894435,
    3.252984724386));
#3627 = CARTESIAN_POINT('',(0.783051422754,-2.765341132904,
    3.266632880953));
#3628 = CARTESIAN_POINT('',(1.01679676148,-2.686575992103,3.280280209801
    ));
#3629 = CARTESIAN_POINT('',(1.241368714693,-2.585431819478,
    3.293927828231));
#3630 = CARTESIAN_POINT('',(1.454302256611,-2.463165178547,
    3.307574611083));
#3631 = CARTESIAN_POINT('',(1.824329342231,-2.199639956503,
    3.332939748647));
#3632 = CARTESIAN_POINT('',(1.985146741649,-2.063401830017,
    3.344665239884));
#3633 = CARTESIAN_POINT('',(2.134272271638,-1.913769168531,
    3.356388622795));
#3634 = CARTESIAN_POINT('',(2.270414940869,-1.751928723362,
    3.368110330322));
#3635 = CARTESIAN_POINT('',(2.392439705224,-1.579196088752,
    3.379832479706));
#3636 = CARTESIAN_POINT('',(2.499363383902,-1.397002439219,
    3.391557212818));
#3637 = CARTESIAN_POINT('',(2.590367084187,-1.206894517265,
    3.403284915177));
#3638 = CARTESIAN_POINT('',(2.710607197991,-0.889820099968,
    3.422223145748));
#3639 = CARTESIAN_POINT('',(2.750140713975,-0.766715899516,
    3.429434997691));
#3640 = CARTESIAN_POINT('',(2.783280074384,-0.64161591886,3.436647226342
    ));
#3641 = CARTESIAN_POINT('',(2.809909234173,-0.514908507827,
    3.443859971166));
#3642 = CARTESIAN_POINT('',(2.829940413261,-0.386988831182,
    3.451073023801));
#3643 = CARTESIAN_POINT('',(2.843314049062,-0.258258287126,
    3.458285597325));
#3644 = CARTESIAN_POINT('',(2.85,-0.129124230398,3.465496995286));
#3645 = CARTESIAN_POINT('',(2.85,-6.217248937901E-15,3.472708180476));
#3646 = PCURVE('',#416,#3647);
#3647 = DEFINITIONAL_REPRESENTATION('',(#3648),#3714);
#3648 = B_SPLINE_CURVE_WITH_KNOTS('',8,(#3649,#3650,#3651,#3652,#3653,
    #3654,#3655,#3656,#3657,#3658,#3659,#3660,#3661,#3662,#3663,#3664,
    #3665,#3666,#3667,#3668,#3669,#3670,#3671,#3672,#3673,#3674,#3675,
    #3676,#3677,#3678,#3679,#3680,#3681,#3682,#3683,#3684,#3685,#3686,
    #3687,#3688,#3689,#3690,#3691,#3692,#3693,#3694,#3695,#3696,#3697,
    #3698,#3699,#3700,#3701,#3702,#3703,#3704,#3705,#3706,#3707,#3708,
    #3709,#3710,#3711,#3712,#3713),.UNSPECIFIED.,.F.,.F.,(9,7,7,7,7,7,7,
    7,7,9),(0.,0.168257103625,0.302184918408,0.412409502504,
    0.505946161534,0.640455736127,0.739308533084,0.848471540248,
    0.942304732699,1.),.UNSPECIFIED.);
#3649 = CARTESIAN_POINT('',(5.696136435152E-02,12.724530263135));
#3650 = CARTESIAN_POINT('',(5.696027737824E-02,12.858303493649));
#3651 = CARTESIAN_POINT('',(5.697490560233E-02,12.992284144735));
#3652 = CARTESIAN_POINT('',(5.700907646032E-02,13.126152667614));
#3653 = CARTESIAN_POINT('',(5.699044204869E-02,13.25995317779));
#3654 = CARTESIAN_POINT('',(5.696311309303E-02,13.393748501492));
#3655 = CARTESIAN_POINT('',(5.694018015406E-02,13.527617172679));
#3656 = CARTESIAN_POINT('',(5.693108927725E-02,13.661622351791));
#3657 = CARTESIAN_POINT('',(5.693469526042E-02,13.9018757939));
#3658 = CARTESIAN_POINT('',(5.694336284861E-02,14.008433152688));
#3659 = CARTESIAN_POINT('',(5.695827432281E-02,14.114952315051));
#3660 = CARTESIAN_POINT('',(5.697461395461E-02,14.221442057089));
#3661 = CARTESIAN_POINT('',(5.69870254113E-02,14.327932818344));
#3662 = CARTESIAN_POINT('',(5.699275121557E-02,14.434454810591));
#3663 = CARTESIAN_POINT('',(5.699268118045E-02,14.54101586843));
#3664 = CARTESIAN_POINT('',(5.69851115515E-02,14.735134200286));
#3665 = CARTESIAN_POINT('',(5.697894196673E-02,14.822799276554));
#3666 = CARTESIAN_POINT('',(5.697102150183E-02,14.910450081072));
#3667 = CARTESIAN_POINT('',(5.696299900762E-02,14.998087457288));
#3668 = CARTESIAN_POINT('',(5.695642947273E-02,15.085724227778));
#3669 = CARTESIAN_POINT('',(5.695216259268E-02,15.173373630089));
#3670 = CARTESIAN_POINT('',(5.695013954358E-02,15.261037692536));
#3671 = CARTESIAN_POINT('',(5.69496527579E-02,15.423044338618));
#3672 = CARTESIAN_POINT('',(5.695069075495E-02,15.497425324863));
#3673 = CARTESIAN_POINT('',(5.695270660598E-02,15.571802104852));
#3674 = CARTESIAN_POINT('',(5.695511267739E-02,15.64617401078));
#3675 = CARTESIAN_POINT('',(5.695727768821E-02,15.720547719838));
#3676 = CARTESIAN_POINT('',(5.695871729784E-02,15.794929215739));
#3677 = CARTESIAN_POINT('',(5.695921489787E-02,15.869315692617));
#3678 = CARTESIAN_POINT('',(5.695838038035E-02,16.050636986549));
#3679 = CARTESIAN_POINT('',(5.695614125772E-02,16.157674023187));
#3680 = CARTESIAN_POINT('',(5.695240736347E-02,16.264670303756));
#3681 = CARTESIAN_POINT('',(5.694856581428E-02,16.371631165161));
#3682 = CARTESIAN_POINT('',(5.694712270015E-02,16.4785866886));
#3683 = CARTESIAN_POINT('',(5.694967690425E-02,16.585569560349));
#3684 = CARTESIAN_POINT('',(5.695563810482E-02,16.692594809841));
#3685 = CARTESIAN_POINT('',(5.696888186413E-02,16.878150079549));
#3686 = CARTESIAN_POINT('',(5.697538754077E-02,16.95676825378));
#3687 = CARTESIAN_POINT('',(5.698214926148E-02,17.035380055609));
#3688 = CARTESIAN_POINT('',(5.698805467679E-02,17.113983520696));
#3689 = CARTESIAN_POINT('',(5.69919355592E-02,17.192587107996));
#3690 = CARTESIAN_POINT('',(5.699292019584E-02,17.271199099534));
#3691 = CARTESIAN_POINT('',(5.699072125056E-02,17.349816951993));
#3692 = CARTESIAN_POINT('',(5.698048982398E-02,17.515214083048));
#3693 = CARTESIAN_POINT('',(5.697188922041E-02,17.602036760576));
#3694 = CARTESIAN_POINT('',(5.696055426974E-02,17.688847449749));
#3695 = CARTESIAN_POINT('',(5.694832990865E-02,17.775643377619));
#3696 = CARTESIAN_POINT('',(5.693777689376E-02,17.86243913394));
#3697 = CARTESIAN_POINT('',(5.693136104461E-02,17.949249343699));
#3698 = CARTESIAN_POINT('',(5.693046386107E-02,18.036071059538));
#3699 = CARTESIAN_POINT('',(5.693743846323E-02,18.19747205008));
#3700 = CARTESIAN_POINT('',(5.694410375092E-02,18.272093051539));
#3701 = CARTESIAN_POINT('',(5.695387934662E-02,18.346710120281));
#3702 = CARTESIAN_POINT('',(5.696526461068E-02,18.421321436424));
#3703 = CARTESIAN_POINT('',(5.697589629963E-02,18.495933266642));
#3704 = CARTESIAN_POINT('',(5.698326314179E-02,18.570551583103));
#3705 = CARTESIAN_POINT('',(5.698582798442E-02,18.645174153036));
#3706 = CARTESIAN_POINT('',(5.698377633646E-02,18.765657943035));
#3707 = CARTESIAN_POINT('',(5.698136355099E-02,18.811534302417));
#3708 = CARTESIAN_POINT('',(5.697818655013E-02,18.85741072904));
#3709 = CARTESIAN_POINT('',(5.697387655111E-02,18.903286986087));
#3710 = CARTESIAN_POINT('',(5.696900106823E-02,18.949163477793));
#3711 = CARTESIAN_POINT('',(5.69653508072E-02,18.995040656036));
#3712 = CARTESIAN_POINT('',(5.696434098006E-02,19.040918403685));
#3713 = CARTESIAN_POINT('',(5.696352704036E-02,19.086795394702));
#3714 = ( GEOMETRIC_REPRESENTATION_CONTEXT(2) 
PARAMETRIC_REPRESENTATION_CONTEXT() REPRESENTATION_CONTEXT('2D SPACE',''
  ) );
#3715 = PCURVE('',#1589,#3716);
#3716 = DEFINITIONAL_REPRESENTATION('',(#3717),#3783);
#3717 = B_SPLINE_CURVE_WITH_KNOTS('',8,(#3718,#3719,#3720,#3721,#3722,
    #3723,#3724,#3725,#3726,#3727,#3728,#3729,#3730,#3731,#3732,#3733,
    #3734,#3735,#3736,#3737,#3738,#3739,#3740,#3741,#3742,#3743,#3744,
    #3745,#3746,#3747,#3748,#3749,#3750,#3751,#3752,#3753,#3754,#3755,
    #3756,#3757,#3758,#3759,#3760,#3761,#3762,#3763,#3764,#3765,#3766,
    #3767,#3768,#3769,#3770,#3771,#3772,#3773,#3774,#3775,#3776,#3777,
    #3778,#3779,#3780,#3781,#3782),.UNSPECIFIED.,.F.,.F.,(9,7,7,7,7,7,7,
    7,7,9),(0.,0.168257103625,0.302184918408,0.412409502504,
    0.505946161534,0.640455736127,0.739308533084,0.848471540248,
    0.942304732699,1.),.UNSPECIFIED.);
#3718 = CARTESIAN_POINT('',(0.,-2.472709216646));
#3719 = CARTESIAN_POINT('',(-0.132110539093,-2.493735775765));
#3720 = CARTESIAN_POINT('',(-0.264449061615,-2.514787407193));
#3721 = CARTESIAN_POINT('',(-0.396650508845,-2.535812051399));
#3722 = CARTESIAN_POINT('',(-0.528774259648,-2.556851305842));
#3723 = CARTESIAN_POINT('',(-0.660898476222,-2.577893910076));
#3724 = CARTESIAN_POINT('',(-0.793099554127,-2.598945936961));
#3725 = CARTESIAN_POINT('',(-0.925439023205,-2.620012787748));
#3726 = CARTESIAN_POINT('',(-1.162708293973,-2.657773309405));
#3727 = CARTESIAN_POINT('',(-1.267942921371,-2.674517493398));
#3728 = CARTESIAN_POINT('',(-1.373139635677,-2.691252682278));
#3729 = CARTESIAN_POINT('',(-1.47830599691,-2.707982562703));
#3730 = CARTESIAN_POINT('',(-1.583472202817,-2.724714485358));
#3731 = CARTESIAN_POINT('',(-1.68866899555,-2.741454519986));
#3732 = CARTESIAN_POINT('',(-1.793904803693,-2.758203471677));
#3733 = CARTESIAN_POINT('',(-1.985610309817,-2.788717982141));
#3734 = CARTESIAN_POINT('',(-2.072186234473,-2.802499847695));
#3735 = CARTESIAN_POINT('',(-2.158748725161,-2.816280308929));
#3736 = CARTESIAN_POINT('',(-2.245298603617,-2.830058708426));
#3737 = CARTESIAN_POINT('',(-2.33184823305,-2.843836316585));
#3738 = CARTESIAN_POINT('',(-2.418410240589,-2.857614806943));
#3739 = CARTESIAN_POINT('',(-2.504986251011,-2.871394526486));
#3740 = CARTESIAN_POINT('',(-2.664980864756,-2.896858433848));
#3741 = CARTESIAN_POINT('',(-2.738437586446,-2.908548896387));
#3742 = CARTESIAN_POINT('',(-2.811889527022,-2.9202382293));
#3743 = CARTESIAN_POINT('',(-2.88533598467,-2.931926609164));
#3744 = CARTESIAN_POINT('',(-2.958783633654,-2.943615387933));
#3745 = CARTESIAN_POINT('',(-3.032238576403,-2.955305738161));
#3746 = CARTESIAN_POINT('',(-3.105698297768,-2.966997322611));
#3747 = CARTESIAN_POINT('',(-3.2847607831,-2.995497209678));
#3748 = CARTESIAN_POINT('',(-3.390464587644,-3.012322013394));
#3749 = CARTESIAN_POINT('',(-3.496129013537,-3.029141127367));
#3750 = CARTESIAN_POINT('',(-3.60175995571,-3.045954725853));
#3751 = CARTESIAN_POINT('',(-3.707387281517,-3.062766336213));
#3752 = CARTESIAN_POINT('',(-3.813042643634,-3.079580329923));
#3753 = CARTESIAN_POINT('',(-3.91874010453,-3.096399352095));
#3754 = CARTESIAN_POINT('',(-4.101992772464,-3.125557976536));
#3755 = CARTESIAN_POINT('',(-4.179635184102,-3.137911806776));
#3756 = CARTESIAN_POINT('',(-4.257270910724,-3.150264512751));
#3757 = CARTESIAN_POINT('',(-4.334897848032,-3.162616318652));
#3758 = CARTESIAN_POINT('',(-4.412524342654,-3.174969113741));
#3759 = CARTESIAN_POINT('',(-4.490158739012,-3.187324617405));
#3760 = CARTESIAN_POINT('',(-4.567798794571,-3.199682567559));
#3761 = CARTESIAN_POINT('',(-4.731139017361,-3.225684049018));
#3762 = CARTESIAN_POINT('',(-4.816882070128,-3.239334673818));
#3763 = CARTESIAN_POINT('',(-4.902613674536,-3.252984724386));
#3764 = CARTESIAN_POINT('',(-4.988331390854,-3.266632880953));
#3765 = CARTESIAN_POINT('',(-5.074049580621,-3.280280209801));
#3766 = CARTESIAN_POINT('',(-5.159782209754,-3.293927828231));
#3767 = CARTESIAN_POINT('',(-5.245525660965,-3.307574611083));
#3768 = CARTESIAN_POINT('',(-5.404920324862,-3.332939748647));
#3769 = CARTESIAN_POINT('',(-5.47861299005,-3.344665239884));
#3770 = CARTESIAN_POINT('',(-5.552300818701,-3.356388622795));
#3771 = CARTESIAN_POINT('',(-5.625981761261,-3.368110330322));
#3772 = CARTESIAN_POINT('',(-5.699662278462,-3.379832479706));
#3773 = CARTESIAN_POINT('',(-5.773349185647,-3.391557212818));
#3774 = CARTESIAN_POINT('',(-5.84704151394,-3.403284915177));
#3775 = CARTESIAN_POINT('',(-5.966026588475,-3.422223145748));
#3776 = CARTESIAN_POINT('',(-6.011333035108,-3.429434997691));
#3777 = CARTESIAN_POINT('',(-6.05664046082,-3.436647226342));
#3778 = CARTESIAN_POINT('',(-6.101948700031,-3.443859971166));
#3779 = CARTESIAN_POINT('',(-6.147258020932,-3.451073023801));
#3780 = CARTESIAN_POINT('',(-6.192568374381,-3.458285597325));
#3781 = CARTESIAN_POINT('',(-6.237878559672,-3.465496995286));
#3782 = CARTESIAN_POINT('',(-6.28318530718,-3.472708180476));
#3783 = ( GEOMETRIC_REPRESENTATION_CONTEXT(2) 
PARAMETRIC_REPRESENTATION_CONTEXT() REPRESENTATION_CONTEXT('2D SPACE',''
  ) );
#3784 = ORIENTED_EDGE('',*,*,#3785,.F.);
#3785 = EDGE_CURVE('',#610,#3577,#3786,.T.);
#3786 = SURFACE_CURVE('',#3787,(#3853,#3922),.PCURVE_S1.);
#3787 = B_SPLINE_CURVE_WITH_KNOTS('',8,(#3788,#3789,#3790,#3791,#3792,
    #3793,#3794,#3795,#3796,#3797,#3798,#3799,#3800,#3801,#3802,#3803,
    #3804,#3805,#3806,#3807,#3808,#3809,#3810,#3811,#3812,#3813,#3814,
    #3815,#3816,#3817,#3818,#3819,#3820,#3821,#3822,#3823,#3824,#3825,
    #3826,#3827,#3828,#3829,#3830,#3831,#3832,#3833,#3834,#3835,#3836,
    #3837,#3838,#3839,#3840,#3841,#3842,#3843,#3844,#3845,#3846,#3847,
    #3848,#3849,#3850,#3851,#3852),.UNSPECIFIED.,.F.,.F.,(9,7,7,7,7,7,7,
    7,7,9),(0.,0.169602855201,0.308995316034,0.420760078796,
    0.519972250434,0.616935281815,0.724898515434,0.869218616247,
    0.942468065708,1.),.UNSPECIFIED.);
#3788 = CARTESIAN_POINT('',(2.85,4.440892098501E-16,1.472709216646));
#3789 = CARTESIAN_POINT('',(2.85,0.379537262643,1.493904530644));
#3790 = CARTESIAN_POINT('',(2.792235678371,0.759724349303,1.515124661231
    ));
#3791 = CARTESIAN_POINT('',(2.676365726896,1.129234524318,1.536316896804
    ));
#3792 = CARTESIAN_POINT('',(2.505115702579,1.477909894802,1.557524550172
    ));
#3793 = CARTESIAN_POINT('',(2.282748802505,1.796435022894,1.578735275406
    ));
#3794 = CARTESIAN_POINT('',(2.015353905253,2.076571251466,1.59995584795)
  );
#3795 = CARTESIAN_POINT('',(1.710496628676,2.311003594651,1.621192228557
    ));
#3796 = CARTESIAN_POINT('',(1.105292991485,2.645396191426,1.659802244037
    ));
#3797 = CARTESIAN_POINT('',(0.813168148205,2.762229273875,1.677231320348
    ));
#3798 = CARTESIAN_POINT('',(0.507220652019,2.841989001882,1.694649889683
    ));
#3799 = CARTESIAN_POINT('',(0.192996539822,2.882938084127,1.712062282962
    ));
#3800 = CARTESIAN_POINT('',(-0.123874245707,2.884234011591,1.72947724908
    ));
#3801 = CARTESIAN_POINT('',(-0.437705615982,2.845970917902,
    1.746901043042));
#3802 = CARTESIAN_POINT('',(-0.742788017051,2.769127698982,
    1.764335520084));
#3803 = CARTESIAN_POINT('',(-1.266572976245,2.565316112457,
    1.795726896338));
#3804 = CARTESIAN_POINT('',(-1.490639165759,2.451212422189,
    1.809701813083));
#3805 = CARTESIAN_POINT('',(-1.702824032028,2.314785141742,
    1.823674826761));
#3806 = CARTESIAN_POINT('',(-1.900551495478,2.157519005526,
    1.837645352732));
#3807 = CARTESIAN_POINT('',(-2.081502660211,1.981208353076,1.85161490188
    ));
#3808 = CARTESIAN_POINT('',(-2.243605147928,1.787927181297,
    1.865585415199));
#3809 = CARTESIAN_POINT('',(-2.385061300361,1.580043391631,1.8795573634)
  );
#3810 = CARTESIAN_POINT('',(-2.61040043677,1.165161719679,1.905922081917
    ));
#3811 = CARTESIAN_POINT('',(-2.699023618073,0.960579206219,
    1.918322742015));
#3812 = CARTESIAN_POINT('',(-2.769273113109,0.748376151559,
    1.930722264532));
#3813 = CARTESIAN_POINT('',(-2.820407197029,0.530491021543,
    1.943120546992));
#3814 = CARTESIAN_POINT('',(-2.851930573076,0.308918297792,
    1.955519211491));
#3815 = CARTESIAN_POINT('',(-2.863581005849,8.569525966397E-02,
    1.967919757619));
#3816 = CARTESIAN_POINT('',(-2.85534528707,-0.137105340307,1.98032179653
    ));
#3817 = CARTESIAN_POINT('',(-2.800294930602,-0.57265452202,
    2.004839837535));
#3818 = CARTESIAN_POINT('',(-2.754347275075,-0.785610261494,
    2.016961120605));
#3819 = CARTESIAN_POINT('',(-2.689897342408,-0.994274684186,
    2.029081563312));
#3820 = CARTESIAN_POINT('',(-2.607433290369,-1.196774493615,
    2.041200463854));
#3821 = CARTESIAN_POINT('',(-2.507656089837,-1.391325008398,
    2.053318679697));
#3822 = CARTESIAN_POINT('',(-2.391463088951,-1.576233233984,
    2.065437221692));
#3823 = CARTESIAN_POINT('',(-2.259954710939,-1.749911336215,
    2.077555833298));
#3824 = CARTESIAN_POINT('',(-1.952468352145,-2.090153498632,
    2.103161773479));
#3825 = CARTESIAN_POINT('',(-1.773058697037,-2.253762616922,
    2.116654840028));
#3826 = CARTESIAN_POINT('',(-1.578065253877,-2.399671224236,
    2.130145413393));
#3827 = CARTESIAN_POINT('',(-1.36954847457,-2.526177448062,
    2.143633649616));
#3828 = CARTESIAN_POINT('',(-1.149751284833,-2.631878826318,
    2.157122446846));
#3829 = CARTESIAN_POINT('',(-0.921073576809,-2.715659648203,
    2.170614644249));
#3830 = CARTESIAN_POINT('',(-0.686069238781,-2.776721000342,
    2.184110174949));
#3831 = CARTESIAN_POINT('',(-0.128511922204,-2.865359898733,
    2.215639969183));
#3832 = CARTESIAN_POINT('',(0.197316259826,-2.874808175234,
    2.233697097798));
#3833 = CARTESIAN_POINT('',(0.523327987915,-2.841792704343,
    2.251748016943));
#3834 = CARTESIAN_POINT('',(0.843079010913,-2.766651808376,
    2.269793683912));
#3835 = CARTESIAN_POINT('',(1.150389805282,-2.650706173551,
    2.287837158565));
#3836 = CARTESIAN_POINT('',(1.439400585701,-2.496311265439,
    2.305881409002));
#3837 = CARTESIAN_POINT('',(1.704586094485,-2.306771733074,
    2.323930387583));
#3838 = CARTESIAN_POINT('',(2.061094918566,-1.97516036202,2.351112221042
    ));
#3839 = CARTESIAN_POINT('',(2.173789163997,-1.855620317768,
    2.360263518105));
#3840 = CARTESIAN_POINT('',(2.278534495038,-1.728755307839,
    2.369414312752));
#3841 = CARTESIAN_POINT('',(2.374779609678,-1.595185925092,
    2.378565038609));
#3842 = CARTESIAN_POINT('',(2.462034033331,-1.45557672423,2.387716501863
    ));
#3843 = CARTESIAN_POINT('',(2.539867487154,-1.310633284397,
    2.396869367773));
#3844 = CARTESIAN_POINT('',(2.607913322964,-1.161101958021,
    2.406023647739));
#3845 = CARTESIAN_POINT('',(2.711401368313,-0.88734339438,2.422368389104
    ));
#3846 = CARTESIAN_POINT('',(2.750711435673,-0.764558322263,
    2.429559621259));
#3847 = CARTESIAN_POINT('',(2.7836624344,-0.639794274875,2.436751055846)
  );
#3848 = CARTESIAN_POINT('',(2.810139564726,-0.513436371521,
    2.443943622781));
#3849 = CARTESIAN_POINT('',(2.830055959387,-0.385876476367,
    2.451135984392));
#3850 = CARTESIAN_POINT('',(2.843352687293,-0.25751297426,2.458327280156
    ));
#3851 = CARTESIAN_POINT('',(2.85,-0.128750673813,2.465519108968));
#3852 = CARTESIAN_POINT('',(2.85,1.376676550535E-14,2.472709216646));
#3853 = PCURVE('',#416,#3854);
#3854 = DEFINITIONAL_REPRESENTATION('',(#3855),#3921);
#3855 = B_SPLINE_CURVE_WITH_KNOTS('',8,(#3856,#3857,#3858,#3859,#3860,
    #3861,#3862,#3863,#3864,#3865,#3866,#3867,#3868,#3869,#3870,#3871,
    #3872,#3873,#3874,#3875,#3876,#3877,#3878,#3879,#3880,#3881,#3882,
    #3883,#3884,#3885,#3886,#3887,#3888,#3889,#3890,#3891,#3892,#3893,
    #3894,#3895,#3896,#3897,#3898,#3899,#3900,#3901,#3902,#3903,#3904,
    #3905,#3906,#3907,#3908,#3909,#3910,#3911,#3912,#3913,#3914,#3915,
    #3916,#3917,#3918,#3919,#3920),.UNSPECIFIED.,.F.,.F.,(9,7,7,7,7,7,7,
    7,7,9),(0.,0.169602855201,0.308995316034,0.420760078796,
    0.519972250434,0.616935281815,0.724898515434,0.869218616247,
    0.942468065708,1.),.UNSPECIFIED.);
#3856 = CARTESIAN_POINT('',(5.696136435194E-02,6.362265131567));
#3857 = CARTESIAN_POINT('',(5.696031449148E-02,6.497112138496));
#3858 = CARTESIAN_POINT('',(5.697517399214E-02,6.632165530901));
#3859 = CARTESIAN_POINT('',(5.700989330481E-02,6.767101986284));
#3860 = CARTESIAN_POINT('',(5.698984215527E-02,6.901969576492));
#3861 = CARTESIAN_POINT('',(5.696198777853E-02,7.036832929037));
#3862 = CARTESIAN_POINT('',(5.693909780862E-02,7.171774063332));
#3863 = CARTESIAN_POINT('',(5.693059032247E-02,7.306859614426));
#3864 = CARTESIAN_POINT('',(5.693542619795E-02,7.55252151046));
#3865 = CARTESIAN_POINT('',(5.694521851087E-02,7.663439764187));
#3866 = CARTESIAN_POINT('',(5.696135285628E-02,7.774310501795));
#3867 = CARTESIAN_POINT('',(5.697854892615E-02,7.885145182231));
#3868 = CARTESIAN_POINT('',(5.699007343046E-02,7.995978943436));
#3869 = CARTESIAN_POINT('',(5.699425302443E-02,8.106846480627));
#3870 = CARTESIAN_POINT('',(5.69922773221E-02,8.217763223567));
#3871 = CARTESIAN_POINT('',(5.698197124535E-02,8.417452066713));
#3872 = CARTESIAN_POINT('',(5.697497507439E-02,8.50634286621));
#3873 = CARTESIAN_POINT('',(5.696677764831E-02,8.595217896195));
#3874 = CARTESIAN_POINT('',(5.695912213782E-02,8.684078750634));
#3875 = CARTESIAN_POINT('',(5.695343808499E-02,8.772939399746));
#3876 = CARTESIAN_POINT('',(5.695030205522E-02,8.861813950154));
#3877 = CARTESIAN_POINT('',(5.694937519517E-02,8.950704363723));
#3878 = CARTESIAN_POINT('',(5.695052796058E-02,9.118447206953));
#3879 = CARTESIAN_POINT('',(5.695227446257E-02,9.19734881805));
#3880 = CARTESIAN_POINT('',(5.695477259216E-02,9.276245482691));
#3881 = CARTESIAN_POINT('',(5.695725135486E-02,9.355134198731));
#3882 = CARTESIAN_POINT('',(5.695900868158E-02,9.434023146302));
#3883 = CARTESIAN_POINT('',(5.695965070533E-02,9.512920665583));
#3884 = CARTESIAN_POINT('',(5.695918317991E-02,9.59182430018));
#3885 = CARTESIAN_POINT('',(5.6956754743E-02,9.747807175098));
#3886 = CARTESIAN_POINT('',(5.695482992123E-02,9.8249201244));
#3887 = CARTESIAN_POINT('',(5.695245828137E-02,9.902026365085));
#3888 = CARTESIAN_POINT('',(5.695026944883E-02,9.979123351345));
#3889 = CARTESIAN_POINT('',(5.69489787219E-02,10.056218719013));
#3890 = CARTESIAN_POINT('',(5.694916062519E-02,10.133320650678));
#3891 = CARTESIAN_POINT('',(5.695106226296E-02,10.2104282674));
#3892 = CARTESIAN_POINT('',(5.695823574531E-02,10.373361914276));
#3893 = CARTESIAN_POINT('',(5.696386004487E-02,10.459225525316));
#3894 = CARTESIAN_POINT('',(5.697112134083E-02,10.545078264008));
#3895 = CARTESIAN_POINT('',(5.697903511135E-02,10.630918122067));
#3896 = CARTESIAN_POINT('',(5.698612246765E-02,10.716759030275));
#3897 = CARTESIAN_POINT('',(5.699082571959E-02,10.802614303962));
#3898 = CARTESIAN_POINT('',(5.699205738172E-02,10.888480202757));
#3899 = CARTESIAN_POINT('',(5.698697550209E-02,11.089065622444));
#3900 = CARTESIAN_POINT('',(5.697794375567E-02,11.203922331323));
#3901 = CARTESIAN_POINT('',(5.696273700045E-02,11.318720711017));
#3902 = CARTESIAN_POINT('',(5.694419584679E-02,11.433475510972));
#3903 = CARTESIAN_POINT('',(5.692915697154E-02,11.548227038358));
#3904 = CARTESIAN_POINT('',(5.692552171592E-02,11.663018262531));
#3905 = CARTESIAN_POINT('',(5.693227433732E-02,11.777871233256));
#3906 = CARTESIAN_POINT('',(5.695035189751E-02,11.950864369281));
#3907 = CARTESIAN_POINT('',(5.695778255558E-02,12.009109997945));
#3908 = CARTESIAN_POINT('',(5.69659140914E-02,12.067354566549));
#3909 = CARTESIAN_POINT('',(5.697373916437E-02,12.125597763288));
#3910 = CARTESIAN_POINT('',(5.698014175264E-02,12.183841315434));
#3911 = CARTESIAN_POINT('',(5.698418450426E-02,12.242086598273));
#3912 = CARTESIAN_POINT('',(5.698542836275E-02,12.300332346035));
#3913 = CARTESIAN_POINT('',(5.698338602269E-02,12.404315698524));
#3914 = CARTESIAN_POINT('',(5.69808109306E-02,12.450060374621));
#3915 = CARTESIAN_POINT('',(5.69778475855E-02,12.49580515517));
#3916 = CARTESIAN_POINT('',(5.69724970255E-02,12.541549863276));
#3917 = CARTESIAN_POINT('',(5.696766263681E-02,12.587294838462));
#3918 = CARTESIAN_POINT('',(5.696522865493E-02,12.6330403494));
#3919 = CARTESIAN_POINT('',(5.696173604594E-02,12.678786024788));
#3920 = CARTESIAN_POINT('',(5.696136435152E-02,12.724530263135));
#3921 = ( GEOMETRIC_REPRESENTATION_CONTEXT(2) 
PARAMETRIC_REPRESENTATION_CONTEXT() REPRESENTATION_CONTEXT('2D SPACE',''
  ) );
#3922 = PCURVE('',#1000,#3923);
#3923 = DEFINITIONAL_REPRESENTATION('',(#3924),#3990);
#3924 = B_SPLINE_CURVE_WITH_KNOTS('',8,(#3925,#3926,#3927,#3928,#3929,
    #3930,#3931,#3932,#3933,#3934,#3935,#3936,#3937,#3938,#3939,#3940,
    #3941,#3942,#3943,#3944,#3945,#3946,#3947,#3948,#3949,#3950,#3951,
    #3952,#3953,#3954,#3955,#3956,#3957,#3958,#3959,#3960,#3961,#3962,
    #3963,#3964,#3965,#3966,#3967,#3968,#3969,#3970,#3971,#3972,#3973,
    #3974,#3975,#3976,#3977,#3978,#3979,#3980,#3981,#3982,#3983,#3984,
    #3985,#3986,#3987,#3988,#3989),.UNSPECIFIED.,.F.,.F.,(9,7,7,7,7,7,7,
    7,7,9),(0.,0.169602855201,0.308995316034,0.420760078796,
    0.519972250434,0.616935281815,0.724898515434,0.869218616247,
    0.942468065708,1.),.UNSPECIFIED.);
#3925 = CARTESIAN_POINT('',(0.,-1.472709216646));
#3926 = CARTESIAN_POINT('',(-0.133170969348,-1.493904530644));
#3927 = CARTESIAN_POINT('',(-0.266569269678,-1.515124661231));
#3928 = CARTESIAN_POINT('',(-0.399824914689,-1.536316896803));
#3929 = CARTESIAN_POINT('',(-0.533002139652,-1.557524550172));
#3930 = CARTESIAN_POINT('',(-0.666181213494,-1.578735275406));
#3931 = CARTESIAN_POINT('',(-0.799441590669,-1.59995584795));
#3932 = CARTESIAN_POINT('',(-0.932848164253,-1.621192228557));
#3933 = CARTESIAN_POINT('',(-1.175458837134,-1.659802244037));
#3934 = CARTESIAN_POINT('',(-1.285000251472,-1.677231320348));
#3935 = CARTESIAN_POINT('',(-1.394494418388,-1.694649889683));
#3936 = CARTESIAN_POINT('',(-1.503951462111,-1.712062282962));
#3937 = CARTESIAN_POINT('',(-1.613406400879,-1.729477249079));
#3938 = CARTESIAN_POINT('',(-1.722894650111,-1.746901043042));
#3939 = CARTESIAN_POINT('',(-1.832432147112,-1.764335520084));
#3940 = CARTESIAN_POINT('',(-2.029639440805,-1.795726896338));
#3941 = CARTESIAN_POINT('',(-2.117426148904,-1.809701813083));
#3942 = CARTESIAN_POINT('',(-2.20519795569,-1.823674826761));
#3943 = CARTESIAN_POINT('',(-2.292956338232,-1.837645352732));
#3944 = CARTESIAN_POINT('',(-2.380714711775,-1.85161490188));
#3945 = CARTESIAN_POINT('',(-2.468486525846,-1.865585415199));
#3946 = CARTESIAN_POINT('',(-2.556273367422,-1.8795573634));
#3947 = CARTESIAN_POINT('',(-2.721932195783,-1.905922081917));
#3948 = CARTESIAN_POINT('',(-2.799852922075,-1.918322742015));
#3949 = CARTESIAN_POINT('',(-2.87776802779,-1.930722264532));
#3950 = CARTESIAN_POINT('',(-2.955674573308,-1.943120546992));
#3951 = CARTESIAN_POINT('',(-3.033580812529,-1.955519211491));
#3952 = CARTESIAN_POINT('',(-3.111495273168,-1.967919757619));
#3953 = CARTESIAN_POINT('',(-3.189415856415,-1.98032179653));
#3954 = CARTESIAN_POINT('',(-3.343455991982,-2.004839837535));
#3955 = CARTESIAN_POINT('',(-3.419608820743,-2.016961120605));
#3956 = CARTESIAN_POINT('',(-3.495755561528,-2.029081563312));
#3957 = CARTESIAN_POINT('',(-3.571893871558,-2.041200463854));
#3958 = CARTESIAN_POINT('',(-3.648031328855,-2.053318679697));
#3959 = CARTESIAN_POINT('',(-3.724175900001,-2.065437221692));
#3960 = CARTESIAN_POINT('',(-3.800326492763,-2.077555833298));
#3961 = CARTESIAN_POINT('',(-3.96123824934,-2.103161773479));
#3962 = CARTESIAN_POINT('',(-4.046036565984,-2.116654840028));
#3963 = CARTESIAN_POINT('',(-4.130824044817,-2.130145413393));
#3964 = CARTESIAN_POINT('',(-4.215598323361,-2.143633649616));
#3965 = CARTESIAN_POINT('',(-4.300372936724,-2.157122446846));
#3966 = CARTESIAN_POINT('',(-4.385161063322,-2.170614644249));
#3967 = CARTESIAN_POINT('',(-4.469959255001,-2.184110174949));
#3968 = CARTESIAN_POINT('',(-4.668050179147,-2.215639969183));
#3969 = CARTESIAN_POINT('',(-4.781478287516,-2.233697097798));
#3970 = CARTESIAN_POINT('',(-4.894849280076,-2.251748016943));
#3971 = CARTESIAN_POINT('',(-5.008178487747,-2.269793683912));
#3972 = CARTESIAN_POINT('',(-5.121506179029,-2.287837158565));
#3973 = CARTESIAN_POINT('',(-5.234872854933,-2.305881409002));
#3974 = CARTESIAN_POINT('',(-5.348298296927,-2.323930387583));
#3975 = CARTESIAN_POINT('',(-5.519137891861,-2.351112221042));
#3976 = CARTESIAN_POINT('',(-5.576657856199,-2.360263518105));
#3977 = CARTESIAN_POINT('',(-5.634176198219,-2.369414312752));
#3978 = CARTESIAN_POINT('',(-5.69169270005,-2.378565038609));
#3979 = CARTESIAN_POINT('',(-5.749209365693,-2.387716501863));
#3980 = CARTESIAN_POINT('',(-5.806728051751,-2.396869367773));
#3981 = CARTESIAN_POINT('',(-5.864248066767,-2.406023647739));
#3982 = CARTESIAN_POINT('',(-5.966937974736,-2.422368389104));
#3983 = CARTESIAN_POINT('',(-6.012114383086,-2.429559621259));
#3984 = CARTESIAN_POINT('',(-6.057291804613,-2.436751055846));
#3985 = CARTESIAN_POINT('',(-6.102470129286,-2.443943622781));
#3986 = CARTESIAN_POINT('',(-6.147649562235,-2.451135984392));
#3987 = CARTESIAN_POINT('',(-6.192829877708,-2.458327280156));
#3988 = CARTESIAN_POINT('',(-6.238009632157,-2.465519108968));
#3989 = CARTESIAN_POINT('',(-6.28318530718,-2.472709216646));
#3990 = ( GEOMETRIC_REPRESENTATION_CONTEXT(2) 
PARAMETRIC_REPRESENTATION_CONTEXT() REPRESENTATION_CONTEXT('2D SPACE',''
  ) );
#3991 = ADVANCED_FACE('',(#3992),#1000,.T.);
#3992 = FACE_BOUND('',#3993,.F.);
#3993 = EDGE_LOOP('',(#3994,#3995,#3996,#3997));
#3994 = ORIENTED_EDGE('',*,*,#3785,.F.);
#3995 = ORIENTED_EDGE('',*,*,#986,.T.);
#3996 = ORIENTED_EDGE('',*,*,#1240,.T.);
#3997 = ORIENTED_EDGE('',*,*,#3998,.F.);
#3998 = EDGE_CURVE('',#3577,#1241,#3999,.T.);
#3999 = SURFACE_CURVE('',#4000,(#4004,#4011),.PCURVE_S1.);
#4000 = LINE('',#4001,#4002);
#4001 = CARTESIAN_POINT('',(2.85,0.,0.));
#4002 = VECTOR('',#4003,1.);
#4003 = DIRECTION('',(0.,0.,1.));
#4004 = PCURVE('',#1000,#4005);
#4005 = DEFINITIONAL_REPRESENTATION('',(#4006),#4010);
#4006 = LINE('',#4007,#4008);
#4007 = CARTESIAN_POINT('',(-6.28318530718,0.));
#4008 = VECTOR('',#4009,1.);
#4009 = DIRECTION('',(-0.,-1.));
#4010 = ( GEOMETRIC_REPRESENTATION_CONTEXT(2) 
PARAMETRIC_REPRESENTATION_CONTEXT() REPRESENTATION_CONTEXT('2D SPACE',''
  ) );
#4011 = PCURVE('',#1589,#4012);
#4012 = DEFINITIONAL_REPRESENTATION('',(#4013),#4017);
#4013 = LINE('',#4014,#4015);
#4014 = CARTESIAN_POINT('',(-0.,0.));
#4015 = VECTOR('',#4016,1.);
#4016 = DIRECTION('',(-0.,-1.));
#4017 = ( GEOMETRIC_REPRESENTATION_CONTEXT(2) 
PARAMETRIC_REPRESENTATION_CONTEXT() REPRESENTATION_CONTEXT('2D SPACE',''
  ) );
#4018 = ADVANCED_FACE('',(#4019),#2469,.T.);
#4019 = FACE_BOUND('',#4020,.T.);
#4020 = EDGE_LOOP('',(#4021,#4022,#4045));
#4021 = ORIENTED_EDGE('',*,*,#2456,.T.);
#4022 = ORIENTED_EDGE('',*,*,#4023,.T.);
#4023 = EDGE_CURVE('',#2264,#4024,#4026,.T.);
#4024 = VERTEX_POINT('',#4025);
#4025 = CARTESIAN_POINT('',(2.85,0.,8.));
#4026 = SURFACE_CURVE('',#4027,(#4031,#4038),.PCURVE_S1.);
#4027 = LINE('',#4028,#4029);
#4028 = CARTESIAN_POINT('',(2.85,0.,0.));
#4029 = VECTOR('',#4030,1.);
#4030 = DIRECTION('',(0.,0.,1.));
#4031 = PCURVE('',#2469,#4032);
#4032 = DEFINITIONAL_REPRESENTATION('',(#4033),#4037);
#4033 = LINE('',#4034,#4035);
#4034 = CARTESIAN_POINT('',(-0.259654164307,7.999998957278));
#4035 = VECTOR('',#4036,1.);
#4036 = DIRECTION('',(0.,-1.));
#4037 = ( GEOMETRIC_REPRESENTATION_CONTEXT(2) 
PARAMETRIC_REPRESENTATION_CONTEXT() REPRESENTATION_CONTEXT('2D SPACE',''
  ) );
#4038 = PCURVE('',#2698,#4039);
#4039 = DEFINITIONAL_REPRESENTATION('',(#4040),#4044);
#4040 = LINE('',#4041,#4042);
#4041 = CARTESIAN_POINT('',(-0.,0.));
#4042 = VECTOR('',#4043,1.);
#4043 = DIRECTION('',(-0.,-1.));
#4044 = ( GEOMETRIC_REPRESENTATION_CONTEXT(2) 
PARAMETRIC_REPRESENTATION_CONTEXT() REPRESENTATION_CONTEXT('2D SPACE',''
  ) );
#4045 = ORIENTED_EDGE('',*,*,#4046,.F.);
#4046 = EDGE_CURVE('',#1016,#4024,#4047,.T.);
#4047 = SURFACE_CURVE('',#4048,(#4052,#4058),.PCURVE_S1.);
#4048 = LINE('',#4049,#4050);
#4049 = CARTESIAN_POINT('',(1.295172917846,3.486828921653E-07,8.));
#4050 = VECTOR('',#4051,1.);
#4051 = DIRECTION('',(1.,-2.242583078265E-07,0.));
#4052 = PCURVE('',#2469,#4053);
#4053 = DEFINITIONAL_REPRESENTATION('',(#4054),#4057);
#4054 = B_SPLINE_CURVE_WITH_KNOTS('',1,(#4055,#4056),.UNSPECIFIED.,.F.,
  .F.,(2,2),(0.688801678376,1.554827082154),.PIECEWISE_BEZIER_KNOTS.);
#4055 = CARTESIAN_POINT('',(0.60637123947,-1.042722251654E-06));
#4056 = CARTESIAN_POINT('',(-0.259654164307,-1.042722251654E-06));
#4057 = ( GEOMETRIC_REPRESENTATION_CONTEXT(2) 
PARAMETRIC_REPRESENTATION_CONTEXT() REPRESENTATION_CONTEXT('2D SPACE',''
  ) );
#4058 = PCURVE('',#2576,#4059);
#4059 = DEFINITIONAL_REPRESENTATION('',(#4060),#4063);
#4060 = B_SPLINE_CURVE_WITH_KNOTS('',1,(#4061,#4062),.UNSPECIFIED.,.F.,
  .F.,(2,2),(0.688801678376,1.554827082154),.PIECEWISE_BEZIER_KNOTS.);
#4061 = CARTESIAN_POINT('',(1.983974596223,1.942133931011E-07));
#4062 = CARTESIAN_POINT('',(2.85,1.515180000526E-15));
#4063 = ( GEOMETRIC_REPRESENTATION_CONTEXT(2) 
PARAMETRIC_REPRESENTATION_CONTEXT() REPRESENTATION_CONTEXT('2D SPACE',''
  ) );
#4064 = ADVANCED_FACE('',(#4065),#2389,.T.);
#4065 = FACE_BOUND('',#4066,.F.);
#4066 = EDGE_LOOP('',(#4067,#4068,#4089,#4090));
#4067 = ORIENTED_EDGE('',*,*,#2740,.F.);
#4068 = ORIENTED_EDGE('',*,*,#4069,.T.);
#4069 = EDGE_CURVE('',#2741,#2071,#4070,.T.);
#4070 = SURFACE_CURVE('',#4071,(#4075,#4082),.PCURVE_S1.);
#4071 = LINE('',#4072,#4073);
#4072 = CARTESIAN_POINT('',(2.85,0.,0.));
#4073 = VECTOR('',#4074,1.);
#4074 = DIRECTION('',(0.,0.,1.));
#4075 = PCURVE('',#2389,#4076);
#4076 = DEFINITIONAL_REPRESENTATION('',(#4077),#4081);
#4077 = LINE('',#4078,#4079);
#4078 = CARTESIAN_POINT('',(-0.,0.));
#4079 = VECTOR('',#4080,1.);
#4080 = DIRECTION('',(-0.,-1.));
#4081 = ( GEOMETRIC_REPRESENTATION_CONTEXT(2) 
PARAMETRIC_REPRESENTATION_CONTEXT() REPRESENTATION_CONTEXT('2D SPACE',''
  ) );
#4082 = PCURVE('',#2196,#4083);
#4083 = DEFINITIONAL_REPRESENTATION('',(#4084),#4088);
#4084 = LINE('',#4085,#4086);
#4085 = CARTESIAN_POINT('',(-6.28318530718,0.));
#4086 = VECTOR('',#4087,1.);
#4087 = DIRECTION('',(-0.,-1.));
#4088 = ( GEOMETRIC_REPRESENTATION_CONTEXT(2) 
PARAMETRIC_REPRESENTATION_CONTEXT() REPRESENTATION_CONTEXT('2D SPACE',''
  ) );
#4089 = ORIENTED_EDGE('',*,*,#2263,.T.);
#4090 = ORIENTED_EDGE('',*,*,#4091,.F.);
#4091 = EDGE_CURVE('',#2623,#2264,#4092,.T.);
#4092 = SURFACE_CURVE('',#4093,(#4097,#4104),.PCURVE_S1.);
#4093 = LINE('',#4094,#4095);
#4094 = CARTESIAN_POINT('',(2.85,0.,0.));
#4095 = VECTOR('',#4096,1.);
#4096 = DIRECTION('',(0.,0.,1.));
#4097 = PCURVE('',#2389,#4098);
#4098 = DEFINITIONAL_REPRESENTATION('',(#4099),#4103);
#4099 = LINE('',#4100,#4101);
#4100 = CARTESIAN_POINT('',(-6.28318530718,0.));
#4101 = VECTOR('',#4102,1.);
#4102 = DIRECTION('',(-0.,-1.));
#4103 = ( GEOMETRIC_REPRESENTATION_CONTEXT(2) 
PARAMETRIC_REPRESENTATION_CONTEXT() REPRESENTATION_CONTEXT('2D SPACE',''
  ) );
#4104 = PCURVE('',#2698,#4105);
#4105 = DEFINITIONAL_REPRESENTATION('',(#4106),#4110);
#4106 = LINE('',#4107,#4108);
#4107 = CARTESIAN_POINT('',(-0.,0.));
#4108 = VECTOR('',#4109,1.);
#4109 = DIRECTION('',(-0.,-1.));
#4110 = ( GEOMETRIC_REPRESENTATION_CONTEXT(2) 
PARAMETRIC_REPRESENTATION_CONTEXT() REPRESENTATION_CONTEXT('2D SPACE',''
  ) );
#4111 = ADVANCED_FACE('',(#4112),#2196,.T.);
#4112 = FACE_BOUND('',#4113,.F.);
#4113 = EDGE_LOOP('',(#4114,#4115,#4136,#4137));
#4114 = ORIENTED_EDGE('',*,*,#2928,.F.);
#4115 = ORIENTED_EDGE('',*,*,#4116,.T.);
#4116 = EDGE_CURVE('',#2929,#1857,#4117,.T.);
#4117 = SURFACE_CURVE('',#4118,(#4122,#4129),.PCURVE_S1.);
#4118 = LINE('',#4119,#4120);
#4119 = CARTESIAN_POINT('',(2.85,0.,0.));
#4120 = VECTOR('',#4121,1.);
#4121 = DIRECTION('',(0.,0.,1.));
#4122 = PCURVE('',#2196,#4123);
#4123 = DEFINITIONAL_REPRESENTATION('',(#4124),#4128);
#4124 = LINE('',#4125,#4126);
#4125 = CARTESIAN_POINT('',(-0.,0.));
#4126 = VECTOR('',#4127,1.);
#4127 = DIRECTION('',(-0.,-1.));
#4128 = ( GEOMETRIC_REPRESENTATION_CONTEXT(2) 
PARAMETRIC_REPRESENTATION_CONTEXT() REPRESENTATION_CONTEXT('2D SPACE',''
  ) );
#4129 = PCURVE('',#1996,#4130);
#4130 = DEFINITIONAL_REPRESENTATION('',(#4131),#4135);
#4131 = LINE('',#4132,#4133);
#4132 = CARTESIAN_POINT('',(-6.28318530718,0.));
#4133 = VECTOR('',#4134,1.);
#4134 = DIRECTION('',(-0.,-1.));
#4135 = ( GEOMETRIC_REPRESENTATION_CONTEXT(2) 
PARAMETRIC_REPRESENTATION_CONTEXT() REPRESENTATION_CONTEXT('2D SPACE',''
  ) );
#4136 = ORIENTED_EDGE('',*,*,#2070,.T.);
#4137 = ORIENTED_EDGE('',*,*,#4069,.F.);
#4138 = ADVANCED_FACE('',(#4139),#1996,.T.);
#4139 = FACE_BOUND('',#4140,.F.);
#4140 = EDGE_LOOP('',(#4141,#4142,#4163,#4164));
#4141 = ORIENTED_EDGE('',*,*,#3137,.F.);
#4142 = ORIENTED_EDGE('',*,*,#4143,.T.);
#4143 = EDGE_CURVE('',#3138,#1664,#4144,.T.);
#4144 = SURFACE_CURVE('',#4145,(#4149,#4156),.PCURVE_S1.);
#4145 = LINE('',#4146,#4147);
#4146 = CARTESIAN_POINT('',(2.85,0.,0.));
#4147 = VECTOR('',#4148,1.);
#4148 = DIRECTION('',(0.,0.,1.));
#4149 = PCURVE('',#1996,#4150);
#4150 = DEFINITIONAL_REPRESENTATION('',(#4151),#4155);
#4151 = LINE('',#4152,#4153);
#4152 = CARTESIAN_POINT('',(-0.,0.));
#4153 = VECTOR('',#4154,1.);
#4154 = DIRECTION('',(-0.,-1.));
#4155 = ( GEOMETRIC_REPRESENTATION_CONTEXT(2) 
PARAMETRIC_REPRESENTATION_CONTEXT() REPRESENTATION_CONTEXT('2D SPACE',''
  ) );
#4156 = PCURVE('',#1789,#4157);
#4157 = DEFINITIONAL_REPRESENTATION('',(#4158),#4162);
#4158 = LINE('',#4159,#4160);
#4159 = CARTESIAN_POINT('',(-6.28318530718,0.));
#4160 = VECTOR('',#4161,1.);
#4161 = DIRECTION('',(-0.,-1.));
#4162 = ( GEOMETRIC_REPRESENTATION_CONTEXT(2) 
PARAMETRIC_REPRESENTATION_CONTEXT() REPRESENTATION_CONTEXT('2D SPACE',''
  ) );
#4163 = ORIENTED_EDGE('',*,*,#1856,.T.);
#4164 = ORIENTED_EDGE('',*,*,#4116,.F.);
#4165 = ADVANCED_FACE('',(#4166),#1789,.T.);
#4166 = FACE_BOUND('',#4167,.F.);
#4167 = EDGE_LOOP('',(#4168,#4169,#4190,#4191));
#4168 = ORIENTED_EDGE('',*,*,#3367,.F.);
#4169 = ORIENTED_EDGE('',*,*,#4170,.T.);
#4170 = EDGE_CURVE('',#3368,#1450,#4171,.T.);
#4171 = SURFACE_CURVE('',#4172,(#4176,#4183),.PCURVE_S1.);
#4172 = LINE('',#4173,#4174);
#4173 = CARTESIAN_POINT('',(2.85,0.,0.));
#4174 = VECTOR('',#4175,1.);
#4175 = DIRECTION('',(0.,0.,1.));
#4176 = PCURVE('',#1789,#4177);
#4177 = DEFINITIONAL_REPRESENTATION('',(#4178),#4182);
#4178 = LINE('',#4179,#4180);
#4179 = CARTESIAN_POINT('',(-0.,0.));
#4180 = VECTOR('',#4181,1.);
#4181 = DIRECTION('',(-0.,-1.));
#4182 = ( GEOMETRIC_REPRESENTATION_CONTEXT(2) 
PARAMETRIC_REPRESENTATION_CONTEXT() REPRESENTATION_CONTEXT('2D SPACE',''
  ) );
#4183 = PCURVE('',#1589,#4184);
#4184 = DEFINITIONAL_REPRESENTATION('',(#4185),#4189);
#4185 = LINE('',#4186,#4187);
#4186 = CARTESIAN_POINT('',(-6.28318530718,0.));
#4187 = VECTOR('',#4188,1.);
#4188 = DIRECTION('',(-0.,-1.));
#4189 = ( GEOMETRIC_REPRESENTATION_CONTEXT(2) 
PARAMETRIC_REPRESENTATION_CONTEXT() REPRESENTATION_CONTEXT('2D SPACE',''
  ) );
#4190 = ORIENTED_EDGE('',*,*,#1663,.T.);
#4191 = ORIENTED_EDGE('',*,*,#4143,.F.);
#4192 = ADVANCED_FACE('',(#4193),#1589,.T.);
#4193 = FACE_BOUND('',#4194,.F.);
#4194 = EDGE_LOOP('',(#4195,#4196,#4197,#4198));
#4195 = ORIENTED_EDGE('',*,*,#3576,.F.);
#4196 = ORIENTED_EDGE('',*,*,#3998,.T.);
#4197 = ORIENTED_EDGE('',*,*,#1449,.T.);
#4198 = ORIENTED_EDGE('',*,*,#4170,.F.);
#4199 = ADVANCED_FACE('',(#4200),#2698,.T.);
#4200 = FACE_BOUND('',#4201,.F.);
#4201 = EDGE_LOOP('',(#4202,#4203,#4204,#4205));
#4202 = ORIENTED_EDGE('',*,*,#2622,.F.);
#4203 = ORIENTED_EDGE('',*,*,#4091,.T.);
#4204 = ORIENTED_EDGE('',*,*,#4023,.T.);
#4205 = ORIENTED_EDGE('',*,*,#4206,.T.);
#4206 = EDGE_CURVE('',#4024,#2493,#4207,.T.);
#4207 = SURFACE_CURVE('',#4208,(#4213,#4220),.PCURVE_S1.);
#4208 = CIRCLE('',#4209,2.85);
#4209 = AXIS2_PLACEMENT_3D('',#4210,#4211,#4212);
#4210 = CARTESIAN_POINT('',(0.,0.,8.));
#4211 = DIRECTION('',(0.,0.,1.));
#4212 = DIRECTION('',(1.,0.,0.));
#4213 = PCURVE('',#2698,#4214);
#4214 = DEFINITIONAL_REPRESENTATION('',(#4215),#4219);
#4215 = LINE('',#4216,#4217);
#4216 = CARTESIAN_POINT('',(-0.,-8.));
#4217 = VECTOR('',#4218,1.);
#4218 = DIRECTION('',(-1.,0.));
#4219 = ( GEOMETRIC_REPRESENTATION_CONTEXT(2) 
PARAMETRIC_REPRESENTATION_CONTEXT() REPRESENTATION_CONTEXT('2D SPACE',''
  ) );
#4220 = PCURVE('',#2576,#4221);
#4221 = DEFINITIONAL_REPRESENTATION('',(#4222),#4226);
#4222 = CIRCLE('',#4223,2.85);
#4223 = AXIS2_PLACEMENT_2D('',#4224,#4225);
#4224 = CARTESIAN_POINT('',(1.799263332289E-16,-2.435112205387E-16));
#4225 = DIRECTION('',(1.,0.));
#4226 = ( GEOMETRIC_REPRESENTATION_CONTEXT(2) 
PARAMETRIC_REPRESENTATION_CONTEXT() REPRESENTATION_CONTEXT('2D SPACE',''
  ) );
#4227 = ADVANCED_FACE('',(#4228),#2576,.T.);
#4228 = FACE_BOUND('',#4229,.T.);
#4229 = EDGE_LOOP('',(#4230,#4231,#4232));
#4230 = ORIENTED_EDGE('',*,*,#4046,.T.);
#4231 = ORIENTED_EDGE('',*,*,#4206,.T.);
#4232 = ORIENTED_EDGE('',*,*,#2492,.F.);
#4233 = ( GEOMETRIC_REPRESENTATION_CONTEXT(3) 
GLOBAL_UNCERTAINTY_ASSIGNED_CONTEXT((#4237)) 
GLOBAL_UNIT_ASSIGNED_CONTEXT((#4234,#4235,#4236)) REPRESENTATION_CONTEXT
('Context #1','3D Context with UNIT and UNCERTAINTY') );
#4234 = ( LENGTH_UNIT() NAMED_UNIT(*) SI_UNIT(.MILLI.,.METRE.) );
#4235 = ( NAMED_UNIT(*) PLANE_ANGLE_UNIT() SI_UNIT($,.RADIAN.) );
#4236 = ( NAMED_UNIT(*) SI_UNIT($,.STERADIAN.) SOLID_ANGLE_UNIT() );
#4237 = UNCERTAINTY_MEASURE_WITH_UNIT(LENGTH_MEASURE(5.E-06),#4234,
  'distance_accuracy_value','confusion accuracy');
#4238 = PRODUCT_RELATED_PRODUCT_CATEGORY('part',$,(#7));
ENDSEC;
END-ISO-10303-21;
