ISO-10303-21;
HEADER;
FILE_DESCRIPTION(('Open CASCADE Model'),'2;1');
FILE_NAME('Open CASCADE Shape Model','2026-08-21T12:41:18',('Author'),(
    'Open CASCADE'),'Open CASCADE STEP processor 7.9','Open CASCADE 7.9'
  ,'Unknown');
FILE_SCHEMA(('AUTOMOTIVE_DESIGN { 1 0 10303 214 1 1 1 1 }'));
ENDSEC;
DATA;
#1 = APPLICATION_PROTOCOL_DEFINITION('international standard',
  'automotive_design',2000,#2);
#2 = APPLICATION_CONTEXT(
  'core data for automotive mechanical design processes');
#3 = SHAPE_DEFINITION_REPRESENTATION(#4,#10);
#4 = PRODUCT_DEFINITION_SHAPE('','',#5);
#5 = PRODUCT_DEFINITION('design','',#6,#9);
#6 = PRODUCT_DEFINITION_FORMATION('','',#7);
#7 = PRODUCT('Open CASCADE STEP translator 7.9 2',
  'Open CASCADE STEP translator 7.9 2','',(#8));
#8 = PRODUCT_CONTEXT('',#2,'mechanical');
#9 = PRODUCT_DEFINITION_CONTEXT('part definition',#2,'design');
#10 = ADVANCED_BREP_SHAPE_REPRESENTATION('',(#11,#15),#4006);
#11 = AXIS2_PLACEMENT_3D('',#12,#13,#14);
#12 = CARTESIAN_POINT('',(0.,0.,0.));
#13 = DIRECTION('',(0.,0.,1.));
#14 = DIRECTION('',(1.,0.,-0.));
#15 = MANIFOLD_SOLID_BREP('',#16);
#16 = CLOSED_SHELL('',(#17,#363,#556,#983,#2360,#2366,#3764,#3791,#3837,
    #3884,#3911,#3938,#3965,#3972,#4000));
#17 = ADVANCED_FACE('',(#18),#32,.T.);
#18 = FACE_BOUND('',#19,.F.);
#19 = EDGE_LOOP('',(#20,#55,#84,#337));
#20 = ORIENTED_EDGE('',*,*,#21,.F.);
#21 = EDGE_CURVE('',#22,#24,#26,.T.);
#22 = VERTEX_POINT('',#23);
#23 = CARTESIAN_POINT('',(3.15,0.,0.));
#24 = VERTEX_POINT('',#25);
#25 = CARTESIAN_POINT('',(3.15,-1.911445758398E-16,0.472708180475));
#26 = SURFACE_CURVE('',#27,(#31,#43),.PCURVE_S1.);
#27 = LINE('',#28,#29);
#28 = CARTESIAN_POINT('',(3.15,0.,0.));
#29 = VECTOR('',#30,1.);
#30 = DIRECTION('',(0.,0.,1.));
#31 = PCURVE('',#32,#37);
#32 = CYLINDRICAL_SURFACE('',#33,3.15);
#33 = AXIS2_PLACEMENT_3D('',#34,#35,#36);
#34 = CARTESIAN_POINT('',(0.,0.,0.));
#35 = DIRECTION('',(-0.,-0.,-1.));
#36 = DIRECTION('',(1.,0.,0.));
#37 = DEFINITIONAL_REPRESENTATION('',(#38),#42);
#38 = LINE('',#39,#40);
#39 = CARTESIAN_POINT('',(-6.28318530718,0.));
#40 = VECTOR('',#41,1.);
#41 = DIRECTION('',(-0.,-1.));
#42 = ( GEOMETRIC_REPRESENTATION_CONTEXT(2) 
PARAMETRIC_REPRESENTATION_CONTEXT() REPRESENTATION_CONTEXT('2D SPACE',''
  ) );
#43 = PCURVE('',#44,#49);
#44 = PLANE('',#45);
#45 = AXIS2_PLACEMENT_3D('',#46,#47,#48);
#46 = CARTESIAN_POINT('',(2.89034583569,1.574675457778E-17,
    -1.078863513895E-16));
#47 = DIRECTION('',(-9.657096395095E-16,-1.,-2.027798964191E-15));
#48 = DIRECTION('',(0.,2.027798964191E-15,-1.));
#49 = DEFINITIONAL_REPRESENTATION('',(#50),#54);
#50 = LINE('',#51,#52);
#51 = CARTESIAN_POINT('',(-1.078863513895E-16,0.25965416431));
#52 = VECTOR('',#53,1.);
#53 = DIRECTION('',(-1.,-1.958265006707E-30));
#54 = ( GEOMETRIC_REPRESENTATION_CONTEXT(2) 
PARAMETRIC_REPRESENTATION_CONTEXT() REPRESENTATION_CONTEXT('2D SPACE',''
  ) );
#55 = ORIENTED_EDGE('',*,*,#56,.F.);
#56 = EDGE_CURVE('',#57,#22,#59,.T.);
#57 = VERTEX_POINT('',#58);
#58 = CARTESIAN_POINT('',(-3.103810550868,0.537457034859,0.));
#59 = SURFACE_CURVE('',#60,(#65,#72),.PCURVE_S1.);
#60 = CIRCLE('',#61,3.15);
#61 = AXIS2_PLACEMENT_3D('',#62,#63,#64);
#62 = CARTESIAN_POINT('',(0.,0.,0.));
#63 = DIRECTION('',(0.,0.,1.));
#64 = DIRECTION('',(1.,0.,0.));
#65 = PCURVE('',#32,#66);
#66 = DEFINITIONAL_REPRESENTATION('',(#67),#71);
#67 = LINE('',#68,#69);
#68 = CARTESIAN_POINT('',(-0.,0.));
#69 = VECTOR('',#70,1.);
#70 = DIRECTION('',(-1.,0.));
#71 = ( GEOMETRIC_REPRESENTATION_CONTEXT(2) 
PARAMETRIC_REPRESENTATION_CONTEXT() REPRESENTATION_CONTEXT('2D SPACE',''
  ) );
#72 = PCURVE('',#73,#78);
#73 = PLANE('',#74);
#74 = AXIS2_PLACEMENT_3D('',#75,#76,#77);
#75 = CARTESIAN_POINT('',(-1.08526994646E-16,8.84660753815E-17,0.));
#76 = DIRECTION('',(0.,0.,1.));
#77 = DIRECTION('',(1.,0.,-0.));
#78 = DEFINITIONAL_REPRESENTATION('',(#79),#83);
#79 = CIRCLE('',#80,3.15);
#80 = AXIS2_PLACEMENT_2D('',#81,#82);
#81 = CARTESIAN_POINT('',(1.08526994646E-16,-8.84660753815E-17));
#82 = DIRECTION('',(1.,0.));
#83 = ( GEOMETRIC_REPRESENTATION_CONTEXT(2) 
PARAMETRIC_REPRESENTATION_CONTEXT() REPRESENTATION_CONTEXT('2D SPACE',''
  ) );
#84 = ORIENTED_EDGE('',*,*,#85,.T.);
#85 = EDGE_CURVE('',#57,#86,#88,.T.);
#86 = VERTEX_POINT('',#87);
#87 = CARTESIAN_POINT('',(3.15,0.,0.527292296533));
#88 = SURFACE_CURVE('',#89,(#120,#154),.PCURVE_S1.);
#89 = B_SPLINE_CURVE_WITH_KNOTS('',8,(#90,#91,#92,#93,#94,#95,#96,#97,
    #98,#99,#100,#101,#102,#103,#104,#105,#106,#107,#108,#109,#110,#111,
    #112,#113,#114,#115,#116,#117,#118,#119),.UNSPECIFIED.,.F.,.F.,(9,7,
    7,7,9),(0.,0.267850748187,0.620524765571,0.730226868028,1.),
  .UNSPECIFIED.);
#90 = CARTESIAN_POINT('',(-3.103808524865,0.537468734881,
    -5.999999999947E-07));
#91 = CARTESIAN_POINT('',(-3.163397611355,0.193349878314,
    1.764649021899E-02));
#92 = CARTESIAN_POINT('',(-3.179433901294,-0.158608431017,
    3.530788433138E-02));
#93 = CARTESIAN_POINT('',(-3.150594214059,-0.51152190768,
    5.295936058544E-02));
#94 = CARTESIAN_POINT('',(-3.07710403672,-0.858739844841,
    7.060361347943E-02));
#95 = CARTESIAN_POINT('',(-2.960179031265,-1.193846221718,
    8.824756873918E-02));
#96 = CARTESIAN_POINT('',(-2.802094253696,-1.510712304106,0.105898848408
    ));
#97 = CARTESIAN_POINT('',(-2.606107222467,-1.803515443023,0.123560463868
    ));
#98 = CARTESIAN_POINT('',(-2.075200369475,-2.414018256167,0.164443207438
    ));
#99 = CARTESIAN_POINT('',(-1.714751981924,-2.711599457579,0.187744640534
    ));
#100 = CARTESIAN_POINT('',(-1.306223251088,-2.946474033114,0.21100827792
    ));
#101 = CARTESIAN_POINT('',(-0.862719250073,-3.110617114644,
    0.234253887084));
#102 = CARTESIAN_POINT('',(-0.398029404931,-3.198356514883,
    0.257491154334));
#103 = CARTESIAN_POINT('',(7.30985103769E-02,-3.207450767012,
    0.280736364708));
#104 = CARTESIAN_POINT('',(0.535302376834,-3.138057248114,0.304018925483
    ));
#105 = CARTESIAN_POINT('',(1.108716801037,-2.951898801859,0.334468640868
    ));
#106 = CARTESIAN_POINT('',(1.242484883706,-2.900666788278,0.341694095198
    ));
#107 = CARTESIAN_POINT('',(1.373533041699,-2.842510823541,0.348920065258
    ));
#108 = CARTESIAN_POINT('',(1.501438848712,-2.777603755628,0.356146420459
    ));
#109 = CARTESIAN_POINT('',(1.625797782753,-2.706147438328,0.363373238638
    ));
#110 = CARTESIAN_POINT('',(1.746222907777,-2.628370785611,0.370600649698
    ));
#111 = CARTESIAN_POINT('',(1.862345164694,-2.544529107493,0.377828705714
    ));
#112 = CARTESIAN_POINT('',(2.247932720334,-2.234505581186,0.402833367511
    ));
#113 = CARTESIAN_POINT('',(2.494178606388,-1.978921508554,0.420629841205
    ));
#114 = CARTESIAN_POINT('',(2.706857484426,-1.692546175348,0.43841972277)
  );
#115 = CARTESIAN_POINT('',(2.881656873334,-1.380650968741,0.456201004286
    ));
#116 = CARTESIAN_POINT('',(3.015195888625,-1.048989300914,0.473974273656
    ));
#117 = CARTESIAN_POINT('',(3.105112897208,-0.70379863677,0.491739904788)
  );
#118 = CARTESIAN_POINT('',(3.15,-0.351738178554,0.509519961652));
#119 = CARTESIAN_POINT('',(3.15,-8.881784197001E-16,0.527292296533));
#120 = PCURVE('',#32,#121);
#121 = DEFINITIONAL_REPRESENTATION('',(#122),#153);
#122 = B_SPLINE_CURVE_WITH_KNOTS('',8,(#123,#124,#125,#126,#127,#128,
    #129,#130,#131,#132,#133,#134,#135,#136,#137,#138,#139,#140,#141,
    #142,#143,#144,#145,#146,#147,#148,#149,#150,#151,#152),
  .UNSPECIFIED.,.F.,.F.,(9,7,7,7,9),(0.,0.267850748187,0.620524765571,
    0.730226868028,1.),.UNSPECIFIED.);
#123 = CARTESIAN_POINT('',(-2.97012872275,6.000000000173E-07));
#124 = CARTESIAN_POINT('',(-3.080998595414,-1.764649021899E-02));
#125 = CARTESIAN_POINT('',(-3.191961423169,-3.530788433138E-02));
#126 = CARTESIAN_POINT('',(-3.302870010814,-5.295936058546E-02));
#127 = CARTESIAN_POINT('',(-3.413742671611,-7.060361347941E-02));
#128 = CARTESIAN_POINT('',(-3.524617907966,-8.824756873919E-02));
#129 = CARTESIAN_POINT('',(-3.63553280302,-0.105898848408));
#130 = CARTESIAN_POINT('',(-3.746501520793,-0.123560463868));
#131 = CARTESIAN_POINT('',(-4.003345511607,-0.164443207438));
#132 = CARTESIAN_POINT('',(-4.149717562954,-0.187744640534));
#133 = CARTESIAN_POINT('',(-4.295836467806,-0.21100827792));
#134 = CARTESIAN_POINT('',(-4.441842594972,-0.234253887084));
#135 = CARTESIAN_POINT('',(-4.587846286987,-0.257491154334));
#136 = CARTESIAN_POINT('',(-4.733961178598,-0.280736364708));
#137 = CARTESIAN_POINT('',(-4.880322779362,-0.304018925483));
#138 = CARTESIAN_POINT('',(-5.07171187977,-0.334468640868));
#139 = CARTESIAN_POINT('',(-5.117124808077,-0.341694095198));
#140 = CARTESIAN_POINT('',(-5.162537904708,-0.348920065258));
#141 = CARTESIAN_POINT('',(-5.207949390336,-0.356146420459));
#142 = CARTESIAN_POINT('',(-5.253359059102,-0.363373238638));
#143 = CARTESIAN_POINT('',(-5.298767434898,-0.370600649698));
#144 = CARTESIAN_POINT('',(-5.344175032942,-0.377828705714));
#145 = CARTESIAN_POINT('',(-5.50124326917,-0.402833367511));
#146 = CARTESIAN_POINT('',(-5.613007846172,-0.420629841205));
#147 = CARTESIAN_POINT('',(-5.724715440322,-0.43841972277));
#148 = CARTESIAN_POINT('',(-5.836383132917,-0.456201004286));
#149 = CARTESIAN_POINT('',(-5.948050414116,-0.473974273656));
#150 = CARTESIAN_POINT('',(-6.059757338029,-0.491739904788));
#151 = CARTESIAN_POINT('',(-6.171522393353,-0.509519961652));
#152 = CARTESIAN_POINT('',(-6.28318530718,-0.527292296533));
#153 = ( GEOMETRIC_REPRESENTATION_CONTEXT(2) 
PARAMETRIC_REPRESENTATION_CONTEXT() REPRESENTATION_CONTEXT('2D SPACE',''
  ) );
#154 = PCURVE('',#155,#304);
#155 = B_SPLINE_SURFACE_WITH_KNOTS('',1,10,(
    (#156,#157,#158,#159,#160,#161,#162,#163,#164,#165,#166,#167,#168
      ,#169,#170,#171,#172,#173,#174,#175,#176,#177,#178,#179,#180,#181
      ,#182,#183,#184,#185,#186,#187,#188,#189,#190,#191,#192,#193,#194
      ,#195,#196,#197,#198,#199,#200,#201,#202,#203,#204,#205,#206,#207
      ,#208,#209,#210,#211,#212,#213,#214,#215,#216,#217,#218,#219,#220
      ,#221,#222,#223,#224,#225,#226,#227,#228,#229)
    ,(#230,#231,#232,#233,#234,#235,#236,#237,#238,#239,#240,#241,#242
      ,#243,#244,#245,#246,#247,#248,#249,#250,#251,#252,#253,#254,#255
      ,#256,#257,#258,#259,#260,#261,#262,#263,#264,#265,#266,#267,#268
      ,#269,#270,#271,#272,#273,#274,#275,#276,#277,#278,#279,#280,#281
      ,#282,#283,#284,#285,#286,#287,#288,#289,#290,#291,#292,#293,#294
      ,#295,#296,#297,#298,#299,#300,#301,#302,#303
  )),.UNSPECIFIED.,.F.,.F.,.F.,(2,2),(11,9,9,9,9,9,9,9,11),(0.,
    1.043600757176),(0.,6.362265131567,12.724530263135,19.086795394702,
    25.449060526269,31.811325657837,38.173590789404,44.535855920971,
    50.898121052539),.UNSPECIFIED.);
#156 = CARTESIAN_POINT('',(2.283974596216,1.693322490748E-16,
    -1.110223024625E-16));
#157 = CARTESIAN_POINT('',(2.283974594539,1.435061414705,
    9.99834129406E-02));
#158 = CARTESIAN_POINT('',(1.282324550825,2.871292795066,0.200045787314)
  );
#159 = CARTESIAN_POINT('',(-0.723294543961,3.511338475854,0.299919096701
    ));
#160 = CARTESIAN_POINT('',(-3.013614647022,2.614662624735,0.400066794872
    ));
#161 = CARTESIAN_POINT('',(-4.226726799144,9.616764984344E-08,
    0.499993608926));
#162 = CARTESIAN_POINT('',(-3.01361443721,-2.61466329053,0.599939080678)
  );
#163 = CARTESIAN_POINT('',(-0.723294342625,-3.511338152894,
    0.700070365658));
#164 = CARTESIAN_POINT('',(1.282324793279,-2.871292970058,0.799956295465
    ));
#165 = CARTESIAN_POINT('',(2.283974663765,-1.435061097014,0.900010299294
    ));
#166 = CARTESIAN_POINT('',(2.283974562212,1.435061258801,1.099986498594)
  );
#167 = CARTESIAN_POINT('',(1.28232460022,2.871293033284,1.200041072456)
  );
#168 = CARTESIAN_POINT('',(-0.723294605175,3.511338180623,1.299924939999
    ));
#169 = CARTESIAN_POINT('',(-3.013614584967,2.614662924031,1.400060871068
    ));
#170 = CARTESIAN_POINT('',(-4.226726850463,-1.513566689614E-07,
    1.499998508081));
#171 = CARTESIAN_POINT('',(-3.013614403124,-2.614663126117,
    1.599935826483));
#172 = CARTESIAN_POINT('',(-0.723294360139,-3.511338237378,
    1.700072037833));
#173 = CARTESIAN_POINT('',(1.282324799622,-2.871292939461,1.799955689865
    ));
#174 = CARTESIAN_POINT('',(2.283974662641,-1.435061102439,1.900010406664
    ));
#175 = CARTESIAN_POINT('',(2.283974562764,1.435061261464,2.099986445903)
  );
#176 = CARTESIAN_POINT('',(1.282324599377,2.871293029216,2.200041152969)
  );
#177 = CARTESIAN_POINT('',(-0.723294604132,3.511338185666,2.299924840214
    ));
#178 = CARTESIAN_POINT('',(-3.013614586023,2.614662918916,2.40006097223)
  );
#179 = CARTESIAN_POINT('',(-4.226726849591,-1.471258075113E-07,
    2.499998424415));
#180 = CARTESIAN_POINT('',(-3.013614403701,-2.614663128927,
    2.599935882059));
#181 = CARTESIAN_POINT('',(-0.723294359843,-3.511338235934,
    2.700072009273));
#182 = CARTESIAN_POINT('',(1.282324799514,-2.871292939983,2.799955700209
    ));
#183 = CARTESIAN_POINT('',(2.28397466266,-1.435061102346,2.900010404829)
  );
#184 = CARTESIAN_POINT('',(2.283974562755,1.435061261419,3.099986446804)
  );
#185 = CARTESIAN_POINT('',(1.282324599393,2.871293029282,3.200041151586)
  );
#186 = CARTESIAN_POINT('',(-0.723294604154,3.511338185586,3.299924841935
    ));
#187 = CARTESIAN_POINT('',(-3.013614585997,2.614662918997,3.400060970477
    ));
#188 = CARTESIAN_POINT('',(-4.226726849616,-1.471936320802E-07,
    3.499998425872));
#189 = CARTESIAN_POINT('',(-3.013614403683,-2.61466312888,3.599935881085
    ));
#190 = CARTESIAN_POINT('',(-0.723294359854,-3.51133823596,3.700072009778
    ));
#191 = CARTESIAN_POINT('',(1.282324799519,-2.871292939974,3.799955700023
    ));
#192 = CARTESIAN_POINT('',(2.283974662659,-1.435061102348,3.900010404865
    ));
#193 = CARTESIAN_POINT('',(2.283974562756,1.435061261419,4.09998644678)
  );
#194 = CARTESIAN_POINT('',(1.282324599389,2.871293029286,4.200041151647)
  );
#195 = CARTESIAN_POINT('',(-0.723294604145,3.511338185577,4.299924841824
    ));
#196 = CARTESIAN_POINT('',(-3.013614586011,2.614662919006,4.400060970635
    ));
#197 = CARTESIAN_POINT('',(-4.2267268496,-1.471959646075E-07,
    4.499998425697));
#198 = CARTESIAN_POINT('',(-3.013614403695,-2.614663128886,
    4.599935881239));
#199 = CARTESIAN_POINT('',(-0.723294359847,-3.511338235951,
    4.700072009671));
#200 = CARTESIAN_POINT('',(1.282324799516,-2.871292939979,4.799955700082
    ));
#201 = CARTESIAN_POINT('',(2.283974662659,-1.435061102346,4.90001040484)
  );
#202 = CARTESIAN_POINT('',(2.283974562755,1.435061261417,5.099986446821)
  );
#203 = CARTESIAN_POINT('',(1.282324599389,2.871293029293,5.200041151438)
  );
#204 = CARTESIAN_POINT('',(-0.723294604145,3.511338185558,5.299924842375
    ));
#205 = CARTESIAN_POINT('',(-3.013614586013,2.614662919048,5.400060969596
    ));
#206 = CARTESIAN_POINT('',(-4.226726849593,-1.472655302923E-07,
    5.499998427222));
#207 = CARTESIAN_POINT('',(-3.013614403708,-2.614663128797,
    5.599935879433));
#208 = CARTESIAN_POINT('',(-0.723294359831,-3.511338236042,
    5.700072011423));
#209 = CARTESIAN_POINT('',(1.282324799503,-2.871292939907,5.799955698686
    ));
#210 = CARTESIAN_POINT('',(2.283974662669,-1.435061102392,5.900010405744
    ));
#211 = CARTESIAN_POINT('',(2.283974562736,1.43506126151,6.099986444985)
  );
#212 = CARTESIAN_POINT('',(1.282324599499,2.871293028769,6.200041161783)
  );
#213 = CARTESIAN_POINT('',(-0.723294604446,3.511338187002,6.299924813819
    ));
#214 = CARTESIAN_POINT('',(-3.013614585428,2.614662916241,6.40006102516)
  );
#215 = CARTESIAN_POINT('',(-4.226726850473,-1.430429822285E-07,
    6.499998343574));
#216 = CARTESIAN_POINT('',(-3.013614402645,-2.614663133901,
    6.599935980577));
#217 = CARTESIAN_POINT('',(-0.723294360879,-3.511338231005,6.70007191165
    ));
#218 = CARTESIAN_POINT('',(1.282324800347,-2.871292943972,6.799955779194
    ));
#219 = CARTESIAN_POINT('',(2.283974662117,-1.435061099731,6.900010353054
    ));
#220 = CARTESIAN_POINT('',(2.283974563861,1.435061256086,7.099986552357)
  );
#221 = CARTESIAN_POINT('',(1.282324593157,2.871293059366,7.200040556174)
  );
#222 = CARTESIAN_POINT('',(-0.723294586936,3.511338102517,7.299926486012
    ));
#223 = CARTESIAN_POINT('',(-3.013614619506,2.614663080657,7.400057770939
    ));
#224 = CARTESIAN_POINT('',(-4.226726799169,-3.905710401602E-07,
    7.500003242757));
#225 = CARTESIAN_POINT('',(-3.013614464681,-2.614662834601,
    7.599930056749));
#226 = CARTESIAN_POINT('',(-0.723294299685,-3.511338526239,
    7.700077754965));
#227 = CARTESIAN_POINT('',(1.28232475097,-2.871292705752,7.799951064328)
  );
#228 = CARTESIAN_POINT('',(2.283974694432,-1.435061255635,7.900013438711
    ));
#229 = CARTESIAN_POINT('',(2.283974596221,1.59071520474E-07,
    7.999996851648));
#230 = CARTESIAN_POINT('',(3.2,-1.029901835E-16,-0.5));
#231 = CARTESIAN_POINT('',(3.20000957664,2.010619993351,-0.399999042345)
  );
#232 = CARTESIAN_POINT('',(1.796598598414,4.022855855648,-0.300002643509
    ));
#233 = CARTESIAN_POINT('',(-1.013357531879,4.919656275759,
    -0.199995329144));
#234 = CARTESIAN_POINT('',(-4.222267302424,3.663282306582,
    -0.100003856166));
#235 = CARTESIAN_POINT('',(-5.921984874097,-7.154783583374E-07,
    3.686327370023E-07));
#236 = CARTESIAN_POINT('',(-4.222196944037,-3.663281783378,0.10000351754
    ));
#237 = CARTESIAN_POINT('',(-1.013441869106,-4.919655640466,
    0.199995937195));
#238 = CARTESIAN_POINT('',(1.796649317671,-4.02285631544,0.300002523384)
  );
#239 = CARTESIAN_POINT('',(3.1999940498,-2.010620011692,0.399999405353)
  );
#240 = CARTESIAN_POINT('',(3.200007797004,2.010620002352,0.600000779513)
  );
#241 = CARTESIAN_POINT('',(1.796601317686,4.022855841894,0.699997628691)
  );
#242 = CARTESIAN_POINT('',(-1.013360901973,4.919656292806,0.800004333509
    ));
#243 = CARTESIAN_POINT('',(-4.222263885902,3.663282289298,0.899996485828
    ));
#244 = CARTESIAN_POINT('',(-5.921987699656,-7.01183240402E-07,
    1.000000085794));
#245 = CARTESIAN_POINT('',(-4.222195067201,-3.663281792874,
    1.100003705412));
#246 = CARTESIAN_POINT('',(-1.013442833521,-4.919655635587,
    1.199995840657));
#247 = CARTESIAN_POINT('',(1.796649666946,-4.022856317207,1.300002558347
    ));
#248 = CARTESIAN_POINT('',(3.199993987875,-2.010620011379,1.399999399154
    ));
#249 = CARTESIAN_POINT('',(3.200007827393,2.010620002198,1.600000782555)
  );
#250 = CARTESIAN_POINT('',(1.796601271252,4.022855842128,1.699997624043)
  );
#251 = CARTESIAN_POINT('',(-1.013360844425,4.919656292516,1.800004339269
    ));
#252 = CARTESIAN_POINT('',(-4.222263944243,3.663282289591,1.899996479988
    ));
#253 = CARTESIAN_POINT('',(-5.921987651406,-7.014235614562E-07,
    2.000000090624));
#254 = CARTESIAN_POINT('',(-4.222195099251,-3.663281792715,
    2.100003702203));
#255 = CARTESIAN_POINT('',(-1.013442817052,-4.919655635668,
    2.199995842305));
#256 = CARTESIAN_POINT('',(1.796649660981,-4.022856317178,2.30000255775)
  );
#257 = CARTESIAN_POINT('',(3.199993988933,-2.010620011384,2.39999939926)
  );
#258 = CARTESIAN_POINT('',(3.200007826873,2.0106200022,2.600000782503));
#259 = CARTESIAN_POINT('',(1.796601272051,4.022855842124,2.699997624122)
  );
#260 = CARTESIAN_POINT('',(-1.013360845423,4.919656292523,2.800004339172
    ));
#261 = CARTESIAN_POINT('',(-4.222263943221,3.663282289584,2.899996480085
    ));
#262 = CARTESIAN_POINT('',(-5.921987652261,-7.014167983938E-07,
    3.000000090545));
#263 = CARTESIAN_POINT('',(-4.222195098676,-3.66328179272,3.100003702255
    ));
#264 = CARTESIAN_POINT('',(-1.013442817352,-4.919655635666,3.19999584228
    ));
#265 = CARTESIAN_POINT('',(1.796649661092,-4.022856317179,3.300002557759
    ));
#266 = CARTESIAN_POINT('',(3.199993988912,-2.010620011384,3.399999399259
    ));
#267 = CARTESIAN_POINT('',(3.200007826887,2.0106200022,3.600000782503));
#268 = CARTESIAN_POINT('',(1.796601272013,4.022855842128,3.699997624124)
  );
#269 = CARTESIAN_POINT('',(-1.013360845349,4.919656292513,3.800004339164
    ));
#270 = CARTESIAN_POINT('',(-4.222263943329,3.663282289596,3.899996480101
    ));
#271 = CARTESIAN_POINT('',(-5.921987652139,-7.014231886282E-07,
    4.000000090526));
#272 = CARTESIAN_POINT('',(-4.222195098782,-3.663281792721,
    4.100003702271));
#273 = CARTESIAN_POINT('',(-1.01344281728,-4.919655635662,4.199995842271
    ));
#274 = CARTESIAN_POINT('',(1.796649661054,-4.02285631718,4.300002557761)
  );
#275 = CARTESIAN_POINT('',(3.199993988927,-2.010620011384,4.399999399259
    ));
#276 = CARTESIAN_POINT('',(3.200007826863,2.010620002201,4.600000782502)
  );
#277 = CARTESIAN_POINT('',(1.796601272134,4.022855842122,4.69999762413)
  );
#278 = CARTESIAN_POINT('',(-1.013360845671,4.919656292528,4.800004339146
    ));
#279 = CARTESIAN_POINT('',(-4.222263942722,3.663282289573,4.89999648014)
  );
#280 = CARTESIAN_POINT('',(-5.921987653028,-7.014036479309E-07,
    5.000000090461));
#281 = CARTESIAN_POINT('',(-4.222195097732,-3.663281792733,
    5.100003702357));
#282 = CARTESIAN_POINT('',(-1.013442818295,-4.919655635656,
    5.199995842179));
#283 = CARTESIAN_POINT('',(1.796649661862,-4.022856317184,5.300002557839
    ));
#284 = CARTESIAN_POINT('',(3.199993988404,-2.010620011381,5.399999399207
    ));
#285 = CARTESIAN_POINT('',(3.200007827924,2.010620002195,5.600000782608)
  );
#286 = CARTESIAN_POINT('',(1.796601266157,4.022855842155,5.699997623534)
  );
#287 = CARTESIAN_POINT('',(-1.013360829171,4.919656292438,5.800004340793
    ));
#288 = CARTESIAN_POINT('',(-4.22226397483,3.663282289747,5.899996476933)
  );
#289 = CARTESIAN_POINT('',(-5.921987604689,-7.016595042719E-07,
    6.00000009529));
#290 = CARTESIAN_POINT('',(-4.222195156184,-3.66328179243,6.100003696516
    ));
#291 = CARTESIAN_POINT('',(-1.013442760634,-4.919655635951,
    6.199995847941));
#292 = CARTESIAN_POINT('',(1.796649615333,-4.022856316948,6.30000255319)
  );
#293 = CARTESIAN_POINT('',(3.199994018857,-2.010620011535,6.39999940225)
  );
#294 = CARTESIAN_POINT('',(3.200007765869,2.010620002508,6.600000776409)
  );
#295 = CARTESIAN_POINT('',(1.796601616171,4.022855840386,6.699997658499)
  );
#296 = CARTESIAN_POINT('',(-1.013361795623,4.919656297321,6.800004244247
    ));
#297 = CARTESIAN_POINT('',(-4.222262094036,3.663282280246,6.899996664821
    ));
#298 = CARTESIAN_POINT('',(-5.921990436198,-6.87361653877E-07,
    6.999999812424));
#299 = CARTESIAN_POINT('',(-4.222191732476,-3.663281809713,
    7.100004038547));
#300 = CARTESIAN_POINT('',(-1.013446137808,-4.919655618904,
    7.199995510555));
#301 = CARTESIAN_POINT('',(1.796652340314,-4.022856330703,7.300002825422
    ));
#302 = CARTESIAN_POINT('',(3.199992235486,-2.010620002533,7.399999224085
    ));
#303 = CARTESIAN_POINT('',(3.200001817702,-9.184321490501E-09,
    7.500000181773));
#304 = DEFINITIONAL_REPRESENTATION('',(#305),#336);
#305 = B_SPLINE_CURVE_WITH_KNOTS('',8,(#306,#307,#308,#309,#310,#311,
    #312,#313,#314,#315,#316,#317,#318,#319,#320,#321,#322,#323,#324,
    #325,#326,#327,#328,#329,#330,#331,#332,#333,#334,#335),
  .UNSPECIFIED.,.F.,.F.,(9,7,7,7,9),(0.,0.267850748187,0.620524765571,
    0.730226868028,1.),.UNSPECIFIED.);
#306 = CARTESIAN_POINT('',(0.986642154895,3.007505968428));
#307 = CARTESIAN_POINT('',(0.986639664174,3.119773842936));
#308 = CARTESIAN_POINT('',(0.986638426096,3.232136540941));
#309 = CARTESIAN_POINT('',(0.986640152135,3.344445174176));
#310 = CARTESIAN_POINT('',(0.986644431692,3.456715634152));
#311 = CARTESIAN_POINT('',(0.986649961545,3.56898801165));
#312 = CARTESIAN_POINT('',(0.986652568313,3.681298078805));
#313 = CARTESIAN_POINT('',(0.986651175862,3.793661714526));
#314 = CARTESIAN_POINT('',(0.986639568,4.053733185167));
#315 = CARTESIAN_POINT('',(0.986626664954,4.201943749188));
#316 = CARTESIAN_POINT('',(0.986608846885,4.349898864853));
#317 = CARTESIAN_POINT('',(0.986592137046,4.497742658082));
#318 = CARTESIAN_POINT('',(0.986593138022,4.645587364438));
#319 = CARTESIAN_POINT('',(0.986613912218,4.793542880327));
#320 = CARTESIAN_POINT('',(0.986637890792,4.941745796831));
#321 = CARTESIAN_POINT('',(0.986659754437,5.135541604386));
#322 = CARTESIAN_POINT('',(0.986664234917,5.181525517985));
#323 = CARTESIAN_POINT('',(0.986667684297,5.227509569777));
#324 = CARTESIAN_POINT('',(0.986669807241,5.273492028678));
#325 = CARTESIAN_POINT('',(0.986670401628,5.319472773791));
#326 = CARTESIAN_POINT('',(0.986669400704,5.365452428127));
#327 = CARTESIAN_POINT('',(0.986666893115,5.411431593217));
#328 = CARTESIAN_POINT('',(0.986653844182,5.570478105151));
#329 = CARTESIAN_POINT('',(0.986636924668,5.68365241493));
#330 = CARTESIAN_POINT('',(0.986615759119,5.79677184095));
#331 = CARTESIAN_POINT('',(0.986599903487,5.90985273712));
#332 = CARTESIAN_POINT('',(0.98660034637,6.022932337971));
#333 = CARTESIAN_POINT('',(0.986626542212,6.136041845058));
#334 = CARTESIAN_POINT('',(0.986637549667,6.249196833928));
#335 = CARTESIAN_POINT('',(0.986636234511,6.362265131567));
#336 = ( GEOMETRIC_REPRESENTATION_CONTEXT(2) 
PARAMETRIC_REPRESENTATION_CONTEXT() REPRESENTATION_CONTEXT('2D SPACE',''
  ) );
#337 = ORIENTED_EDGE('',*,*,#338,.F.);
#338 = EDGE_CURVE('',#24,#86,#339,.T.);
#339 = SURFACE_CURVE('',#340,(#344,#351),.PCURVE_S1.);
#340 = LINE('',#341,#342);
#341 = CARTESIAN_POINT('',(3.15,0.,0.));
#342 = VECTOR('',#343,1.);
#343 = DIRECTION('',(0.,0.,1.));
#344 = PCURVE('',#32,#345);
#345 = DEFINITIONAL_REPRESENTATION('',(#346),#350);
#346 = LINE('',#347,#348);
#347 = CARTESIAN_POINT('',(-6.28318530718,0.));
#348 = VECTOR('',#349,1.);
#349 = DIRECTION('',(-0.,-1.));
#350 = ( GEOMETRIC_REPRESENTATION_CONTEXT(2) 
PARAMETRIC_REPRESENTATION_CONTEXT() REPRESENTATION_CONTEXT('2D SPACE',''
  ) );
#351 = PCURVE('',#352,#357);
#352 = CYLINDRICAL_SURFACE('',#353,3.15);
#353 = AXIS2_PLACEMENT_3D('',#354,#355,#356);
#354 = CARTESIAN_POINT('',(0.,0.,0.));
#355 = DIRECTION('',(-0.,-0.,-1.));
#356 = DIRECTION('',(1.,0.,0.));
#357 = DEFINITIONAL_REPRESENTATION('',(#358),#362);
#358 = LINE('',#359,#360);
#359 = CARTESIAN_POINT('',(-0.,0.));
#360 = VECTOR('',#361,1.);
#361 = DIRECTION('',(-0.,-1.));
#362 = ( GEOMETRIC_REPRESENTATION_CONTEXT(2) 
PARAMETRIC_REPRESENTATION_CONTEXT() REPRESENTATION_CONTEXT('2D SPACE',''
  ) );
#363 = ADVANCED_FACE('',(#364),#44,.F.);
#364 = FACE_BOUND('',#365,.F.);
#365 = EDGE_LOOP('',(#366,#536,#555));
#366 = ORIENTED_EDGE('',*,*,#367,.T.);
#367 = EDGE_CURVE('',#24,#368,#370,.T.);
#368 = VERTEX_POINT('',#369);
#369 = CARTESIAN_POINT('',(2.283974596216,1.693322490748E-16,
    -1.110223024625E-16));
#370 = SURFACE_CURVE('',#371,(#374,#380),.PCURVE_S1.);
#371 = B_SPLINE_CURVE_WITH_KNOTS('',1,(#372,#373),.UNSPECIFIED.,.F.,.F.,
  (2,2),(0.,1.043600757176),.PIECEWISE_BEZIER_KNOTS.);
#372 = CARTESIAN_POINT('',(3.2,-4.640192896027E-16,0.5));
#373 = CARTESIAN_POINT('',(2.283974596216,1.033318362245E-15,
    5.551115123126E-17));
#374 = PCURVE('',#44,#375);
#375 = DEFINITIONAL_REPRESENTATION('',(#376),#379);
#376 = B_SPLINE_CURVE_WITH_KNOTS('',1,(#377,#378),.UNSPECIFIED.,.F.,.F.,
  (2,2),(0.,1.043600757176),.PIECEWISE_BEZIER_KNOTS.);
#377 = CARTESIAN_POINT('',(-0.5,0.30965416431));
#378 = CARTESIAN_POINT('',(-1.633975026207E-16,-0.606371239475));
#379 = ( GEOMETRIC_REPRESENTATION_CONTEXT(2) 
PARAMETRIC_REPRESENTATION_CONTEXT() REPRESENTATION_CONTEXT('2D SPACE',''
  ) );
#380 = PCURVE('',#381,#530);
#381 = B_SPLINE_SURFACE_WITH_KNOTS('',1,10,(
    (#382,#383,#384,#385,#386,#387,#388,#389,#390,#391,#392,#393,#394
      ,#395,#396,#397,#398,#399,#400,#401,#402,#403,#404,#405,#406,#407
      ,#408,#409,#410,#411,#412,#413,#414,#415,#416,#417,#418,#419,#420
      ,#421,#422,#423,#424,#425,#426,#427,#428,#429,#430,#431,#432,#433
      ,#434,#435,#436,#437,#438,#439,#440,#441,#442,#443,#444,#445,#446
      ,#447,#448,#449,#450,#451,#452,#453,#454,#455)
    ,(#456,#457,#458,#459,#460,#461,#462,#463,#464,#465,#466,#467,#468
      ,#469,#470,#471,#472,#473,#474,#475,#476,#477,#478,#479,#480,#481
      ,#482,#483,#484,#485,#486,#487,#488,#489,#490,#491,#492,#493,#494
      ,#495,#496,#497,#498,#499,#500,#501,#502,#503,#504,#505,#506,#507
      ,#508,#509,#510,#511,#512,#513,#514,#515,#516,#517,#518,#519,#520
      ,#521,#522,#523,#524,#525,#526,#527,#528,#529
  )),.UNSPECIFIED.,.F.,.F.,.F.,(2,2),(11,9,9,9,9,9,9,9,11),(0.,
    1.043600757176),(0.,6.362265131567,12.724530263135,19.086795394702,
    25.449060526269,31.811325657837,38.173590789404,44.535855920971,
    50.898121052539),.UNSPECIFIED.);
#382 = CARTESIAN_POINT('',(3.2,-4.640192896027E-16,0.5));
#383 = CARTESIAN_POINT('',(3.199990423554,2.010618851249,0.600000957653)
  );
#384 = CARTESIAN_POINT('',(1.796651331318,4.022854040462,0.699997356446)
  );
#385 = CARTESIAN_POINT('',(-1.013445548021,4.91965282724,0.800004671051)
  );
#386 = CARTESIAN_POINT('',(-4.222189323676,3.663279741024,0.899996143362
    ));
#387 = CARTESIAN_POINT('',(-5.921987072212,7.043541803142E-07,
    1.000000369342));
#388 = CARTESIAN_POINT('',(-4.222259706288,-3.663280187316,1.10000351682
    ));
#389 = CARTESIAN_POINT('',(-1.013361234044,-4.919653499843,
    1.199995937678));
#390 = CARTESIAN_POINT('',(1.796600584067,-4.022853560457,1.300002523181
    ));
#391 = CARTESIAN_POINT('',(3.2000059424,-2.010618869592,1.399999405387)
  );
#392 = CARTESIAN_POINT('',(3.199992206923,2.010618860251,1.600000779495)
  );
#393 = CARTESIAN_POINT('',(1.796648606342,4.022854026707,1.699997628671)
  );
#394 = CARTESIAN_POINT('',(-1.013442170855,4.919652844287,1.800004333673
    ));
#395 = CARTESIAN_POINT('',(-4.222192747373,3.663279723739,1.899996485387
    ));
#396 = CARTESIAN_POINT('',(-5.921984240713,7.186519942432E-07,
    2.000000086477));
#397 = CARTESIAN_POINT('',(-4.222261587073,-3.663280196815,
    2.100003704708));
#398 = CARTESIAN_POINT('',(-1.013360267599,-4.919653494961,
    2.199995841131));
#399 = CARTESIAN_POINT('',(1.796600234056,-4.022853562225,2.300002558147
    ));
#400 = CARTESIAN_POINT('',(3.200006004455,-2.010618869279,2.399999399188
    ));
#401 = CARTESIAN_POINT('',(3.19999217647,2.010618860097,2.600000782538)
  );
#402 = CARTESIAN_POINT('',(1.796648652876,4.022854026941,2.699997624022)
  );
#403 = CARTESIAN_POINT('',(-1.013442228528,4.919652843999,2.800004339435
    ));
#404 = CARTESIAN_POINT('',(-4.222192688902,3.66327972403,2.899996479545)
  );
#405 = CARTESIAN_POINT('',(-5.921984289074,7.184121823754E-07,
    3.000000091309));
#406 = CARTESIAN_POINT('',(-4.222261554948,-3.663280196656,
    3.100003701498));
#407 = CARTESIAN_POINT('',(-1.013360284107,-4.919653495043,3.19999584278
    ));
#408 = CARTESIAN_POINT('',(1.796600240035,-4.022853562195,3.300002557549
    ));
#409 = CARTESIAN_POINT('',(3.200006003395,-2.010618869284,3.399999399294
    ));
#410 = CARTESIAN_POINT('',(3.19999217699,2.010618860099,3.600000782486)
  );
#411 = CARTESIAN_POINT('',(1.796648652079,4.022854026937,3.699997624101)
  );
#412 = CARTESIAN_POINT('',(-1.013442227542,4.919652844003,3.800004339337
    ));
#413 = CARTESIAN_POINT('',(-4.2221926899,3.663279724024,3.899996479644)
  );
#414 = CARTESIAN_POINT('',(-5.921984288251,7.184204179694E-07,
    4.000000091228));
#415 = CARTESIAN_POINT('',(-4.222261555493,-3.663280196665,
    4.100003701551));
#416 = CARTESIAN_POINT('',(-1.013360283827,-4.919653495036,
    4.199995842753));
#417 = CARTESIAN_POINT('',(1.796600239932,-4.022853562198,4.300002557559
    ));
#418 = CARTESIAN_POINT('',(3.200006003415,-2.010618869283,4.399999399292
    ));
#419 = CARTESIAN_POINT('',(3.199992176978,2.010618860099,4.600000782486)
  );
#420 = CARTESIAN_POINT('',(1.796648652107,4.022854026935,4.699997624103)
  );
#421 = CARTESIAN_POINT('',(-1.01344222759,4.919652844008,4.800004339329)
  );
#422 = CARTESIAN_POINT('',(-4.222192689836,3.663279724022,4.899996479659
    ));
#423 = CARTESIAN_POINT('',(-5.921984288321,7.184140155176E-07,
    5.00000009121));
#424 = CARTESIAN_POINT('',(-4.222261555432,-3.663280196651,
    5.100003701567));
#425 = CARTESIAN_POINT('',(-1.013360283872,-4.919653495049,
    5.199995842745));
#426 = CARTESIAN_POINT('',(1.796600239959,-4.022853562192,5.300002557561
    ));
#427 = CARTESIAN_POINT('',(3.200006003401,-2.010618869284,5.399999399292
    ));
#428 = CARTESIAN_POINT('',(3.199992177,2.0106188601,5.600000782485));
#429 = CARTESIAN_POINT('',(1.796648651992,4.022854026938,5.69999762411)
  );
#430 = CARTESIAN_POINT('',(-1.013442227281,4.919652844002,5.800004339311
    ));
#431 = CARTESIAN_POINT('',(-4.222192690423,3.663279724028,5.899996479699
    ));
#432 = CARTESIAN_POINT('',(-5.921984287454,7.184145364749E-07,
    6.000000091144));
#433 = CARTESIAN_POINT('',(-4.222261556464,-3.663280196659,
    6.100003701654));
#434 = CARTESIAN_POINT('',(-1.013360282867,-4.919653495038,
    6.199995842653));
#435 = CARTESIAN_POINT('',(1.796600239157,-4.022853562199,6.300002557639
    ));
#436 = CARTESIAN_POINT('',(3.200006003923,-2.010618869281,6.39999939924)
  );
#437 = CARTESIAN_POINT('',(3.199992175941,2.010618860094,6.600000782591)
  );
#438 = CARTESIAN_POINT('',(1.79664865796,4.022854026967,6.699997623513)
  );
#439 = CARTESIAN_POINT('',(-1.013442243756,4.919652843921,6.800004340958
    ));
#440 = CARTESIAN_POINT('',(-4.222192658365,3.663279724186,6.899996476493
    ));
#441 = CARTESIAN_POINT('',(-5.921984335711,7.181742259527E-07,
    7.000000095972));
#442 = CARTESIAN_POINT('',(-4.222261498118,-3.663280196366,
    7.100003695814));
#443 = CARTESIAN_POINT('',(-1.013360340417,-4.919653495329,
    7.199995848414));
#444 = CARTESIAN_POINT('',(1.796600285591,-4.022853561964,7.300002552991
    ));
#445 = CARTESIAN_POINT('',(3.200005973533,-2.010618869435,7.399999402282
    ));
#446 = CARTESIAN_POINT('',(3.199992237867,2.010618860407,7.600000776392)
  );
#447 = CARTESIAN_POINT('',(1.796648308678,4.022854025201,7.699997658473)
  );
#448 = CARTESIAN_POINT('',(-1.013441279327,4.919652848797,7.800004244428
    ));
#449 = CARTESIAN_POINT('',(-4.222194535222,3.663279714696,7.89999666435)
  );
#450 = CARTESIAN_POINT('',(-5.92198151013,7.324652148953E-07,
    7.999999813152));
#451 = CARTESIAN_POINT('',(-4.222264914657,-3.663280213649,
    8.100004037789));
#452 = CARTESIAN_POINT('',(-1.013356970313,-4.919653478281,
    8.199995511083));
#453 = CARTESIAN_POINT('',(1.796597566314,-4.022853575718,8.300002825179
    ));
#454 = CARTESIAN_POINT('',(3.200007753172,-2.010618860434,8.399999224147
    ));
#455 = CARTESIAN_POINT('',(3.199998182298,-9.18392904819E-09,
    8.500000181767));
#456 = CARTESIAN_POINT('',(2.283974596216,1.033318362245E-15,
    5.551115123126E-17));
#457 = CARTESIAN_POINT('',(2.283974594539,1.435061414705,
    9.99834129406E-02));
#458 = CARTESIAN_POINT('',(1.282324550825,2.871292795066,0.200045787314)
  );
#459 = CARTESIAN_POINT('',(-0.723294543961,3.511338475854,0.299919096701
    ));
#460 = CARTESIAN_POINT('',(-3.013614647022,2.614662624735,0.400066794872
    ));
#461 = CARTESIAN_POINT('',(-4.226726799144,9.616774221399E-08,
    0.499993608926));
#462 = CARTESIAN_POINT('',(-3.013614437209,-2.61466329053,0.599939080678
    ));
#463 = CARTESIAN_POINT('',(-0.723294342625,-3.511338152894,
    0.700070365658));
#464 = CARTESIAN_POINT('',(1.282324793279,-2.871292970058,0.799956295465
    ));
#465 = CARTESIAN_POINT('',(2.283974663765,-1.435061097014,0.900010299294
    ));
#466 = CARTESIAN_POINT('',(2.283974562212,1.435061258801,1.099986498594)
  );
#467 = CARTESIAN_POINT('',(1.282324600219,2.871293033284,1.200041072456)
  );
#468 = CARTESIAN_POINT('',(-0.723294605175,3.511338180623,1.299924939999
    ));
#469 = CARTESIAN_POINT('',(-3.013614584967,2.614662924031,1.400060871068
    ));
#470 = CARTESIAN_POINT('',(-4.226726850462,-1.513568251621E-07,
    1.499998508081));
#471 = CARTESIAN_POINT('',(-3.013614403124,-2.614663126117,
    1.599935826483));
#472 = CARTESIAN_POINT('',(-0.723294360139,-3.511338237378,
    1.700072037833));
#473 = CARTESIAN_POINT('',(1.282324799622,-2.871292939461,1.799955689865
    ));
#474 = CARTESIAN_POINT('',(2.283974662641,-1.435061102439,1.900010406664
    ));
#475 = CARTESIAN_POINT('',(2.283974562764,1.435061261464,2.099986445903)
  );
#476 = CARTESIAN_POINT('',(1.282324599377,2.871293029215,2.200041152969)
  );
#477 = CARTESIAN_POINT('',(-0.723294604132,3.511338185666,2.299924840214
    ));
#478 = CARTESIAN_POINT('',(-3.013614586023,2.614662918916,2.400060972231
    ));
#479 = CARTESIAN_POINT('',(-4.226726849591,-1.471254340276E-07,
    2.499998424414));
#480 = CARTESIAN_POINT('',(-3.013614403702,-2.614663128928,
    2.599935882059));
#481 = CARTESIAN_POINT('',(-0.723294359843,-3.511338235934,
    2.700072009273));
#482 = CARTESIAN_POINT('',(1.282324799514,-2.871292939983,2.799955700209
    ));
#483 = CARTESIAN_POINT('',(2.28397466266,-1.435061102346,2.900010404829)
  );
#484 = CARTESIAN_POINT('',(2.283974562755,1.435061261419,3.099986446804)
  );
#485 = CARTESIAN_POINT('',(1.282324599393,2.871293029282,3.200041151586)
  );
#486 = CARTESIAN_POINT('',(-0.723294604154,3.511338185586,3.299924841935
    ));
#487 = CARTESIAN_POINT('',(-3.013614585997,2.614662918997,3.400060970476
    ));
#488 = CARTESIAN_POINT('',(-4.226726849616,-1.471936730936E-07,
    3.499998425873));
#489 = CARTESIAN_POINT('',(-3.013614403682,-2.61466312888,3.599935881085
    ));
#490 = CARTESIAN_POINT('',(-0.723294359854,-3.51133823596,3.700072009778
    ));
#491 = CARTESIAN_POINT('',(1.282324799519,-2.871292939973,3.799955700022
    ));
#492 = CARTESIAN_POINT('',(2.283974662659,-1.435061102348,3.900010404865
    ));
#493 = CARTESIAN_POINT('',(2.283974562756,1.435061261419,4.09998644678)
  );
#494 = CARTESIAN_POINT('',(1.282324599389,2.871293029286,4.200041151647)
  );
#495 = CARTESIAN_POINT('',(-0.723294604145,3.511338185576,4.299924841823
    ));
#496 = CARTESIAN_POINT('',(-3.013614586011,2.614662919007,4.400060970636
    ));
#497 = CARTESIAN_POINT('',(-4.2267268496,-1.4719634769E-07,
    4.499998425696));
#498 = CARTESIAN_POINT('',(-3.013614403695,-2.614663128886,
    4.599935881239));
#499 = CARTESIAN_POINT('',(-0.723294359847,-3.511338235951,4.70007200967
    ));
#500 = CARTESIAN_POINT('',(1.282324799516,-2.871292939979,4.799955700082
    ));
#501 = CARTESIAN_POINT('',(2.283974662659,-1.435061102346,4.90001040484)
  );
#502 = CARTESIAN_POINT('',(2.283974562755,1.435061261417,5.099986446821)
  );
#503 = CARTESIAN_POINT('',(1.282324599389,2.871293029293,5.200041151438)
  );
#504 = CARTESIAN_POINT('',(-0.723294604145,3.511338185558,5.299924842374
    ));
#505 = CARTESIAN_POINT('',(-3.013614586014,2.614662919047,5.400060969596
    ));
#506 = CARTESIAN_POINT('',(-4.226726849592,-1.472652161473E-07,
    5.499998427222));
#507 = CARTESIAN_POINT('',(-3.013614403708,-2.614663128797,
    5.599935879433));
#508 = CARTESIAN_POINT('',(-0.723294359831,-3.511338236042,
    5.700072011423));
#509 = CARTESIAN_POINT('',(1.282324799502,-2.871292939907,5.799955698686
    ));
#510 = CARTESIAN_POINT('',(2.283974662669,-1.435061102392,5.900010405744
    ));
#511 = CARTESIAN_POINT('',(2.283974562736,1.43506126151,6.099986444985)
  );
#512 = CARTESIAN_POINT('',(1.282324599499,2.871293028769,6.200041161783)
  );
#513 = CARTESIAN_POINT('',(-0.723294604447,3.511338187002,6.299924813819
    ));
#514 = CARTESIAN_POINT('',(-3.013614585428,2.614662916241,6.40006102516)
  );
#515 = CARTESIAN_POINT('',(-4.226726850473,-1.430426768097E-07,
    6.499998343573));
#516 = CARTESIAN_POINT('',(-3.013614402645,-2.614663133901,
    6.599935980577));
#517 = CARTESIAN_POINT('',(-0.723294360879,-3.511338231005,6.70007191165
    ));
#518 = CARTESIAN_POINT('',(1.282324800347,-2.871292943972,6.799955779194
    ));
#519 = CARTESIAN_POINT('',(2.283974662117,-1.435061099731,6.900010353054
    ));
#520 = CARTESIAN_POINT('',(2.283974563861,1.435061256086,7.099986552357)
  );
#521 = CARTESIAN_POINT('',(1.282324593157,2.871293059366,7.200040556174)
  );
#522 = CARTESIAN_POINT('',(-0.723294586935,3.511338102517,7.299926486013
    ));
#523 = CARTESIAN_POINT('',(-3.013614619506,2.614663080657,7.400057770938
    ));
#524 = CARTESIAN_POINT('',(-4.226726799168,-3.905708508005E-07,
    7.500003242759));
#525 = CARTESIAN_POINT('',(-3.013614464681,-2.614662834601,
    7.599930056748));
#526 = CARTESIAN_POINT('',(-0.723294299684,-3.511338526239,
    7.700077754966));
#527 = CARTESIAN_POINT('',(1.28232475097,-2.871292705752,7.799951064327)
  );
#528 = CARTESIAN_POINT('',(2.283974694432,-1.435061255635,7.900013438711
    ));
#529 = CARTESIAN_POINT('',(2.283974596221,1.59071516887E-07,
    7.999996851648));
#530 = DEFINITIONAL_REPRESENTATION('',(#531),#535);
#531 = LINE('',#532,#533);
#532 = CARTESIAN_POINT('',(0.,0.));
#533 = VECTOR('',#534,1.);
#534 = DIRECTION('',(1.,0.));
#535 = ( GEOMETRIC_REPRESENTATION_CONTEXT(2) 
PARAMETRIC_REPRESENTATION_CONTEXT() REPRESENTATION_CONTEXT('2D SPACE',''
  ) );
#536 = ORIENTED_EDGE('',*,*,#537,.T.);
#537 = EDGE_CURVE('',#368,#22,#538,.T.);
#538 = SURFACE_CURVE('',#539,(#543,#549),.PCURVE_S1.);
#539 = LINE('',#540,#541);
#540 = CARTESIAN_POINT('',(1.445172917845,1.411364172099E-15,0.));
#541 = VECTOR('',#542,1.);
#542 = DIRECTION('',(1.,-9.657096395095E-16,0.));
#543 = PCURVE('',#44,#544);
#544 = DEFINITIONAL_REPRESENTATION('',(#545),#548);
#545 = B_SPLINE_CURVE_WITH_KNOTS('',1,(#546,#547),.UNSPECIFIED.,.F.,.F.,
  (2,2),(0.83880167837,1.704827082155),.PIECEWISE_BEZIER_KNOTS.);
#546 = CARTESIAN_POINT('',(-1.078863513895E-16,-0.606371239475));
#547 = CARTESIAN_POINT('',(-1.078863513895E-16,0.25965416431));
#548 = ( GEOMETRIC_REPRESENTATION_CONTEXT(2) 
PARAMETRIC_REPRESENTATION_CONTEXT() REPRESENTATION_CONTEXT('2D SPACE',''
  ) );
#549 = PCURVE('',#73,#550);
#550 = DEFINITIONAL_REPRESENTATION('',(#551),#554);
#551 = B_SPLINE_CURVE_WITH_KNOTS('',1,(#552,#553),.UNSPECIFIED.,.F.,.F.,
  (2,2),(0.83880167837,1.704827082155),.PIECEWISE_BEZIER_KNOTS.);
#552 = CARTESIAN_POINT('',(2.283974596216,5.128592302785E-16));
#553 = CARTESIAN_POINT('',(3.15,-3.234698502162E-16));
#554 = ( GEOMETRIC_REPRESENTATION_CONTEXT(2) 
PARAMETRIC_REPRESENTATION_CONTEXT() REPRESENTATION_CONTEXT('2D SPACE',''
  ) );
#555 = ORIENTED_EDGE('',*,*,#21,.T.);
#556 = ADVANCED_FACE('',(#557),#352,.T.);
#557 = FACE_BOUND('',#558,.F.);
#558 = EDGE_LOOP('',(#559,#768,#769,#957));
#559 = ORIENTED_EDGE('',*,*,#560,.F.);
#560 = EDGE_CURVE('',#24,#561,#563,.T.);
#561 = VERTEX_POINT('',#562);
#562 = CARTESIAN_POINT('',(3.15,0.,1.472708657496));
#563 = SURFACE_CURVE('',#564,(#630,#699),.PCURVE_S1.);
#564 = B_SPLINE_CURVE_WITH_KNOTS('',8,(#565,#566,#567,#568,#569,#570,
    #571,#572,#573,#574,#575,#576,#577,#578,#579,#580,#581,#582,#583,
    #584,#585,#586,#587,#588,#589,#590,#591,#592,#593,#594,#595,#596,
    #597,#598,#599,#600,#601,#602,#603,#604,#605,#606,#607,#608,#609,
    #610,#611,#612,#613,#614,#615,#616,#617,#618,#619,#620,#621,#622,
    #623,#624,#625,#626,#627,#628,#629),.UNSPECIFIED.,.F.,.F.,(9,7,7,7,7
    ,7,7,7,7,9),(0.,9.157095032906E-02,0.200048866223,0.30364890936,
    0.423344916913,0.524771839304,0.611961307984,0.723973250007,
    0.834354758746,1.),.UNSPECIFIED.);
#565 = CARTESIAN_POINT('',(3.15,-1.33226762955E-15,0.472708180475));
#566 = CARTESIAN_POINT('',(3.15,0.226511593634,0.484153333239));
#567 = CARTESIAN_POINT('',(3.131384931688,0.453059402831,0.495596630628)
  );
#568 = CARTESIAN_POINT('',(3.094145012117,0.677806410353,0.50703681247)
  );
#569 = CARTESIAN_POINT('',(3.038497457834,0.898967665849,0.51847674178)
  );
#570 = CARTESIAN_POINT('',(2.964854900018,1.114807522978,0.529919611253)
  );
#571 = CARTESIAN_POINT('',(2.873814214852,1.323643215699,0.541366654887)
  );
#572 = CARTESIAN_POINT('',(2.766165769115,1.52385477373,0.552816364725)
  );
#573 = CARTESIAN_POINT('',(2.496925797943,1.939036525222,0.577827889141)
  );
#574 = CARTESIAN_POINT('',(2.328963378384,2.150030831833,0.591396608766)
  );
#575 = CARTESIAN_POINT('',(2.140698313419,2.344271139324,0.604963641077)
  );
#576 = CARTESIAN_POINT('',(1.934113696349,2.519505974392,0.618526326217)
  );
#577 = CARTESIAN_POINT('',(1.711446698795,2.673787910187,0.632085625855)
  );
#578 = CARTESIAN_POINT('',(1.475156760186,2.805460994727,0.645643885151)
  );
#579 = CARTESIAN_POINT('',(1.227928490646,2.913193145644,0.659201805853)
  );
#580 = CARTESIAN_POINT('',(0.728966399486,3.075187935869,0.685698031998)
  );
#581 = CARTESIAN_POINT('',(0.47780295521,3.131680042304,0.698643636536)
  );
#582 = CARTESIAN_POINT('',(0.221766646084,3.164681997259,0.711587703261)
  );
#583 = CARTESIAN_POINT('',(-3.657280900292E-02,3.17374052003,
    0.724530981908));
#584 = CARTESIAN_POINT('',(-0.294635262439,3.158731279919,0.737476031508
    ));
#585 = CARTESIAN_POINT('',(-0.549842759087,3.119837526961,0.750424801251
    ));
#586 = CARTESIAN_POINT('',(-0.79963318017,3.057572956003,0.763376473497)
  );
#587 = CARTESIAN_POINT('',(-1.320890715282,2.87496136687,0.791286518582)
  );
#588 = CARTESIAN_POINT('',(-1.589919544202,2.747014850157,0.806255891801
    ));
#589 = CARTESIAN_POINT('',(-1.844590516102,2.590349650445,0.821222569731
    ));
#590 = CARTESIAN_POINT('',(-2.081357271864,2.406911055589,0.836185924844
    ));
#591 = CARTESIAN_POINT('',(-2.297043371801,2.199094597902,0.85114802911)
  );
#592 = CARTESIAN_POINT('',(-2.48882018102,1.96969772503,0.866111589596)
  );
#593 = CARTESIAN_POINT('',(-2.654251227988,1.721948483507,0.881077499875
    ));
#594 = CARTESIAN_POINT('',(-2.907684282039,1.23726009091,0.908711206038)
  );
#595 = CARTESIAN_POINT('',(-3.003724937741,1.004300150064,0.921389174401
    ));
#596 = CARTESIAN_POINT('',(-3.078375057406,0.762925333087,0.93406567937)
  );
#597 = CARTESIAN_POINT('',(-3.130804440674,0.515440702103,0.946740733763
    ));
#598 = CARTESIAN_POINT('',(-3.160480570362,0.264211399623,0.959416279099
    ));
#599 = CARTESIAN_POINT('',(-3.167150792464,1.164759421357E-02,
    0.972094082149));
#600 = CARTESIAN_POINT('',(-3.150862724466,-0.239803892257,
    0.984773733539));
#601 = CARTESIAN_POINT('',(-3.078635066716,-0.700726535703,
    1.008348271099));
#602 = CARTESIAN_POINT('',(-3.028570265181,-0.911213770895,
    1.019247749723));
#603 = CARTESIAN_POINT('',(-2.962065367465,-1.117552913015,
    1.030146751014));
#604 = CARTESIAN_POINT('',(-2.87953605653,-1.318245192489,1.041044689067
    ));
#605 = CARTESIAN_POINT('',(-2.781552166525,-1.511858065483,
    1.051941967046));
#606 = CARTESIAN_POINT('',(-2.668827350122,-1.697026556502,
    1.062839114246));
#607 = CARTESIAN_POINT('',(-2.542223064851,-1.872461016657,
    1.073735918512));
#608 = CARTESIAN_POINT('',(-2.223608104954,-2.248294113493,
    1.098626846178));
#609 = CARTESIAN_POINT('',(-2.023143534411,-2.441691812088,
    1.112626889688));
#610 = CARTESIAN_POINT('',(-1.803555302689,-2.614530547567,
    1.126623409594));
#611 = CARTESIAN_POINT('',(-1.567341480986,-2.764641313943,
    1.140617187339));
#612 = CARTESIAN_POINT('',(-1.317231063288,-2.89023933677,1.154611390145
    ));
#613 = CARTESIAN_POINT('',(-1.056156974272,-2.989899714845,
    1.168609238715));
#614 = CARTESIAN_POINT('',(-0.787263087271,-3.062592977974,
    1.182611590546));
#615 = CARTESIAN_POINT('',(-0.244558129905,-3.152337531613,1.21040666756
    ));
#616 = CARTESIAN_POINT('',(2.931044175775E-02,-3.170214125309,
    1.22420901383));
#617 = CARTESIAN_POINT('',(0.304468927715,-3.16086078846,1.238010994947)
  );
#618 = CARTESIAN_POINT('',(0.577751150426,-3.12423350608,1.251812277438)
  );
#619 = CARTESIAN_POINT('',(0.846058228337,-3.060706761913,1.265613657956
    ));
#620 = CARTESIAN_POINT('',(1.106363389956,-2.971039620347,1.279415724323
    ));
#621 = CARTESIAN_POINT('',(1.355727939409,-2.856404337632,1.293217749581
    ));
#622 = CARTESIAN_POINT('',(1.944945470759,-2.511485410936,1.327714482895
    ));
#623 = CARTESIAN_POINT('',(2.268358162818,-2.251590006126,1.348444985939
    ));
#624 = CARTESIAN_POINT('',(2.551342157056,-1.944380251837,1.369148389738
    ));
#625 = CARTESIAN_POINT('',(2.786246728856,-1.597509193284,1.389838789137
    ));
#626 = CARTESIAN_POINT('',(2.966925987862,-1.219550973969,1.410534978524
    ));
#627 = CARTESIAN_POINT('',(3.089096808413,-0.820132104207,1.431267017445
    ));
#628 = CARTESIAN_POINT('',(3.15,-0.409710726735,1.452007133979));
#629 = CARTESIAN_POINT('',(3.15,-4.440892098501E-16,1.472708657496));
#630 = PCURVE('',#352,#631);
#631 = DEFINITIONAL_REPRESENTATION('',(#632),#698);
#632 = B_SPLINE_CURVE_WITH_KNOTS('',8,(#633,#634,#635,#636,#637,#638,
    #639,#640,#641,#642,#643,#644,#645,#646,#647,#648,#649,#650,#651,
    #652,#653,#654,#655,#656,#657,#658,#659,#660,#661,#662,#663,#664,
    #665,#666,#667,#668,#669,#670,#671,#672,#673,#674,#675,#676,#677,
    #678,#679,#680,#681,#682,#683,#684,#685,#686,#687,#688,#689,#690,
    #691,#692,#693,#694,#695,#696,#697),.UNSPECIFIED.,.F.,.F.,(9,7,7,7,7
    ,7,7,7,7,9),(0.,9.157095032906E-02,0.200048866223,0.30364890936,
    0.423344916913,0.524771839304,0.611961307984,0.723973250007,
    0.834354758746,1.),.UNSPECIFIED.);
#633 = CARTESIAN_POINT('',(0.,-0.472708180475));
#634 = CARTESIAN_POINT('',(-7.190844242338E-02,-0.484153333239));
#635 = CARTESIAN_POINT('',(-0.143828186661,-0.495596630628));
#636 = CARTESIAN_POINT('',(-0.215743591287,-0.50703681247));
#637 = CARTESIAN_POINT('',(-0.287653652649,-0.51847674178));
#638 = CARTESIAN_POINT('',(-0.359564480533,-0.529919611253));
#639 = CARTESIAN_POINT('',(-0.431481756603,-0.541366654887));
#640 = CARTESIAN_POINT('',(-0.503403175603,-0.552816364725));
#641 = CARTESIAN_POINT('',(-0.66049505409,-0.577827889141));
#642 = CARTESIAN_POINT('',(-0.745706013256,-0.591396608766));
#643 = CARTESIAN_POINT('',(-0.83090572632,-0.604963641077));
#644 = CARTESIAN_POINT('',(-0.916090843044,-0.618526326217));
#645 = CARTESIAN_POINT('',(-1.001275433094,-0.632085625855));
#646 = CARTESIAN_POINT('',(-1.086473843149,-0.645643885151));
#647 = CARTESIAN_POINT('',(-1.171683661477,-0.659201805853));
#648 = CARTESIAN_POINT('',(-1.338223440984,-0.685698031998));
#649 = CARTESIAN_POINT('',(-1.419598518645,-0.698643636536));
#650 = CARTESIAN_POINT('',(-1.500964587904,-0.711587703261));
#651 = CARTESIAN_POINT('',(-1.582319413181,-0.724530981908));
#652 = CARTESIAN_POINT('',(-1.663674282464,-0.737476031508));
#653 = CARTESIAN_POINT('',(-1.74504020449,-0.750424801251));
#654 = CARTESIAN_POINT('',(-1.826413979036,-0.763376473497));
#655 = CARTESIAN_POINT('',(-2.001753382234,-0.791286518582));
#656 = CARTESIAN_POINT('',(-2.095785670484,-0.806255891801));
#657 = CARTESIAN_POINT('',(-2.189795726346,-0.821222569731));
#658 = CARTESIAN_POINT('',(-2.283786910513,-0.836185924844));
#659 = CARTESIAN_POINT('',(-2.377778077257,-0.85114802911));
#660 = CARTESIAN_POINT('',(-2.47178812675,-0.866111589596));
#661 = CARTESIAN_POINT('',(-2.565820561007,-0.881077499875));
#662 = CARTESIAN_POINT('',(-2.739454566987,-0.908711206038));
#663 = CARTESIAN_POINT('',(-2.819118739518,-0.921389174401));
#664 = CARTESIAN_POINT('',(-2.898775151439,-0.93406567937));
#665 = CARTESIAN_POINT('',(-2.978421153455,-0.946740733763));
#666 = CARTESIAN_POINT('',(-3.058066768203,-0.959416279099));
#667 = CARTESIAN_POINT('',(-3.13772228224,-0.972094082149));
#668 = CARTESIAN_POINT('',(-3.217385823865,-0.984773733539));
#669 = CARTESIAN_POINT('',(-3.365496123644,-1.008348271099));
#670 = CARTESIAN_POINT('',(-3.433972225876,-1.019247749723));
#671 = CARTESIAN_POINT('',(-3.502444950808,-1.030146751014));
#672 = CARTESIAN_POINT('',(-3.570912244286,-1.041044689067));
#673 = CARTESIAN_POINT('',(-3.639378329758,-1.051941967046));
#674 = CARTESIAN_POINT('',(-3.707847830729,-1.062839114246));
#675 = CARTESIAN_POINT('',(-3.776319966592,-1.073735918512));
#676 = CARTESIAN_POINT('',(-3.932736762665,-1.098626846178));
#677 = CARTESIAN_POINT('',(-4.0207214747,-1.112626889688));
#678 = CARTESIAN_POINT('',(-4.108690364494,-1.126623409594));
#679 = CARTESIAN_POINT('',(-4.196645215408,-1.140617187339));
#680 = CARTESIAN_POINT('',(-4.284599997954,-1.154611390145));
#681 = CARTESIAN_POINT('',(-4.37256869778,-1.168609238715));
#682 = CARTESIAN_POINT('',(-4.460553140188,-1.182611590546));
#683 = CARTESIAN_POINT('',(-4.635180196465,-1.21040666756));
#684 = CARTESIAN_POINT('',(-4.721883593838,-1.22420901383));
#685 = CARTESIAN_POINT('',(-4.808572801653,-1.238010994947));
#686 = CARTESIAN_POINT('',(-4.895248921067,-1.251812277438));
#687 = CARTESIAN_POINT('',(-4.981924836612,-1.265613657956));
#688 = CARTESIAN_POINT('',(-5.0686136674,-1.279415724323));
#689 = CARTESIAN_POINT('',(-5.155317234893,-1.293217749581));
#690 = CARTESIAN_POINT('',(-5.372062988293,-1.327714482895));
#691 = CARTESIAN_POINT('',(-5.502349534361,-1.348444985939));
#692 = CARTESIAN_POINT('',(-5.632505453275,-1.369148389738));
#693 = CARTESIAN_POINT('',(-5.762587867875,-1.389838789137));
#694 = CARTESIAN_POINT('',(-5.892669986868,-1.410534978524));
#695 = CARTESIAN_POINT('',(-6.022826574161,-1.431267017445));
#696 = CARTESIAN_POINT('',(-6.153118409803,-1.452007133979));
#697 = CARTESIAN_POINT('',(-6.28318530718,-1.472708657496));
#698 = ( GEOMETRIC_REPRESENTATION_CONTEXT(2) 
PARAMETRIC_REPRESENTATION_CONTEXT() REPRESENTATION_CONTEXT('2D SPACE',''
  ) );
#699 = PCURVE('',#381,#700);
#700 = DEFINITIONAL_REPRESENTATION('',(#701),#767);
#701 = B_SPLINE_CURVE_WITH_KNOTS('',8,(#702,#703,#704,#705,#706,#707,
    #708,#709,#710,#711,#712,#713,#714,#715,#716,#717,#718,#719,#720,
    #721,#722,#723,#724,#725,#726,#727,#728,#729,#730,#731,#732,#733,
    #734,#735,#736,#737,#738,#739,#740,#741,#742,#743,#744,#745,#746,
    #747,#748,#749,#750,#751,#752,#753,#754,#755,#756,#757,#758,#759,
    #760,#761,#762,#763,#764,#765,#766),.UNSPECIFIED.,.F.,.F.,(9,7,7,7,7
    ,7,7,7,7,9),(0.,9.157095032906E-02,0.200048866223,0.30364890936,
    0.423344916913,0.524771839304,0.611961307984,0.723973250007,
    0.834354758746,1.),.UNSPECIFIED.);
#702 = CARTESIAN_POINT('',(5.696352704109E-02,0.));
#703 = CARTESIAN_POINT('',(5.696234656045E-02,7.281349798302E-02));
#704 = CARTESIAN_POINT('',(5.696651355802E-02,0.145631491882));
#705 = CARTESIAN_POINT('',(5.697609535838E-02,0.218446169662));
#706 = CARTESIAN_POINT('',(5.698555574969E-02,0.291258870682));
#707 = CARTESIAN_POINT('',(5.699013036387E-02,0.364075384619));
#708 = CARTESIAN_POINT('',(5.698873815451E-02,0.436900267276));
#709 = CARTESIAN_POINT('',(5.698342897234E-02,0.509730173255));
#710 = CARTESIAN_POINT('',(5.696581704709E-02,0.668806437548));
#711 = CARTESIAN_POINT('',(5.695257215401E-02,0.755093855738));
#712 = CARTESIAN_POINT('',(5.693867148097E-02,0.841368539874));
#713 = CARTESIAN_POINT('',(5.692841747782E-02,0.927626682061));
#714 = CARTESIAN_POINT('',(5.692458526461E-02,1.013882859846));
#715 = CARTESIAN_POINT('',(5.692728813427E-02,1.100152339135));
#716 = CARTESIAN_POINT('',(5.693449941569E-02,1.186433406934));
#717 = CARTESIAN_POINT('',(5.695352439728E-02,1.355067415274));
#718 = CARTESIAN_POINT('',(5.696508715978E-02,1.437466029678));
#719 = CARTESIAN_POINT('',(5.697704958753E-02,1.519856078415));
#720 = CARTESIAN_POINT('',(5.698710411008E-02,1.602235297452));
#721 = CARTESIAN_POINT('',(5.699358325797E-02,1.684614885161));
#722 = CARTESIAN_POINT('',(5.699596069057E-02,1.767005638375));
#723 = CARTESIAN_POINT('',(5.699477497794E-02,1.849403996755));
#724 = CARTESIAN_POINT('',(5.698658708244E-02,2.026950144729));
#725 = CARTESIAN_POINT('',(5.697871651427E-02,2.122165274615));
#726 = CARTESIAN_POINT('',(5.696882203563E-02,2.217357087));
#727 = CARTESIAN_POINT('',(5.695934824967E-02,2.312529041142));
#728 = CARTESIAN_POINT('',(5.695238841733E-02,2.407700700211));
#729 = CARTESIAN_POINT('',(5.694877561824E-02,2.502891826672));
#730 = CARTESIAN_POINT('',(5.694795035934E-02,2.598106400225));
#731 = CARTESIAN_POINT('',(5.694979997901E-02,2.773925003474));
#732 = CARTESIAN_POINT('',(5.695195034331E-02,2.854592154347));
#733 = CARTESIAN_POINT('',(5.695483349953E-02,2.935252228435));
#734 = CARTESIAN_POINT('',(5.695752490875E-02,3.015902489088));
#735 = CARTESIAN_POINT('',(5.695923075723E-02,3.096552869032));
#736 = CARTESIAN_POINT('',(5.695957169136E-02,3.177213452573));
#737 = CARTESIAN_POINT('',(5.695866419328E-02,3.25788199022));
#738 = CARTESIAN_POINT('',(5.69555686632E-02,3.407860012609));
#739 = CARTESIAN_POINT('',(5.695357791782E-02,3.477199317146));
#740 = CARTESIAN_POINT('',(5.695130988033E-02,3.546534739502));
#741 = CARTESIAN_POINT('',(5.694926913079E-02,3.615864090087));
#742 = CARTESIAN_POINT('',(5.694801014516E-02,3.685191624109));
#743 = CARTESIAN_POINT('',(5.694798879717E-02,3.754522098704));
#744 = CARTESIAN_POINT('',(5.694943752702E-02,3.823854872608));
#745 = CARTESIAN_POINT('',(5.695589556208E-02,3.982237239433));
#746 = CARTESIAN_POINT('',(5.696181035594E-02,4.071327257806));
#747 = CARTESIAN_POINT('',(5.696983133477E-02,4.160401278224));
#748 = CARTESIAN_POINT('',(5.697906093239E-02,4.249461536433));
#749 = CARTESIAN_POINT('',(5.698762939526E-02,4.338522483666));
#750 = CARTESIAN_POINT('',(5.69934647745E-02,4.427598295134));
#751 = CARTESIAN_POINT('',(5.699528891562E-02,4.516690530349));
#752 = CARTESIAN_POINT('',(5.699083098104E-02,4.693516590824));
#753 = CARTESIAN_POINT('',(5.698465751013E-02,4.781311959045));
#754 = CARTESIAN_POINT('',(5.697447994758E-02,4.869092798657));
#755 = CARTESIAN_POINT('',(5.696123589689E-02,4.956859846044));
#756 = CARTESIAN_POINT('',(5.69474674949E-02,5.044625918725));
#757 = CARTESIAN_POINT('',(5.693636858355E-02,5.132404492146));
#758 = CARTESIAN_POINT('',(5.693027026033E-02,5.220198047003));
#759 = CARTESIAN_POINT('',(5.692854339706E-02,5.439670146577));
#760 = CARTESIAN_POINT('',(5.693962013679E-02,5.571596867861));
#761 = CARTESIAN_POINT('',(5.69650263728E-02,5.703394856015));
#762 = CARTESIAN_POINT('',(5.699455670694E-02,5.835122679457));
#763 = CARTESIAN_POINT('',(5.701346935131E-02,5.9668549715));
#764 = CARTESIAN_POINT('',(5.697879867906E-02,6.098652016547));
#765 = CARTESIAN_POINT('',(5.696406333782E-02,6.230561219994));
#766 = CARTESIAN_POINT('',(5.696253141495E-02,6.362265131567));
#767 = ( GEOMETRIC_REPRESENTATION_CONTEXT(2) 
PARAMETRIC_REPRESENTATION_CONTEXT() REPRESENTATION_CONTEXT('2D SPACE',''
  ) );
#768 = ORIENTED_EDGE('',*,*,#338,.T.);
#769 = ORIENTED_EDGE('',*,*,#770,.T.);
#770 = EDGE_CURVE('',#86,#771,#773,.T.);
#771 = VERTEX_POINT('',#772);
#772 = CARTESIAN_POINT('',(3.15,0.,1.527292288388));
#773 = SURFACE_CURVE('',#774,(#833,#895),.PCURVE_S1.);
#774 = B_SPLINE_CURVE_WITH_KNOTS('',8,(#775,#776,#777,#778,#779,#780,
    #781,#782,#783,#784,#785,#786,#787,#788,#789,#790,#791,#792,#793,
    #794,#795,#796,#797,#798,#799,#800,#801,#802,#803,#804,#805,#806,
    #807,#808,#809,#810,#811,#812,#813,#814,#815,#816,#817,#818,#819,
    #820,#821,#822,#823,#824,#825,#826,#827,#828,#829,#830,#831,#832),
  .UNSPECIFIED.,.F.,.F.,(9,7,7,7,7,7,7,7,9),(0.,8.594602245025E-02,
    0.189350459446,0.299664879693,0.419224246613,0.589483935849,
    0.731872841985,0.863156121321,1.),.UNSPECIFIED.);
#775 = CARTESIAN_POINT('',(3.15,-8.881784197001E-16,0.527292296533));
#776 = CARTESIAN_POINT('',(3.15,0.212571407159,0.538032928243));
#777 = CARTESIAN_POINT('',(3.133605681742,0.425179897763,0.54877620446)
  );
#778 = CARTESIAN_POINT('',(3.100807528658,0.636304128275,0.559521168362)
  );
#779 = CARTESIAN_POINT('',(3.051773518696,0.844463562693,0.570265863776)
  );
#780 = CARTESIAN_POINT('',(2.986825462703,1.048216662919,0.581009058955)
  );
#781 = CARTESIAN_POINT('',(2.906429763525,1.246163125702,0.591750685331)
  );
#782 = CARTESIAN_POINT('',(2.811202595836,1.436950166129,0.602490991274)
  );
#783 = CARTESIAN_POINT('',(2.570459521945,1.838653189048,0.626146947274)
  );
#784 = CARTESIAN_POINT('',(2.418600292777,2.045880952512,0.639066873677)
  );
#785 = CARTESIAN_POINT('',(2.247706847024,2.238666878619,0.651984384884)
  );
#786 = CARTESIAN_POINT('',(2.059408230651,2.414992169418,0.664900862083)
  );
#787 = CARTESIAN_POINT('',(1.855555478084,2.573077847583,0.677819518821)
  );
#788 = CARTESIAN_POINT('',(1.638197596468,2.71137696327,0.690742650275)
  );
#789 = CARTESIAN_POINT('',(1.409585563885,2.828599648744,0.703669485757)
  );
#790 = CARTESIAN_POINT('',(0.918960160834,3.025302202887,0.730383524636)
  );
#791 = CARTESIAN_POINT('',(0.655583605408,3.101797465903,0.744178677943)
  );
#792 = CARTESIAN_POINT('',(0.385083678041,3.152019360397,0.757972470327)
  );
#793 = CARTESIAN_POINT('',(0.110533215976,3.175243927942,0.771763812695)
  );
#794 = CARTESIAN_POINT('',(-0.164968675792,3.171167535368,0.785553569158
    ));
#795 = CARTESIAN_POINT('',(-0.438308144632,3.139876513517,0.799343198152
    ));
#796 = CARTESIAN_POINT('',(-0.706366427432,3.081880026925,0.813133015444
    ));
#797 = CARTESIAN_POINT('',(-1.247501399552,2.907520887935,0.841855048812
    ));
#798 = CARTESIAN_POINT('',(-1.51935021073,2.786598512488,0.85679859967)
  );
#799 = CARTESIAN_POINT('',(-1.777610237696,2.636674395912,0.871737361804
    ));
#800 = CARTESIAN_POINT('',(-2.018699777086,2.459595907828,0.886672998433
    ));
#801 = CARTESIAN_POINT('',(-2.239393816556,2.257667928289,0.901609614454
    ));
#802 = CARTESIAN_POINT('',(-2.436803336081,2.03360408407,0.916550795199)
  );
#803 = CARTESIAN_POINT('',(-2.608418518456,1.790556190798,0.931496983838
    ));
#804 = CARTESIAN_POINT('',(-2.957075376467,1.16427062469,0.967713729546)
  );
#805 = CARTESIAN_POINT('',(-3.106070775221,0.764369131326,0.989031658065
    ));
#806 = CARTESIAN_POINT('',(-3.19267842478,0.343418166595,1.010326899012)
  );
#807 = CARTESIAN_POINT('',(-3.21407602749,-8.715514333968E-02,
    1.031607583881));
#808 = CARTESIAN_POINT('',(-3.169373638169,-0.515935879693,
    1.052884824024));
#809 = CARTESIAN_POINT('',(-3.060088508428,-0.931579411195,
    1.074173609046));
#810 = CARTESIAN_POINT('',(-2.889621332666,-1.32284144897,1.095488646793
    ));
#811 = CARTESIAN_POINT('',(-2.477432409781,-1.977080621196,
    1.134558106299));
#812 = CARTESIAN_POINT('',(-2.25145991529,-2.251340203383,1.152369898494
    ));
#813 = CARTESIAN_POINT('',(-1.990963186465,-2.495704884651,
    1.170174651584));
#814 = CARTESIAN_POINT('',(-1.700707196049,-2.705268194145,
    1.187974967618));
#815 = CARTESIAN_POINT('',(-1.386038277797,-2.875999821542,
    1.205775896351));
#816 = CARTESIAN_POINT('',(-1.05290657182,-3.004829675808,1.223581111476
    ));
#817 = CARTESIAN_POINT('',(-0.707793450854,-3.089587257106,
    1.241392322892));
#818 = CARTESIAN_POINT('',(-3.53116929259E-02,-3.166493720055,
    1.275586393031));
#819 = CARTESIAN_POINT('',(0.291852584135,-3.16540753465,1.291998266112)
  );
#820 = CARTESIAN_POINT('',(0.618039246335,-3.125621910513,1.308402094243
    ));
#821 = CARTESIAN_POINT('',(0.937904077982,-3.047510267265,1.324800035139
    ));
#822 = CARTESIAN_POINT('',(1.246333459629,-2.932255766483,1.341199431132
    ));
#823 = CARTESIAN_POINT('',(1.53843738858,-2.781758728594,1.357607532066)
  );
#824 = CARTESIAN_POINT('',(1.809592915441,-2.598711866436,1.374026021508
    ));
#825 = CARTESIAN_POINT('',(2.312076982702,-2.165952486149,1.407542612542
    ));
#826 = CARTESIAN_POINT('',(2.541611494577,-1.913419148477,1.424665298945
    ));
#827 = CARTESIAN_POINT('',(2.739323493701,-1.633292499876,1.441781929897
    ));
#828 = CARTESIAN_POINT('',(2.901490555029,-1.330352497708,1.458890204012
    ));
#829 = CARTESIAN_POINT('',(3.025205748748,-1.009783999818,1.475990545134
    ));
#830 = CARTESIAN_POINT('',(3.108439518627,-0.677171432541,1.493084651488
    ));
#831 = CARTESIAN_POINT('',(3.15,-0.338453655266,1.510191178882));
#832 = CARTESIAN_POINT('',(3.15,1.820765760385E-14,1.527292288388));
#833 = PCURVE('',#352,#834);
#834 = DEFINITIONAL_REPRESENTATION('',(#835),#894);
#835 = B_SPLINE_CURVE_WITH_KNOTS('',8,(#836,#837,#838,#839,#840,#841,
    #842,#843,#844,#845,#846,#847,#848,#849,#850,#851,#852,#853,#854,
    #855,#856,#857,#858,#859,#860,#861,#862,#863,#864,#865,#866,#867,
    #868,#869,#870,#871,#872,#873,#874,#875,#876,#877,#878,#879,#880,
    #881,#882,#883,#884,#885,#886,#887,#888,#889,#890,#891,#892,#893),
  .UNSPECIFIED.,.F.,.F.,(9,7,7,7,7,7,7,7,9),(0.,8.594602245025E-02,
    0.189350459446,0.299664879693,0.419224246613,0.589483935849,
    0.731872841985,0.863156121321,1.),.UNSPECIFIED.);
#836 = CARTESIAN_POINT('',(0.,-0.527292296533));
#837 = CARTESIAN_POINT('',(-6.748298639954E-02,-0.538032928243));
#838 = CARTESIAN_POINT('',(-0.134977593598,-0.54877620446));
#839 = CARTESIAN_POINT('',(-0.202469838585,-0.559521168362));
#840 = CARTESIAN_POINT('',(-0.269957507862,-0.570265863776));
#841 = CARTESIAN_POINT('',(-0.337444371877,-0.581009058955));
#842 = CARTESIAN_POINT('',(-0.404934507593,-0.591750685331));
#843 = CARTESIAN_POINT('',(-0.47242672919,-0.602490991274));
#844 = CARTESIAN_POINT('',(-0.621099380317,-0.626146947274));
#845 = CARTESIAN_POINT('',(-0.702310045409,-0.639066873677));
#846 = CARTESIAN_POINT('',(-0.783511762218,-0.651984384884));
#847 = CARTESIAN_POINT('',(-0.864702243126,-0.664900862083));
#848 = CARTESIAN_POINT('',(-0.945892746315,-0.677819518821));
#849 = CARTESIAN_POINT('',(-1.027094521012,-0.690742650275));
#850 = CARTESIAN_POINT('',(-1.108305224539,-0.703669485757));
#851 = CARTESIAN_POINT('',(-1.276110910952,-0.730383524636));
#852 = CARTESIAN_POINT('',(-1.362754493743,-0.744178677943));
#853 = CARTESIAN_POINT('',(-1.449383376294,-0.757972470327));
#854 = CARTESIAN_POINT('',(-1.535999452653,-0.771763812695));
#855 = CARTESIAN_POINT('',(-1.622615829079,-0.785553569158));
#856 = CARTESIAN_POINT('',(-1.709245331075,-0.799343198152));
#857 = CARTESIAN_POINT('',(-1.79588900875,-0.813133015444));
#858 = CARTESIAN_POINT('',(-1.9763752274,-0.841855048812));
#859 = CARTESIAN_POINT('',(-2.070290723265,-0.85679859967));
#860 = CARTESIAN_POINT('',(-2.164184231447,-0.871737361804));
#861 = CARTESIAN_POINT('',(-2.25805896987,-0.886672998433));
#862 = CARTESIAN_POINT('',(-2.351933618392,-0.901609614454));
#863 = CARTESIAN_POINT('',(-2.445826950812,-0.916550795199));
#864 = CARTESIAN_POINT('',(-2.539742459695,-0.931496983838));
#865 = CARTESIAN_POINT('',(-2.7672964596,-0.967713729546));
#866 = CARTESIAN_POINT('',(-2.901225548199,-0.989031658065));
#867 = CARTESIAN_POINT('',(-3.035005296304,-1.010326899012));
#868 = CARTESIAN_POINT('',(-3.168702432018,-1.031607583881));
#869 = CARTESIAN_POINT('',(-3.302400782513,-1.052884824024));
#870 = CARTESIAN_POINT('',(-3.436180324841,-1.074173609046));
#871 = CARTESIAN_POINT('',(-3.570118428174,-1.095488646793));
#872 = CARTESIAN_POINT('',(-3.815597295468,-1.134558106299));
#873 = CARTESIAN_POINT('',(-3.92750235766,-1.152369898494));
#874 = CARTESIAN_POINT('',(-4.039350511761,-1.170174651584));
#875 = CARTESIAN_POINT('',(-4.151158504485,-1.187974967618));
#876 = CARTESIAN_POINT('',(-4.262966955328,-1.205775896352));
#877 = CARTESIAN_POINT('',(-4.374815443097,-1.223581111476));
#878 = CARTESIAN_POINT('',(-4.486722745057,-1.241392322892));
#879 = CARTESIAN_POINT('',(-4.701600544073,-1.275586393031));
#880 = CARTESIAN_POINT('',(-4.804750506023,-1.291998266112));
#881 = CARTESIAN_POINT('',(-4.907864975728,-1.308402094243));
#882 = CARTESIAN_POINT('',(-5.010950385108,-1.324800035139));
#883 = CARTESIAN_POINT('',(-5.114034641226,-1.341199431132));
#884 = CARTESIAN_POINT('',(-5.217146166723,-1.357607532066));
#885 = CARTESIAN_POINT('',(-5.320293096555,-1.374026021508));
#886 = CARTESIAN_POINT('',(-5.530817623332,-1.407542612542));
#887 = CARTESIAN_POINT('',(-5.638347983969,-1.424665298945));
#888 = CARTESIAN_POINT('',(-5.745830985647,-1.441781929897));
#889 = CARTESIAN_POINT('',(-5.853279861052,-1.458890204012));
#890 = CARTESIAN_POINT('',(-5.960728193085,-1.475990545134));
#891 = CARTESIAN_POINT('',(-6.068210373122,-1.493084651488));
#892 = CARTESIAN_POINT('',(-6.175739702333,-1.510191178882));
#893 = CARTESIAN_POINT('',(-6.28318530718,-1.527292288388));
#894 = ( GEOMETRIC_REPRESENTATION_CONTEXT(2) 
PARAMETRIC_REPRESENTATION_CONTEXT() REPRESENTATION_CONTEXT('2D SPACE',''
  ) );
#895 = PCURVE('',#155,#896);
#896 = DEFINITIONAL_REPRESENTATION('',(#897),#956);
#897 = B_SPLINE_CURVE_WITH_KNOTS('',8,(#898,#899,#900,#901,#902,#903,
    #904,#905,#906,#907,#908,#909,#910,#911,#912,#913,#914,#915,#916,
    #917,#918,#919,#920,#921,#922,#923,#924,#925,#926,#927,#928,#929,
    #930,#931,#932,#933,#934,#935,#936,#937,#938,#939,#940,#941,#942,
    #943,#944,#945,#946,#947,#948,#949,#950,#951,#952,#953,#954,#955),
  .UNSPECIFIED.,.F.,.F.,(9,7,7,7,7,7,7,7,9),(0.,8.594602245025E-02,
    0.189350459446,0.299664879693,0.419224246613,0.589483935849,
    0.731872841985,0.863156121321,1.),.UNSPECIFIED.);
#898 = CARTESIAN_POINT('',(0.986636234511,6.362265131567));
#899 = CARTESIAN_POINT('',(0.986635439702,6.430597455437));
#900 = CARTESIAN_POINT('',(0.986631005475,6.49893551064));
#901 = CARTESIAN_POINT('',(0.986622434523,6.567271693824));
#902 = CARTESIAN_POINT('',(0.986613796225,6.635605963504));
#903 = CARTESIAN_POINT('',(0.986608899272,6.703942092579));
#904 = CARTESIAN_POINT('',(0.986608965897,6.772283370497));
#905 = CARTESIAN_POINT('',(0.986612807699,6.840627755081));
#906 = CARTESIAN_POINT('',(0.986627558482,6.99117818259));
#907 = CARTESIAN_POINT('',(0.986639636947,7.073414997625));
#908 = CARTESIAN_POINT('',(0.986653492129,7.155641862446));
#909 = CARTESIAN_POINT('',(0.986665275255,7.237855832563));
#910 = CARTESIAN_POINT('',(0.986672035525,7.320068358667));
#911 = CARTESIAN_POINT('',(0.986672896993,7.402291373211));
#912 = CARTESIAN_POINT('',(0.986668911958,7.484523180569));
#913 = CARTESIAN_POINT('',(0.986653780466,7.65443885451));
#914 = CARTESIAN_POINT('',(0.986642193964,7.742171959179));
#915 = CARTESIAN_POINT('',(0.986628734389,7.8298906958));
#916 = CARTESIAN_POINT('',(0.986616378521,7.917597209136));
#917 = CARTESIAN_POINT('',(0.986607601311,8.005304541051));
#918 = CARTESIAN_POINT('',(0.986603469044,8.093025220733));
#919 = CARTESIAN_POINT('',(0.9866035542,8.180759954028));
#920 = CARTESIAN_POINT('',(0.986610369846,8.363517920965));
#921 = CARTESIAN_POINT('',(0.98661764922,8.45861494262));
#922 = CARTESIAN_POINT('',(0.98662735545,8.553688894727));
#923 = CARTESIAN_POINT('',(0.986637086029,8.648743035795));
#924 = CARTESIAN_POINT('',(0.986644618831,8.743796708722));
#925 = CARTESIAN_POINT('',(0.986648909271,8.838869540209));
#926 = CARTESIAN_POINT('',(0.986650344948,8.933965531297));
#927 = CARTESIAN_POINT('',(0.986649007712,9.164381993511));
#928 = CARTESIAN_POINT('',(0.986644199986,9.299997651796));
#929 = CARTESIAN_POINT('',(0.986637931173,9.435464512011));
#930 = CARTESIAN_POINT('',(0.986635265538,9.570849745914));
#931 = CARTESIAN_POINT('',(0.986640068356,9.706235829014));
#932 = CARTESIAN_POINT('',(0.98664693483,9.841701654119));
#933 = CARTESIAN_POINT('',(0.986650876528,9.977325590703));
#934 = CARTESIAN_POINT('',(0.986649373876,10.225891270221));
#935 = CARTESIAN_POINT('',(0.986645359126,10.339202376818));
#936 = CARTESIAN_POINT('',(0.986636926889,10.45245523331));
#937 = CARTESIAN_POINT('',(0.986624511449,10.5656677184));
#938 = CARTESIAN_POINT('',(0.986611419738,10.678882040164));
#939 = CARTESIAN_POINT('',(0.986603153348,10.792138341705));
#940 = CARTESIAN_POINT('',(0.986602136637,10.90545489188));
#941 = CARTESIAN_POINT('',(0.986612638545,11.123038644163));
#942 = CARTESIAN_POINT('',(0.986623212682,11.227487564309));
#943 = CARTESIAN_POINT('',(0.98663861773,11.331900026049));
#944 = CARTESIAN_POINT('',(0.986656279461,11.436281910445));
#945 = CARTESIAN_POINT('',(0.986670167817,11.54066155039));
#946 = CARTESIAN_POINT('',(0.986674954041,11.645068828191));
#947 = CARTESIAN_POINT('',(0.986670343678,11.749513557704));
#948 = CARTESIAN_POINT('',(0.986649253334,11.962690708295));
#949 = CARTESIAN_POINT('',(0.986632259467,12.071577978032));
#950 = CARTESIAN_POINT('',(0.986612975964,12.180419742041));
#951 = CARTESIAN_POINT('',(0.986600207505,12.2892281969));
#952 = CARTESIAN_POINT('',(0.986603252861,12.398034382969));
#953 = CARTESIAN_POINT('',(0.986627378034,12.506865159422));
#954 = CARTESIAN_POINT('',(0.986637525507,12.615732353829));
#955 = CARTESIAN_POINT('',(0.986636251512,12.724530263135));
#956 = ( GEOMETRIC_REPRESENTATION_CONTEXT(2) 
PARAMETRIC_REPRESENTATION_CONTEXT() REPRESENTATION_CONTEXT('2D SPACE',''
  ) );
#957 = ORIENTED_EDGE('',*,*,#958,.F.);
#958 = EDGE_CURVE('',#561,#771,#959,.T.);
#959 = SURFACE_CURVE('',#960,(#964,#971),.PCURVE_S1.);
#960 = LINE('',#961,#962);
#961 = CARTESIAN_POINT('',(3.15,0.,0.));
#962 = VECTOR('',#963,1.);
#963 = DIRECTION('',(0.,0.,1.));
#964 = PCURVE('',#352,#965);
#965 = DEFINITIONAL_REPRESENTATION('',(#966),#970);
#966 = LINE('',#967,#968);
#967 = CARTESIAN_POINT('',(-6.28318530718,0.));
#968 = VECTOR('',#969,1.);
#969 = DIRECTION('',(-0.,-1.));
#970 = ( GEOMETRIC_REPRESENTATION_CONTEXT(2) 
PARAMETRIC_REPRESENTATION_CONTEXT() REPRESENTATION_CONTEXT('2D SPACE',''
  ) );
#971 = PCURVE('',#972,#977);
#972 = CYLINDRICAL_SURFACE('',#973,3.15);
#973 = AXIS2_PLACEMENT_3D('',#974,#975,#976);
#974 = CARTESIAN_POINT('',(0.,0.,0.));
#975 = DIRECTION('',(-0.,-0.,-1.));
#976 = DIRECTION('',(1.,0.,0.));
#977 = DEFINITIONAL_REPRESENTATION('',(#978),#982);
#978 = LINE('',#979,#980);
#979 = CARTESIAN_POINT('',(-0.,0.));
#980 = VECTOR('',#981,1.);
#981 = DIRECTION('',(-0.,-1.));
#982 = ( GEOMETRIC_REPRESENTATION_CONTEXT(2) 
PARAMETRIC_REPRESENTATION_CONTEXT() REPRESENTATION_CONTEXT('2D SPACE',''
  ) );
#983 = ADVANCED_FACE('',(#984),#155,.T.);
#984 = FACE_BOUND('',#985,.T.);
#985 = EDGE_LOOP('',(#986,#1079,#1202,#1203,#1204,#1371,#1585,#1778,
    #1971,#2143,#2336));
#986 = ORIENTED_EDGE('',*,*,#987,.F.);
#987 = EDGE_CURVE('',#368,#988,#990,.T.);
#988 = VERTEX_POINT('',#989);
#989 = CARTESIAN_POINT('',(2.283974596221,1.59071520474E-07,
    7.999996851648));
#990 = SURFACE_CURVE('',#991,(#1066,#1072),.PCURVE_S1.);
#991 = B_SPLINE_CURVE_WITH_KNOTS('',10,(#992,#993,#994,#995,#996,#997,
    #998,#999,#1000,#1001,#1002,#1003,#1004,#1005,#1006,#1007,#1008,
    #1009,#1010,#1011,#1012,#1013,#1014,#1015,#1016,#1017,#1018,#1019,
    #1020,#1021,#1022,#1023,#1024,#1025,#1026,#1027,#1028,#1029,#1030,
    #1031,#1032,#1033,#1034,#1035,#1036,#1037,#1038,#1039,#1040,#1041,
    #1042,#1043,#1044,#1045,#1046,#1047,#1048,#1049,#1050,#1051,#1052,
    #1053,#1054,#1055,#1056,#1057,#1058,#1059,#1060,#1061,#1062,#1063,
    #1064,#1065),.UNSPECIFIED.,.F.,.F.,(11,9,9,9,9,9,9,9,11),(0.,
    6.362265131567,12.724530263135,19.086795394702,25.449060526269,
    31.811325657837,38.173590789404,44.535855920971,50.898121052539),
  .UNSPECIFIED.);
#992 = CARTESIAN_POINT('',(2.283974596216,1.033318362245E-15,
    5.551115123126E-17));
#993 = CARTESIAN_POINT('',(2.283974594539,1.435061414705,
    9.99834129406E-02));
#994 = CARTESIAN_POINT('',(1.282324550825,2.871292795066,0.200045787314)
  );
#995 = CARTESIAN_POINT('',(-0.723294543961,3.511338475854,0.299919096701
    ));
#996 = CARTESIAN_POINT('',(-3.013614647022,2.614662624735,0.400066794872
    ));
#997 = CARTESIAN_POINT('',(-4.226726799144,9.616774221399E-08,
    0.499993608926));
#998 = CARTESIAN_POINT('',(-3.013614437209,-2.61466329053,0.599939080678
    ));
#999 = CARTESIAN_POINT('',(-0.723294342625,-3.511338152894,
    0.700070365658));
#1000 = CARTESIAN_POINT('',(1.282324793279,-2.871292970058,
    0.799956295465));
#1001 = CARTESIAN_POINT('',(2.283974663765,-1.435061097014,
    0.900010299294));
#1002 = CARTESIAN_POINT('',(2.283974562212,1.435061258801,1.099986498594
    ));
#1003 = CARTESIAN_POINT('',(1.282324600219,2.871293033284,1.200041072456
    ));
#1004 = CARTESIAN_POINT('',(-0.723294605175,3.511338180623,
    1.299924939999));
#1005 = CARTESIAN_POINT('',(-3.013614584967,2.614662924031,
    1.400060871068));
#1006 = CARTESIAN_POINT('',(-4.226726850462,-1.513568251621E-07,
    1.499998508081));
#1007 = CARTESIAN_POINT('',(-3.013614403124,-2.614663126117,
    1.599935826483));
#1008 = CARTESIAN_POINT('',(-0.723294360139,-3.511338237378,
    1.700072037833));
#1009 = CARTESIAN_POINT('',(1.282324799622,-2.871292939461,
    1.799955689865));
#1010 = CARTESIAN_POINT('',(2.283974662641,-1.435061102439,
    1.900010406664));
#1011 = CARTESIAN_POINT('',(2.283974562764,1.435061261464,2.099986445903
    ));
#1012 = CARTESIAN_POINT('',(1.282324599377,2.871293029215,2.200041152969
    ));
#1013 = CARTESIAN_POINT('',(-0.723294604132,3.511338185666,
    2.299924840214));
#1014 = CARTESIAN_POINT('',(-3.013614586023,2.614662918916,
    2.400060972231));
#1015 = CARTESIAN_POINT('',(-4.226726849591,-1.471254340276E-07,
    2.499998424414));
#1016 = CARTESIAN_POINT('',(-3.013614403702,-2.614663128928,
    2.599935882059));
#1017 = CARTESIAN_POINT('',(-0.723294359843,-3.511338235934,
    2.700072009273));
#1018 = CARTESIAN_POINT('',(1.282324799514,-2.871292939983,
    2.799955700209));
#1019 = CARTESIAN_POINT('',(2.28397466266,-1.435061102346,2.900010404829
    ));
#1020 = CARTESIAN_POINT('',(2.283974562755,1.435061261419,3.099986446804
    ));
#1021 = CARTESIAN_POINT('',(1.282324599393,2.871293029282,3.200041151586
    ));
#1022 = CARTESIAN_POINT('',(-0.723294604154,3.511338185586,
    3.299924841935));
#1023 = CARTESIAN_POINT('',(-3.013614585997,2.614662918997,
    3.400060970476));
#1024 = CARTESIAN_POINT('',(-4.226726849616,-1.471936730936E-07,
    3.499998425873));
#1025 = CARTESIAN_POINT('',(-3.013614403682,-2.61466312888,
    3.599935881085));
#1026 = CARTESIAN_POINT('',(-0.723294359854,-3.51133823596,
    3.700072009778));
#1027 = CARTESIAN_POINT('',(1.282324799519,-2.871292939973,
    3.799955700022));
#1028 = CARTESIAN_POINT('',(2.283974662659,-1.435061102348,
    3.900010404865));
#1029 = CARTESIAN_POINT('',(2.283974562756,1.435061261419,4.09998644678)
  );
#1030 = CARTESIAN_POINT('',(1.282324599389,2.871293029286,4.200041151647
    ));
#1031 = CARTESIAN_POINT('',(-0.723294604145,3.511338185576,
    4.299924841823));
#1032 = CARTESIAN_POINT('',(-3.013614586011,2.614662919007,
    4.400060970636));
#1033 = CARTESIAN_POINT('',(-4.2267268496,-1.4719634769E-07,
    4.499998425696));
#1034 = CARTESIAN_POINT('',(-3.013614403695,-2.614663128886,
    4.599935881239));
#1035 = CARTESIAN_POINT('',(-0.723294359847,-3.511338235951,
    4.70007200967));
#1036 = CARTESIAN_POINT('',(1.282324799516,-2.871292939979,
    4.799955700082));
#1037 = CARTESIAN_POINT('',(2.283974662659,-1.435061102346,4.90001040484
    ));
#1038 = CARTESIAN_POINT('',(2.283974562755,1.435061261417,5.099986446821
    ));
#1039 = CARTESIAN_POINT('',(1.282324599389,2.871293029293,5.200041151438
    ));
#1040 = CARTESIAN_POINT('',(-0.723294604145,3.511338185558,
    5.299924842374));
#1041 = CARTESIAN_POINT('',(-3.013614586014,2.614662919047,
    5.400060969596));
#1042 = CARTESIAN_POINT('',(-4.226726849592,-1.472652161473E-07,
    5.499998427222));
#1043 = CARTESIAN_POINT('',(-3.013614403708,-2.614663128797,
    5.599935879433));
#1044 = CARTESIAN_POINT('',(-0.723294359831,-3.511338236042,
    5.700072011423));
#1045 = CARTESIAN_POINT('',(1.282324799502,-2.871292939907,
    5.799955698686));
#1046 = CARTESIAN_POINT('',(2.283974662669,-1.435061102392,
    5.900010405744));
#1047 = CARTESIAN_POINT('',(2.283974562736,1.43506126151,6.099986444985)
  );
#1048 = CARTESIAN_POINT('',(1.282324599499,2.871293028769,6.200041161783
    ));
#1049 = CARTESIAN_POINT('',(-0.723294604447,3.511338187002,
    6.299924813819));
#1050 = CARTESIAN_POINT('',(-3.013614585428,2.614662916241,6.40006102516
    ));
#1051 = CARTESIAN_POINT('',(-4.226726850473,-1.430426768097E-07,
    6.499998343573));
#1052 = CARTESIAN_POINT('',(-3.013614402645,-2.614663133901,
    6.599935980577));
#1053 = CARTESIAN_POINT('',(-0.723294360879,-3.511338231005,
    6.70007191165));
#1054 = CARTESIAN_POINT('',(1.282324800347,-2.871292943972,
    6.799955779194));
#1055 = CARTESIAN_POINT('',(2.283974662117,-1.435061099731,
    6.900010353054));
#1056 = CARTESIAN_POINT('',(2.283974563861,1.435061256086,7.099986552357
    ));
#1057 = CARTESIAN_POINT('',(1.282324593157,2.871293059366,7.200040556174
    ));
#1058 = CARTESIAN_POINT('',(-0.723294586935,3.511338102517,
    7.299926486013));
#1059 = CARTESIAN_POINT('',(-3.013614619506,2.614663080657,
    7.400057770938));
#1060 = CARTESIAN_POINT('',(-4.226726799168,-3.905708508005E-07,
    7.500003242759));
#1061 = CARTESIAN_POINT('',(-3.013614464681,-2.614662834601,
    7.599930056748));
#1062 = CARTESIAN_POINT('',(-0.723294299684,-3.511338526239,
    7.700077754966));
#1063 = CARTESIAN_POINT('',(1.28232475097,-2.871292705752,7.799951064327
    ));
#1064 = CARTESIAN_POINT('',(2.283974694432,-1.435061255635,
    7.900013438711));
#1065 = CARTESIAN_POINT('',(2.283974596221,1.59071516887E-07,
    7.999996851648));
#1066 = PCURVE('',#155,#1067);
#1067 = DEFINITIONAL_REPRESENTATION('',(#1068),#1071);
#1068 = B_SPLINE_CURVE_WITH_KNOTS('',1,(#1069,#1070),.UNSPECIFIED.,.F.,
  .F.,(2,2),(0.,50.898121052539),.PIECEWISE_BEZIER_KNOTS.);
#1069 = CARTESIAN_POINT('',(0.,0.));
#1070 = CARTESIAN_POINT('',(0.,50.898121052539));
#1071 = ( GEOMETRIC_REPRESENTATION_CONTEXT(2) 
PARAMETRIC_REPRESENTATION_CONTEXT() REPRESENTATION_CONTEXT('2D SPACE',''
  ) );
#1072 = PCURVE('',#381,#1073);
#1073 = DEFINITIONAL_REPRESENTATION('',(#1074),#1078);
#1074 = LINE('',#1075,#1076);
#1075 = CARTESIAN_POINT('',(1.043600757176,0.));
#1076 = VECTOR('',#1077,1.);
#1077 = DIRECTION('',(0.,1.));
#1078 = ( GEOMETRIC_REPRESENTATION_CONTEXT(2) 
PARAMETRIC_REPRESENTATION_CONTEXT() REPRESENTATION_CONTEXT('2D SPACE',''
  ) );
#1079 = ORIENTED_EDGE('',*,*,#1080,.T.);
#1080 = EDGE_CURVE('',#368,#57,#1081,.T.);
#1081 = SURFACE_CURVE('',#1082,(#1120,#1161),.PCURVE_S1.);
#1082 = B_SPLINE_CURVE_WITH_KNOTS('',6,(#1083,#1084,#1085,#1086,#1087,
    #1088,#1089,#1090,#1091,#1092,#1093,#1094,#1095,#1096,#1097,#1098,
    #1099,#1100,#1101,#1102,#1103,#1104,#1105,#1106,#1107,#1108,#1109,
    #1110,#1111,#1112,#1113,#1114,#1115,#1116,#1117,#1118,#1119),
  .UNSPECIFIED.,.F.,.F.,(7,5,5,5,5,5,5,7),(0.,0.193887249324,
    0.300627282512,0.418098721414,0.544935908921,0.6828085916,
    0.833573994003,1.),.UNSPECIFIED.);
#1083 = CARTESIAN_POINT('',(2.283974596216,-2.153086283516E-17,0.));
#1084 = CARTESIAN_POINT('',(2.317128603742,0.259741325344,0.));
#1085 = CARTESIAN_POINT('',(2.314385256262,0.524941404496,0.));
#1086 = CARTESIAN_POINT('',(2.275276028017,0.789049766537,0.));
#1087 = CARTESIAN_POINT('',(2.200986174281,1.046085344167,0.));
#1088 = CARTESIAN_POINT('',(2.093658827192,1.290594989471,0.));
#1089 = CARTESIAN_POINT('',(1.881270297461,1.642858230112,0.));
#1090 = CARTESIAN_POINT('',(1.796851119702,1.762719125824,0.));
#1091 = CARTESIAN_POINT('',(1.703961535443,1.876593095174,0.));
#1092 = CARTESIAN_POINT('',(1.60321130726,1.983797352337,0.));
#1093 = CARTESIAN_POINT('',(1.495272000041,2.083736849755,0.));
#1094 = CARTESIAN_POINT('',(1.25496125248,2.277330621107,0.));
#1095 = CARTESIAN_POINT('',(1.121216428326,2.369349151814,0.));
#1096 = CARTESIAN_POINT('',(0.980598605821,2.451277652673,0.));
#1097 = CARTESIAN_POINT('',(0.834119713216,2.522583362424,0.));
#1098 = CARTESIAN_POINT('',(0.68282807453,2.582871020023,0.));
#1099 = CARTESIAN_POINT('',(0.360408429062,2.684784774804,0.));
#1100 = CARTESIAN_POINT('',(0.188647186131,2.724544649134,0.));
#1101 = CARTESIAN_POINT('',(1.386658505858E-02,2.750818221641,0.));
#1102 = CARTESIAN_POINT('',(-0.16259327667,2.763468856803,0.));
#1103 = CARTESIAN_POINT('',(-0.339414860959,2.762519408392,0.));
#1104 = CARTESIAN_POINT('',(-0.706499770558,2.732556529767,0.));
#1105 = CARTESIAN_POINT('',(-0.896613562334,2.701106931179,0.));
#1106 = CARTESIAN_POINT('',(-1.083989387491,2.65405510429,0.));
#1107 = CARTESIAN_POINT('',(-1.267080008577,2.59187005413,0.));
#1108 = CARTESIAN_POINT('',(-1.44444057101,2.515192794749,0.));
#1109 = CARTESIAN_POINT('',(-1.80095865063,2.326058767428,0.));
#1110 = CARTESIAN_POINT('',(-1.978756584071,2.210914245877,0.));
#1111 = CARTESIAN_POINT('',(-2.146386662817,2.08048778288,0.));
#1112 = CARTESIAN_POINT('',(-2.302352489394,1.936063417394,0.));
#1113 = CARTESIAN_POINT('',(-2.445363970374,1.779072111225,0.));
#1114 = CARTESIAN_POINT('',(-2.716751150385,1.425694915326,0.));
#1115 = CARTESIAN_POINT('',(-2.842086059277,1.22688129723,0.));
#1116 = CARTESIAN_POINT('',(-2.948925750529,1.016798153791,0.));
#1117 = CARTESIAN_POINT('',(-3.036255399455,0.797696803252,0.));
#1118 = CARTESIAN_POINT('',(-3.10338675609,0.571888300127,0.));
#1119 = CARTESIAN_POINT('',(-3.15,0.341753572965,0.));
#1120 = PCURVE('',#155,#1121);
#1121 = DEFINITIONAL_REPRESENTATION('',(#1122),#1160);
#1122 = B_SPLINE_CURVE_WITH_KNOTS('',6,(#1123,#1124,#1125,#1126,#1127,
    #1128,#1129,#1130,#1131,#1132,#1133,#1134,#1135,#1136,#1137,#1138,
    #1139,#1140,#1141,#1142,#1143,#1144,#1145,#1146,#1147,#1148,#1149,
    #1150,#1151,#1152,#1153,#1154,#1155,#1156,#1157,#1158,#1159),
  .UNSPECIFIED.,.F.,.F.,(7,5,5,5,5,5,5,7),(0.,0.193887249324,
    0.300627282512,0.418098721414,0.544935908921,0.6828085916,
    0.833573994003,1.),.UNSPECIFIED.);
#1123 = CARTESIAN_POINT('',(0.,0.));
#1124 = CARTESIAN_POINT('',(3.777138443038E-02,0.115154874943));
#1125 = CARTESIAN_POINT('',(7.502074928589E-02,0.228698742712));
#1126 = CARTESIAN_POINT('',(0.11175169172,0.34065959622));
#1127 = CARTESIAN_POINT('',(0.148005262588,0.451164990493));
#1128 = CARTESIAN_POINT('',(0.183811121542,0.560306708591));
#1129 = CARTESIAN_POINT('',(0.238614665851,0.727357662736));
#1130 = CARTESIAN_POINT('',(0.25793904869,0.786262103793));
#1131 = CARTESIAN_POINT('',(0.277131546301,0.844764817168));
#1132 = CARTESIAN_POINT('',(0.296195885845,0.902877102435));
#1133 = CARTESIAN_POINT('',(0.315135610354,0.960609680617));
#1134 = CARTESIAN_POINT('',(0.354660819985,1.081091686251));
#1135 = CARTESIAN_POINT('',(0.375221648288,1.143765973125));
#1136 = CARTESIAN_POINT('',(0.395637243575,1.205997588894));
#1137 = CARTESIAN_POINT('',(0.415912097607,1.267800168414));
#1138 = CARTESIAN_POINT('',(0.436050387635,1.329186411177));
#1139 = CARTESIAN_POINT('',(0.477651644135,1.455996679623));
#1140 = CARTESIAN_POINT('',(0.499093991258,1.521357840921));
#1141 = CARTESIAN_POINT('',(0.520382755633,1.586250749799));
#1142 = CARTESIAN_POINT('',(0.541523102591,1.650691161241));
#1143 = CARTESIAN_POINT('',(0.562519401719,1.714692414887));
#1144 = CARTESIAN_POINT('',(0.606040769181,1.847354840861));
#1145 = CARTESIAN_POINT('',(0.628542195525,1.915943938602));
#1146 = CARTESIAN_POINT('',(0.650879083194,1.984031457438));
#1147 = CARTESIAN_POINT('',(0.673057337417,2.051635426204));
#1148 = CARTESIAN_POINT('',(0.695081901646,2.11877093146));
#1149 = CARTESIAN_POINT('',(0.740870980786,2.258345730667));
#1150 = CARTESIAN_POINT('',(0.764608572019,2.330702960506));
#1151 = CARTESIAN_POINT('',(0.78816829859,2.402518063955));
#1152 = CARTESIAN_POINT('',(0.811557136359,2.473812304065));
#1153 = CARTESIAN_POINT('',(0.834780804756,2.544603104467));
#1154 = CARTESIAN_POINT('',(0.88329424009,2.692482666623));
#1155 = CARTESIAN_POINT('',(0.908552039117,2.769473987667));
#1156 = CARTESIAN_POINT('',(0.933614504517,2.845869897728));
#1157 = CARTESIAN_POINT('',(0.958490034523,2.921695976767));
#1158 = CARTESIAN_POINT('',(0.983185319318,2.996972606215));
#1159 = CARTESIAN_POINT('',(1.007700051171,3.071698845015));
#1160 = ( GEOMETRIC_REPRESENTATION_CONTEXT(2) 
PARAMETRIC_REPRESENTATION_CONTEXT() REPRESENTATION_CONTEXT('2D SPACE',''
  ) );
#1161 = PCURVE('',#73,#1162);
#1162 = DEFINITIONAL_REPRESENTATION('',(#1163),#1201);
#1163 = B_SPLINE_CURVE_WITH_KNOTS('',6,(#1164,#1165,#1166,#1167,#1168,
    #1169,#1170,#1171,#1172,#1173,#1174,#1175,#1176,#1177,#1178,#1179,
    #1180,#1181,#1182,#1183,#1184,#1185,#1186,#1187,#1188,#1189,#1190,
    #1191,#1192,#1193,#1194,#1195,#1196,#1197,#1198,#1199,#1200),
  .UNSPECIFIED.,.F.,.F.,(7,5,5,5,5,5,5,7),(0.,0.193887249324,
    0.300627282512,0.418098721414,0.544935908921,0.6828085916,
    0.833573994003,1.),.UNSPECIFIED.);
#1164 = CARTESIAN_POINT('',(2.283974596216,-1.099969382167E-16));
#1165 = CARTESIAN_POINT('',(2.317128603742,0.259741325344));
#1166 = CARTESIAN_POINT('',(2.314385256262,0.524941404496));
#1167 = CARTESIAN_POINT('',(2.275276028017,0.789049766537));
#1168 = CARTESIAN_POINT('',(2.200986174281,1.046085344167));
#1169 = CARTESIAN_POINT('',(2.093658827192,1.290594989471));
#1170 = CARTESIAN_POINT('',(1.881270297461,1.642858230112));
#1171 = CARTESIAN_POINT('',(1.796851119702,1.762719125824));
#1172 = CARTESIAN_POINT('',(1.703961535443,1.876593095174));
#1173 = CARTESIAN_POINT('',(1.60321130726,1.983797352337));
#1174 = CARTESIAN_POINT('',(1.495272000041,2.083736849755));
#1175 = CARTESIAN_POINT('',(1.25496125248,2.277330621107));
#1176 = CARTESIAN_POINT('',(1.121216428326,2.369349151814));
#1177 = CARTESIAN_POINT('',(0.980598605821,2.451277652673));
#1178 = CARTESIAN_POINT('',(0.834119713216,2.522583362424));
#1179 = CARTESIAN_POINT('',(0.68282807453,2.582871020023));
#1180 = CARTESIAN_POINT('',(0.360408429062,2.684784774804));
#1181 = CARTESIAN_POINT('',(0.188647186131,2.724544649134));
#1182 = CARTESIAN_POINT('',(1.386658505858E-02,2.750818221641));
#1183 = CARTESIAN_POINT('',(-0.16259327667,2.763468856803));
#1184 = CARTESIAN_POINT('',(-0.339414860959,2.762519408392));
#1185 = CARTESIAN_POINT('',(-0.706499770558,2.732556529767));
#1186 = CARTESIAN_POINT('',(-0.896613562334,2.701106931179));
#1187 = CARTESIAN_POINT('',(-1.083989387491,2.65405510429));
#1188 = CARTESIAN_POINT('',(-1.267080008577,2.59187005413));
#1189 = CARTESIAN_POINT('',(-1.44444057101,2.515192794749));
#1190 = CARTESIAN_POINT('',(-1.80095865063,2.326058767428));
#1191 = CARTESIAN_POINT('',(-1.978756584071,2.210914245877));
#1192 = CARTESIAN_POINT('',(-2.146386662817,2.08048778288));
#1193 = CARTESIAN_POINT('',(-2.302352489394,1.936063417394));
#1194 = CARTESIAN_POINT('',(-2.445363970374,1.779072111225));
#1195 = CARTESIAN_POINT('',(-2.716751150385,1.425694915326));
#1196 = CARTESIAN_POINT('',(-2.842086059277,1.22688129723));
#1197 = CARTESIAN_POINT('',(-2.948925750529,1.016798153791));
#1198 = CARTESIAN_POINT('',(-3.036255399455,0.797696803252));
#1199 = CARTESIAN_POINT('',(-3.10338675609,0.571888300127));
#1200 = CARTESIAN_POINT('',(-3.15,0.341753572965));
#1201 = ( GEOMETRIC_REPRESENTATION_CONTEXT(2) 
PARAMETRIC_REPRESENTATION_CONTEXT() REPRESENTATION_CONTEXT('2D SPACE',''
  ) );
#1202 = ORIENTED_EDGE('',*,*,#85,.T.);
#1203 = ORIENTED_EDGE('',*,*,#770,.T.);
#1204 = ORIENTED_EDGE('',*,*,#1205,.T.);
#1205 = EDGE_CURVE('',#771,#1206,#1208,.T.);
#1206 = VERTEX_POINT('',#1207);
#1207 = CARTESIAN_POINT('',(3.15,0.,2.527292288527));
#1208 = SURFACE_CURVE('',#1209,(#1261,#1316),.PCURVE_S1.);
#1209 = B_SPLINE_CURVE_WITH_KNOTS('',8,(#1210,#1211,#1212,#1213,#1214,
    #1215,#1216,#1217,#1218,#1219,#1220,#1221,#1222,#1223,#1224,#1225,
    #1226,#1227,#1228,#1229,#1230,#1231,#1232,#1233,#1234,#1235,#1236,
    #1237,#1238,#1239,#1240,#1241,#1242,#1243,#1244,#1245,#1246,#1247,
    #1248,#1249,#1250,#1251,#1252,#1253,#1254,#1255,#1256,#1257,#1258,
    #1259,#1260),.UNSPECIFIED.,.F.,.F.,(9,7,7,7,7,7,7,9),(0.,
    0.176265048614,0.357810887966,0.466244573044,0.58095059931,
    0.739937753669,0.873167392983,1.),.UNSPECIFIED.);
#1210 = CARTESIAN_POINT('',(3.15,1.820765760385E-14,1.527292288388));
#1211 = CARTESIAN_POINT('',(3.15,0.435928999998,1.549318552397));
#1212 = CARTESIAN_POINT('',(3.081052715,0.872770253247,1.571393912982));
#1213 = CARTESIAN_POINT('',(2.942660213172,1.296288839403,1.593456007079
    ));
#1214 = CARTESIAN_POINT('',(2.738434160514,1.693930604416,1.615470689732
    ));
#1215 = CARTESIAN_POINT('',(2.473819109054,2.054225498372,1.637483657173
    ));
#1216 = CARTESIAN_POINT('',(2.156650891941,2.367187369201,1.659515324805
    ));
#1217 = CARTESIAN_POINT('',(1.796499784504,2.623946239002,1.681586827164
    ));
#1218 = CARTESIAN_POINT('',(1.004748220024,3.019029940206,1.72630030621)
  );
#1219 = CARTESIAN_POINT('',(0.569404720742,3.154537201359,1.749047956972
    ));
#1220 = CARTESIAN_POINT('',(0.114207894433,3.217542655443,1.77176541475)
  );
#1221 = CARTESIAN_POINT('',(-0.34675322693,3.205628777234,1.794462555916
    ));
#1222 = CARTESIAN_POINT('',(-0.799598828045,3.118694969202,
    1.817149221814));
#1223 = CARTESIAN_POINT('',(-1.230790159977,2.959811011935,
    1.839846841605));
#1224 = CARTESIAN_POINT('',(-1.627088720106,2.734346160522,
    1.862577776291));
#1225 = CARTESIAN_POINT('',(-2.185442928269,2.284348211859,
    1.898800810528));
#1226 = CARTESIAN_POINT('',(-2.377928011271,2.09570983784,1.912350676614
    ));
#1227 = CARTESIAN_POINT('',(-2.551684035007,1.888623565666,
    1.925899727095));
#1228 = CARTESIAN_POINT('',(-2.704679617916,1.665290025857,
    1.939447684173));
#1229 = CARTESIAN_POINT('',(-2.835211996836,1.428129649401,
    1.952996707151));
#1230 = CARTESIAN_POINT('',(-2.941890116224,1.179752363552,
    1.966548693397));
#1231 = CARTESIAN_POINT('',(-3.023666399108,0.922957617878,
    1.980102762789));
#1232 = CARTESIAN_POINT('',(-3.139421825299,0.383405329126,
    2.007986897036));
#1233 = CARTESIAN_POINT('',(-3.170401466068,9.982408935238E-02,
    2.022325727294));
#1234 = CARTESIAN_POINT('',(-3.172054654093,-0.186404008397,
    2.036660964355));
#1235 = CARTESIAN_POINT('',(-3.144187860344,-0.471735458569,
    2.050992834394));
#1236 = CARTESIAN_POINT('',(-3.087094261887,-0.752685316752,
    2.06532404811));
#1237 = CARTESIAN_POINT('',(-3.001513836346,-1.025833589201,
    2.079657647538));
#1238 = CARTESIAN_POINT('',(-2.888671964859,-1.287843488939,
    2.093994567288));
#1239 = CARTESIAN_POINT('',(-2.558734536079,-1.878819439658,
    2.128191334486));
#1240 = CARTESIAN_POINT('',(-2.317862152361,-2.195209581155,
    2.148082651493));
#1241 = CARTESIAN_POINT('',(-2.032521821586,-2.475690219018,
    2.167959559338));
#1242 = CARTESIAN_POINT('',(-1.70920591446,-2.713295311655,
    2.187829759128));
#1243 = CARTESIAN_POINT('',(-1.355268655283,-2.902327024824,
    2.207701857267));
#1244 = CARTESIAN_POINT('',(-0.979019035466,-3.038595574917,
    2.227581790913));
#1245 = CARTESIAN_POINT('',(-0.589568281527,-3.119205146292,
    2.247474788895));
#1246 = CARTESIAN_POINT('',(0.131536944303,-3.16444533106,2.283972918745
    ));
#1247 = CARTESIAN_POINT('',(0.463003506784,-3.145791161868,
    2.300622464246));
#1248 = CARTESIAN_POINT('',(0.791340230547,-3.087401570903,
    2.317263859615));
#1249 = CARTESIAN_POINT('',(1.110997445879,-2.989969384602,
    2.333900026613));
#1250 = CARTESIAN_POINT('',(1.416714736549,-2.85502728421,2.350538994322
    ));
#1251 = CARTESIAN_POINT('',(1.703508952954,-2.684850906847,
    2.367188003771));
#1252 = CARTESIAN_POINT('',(1.96672755615,-2.482538630678,2.383847827095
    ));
#1253 = CARTESIAN_POINT('',(2.426480902052,-2.032986767243,
    2.416349490486));
#1254 = CARTESIAN_POINT('',(2.625885406905,-1.788102426323,
    2.432211699816));
#1255 = CARTESIAN_POINT('',(2.796842422611,-1.521036635737,
    2.448068577339));
#1256 = CARTESIAN_POINT('',(2.936553387107,-1.235707988229,
    2.463918601401));
#1257 = CARTESIAN_POINT('',(3.042886845574,-0.936333622246,
    2.479760446435));
#1258 = CARTESIAN_POINT('',(3.114317821063,-0.627385433474,
    2.495599120056));
#1259 = CARTESIAN_POINT('',(3.15,-0.313603038465,2.511446810727));
#1260 = CARTESIAN_POINT('',(3.15,-8.881784197001E-16,2.527292288527));
#1261 = PCURVE('',#155,#1262);
#1262 = DEFINITIONAL_REPRESENTATION('',(#1263),#1315);
#1263 = B_SPLINE_CURVE_WITH_KNOTS('',8,(#1264,#1265,#1266,#1267,#1268,
    #1269,#1270,#1271,#1272,#1273,#1274,#1275,#1276,#1277,#1278,#1279,
    #1280,#1281,#1282,#1283,#1284,#1285,#1286,#1287,#1288,#1289,#1290,
    #1291,#1292,#1293,#1294,#1295,#1296,#1297,#1298,#1299,#1300,#1301,
    #1302,#1303,#1304,#1305,#1306,#1307,#1308,#1309,#1310,#1311,#1312,
    #1313,#1314),.UNSPECIFIED.,.F.,.F.,(9,7,7,7,7,7,7,9),(0.,
    0.176265048614,0.357810887966,0.466244573044,0.58095059931,
    0.739937753669,0.873167392983,1.),.UNSPECIFIED.);
#1264 = CARTESIAN_POINT('',(0.986636251512,12.724530263135));
#1265 = CARTESIAN_POINT('',(0.986634610603,12.864662192772));
#1266 = CARTESIAN_POINT('',(0.986618018231,13.005060912581));
#1267 = CARTESIAN_POINT('',(0.986578544181,13.14530548036));
#1268 = CARTESIAN_POINT('',(0.986610206977,13.285465240401));
#1269 = CARTESIAN_POINT('',(0.986643914267,13.425620324833));
#1270 = CARTESIAN_POINT('',(0.986668354814,13.565866135182));
#1271 = CARTESIAN_POINT('',(0.986674018896,13.70630815047));
#1272 = CARTESIAN_POINT('',(0.986660412283,13.990745683089));
#1273 = CARTESIAN_POINT('',(0.986640220123,14.135410718186));
#1274 = CARTESIAN_POINT('',(0.986611863222,14.279858769707));
#1275 = CARTESIAN_POINT('',(0.986592767726,14.42420579261));
#1276 = CARTESIAN_POINT('',(0.986595410775,14.568552432398));
#1277 = CARTESIAN_POINT('',(0.986608198557,14.71299968727));
#1278 = CARTESIAN_POINT('',(0.986622975944,14.857664965089));
#1279 = CARTESIAN_POINT('',(0.986641486086,15.088181935719));
#1280 = CARTESIAN_POINT('',(0.986647306341,15.174407517665));
#1281 = CARTESIAN_POINT('',(0.986650925847,15.260621202168));
#1282 = CARTESIAN_POINT('',(0.986651914019,15.346819909254));
#1283 = CARTESIAN_POINT('',(0.986650622819,15.433018449855));
#1284 = CARTESIAN_POINT('',(0.986648028859,15.519231872447));
#1285 = CARTESIAN_POINT('',(0.986645303843,15.605458149085));
#1286 = CARTESIAN_POINT('',(0.986640796219,15.782850663902));
#1287 = CARTESIAN_POINT('',(0.986639093873,15.874072914551));
#1288 = CARTESIAN_POINT('',(0.986638856203,15.965276768993));
#1289 = CARTESIAN_POINT('',(0.986640584196,16.05646519331));
#1290 = CARTESIAN_POINT('',(0.986643790664,16.147653948634));
#1291 = CARTESIAN_POINT('',(0.98664723339,16.238858602645));
#1292 = CARTESIAN_POINT('',(0.986649580661,16.330081042252));
#1293 = CARTESIAN_POINT('',(0.986650746186,16.547653494576));
#1294 = CARTESIAN_POINT('',(0.986647847511,16.674198491409));
#1295 = CARTESIAN_POINT('',(0.98663929349,16.800634574623));
#1296 = CARTESIAN_POINT('',(0.986624843659,16.927010007727));
#1297 = CARTESIAN_POINT('',(0.986608939409,17.053393085117));
#1298 = CARTESIAN_POINT('',(0.986600401747,17.179848469063));
#1299 = CARTESIAN_POINT('',(0.986601769284,17.306417165038));
#1300 = CARTESIAN_POINT('',(0.986618162947,17.53867791545));
#1301 = CARTESIAN_POINT('',(0.986630970738,17.644645779217));
#1302 = CARTESIAN_POINT('',(0.986647634358,17.750573543105));
#1303 = CARTESIAN_POINT('',(0.986664636651,17.85646907496));
#1304 = CARTESIAN_POINT('',(0.986675342002,17.962363231166));
#1305 = CARTESIAN_POINT('',(0.986675150193,18.068288058722));
#1306 = CARTESIAN_POINT('',(0.986665937723,18.17425419019));
#1307 = CARTESIAN_POINT('',(0.986640373637,18.380960465113));
#1308 = CARTESIAN_POINT('',(0.98662422822,18.481830831721));
#1309 = CARTESIAN_POINT('',(0.986609571395,18.582671813655));
#1310 = CARTESIAN_POINT('',(0.986601136984,18.683488158715));
#1311 = CARTESIAN_POINT('',(0.986608775857,18.784301461722));
#1312 = CARTESIAN_POINT('',(0.986628671999,18.885131950927));
#1313 = CARTESIAN_POINT('',(0.986637431541,18.985985861672));
#1314 = CARTESIAN_POINT('',(0.986636251222,19.086795394702));
#1315 = ( GEOMETRIC_REPRESENTATION_CONTEXT(2) 
PARAMETRIC_REPRESENTATION_CONTEXT() REPRESENTATION_CONTEXT('2D SPACE',''
  ) );
#1316 = PCURVE('',#972,#1317);
#1317 = DEFINITIONAL_REPRESENTATION('',(#1318),#1370);
#1318 = B_SPLINE_CURVE_WITH_KNOTS('',8,(#1319,#1320,#1321,#1322,#1323,
    #1324,#1325,#1326,#1327,#1328,#1329,#1330,#1331,#1332,#1333,#1334,
    #1335,#1336,#1337,#1338,#1339,#1340,#1341,#1342,#1343,#1344,#1345,
    #1346,#1347,#1348,#1349,#1350,#1351,#1352,#1353,#1354,#1355,#1356,
    #1357,#1358,#1359,#1360,#1361,#1362,#1363,#1364,#1365,#1366,#1367,
    #1368,#1369),.UNSPECIFIED.,.F.,.F.,(9,7,7,7,7,7,7,9),(0.,
    0.176265048614,0.357810887966,0.466244573044,0.58095059931,
    0.739937753669,0.873167392983,1.),.UNSPECIFIED.);
#1319 = CARTESIAN_POINT('',(0.,-1.527292288388));
#1320 = CARTESIAN_POINT('',(-0.13839015873,-1.549318552397));
#1321 = CARTESIAN_POINT('',(-0.277068932146,-1.571393912982));
#1322 = CARTESIAN_POINT('',(-0.415564304441,-1.593456007079));
#1323 = CARTESIAN_POINT('',(-0.553966516074,-1.615470689732));
#1324 = CARTESIAN_POINT('',(-0.692372373298,-1.637483657173));
#1325 = CARTESIAN_POINT('',(-0.830872470059,-1.659515324805));
#1326 = CARTESIAN_POINT('',(-0.969569681798,-1.681586827164));
#1327 = CARTESIAN_POINT('',(-1.250474829081,-1.72630030621));
#1328 = CARTESIAN_POINT('',(-1.393344063836,-1.749047956972));
#1329 = CARTESIAN_POINT('',(-1.535997439257,-1.77176541475));
#1330 = CARTESIAN_POINT('',(-1.678547392763,-1.794462555916));
#1331 = CARTESIAN_POINT('',(-1.821097471064,-1.817149221814));
#1332 = CARTESIAN_POINT('',(-1.963749590283,-1.839846841605));
#1333 = CARTESIAN_POINT('',(-2.106618991999,-1.862577776291));
#1334 = CARTESIAN_POINT('',(-2.334275355984,-1.898800810528));
#1335 = CARTESIAN_POINT('',(-2.419431145864,-1.912350676614));
#1336 = CARTESIAN_POINT('',(-2.504575140057,-1.925899727095));
#1337 = CARTESIAN_POINT('',(-2.589703883138,-1.939447684173));
#1338 = CARTESIAN_POINT('',(-2.674831663186,-1.952996707151));
#1339 = CARTESIAN_POINT('',(-2.759973200794,-1.966548693397));
#1340 = CARTESIAN_POINT('',(-2.845126580831,-1.980102762789));
#1341 = CARTESIAN_POINT('',(-3.020310604865,-2.007986897036));
#1342 = CARTESIAN_POINT('',(-3.110396490885,-2.022325727294));
#1343 = CARTESIAN_POINT('',(-3.200463824911,-2.036660964355));
#1344 = CARTESIAN_POINT('',(-3.290516015014,-2.050992834394));
#1345 = CARTESIAN_POINT('',(-3.38056915728,-2.06532404811));
#1346 = CARTESIAN_POINT('',(-3.470638975419,-2.079657647538));
#1347 = CARTESIAN_POINT('',(-3.560727355435,-2.093994567288));
#1348 = CARTESIAN_POINT('',(-3.775596937713,-2.128191334486));
#1349 = CARTESIAN_POINT('',(-3.900571454685,-2.148082651493));
#1350 = CARTESIAN_POINT('',(-4.025439489704,-2.167959559338));
#1351 = CARTESIAN_POINT('',(-4.150247471169,-2.187829759128));
#1352 = CARTESIAN_POINT('',(-4.275061074943,-2.207701857267));
#1353 = CARTESIAN_POINT('',(-4.399944186344,-2.227581790913));
#1354 = CARTESIAN_POINT('',(-4.524938588368,-2.247474788895));
#1355 = CARTESIAN_POINT('',(-4.754310955152,-2.283972918745));
#1356 = CARTESIAN_POINT('',(-4.858961222736,-2.300622464246));
#1357 = CARTESIAN_POINT('',(-4.963572594849,-2.317263859615));
#1358 = CARTESIAN_POINT('',(-5.068153377351,-2.333900026613));
#1359 = CARTESIAN_POINT('',(-5.172733595566,-2.350538994322));
#1360 = CARTESIAN_POINT('',(-5.277343446873,-2.367188003771));
#1361 = CARTESIAN_POINT('',(-5.381991912347,-2.383847827095));
#1362 = CARTESIAN_POINT('',(-5.586124084635,-2.416349490486));
#1363 = CARTESIAN_POINT('',(-5.685736548263,-2.432211699816));
#1364 = CARTESIAN_POINT('',(-5.785318451417,-2.448068577339));
#1365 = CARTESIAN_POINT('',(-5.884875650294,-2.463918601401));
#1366 = CARTESIAN_POINT('',(-5.984432940127,-2.479760446435));
#1367 = CARTESIAN_POINT('',(-6.08401528901,-2.495599120056));
#1368 = CARTESIAN_POINT('',(-6.183628787032,-2.511446810727));
#1369 = CARTESIAN_POINT('',(-6.28318530718,-2.527292288527));
#1370 = ( GEOMETRIC_REPRESENTATION_CONTEXT(2) 
PARAMETRIC_REPRESENTATION_CONTEXT() REPRESENTATION_CONTEXT('2D SPACE',''
  ) );
#1371 = ORIENTED_EDGE('',*,*,#1372,.T.);
#1372 = EDGE_CURVE('',#1206,#1373,#1375,.T.);
#1373 = VERTEX_POINT('',#1374);
#1374 = CARTESIAN_POINT('',(3.15,0.,3.527292288525));
#1375 = SURFACE_CURVE('',#1376,(#1442,#1511),.PCURVE_S1.);
#1376 = B_SPLINE_CURVE_WITH_KNOTS('',8,(#1377,#1378,#1379,#1380,#1381,
    #1382,#1383,#1384,#1385,#1386,#1387,#1388,#1389,#1390,#1391,#1392,
    #1393,#1394,#1395,#1396,#1397,#1398,#1399,#1400,#1401,#1402,#1403,
    #1404,#1405,#1406,#1407,#1408,#1409,#1410,#1411,#1412,#1413,#1414,
    #1415,#1416,#1417,#1418,#1419,#1420,#1421,#1422,#1423,#1424,#1425,
    #1426,#1427,#1428,#1429,#1430,#1431,#1432,#1433,#1434,#1435,#1436,
    #1437,#1438,#1439,#1440,#1441),.UNSPECIFIED.,.F.,.F.,(9,7,7,7,7,7,7,
    7,7,9),(0.,8.912120225244E-02,0.178055540937,0.288897150366,
    0.408919604477,0.580743304494,0.692097768711,0.795748860049,
    0.908536571861,1.),.UNSPECIFIED.);
#1377 = CARTESIAN_POINT('',(3.15,-8.881784197001E-16,2.527292288527));
#1378 = CARTESIAN_POINT('',(3.15,0.222508361313,2.538535008995));
#1379 = CARTESIAN_POINT('',(3.132039176254,0.462591001708,2.550666693286
    ));
#1380 = CARTESIAN_POINT('',(3.091133387541,0.704506929162,2.56297803774)
  );
#1381 = CARTESIAN_POINT('',(3.028401900692,0.938211382474,2.575108009127
    ));
#1382 = CARTESIAN_POINT('',(2.948170364098,1.159013269333,2.586898984211
    ));
#1383 = CARTESIAN_POINT('',(2.853278599059,1.366513627253,2.598370822531
    ));
#1384 = CARTESIAN_POINT('',(2.744085277889,1.564241138405,2.60973727293)
  );
#1385 = CARTESIAN_POINT('',(2.484172119282,1.950773061834,2.633263909771
    ));
#1386 = CARTESIAN_POINT('',(2.333418832875,2.139774965857,2.645433531122
    ));
#1387 = CARTESIAN_POINT('',(2.164500002237,2.31619183951,2.657684742708)
  );
#1388 = CARTESIAN_POINT('',(1.981682783697,2.475165525261,2.669822939215
    ));
#1389 = CARTESIAN_POINT('',(1.789555424833,2.614507214811,2.68172601604)
  );
#1390 = CARTESIAN_POINT('',(1.592099977218,2.733838082941,2.693321060501
    ));
#1391 = CARTESIAN_POINT('',(1.392215818675,2.833977225007,2.7045852795)
  );
#1392 = CARTESIAN_POINT('',(0.940461879566,3.018499028835,2.729247121273
    ));
#1393 = CARTESIAN_POINT('',(0.679680542324,3.096287623966,2.742936343254
    ));
#1394 = CARTESIAN_POINT('',(0.41169480402,3.14826008123,2.75662435548));
#1395 = CARTESIAN_POINT('',(0.139500897428,3.173685761143,2.770310103353
    ));
#1396 = CARTESIAN_POINT('',(-0.133875442572,3.172241312123,2.78399438204
    ));
#1397 = CARTESIAN_POINT('',(-0.40539035811,3.143982003594,2.79767853212)
  );
#1398 = CARTESIAN_POINT('',(-0.671991235381,3.089373521199,2.81136277747
    ));
#1399 = CARTESIAN_POINT('',(-1.210726668799,2.922770537212,
    2.839851636971));
#1400 = CARTESIAN_POINT('',(-1.48172035349,2.806326240169,2.854667334415
    ));
#1401 = CARTESIAN_POINT('',(-1.739728637126,2.661209013931,
    2.869478369466));
#1402 = CARTESIAN_POINT('',(-1.981236842351,2.489172082815,
    2.884286266496));
#1403 = CARTESIAN_POINT('',(-2.203069182812,2.292416378664,
    2.899094989016));
#1404 = CARTESIAN_POINT('',(-2.402369802506,2.073543031561,
    2.913908055666));
#1405 = CARTESIAN_POINT('',(-2.576643260712,1.835581475044,
    2.928725964961));
#1406 = CARTESIAN_POINT('',(-2.934680833644,1.219138981069,
    2.964744238123));
#1407 = CARTESIAN_POINT('',(-3.090587675303,0.823460110917,
    2.985990152871));
#1408 = CARTESIAN_POINT('',(-3.184948261392,0.405711195325,
    3.007214278861));
#1409 = CARTESIAN_POINT('',(-3.214736214805,-2.286265540945E-02,
    3.028424708876));
#1410 = CARTESIAN_POINT('',(-3.17885256037,-0.450960936378,
    3.049631016945));
#1411 = CARTESIAN_POINT('',(-3.078561527813,-0.867299484762,
    3.070847814848));
#1412 = CARTESIAN_POINT('',(-2.917074376014,-1.260692750429,
    3.092087453151));
#1413 = CARTESIAN_POINT('',(-2.561189857217,-1.853860167662,
    3.127037568619));
#1414 = CARTESIAN_POINT('',(-2.398178984638,-2.073377980996,
    3.140786380741));
#1415 = CARTESIAN_POINT('',(-2.213735988435,-2.276381121473,
    3.154534052092));
#1416 = CARTESIAN_POINT('',(-2.009852543888,-2.460455169621,
    3.168280919163));
#1417 = CARTESIAN_POINT('',(-1.788792119433,-2.623501851365,
    3.182028676422));
#1418 = CARTESIAN_POINT('',(-1.553062338519,-2.763721694875,
    3.195778613875));
#1419 = CARTESIAN_POINT('',(-1.305426573138,-2.879644729602,
    3.209530082264));
#1420 = CARTESIAN_POINT('',(-0.810188454291,-3.054538210079,
    3.236070445175));
#1421 = CARTESIAN_POINT('',(-0.563653409279,-3.116934583649,
    3.248866230125));
#1422 = CARTESIAN_POINT('',(-0.311752112773,-3.156544627462,3.2616589197
    ));
#1423 = CARTESIAN_POINT('',(-5.694119658732E-02,-3.172864908413,
    3.274448245844));
#1424 = CARTESIAN_POINT('',(0.198299739942,-3.165700909457,
    3.287236229113));
#1425 = CARTESIAN_POINT('',(0.451480357809,-3.135150927945,
    3.300025236031));
#1426 = CARTESIAN_POINT('',(0.700111976677,-3.081630590613,
    3.312815689568));
#1427 = CARTESIAN_POINT('',(1.204625550323,-2.923573239659,3.3395183879)
  );
#1428 = CARTESIAN_POINT('',(1.459386472958,-2.814901362619,
    3.353439137844));
#1429 = CARTESIAN_POINT('',(1.702794030234,-2.680895527781,3.36735968956
    ));
#1430 = CARTESIAN_POINT('',(1.931927220586,-2.52298569143,3.381281393966
    ));
#1431 = CARTESIAN_POINT('',(2.144122493643,-2.342956648075,
    3.395206620912));
#1432 = CARTESIAN_POINT('',(2.336962560969,-2.142914591477,
    3.409136233886));
#1433 = CARTESIAN_POINT('',(2.508305501889,-1.925306525886,
    3.423067996479));
#1434 = CARTESIAN_POINT('',(2.776450038695,-1.504572778919,
    3.448285340796));
#1435 = CARTESIAN_POINT('',(2.881264670543,-1.306417769117,
    3.459577316832));
#1436 = CARTESIAN_POINT('',(2.969871541419,-1.099988258866,3.47086634399
    ));
#1437 = CARTESIAN_POINT('',(3.041526564355,-0.886834902375,
    3.482151475468));
#1438 = CARTESIAN_POINT('',(3.095664159376,-0.668569245082,3.4934341511)
  );
#1439 = CARTESIAN_POINT('',(3.131891216211,-0.446855840804,
    3.504717468569));
#1440 = CARTESIAN_POINT('',(3.15,-0.22340983298,3.516004019233));
#1441 = CARTESIAN_POINT('',(3.15,-3.996802888651E-15,3.527292288525));
#1442 = PCURVE('',#155,#1443);
#1443 = DEFINITIONAL_REPRESENTATION('',(#1444),#1510);
#1444 = B_SPLINE_CURVE_WITH_KNOTS('',8,(#1445,#1446,#1447,#1448,#1449,
    #1450,#1451,#1452,#1453,#1454,#1455,#1456,#1457,#1458,#1459,#1460,
    #1461,#1462,#1463,#1464,#1465,#1466,#1467,#1468,#1469,#1470,#1471,
    #1472,#1473,#1474,#1475,#1476,#1477,#1478,#1479,#1480,#1481,#1482,
    #1483,#1484,#1485,#1486,#1487,#1488,#1489,#1490,#1491,#1492,#1493,
    #1494,#1495,#1496,#1497,#1498,#1499,#1500,#1501,#1502,#1503,#1504,
    #1505,#1506,#1507,#1508,#1509),.UNSPECIFIED.,.F.,.F.,(9,7,7,7,7,7,7,
    7,7,9),(0.,8.912120225244E-02,0.178055540937,0.288897150366,
    0.408919604477,0.580743304494,0.692097768711,0.795748860049,
    0.908536571861,1.),.UNSPECIFIED.);
#1445 = CARTESIAN_POINT('',(0.986636251222,19.086795394702));
#1446 = CARTESIAN_POINT('',(0.986635413759,19.158322010352));
#1447 = CARTESIAN_POINT('',(0.986630721746,19.235492700029));
#1448 = CARTESIAN_POINT('',(0.986619352822,19.313786082835));
#1449 = CARTESIAN_POINT('',(0.986609467159,19.390930043295));
#1450 = CARTESIAN_POINT('',(0.986607607109,19.465941682916));
#1451 = CARTESIAN_POINT('',(0.98660972386,19.538935012102));
#1452 = CARTESIAN_POINT('',(0.986616223755,19.611271196166));
#1453 = CARTESIAN_POINT('',(0.986634403751,19.761009313938));
#1454 = CARTESIAN_POINT('',(0.986646128856,19.838471412206));
#1455 = CARTESIAN_POINT('',(0.986658530852,19.916454672554));
#1456 = CARTESIAN_POINT('',(0.986667931348,19.993709751774));
#1457 = CARTESIAN_POINT('',(0.98667212227,20.069453057246));
#1458 = CARTESIAN_POINT('',(0.986671902562,20.143223134574));
#1459 = CARTESIAN_POINT('',(0.986668184361,20.214877748425));
#1460 = CARTESIAN_POINT('',(0.986654663511,20.371741709867));
#1461 = CARTESIAN_POINT('',(0.986643337557,20.458801645565));
#1462 = CARTESIAN_POINT('',(0.986630003954,20.545847764757));
#1463 = CARTESIAN_POINT('',(0.986617560383,20.632882190578));
#1464 = CARTESIAN_POINT('',(0.986608484106,20.719917533299));
#1465 = CARTESIAN_POINT('',(0.986603918919,20.806965808534));
#1466 = CARTESIAN_POINT('',(0.986603542484,20.894027458114));
#1467 = CARTESIAN_POINT('',(0.986609506565,21.075299315334));
#1468 = CARTESIAN_POINT('',(0.986616398764,21.169581719476));
#1469 = CARTESIAN_POINT('',(0.986625882937,21.263842361135));
#1470 = CARTESIAN_POINT('',(0.986635651722,21.35808390546));
#1471 = CARTESIAN_POINT('',(0.9866434731,21.452324765676));
#1472 = CARTESIAN_POINT('',(0.986648195997,21.546583819543));
#1473 = CARTESIAN_POINT('',(0.986650069524,21.640864998102));
#1474 = CARTESIAN_POINT('',(0.986649577009,21.870021300244));
#1475 = CARTESIAN_POINT('',(0.98664504024,22.005179613771));
#1476 = CARTESIAN_POINT('',(0.986638581659,22.140193443315));
#1477 = CARTESIAN_POINT('',(0.986635206768,22.27512953524));
#1478 = CARTESIAN_POINT('',(0.98663927092,22.410062078067));
#1479 = CARTESIAN_POINT('',(0.98664596255,22.545069369082));
#1480 = CARTESIAN_POINT('',(0.986650292733,22.68021477859));
#1481 = CARTESIAN_POINT('',(0.986650036435,22.902575898326));
#1482 = CARTESIAN_POINT('',(0.986648049596,22.99004342998));
#1483 = CARTESIAN_POINT('',(0.986643608047,23.077496221262));
#1484 = CARTESIAN_POINT('',(0.986636589764,23.164936041062));
#1485 = CARTESIAN_POINT('',(0.986627857141,23.252376298774));
#1486 = CARTESIAN_POINT('',(0.986619070758,23.339830263567));
#1487 = CARTESIAN_POINT('',(0.986612048776,23.42729934686));
#1488 = CARTESIAN_POINT('',(0.986604118633,23.596131999554));
#1489 = CARTESIAN_POINT('',(0.986602825947,23.677538235565));
#1490 = CARTESIAN_POINT('',(0.986604985113,23.7589353));
#1491 = CARTESIAN_POINT('',(0.986611138371,23.840323140276));
#1492 = CARTESIAN_POINT('',(0.986620824276,23.921713205111));
#1493 = CARTESIAN_POINT('',(0.986632491795,24.003115823055));
#1494 = CARTESIAN_POINT('',(0.986643952872,24.084527015466));
#1495 = CARTESIAN_POINT('',(0.9866636245,24.254476625341));
#1496 = CARTESIAN_POINT('',(0.986671457708,24.343068004587));
#1497 = CARTESIAN_POINT('',(0.986674540053,24.431643640981));
#1498 = CARTESIAN_POINT('',(0.986670825908,24.520205893954));
#1499 = CARTESIAN_POINT('',(0.986660213439,24.608769530753));
#1500 = CARTESIAN_POINT('',(0.98664560578,24.697348894452));
#1501 = CARTESIAN_POINT('',(0.986632043059,24.785945119714));
#1502 = CARTESIAN_POINT('',(0.986614890368,24.946332264978));
#1503 = CARTESIAN_POINT('',(0.986610027439,25.01815998706));
#1504 = CARTESIAN_POINT('',(0.986609107223,25.089980965762));
#1505 = CARTESIAN_POINT('',(0.986613933664,25.161794676277));
#1506 = CARTESIAN_POINT('',(0.986623353932,25.233606765191));
#1507 = CARTESIAN_POINT('',(0.986632812032,25.305423053008));
#1508 = CARTESIAN_POINT('',(0.986637092083,25.377244127273));
#1509 = CARTESIAN_POINT('',(0.986636251225,25.449060526269));
#1510 = ( GEOMETRIC_REPRESENTATION_CONTEXT(2) 
PARAMETRIC_REPRESENTATION_CONTEXT() REPRESENTATION_CONTEXT('2D SPACE',''
  ) );
#1511 = PCURVE('',#1512,#1517);
#1512 = CYLINDRICAL_SURFACE('',#1513,3.15);
#1513 = AXIS2_PLACEMENT_3D('',#1514,#1515,#1516);
#1514 = CARTESIAN_POINT('',(0.,0.,0.));
#1515 = DIRECTION('',(-0.,-0.,-1.));
#1516 = DIRECTION('',(1.,0.,0.));
#1517 = DEFINITIONAL_REPRESENTATION('',(#1518),#1584);
#1518 = B_SPLINE_CURVE_WITH_KNOTS('',8,(#1519,#1520,#1521,#1522,#1523,
    #1524,#1525,#1526,#1527,#1528,#1529,#1530,#1531,#1532,#1533,#1534,
    #1535,#1536,#1537,#1538,#1539,#1540,#1541,#1542,#1543,#1544,#1545,
    #1546,#1547,#1548,#1549,#1550,#1551,#1552,#1553,#1554,#1555,#1556,
    #1557,#1558,#1559,#1560,#1561,#1562,#1563,#1564,#1565,#1566,#1567,
    #1568,#1569,#1570,#1571,#1572,#1573,#1574,#1575,#1576,#1577,#1578,
    #1579,#1580,#1581,#1582,#1583),.UNSPECIFIED.,.F.,.F.,(9,7,7,7,7,7,7,
    7,7,9),(0.,8.912120225244E-02,0.178055540937,0.288897150366,
    0.408919604477,0.580743304494,0.692097768711,0.795748860049,
    0.908536571861,1.),.UNSPECIFIED.);
#1519 = CARTESIAN_POINT('',(0.,-2.527292288527));
#1520 = CARTESIAN_POINT('',(-7.063757501992E-02,-2.538535008995));
#1521 = CARTESIAN_POINT('',(-0.146855613497,-2.550666693286));
#1522 = CARTESIAN_POINT('',(-0.224183237555,-2.56297803774));
#1523 = CARTESIAN_POINT('',(-0.300369221697,-2.575108009127));
#1524 = CARTESIAN_POINT('',(-0.374447685248,-2.586898984212));
#1525 = CARTESIAN_POINT('',(-0.446530975355,-2.598370822531));
#1526 = CARTESIAN_POINT('',(-0.51796477773,-2.60973727293));
#1527 = CARTESIAN_POINT('',(-0.665835114402,-2.633263909771));
#1528 = CARTESIAN_POINT('',(-0.742331082834,-2.645433531122));
#1529 = CARTESIAN_POINT('',(-0.81934258285,-2.657684742708));
#1530 = CARTESIAN_POINT('',(-0.895636524402,-2.669822939215));
#1531 = CARTESIAN_POINT('',(-0.970438518385,-2.68172601604));
#1532 = CARTESIAN_POINT('',(-1.043292355107,-2.693321060501));
#1533 = CARTESIAN_POINT('',(-1.114057201016,-2.7045852795));
#1534 = CARTESIAN_POINT('',(-1.268973255329,-2.729247121273));
#1535 = CARTESIAN_POINT('',(-1.354952057715,-2.742936343254));
#1536 = CARTESIAN_POINT('',(-1.440916730777,-2.75662435548));
#1537 = CARTESIAN_POINT('',(-1.52686913201,-2.770310103353));
#1538 = CARTESIAN_POINT('',(-1.612821915014,-2.78399438204));
#1539 = CARTESIAN_POINT('',(-1.698787377944,-2.79767853212));
#1540 = CARTESIAN_POINT('',(-1.784766309404,-2.81136277747));
#1541 = CARTESIAN_POINT('',(-1.963784775311,-2.839851636971));
#1542 = CARTESIAN_POINT('',(-2.056895687399,-2.854667334415));
#1543 = CARTESIAN_POINT('',(-2.149985882628,-2.869478369466));
#1544 = CARTESIAN_POINT('',(-2.243058023267,-2.884286266496));
#1545 = CARTESIAN_POINT('',(-2.336129911558,-2.899094989016));
#1546 = CARTESIAN_POINT('',(-2.429219607446,-2.913908055666));
#1547 = CARTESIAN_POINT('',(-2.522330528027,-2.928725964961));
#1548 = CARTESIAN_POINT('',(-2.748640382798,-2.964744238123));
#1549 = CARTESIAN_POINT('',(-2.882118095767,-2.985990152871));
#1550 = CARTESIAN_POINT('',(-3.015450725572,-3.007214278861));
#1551 = CARTESIAN_POINT('',(-3.148704437878,-3.028424708876));
#1552 = CARTESIAN_POINT('',(-3.281954753252,-3.049631016945));
#1553 = CARTESIAN_POINT('',(-3.415281153548,-3.070847814848));
#1554 = CARTESIAN_POINT('',(-3.548746353918,-3.092087453151));
#1555 = CARTESIAN_POINT('',(-3.76834569948,-3.127037568619));
#1556 = CARTESIAN_POINT('',(-3.854727566698,-3.140786380741));
#1557 = CARTESIAN_POINT('',(-3.941095379559,-3.154534052092));
#1558 = CARTESIAN_POINT('',(-4.027450516584,-3.168280919163));
#1559 = CARTESIAN_POINT('',(-4.113805773777,-3.182028676422));
#1560 = CARTESIAN_POINT('',(-4.200173942014,-3.195778613875));
#1561 = CARTESIAN_POINT('',(-4.286556382935,-3.209530082264));
#1562 = CARTESIAN_POINT('',(-4.45329061682,-3.236070445175));
#1563 = CARTESIAN_POINT('',(-4.533684619779,-3.248866230125));
#1564 = CARTESIAN_POINT('',(-4.614069225227,-3.2616589197));
#1565 = CARTESIAN_POINT('',(-4.694444680333,-3.274448245844));
#1566 = CARTESIAN_POINT('',(-4.774822624923,-3.287236229113));
#1567 = CARTESIAN_POINT('',(-4.85521348844,-3.300025236031));
#1568 = CARTESIAN_POINT('',(-4.935613358622,-3.312815689568));
#1569 = CARTESIAN_POINT('',(-5.103452341372,-3.3395183879));
#1570 = CARTESIAN_POINT('',(-5.190943818062,-3.353439137843));
#1571 = CARTESIAN_POINT('',(-5.278419731215,-3.36735968956));
#1572 = CARTESIAN_POINT('',(-5.365881858553,-3.381281393966));
#1573 = CARTESIAN_POINT('',(-5.453343850571,-3.395206620912));
#1574 = CARTESIAN_POINT('',(-5.540819386703,-3.409136233886));
#1575 = CARTESIAN_POINT('',(-5.628310285907,-3.423067996479));
#1576 = CARTESIAN_POINT('',(-5.786696700514,-3.448285340796));
#1577 = CARTESIAN_POINT('',(-5.857628501503,-3.459577316832));
#1578 = CARTESIAN_POINT('',(-5.928554506123,-3.47086634399));
#1579 = CARTESIAN_POINT('',(-5.999475161792,-3.482151475468));
#1580 = CARTESIAN_POINT('',(-6.0703971469,-3.4934341511));
#1581 = CARTESIAN_POINT('',(-6.141326516425,-3.504717468569));
#1582 = CARTESIAN_POINT('',(-6.212261550678,-3.516004019233));
#1583 = CARTESIAN_POINT('',(-6.28318530718,-3.527292288525));
#1584 = ( GEOMETRIC_REPRESENTATION_CONTEXT(2) 
PARAMETRIC_REPRESENTATION_CONTEXT() REPRESENTATION_CONTEXT('2D SPACE',''
  ) );
#1585 = ORIENTED_EDGE('',*,*,#1586,.T.);
#1586 = EDGE_CURVE('',#1373,#1587,#1589,.T.);
#1587 = VERTEX_POINT('',#1588);
#1588 = CARTESIAN_POINT('',(3.15,0.,4.527292288522));
#1589 = SURFACE_CURVE('',#1590,(#1649,#1711),.PCURVE_S1.);
#1590 = B_SPLINE_CURVE_WITH_KNOTS('',8,(#1591,#1592,#1593,#1594,#1595,
    #1596,#1597,#1598,#1599,#1600,#1601,#1602,#1603,#1604,#1605,#1606,
    #1607,#1608,#1609,#1610,#1611,#1612,#1613,#1614,#1615,#1616,#1617,
    #1618,#1619,#1620,#1621,#1622,#1623,#1624,#1625,#1626,#1627,#1628,
    #1629,#1630,#1631,#1632,#1633,#1634,#1635,#1636,#1637,#1638,#1639,
    #1640,#1641,#1642,#1643,#1644,#1645,#1646,#1647,#1648),
  .UNSPECIFIED.,.F.,.F.,(9,7,7,7,7,7,7,7,9),(0.,9.426212889117E-02,
    0.194164310002,0.362129924803,0.520896998538,0.619823124519,
    0.730501560466,0.867006671984,1.),.UNSPECIFIED.);
#1591 = CARTESIAN_POINT('',(3.15,-3.996802888651E-15,3.527292288525));
#1592 = CARTESIAN_POINT('',(3.15,0.224560036628,3.538638674366));
#1593 = CARTESIAN_POINT('',(3.131705927166,0.464693779034,3.550772920055
    ));
#1594 = CARTESIAN_POINT('',(3.090662532721,0.706014054041,3.563056830764
    ));
#1595 = CARTESIAN_POINT('',(3.028038293366,0.939307289879,3.57516679302)
  );
#1596 = CARTESIAN_POINT('',(2.947780560135,1.16020066477,3.58696192276)
  );
#1597 = CARTESIAN_POINT('',(2.85257588711,1.368225719969,3.598463245136)
  );
#1598 = CARTESIAN_POINT('',(2.742812654162,1.56646592355,3.609866397903)
  );
#1599 = CARTESIAN_POINT('',(2.474567699373,1.96470056587,3.634118356018)
  );
#1600 = CARTESIAN_POINT('',(2.318150032282,2.157280024886,3.646598235569
    ));
#1601 = CARTESIAN_POINT('',(2.144661228831,2.335535106993,3.65907670738)
  );
#1602 = CARTESIAN_POINT('',(1.955655386731,2.497717304723,3.671554835915
    ));
#1603 = CARTESIAN_POINT('',(1.752870592924,2.642297184903,3.684035123136
    ));
#1604 = CARTESIAN_POINT('',(1.538208641151,2.76795676633,3.696519302348)
  );
#1605 = CARTESIAN_POINT('',(1.313736489393,2.87360928169,3.709006627715)
  );
#1606 = CARTESIAN_POINT('',(0.691602227462,3.101082908429,3.742485434247
    ));
#1607 = CARTESIAN_POINT('',(0.279287790928,3.18519008983,3.763520043345)
  );
#1608 = CARTESIAN_POINT('',(-0.143878584584,3.206196859676,
    3.784532016484));
#1609 = CARTESIAN_POINT('',(-0.566658970353,3.163112068397,
    3.805525979646));
#1610 = CARTESIAN_POINT('',(-0.978097160563,3.056747136881,
    3.826511877175));
#1611 = CARTESIAN_POINT('',(-1.367635086682,2.890149755469,
    3.847506355195));
#1612 = CARTESIAN_POINT('',(-1.725094503609,2.668162101725,
    3.868522883245));
#1613 = CARTESIAN_POINT('',(-2.340456261593,2.144510175482,
    3.909337579244));
#1614 = CARTESIAN_POINT('',(-2.603660066602,1.847091254429,
    3.929200353696));
#1615 = CARTESIAN_POINT('',(-2.82308852768,1.513115070483,3.94904881107)
  );
#1616 = CARTESIAN_POINT('',(-2.993199029166,1.150298476528,
    3.968890358613));
#1617 = CARTESIAN_POINT('',(-3.109849385633,0.766935696916,
    3.988733129379));
#1618 = CARTESIAN_POINT('',(-3.170558073303,0.371958880552,
    4.008584768662));
#1619 = CARTESIAN_POINT('',(-3.174275121948,-2.518050357885E-02,
    4.028451721343));
#1620 = CARTESIAN_POINT('',(-3.090439502751,-0.656912138462,
    4.060648995794));
#1621 = CARTESIAN_POINT('',(-3.036722263226,-0.896630074576,
    4.073011724629));
#1622 = CARTESIAN_POINT('',(-2.961761639109,-1.131234389704,
    4.085373048996));
#1623 = CARTESIAN_POINT('',(-2.866151246552,-1.358531715675,
    4.097732874524));
#1624 = CARTESIAN_POINT('',(-2.750737373004,-1.576438860194,
    4.110092984531));
#1625 = CARTESIAN_POINT('',(-2.616598163876,-1.782984792415,
    4.122455168472));
#1626 = CARTESIAN_POINT('',(-2.465052833896,-1.976326474724,
    4.134819392973));
#1627 = CARTESIAN_POINT('',(-2.110467755547,-2.354430506929,
    4.161013303227));
#1628 = CARTESIAN_POINT('',(-1.903346437107,-2.53555462126,
    4.174850119316));
#1629 = CARTESIAN_POINT('',(-1.678563094741,-2.695733925121,
    4.188685386302));
#1630 = CARTESIAN_POINT('',(-1.438622333735,-2.832996247295,
    4.20251890859));
#1631 = CARTESIAN_POINT('',(-1.186232248027,-2.945744455321,
    4.216351898416));
#1632 = CARTESIAN_POINT('',(-0.924280607505,-3.032733218415,
    4.230185510177));
#1633 = CARTESIAN_POINT('',(-0.655839848052,-3.093103343625,
    4.244019445858));
#1634 = CARTESIAN_POINT('',(-4.912533625681E-02,-3.167655659101,
    4.274900514139));
#1635 = CARTESIAN_POINT('',(0.291233316348,-3.167822999351,
    4.291964837014));
#1636 = CARTESIAN_POINT('',(0.630641056577,-3.12610426546,4.309019268105
    ));
#1637 = CARTESIAN_POINT('',(0.963099948395,-3.042947776271,
    4.326067088354));
#1638 = CARTESIAN_POINT('',(1.282858155557,-2.919674584521,
    4.343116528532));
#1639 = CARTESIAN_POINT('',(1.584453902966,-2.758516445237,
    4.360176251694));
#1640 = CARTESIAN_POINT('',(1.862729467988,-2.562556060242,
    4.377248232693));
#1641 = CARTESIAN_POINT('',(2.356989431344,-2.115482827065,
    4.410933166442));
#1642 = CARTESIAN_POINT('',(2.574744399378,-1.865599959754,
    4.427570595667));
#1643 = CARTESIAN_POINT('',(2.76196140123,-1.590293775518,4.444202388422
    ));
#1644 = CARTESIAN_POINT('',(2.915303082174,-1.294004005613,
    4.460826069794));
#1645 = CARTESIAN_POINT('',(3.032171814668,-0.981527039099,
    4.477442029099));
#1646 = CARTESIAN_POINT('',(3.11075525258,-0.658004827064,4.494052639899
    ));
#1647 = CARTESIAN_POINT('',(3.15,-0.328889330518,4.510674437462));
#1648 = CARTESIAN_POINT('',(3.15,8.881784197001E-16,4.527292288522));
#1649 = PCURVE('',#155,#1650);
#1650 = DEFINITIONAL_REPRESENTATION('',(#1651),#1710);
#1651 = B_SPLINE_CURVE_WITH_KNOTS('',8,(#1652,#1653,#1654,#1655,#1656,
    #1657,#1658,#1659,#1660,#1661,#1662,#1663,#1664,#1665,#1666,#1667,
    #1668,#1669,#1670,#1671,#1672,#1673,#1674,#1675,#1676,#1677,#1678,
    #1679,#1680,#1681,#1682,#1683,#1684,#1685,#1686,#1687,#1688,#1689,
    #1690,#1691,#1692,#1693,#1694,#1695,#1696,#1697,#1698,#1699,#1700,
    #1701,#1702,#1703,#1704,#1705,#1706,#1707,#1708,#1709),
  .UNSPECIFIED.,.F.,.F.,(9,7,7,7,7,7,7,7,9),(0.,9.426212889117E-02,
    0.194164310002,0.362129924803,0.520896998538,0.619823124519,
    0.730501560466,0.867006671984,1.),.UNSPECIFIED.);
#1652 = CARTESIAN_POINT('',(0.986636251225,25.449060526269));
#1653 = CARTESIAN_POINT('',(0.986635406039,25.521246664964));
#1654 = CARTESIAN_POINT('',(0.98663063446,25.5984334084));
#1655 = CARTESIAN_POINT('',(0.986619250717,25.676552205279));
#1656 = CARTESIAN_POINT('',(0.986609511261,25.753569308001));
#1657 = CARTESIAN_POINT('',(0.986607543883,25.828607053487));
#1658 = CARTESIAN_POINT('',(0.986609740514,25.90178821155));
#1659 = CARTESIAN_POINT('',(0.986616301642,25.974358092461));
#1660 = CARTESIAN_POINT('',(0.986635087464,26.128712743168));
#1661 = CARTESIAN_POINT('',(0.986647371961,26.208150491526));
#1662 = CARTESIAN_POINT('',(0.986659771609,26.287579634522));
#1663 = CARTESIAN_POINT('',(0.986669110554,26.366997263803));
#1664 = CARTESIAN_POINT('',(0.986673298729,26.446412926486));
#1665 = CARTESIAN_POINT('',(0.986672066833,26.525836829451));
#1666 = CARTESIAN_POINT('',(0.986666678211,26.605268078493));
#1667 = CARTESIAN_POINT('',(0.986645065462,26.818203241506));
#1668 = CARTESIAN_POINT('',(0.986624003844,26.951966801128));
#1669 = CARTESIAN_POINT('',(0.986602760957,27.085585792344));
#1670 = CARTESIAN_POINT('',(0.986593477496,27.219126654244));
#1671 = CARTESIAN_POINT('',(0.986599895841,27.352664062709));
#1672 = CARTESIAN_POINT('',(0.986613020625,27.486276505342));
#1673 = CARTESIAN_POINT('',(0.986626487233,27.620030278069));
#1674 = CARTESIAN_POINT('',(0.986646322916,27.879764658767));
#1675 = CARTESIAN_POINT('',(0.98665307948,28.006157491576));
#1676 = CARTESIAN_POINT('',(0.986654036246,28.132441556298));
#1677 = CARTESIAN_POINT('',(0.986648742856,28.258662606952));
#1678 = CARTESIAN_POINT('',(0.986642110415,28.384887358367));
#1679 = CARTESIAN_POINT('',(0.98663876733,28.511178560338));
#1680 = CARTESIAN_POINT('',(0.986639078021,28.637578327707));
#1681 = CARTESIAN_POINT('',(0.98664295191,28.842437732722));
#1682 = CARTESIAN_POINT('',(0.986645237015,28.92109965681));
#1683 = CARTESIAN_POINT('',(0.986647971575,28.999754015337));
#1684 = CARTESIAN_POINT('',(0.986650388734,29.078397870347));
#1685 = CARTESIAN_POINT('',(0.986651645225,29.157039997315));
#1686 = CARTESIAN_POINT('',(0.986651100391,29.235689828386));
#1687 = CARTESIAN_POINT('',(0.986648532295,29.314346474703));
#1688 = CARTESIAN_POINT('',(0.98663954562,29.480971683249));
#1689 = CARTESIAN_POINT('',(0.986632691796,29.568984283847));
#1690 = CARTESIAN_POINT('',(0.986624178636,29.656981970618));
#1691 = CARTESIAN_POINT('',(0.986615157926,29.744967010012));
#1692 = CARTESIAN_POINT('',(0.986607571998,29.832953035256));
#1693 = CARTESIAN_POINT('',(0.986603314757,29.920953163985));
#1694 = CARTESIAN_POINT('',(0.986603291878,30.008968260854));
#1695 = CARTESIAN_POINT('',(0.986612034054,30.205468452886));
#1696 = CARTESIAN_POINT('',(0.986622860929,30.314069202009));
#1697 = CARTESIAN_POINT('',(0.986639154799,30.422623681584));
#1698 = CARTESIAN_POINT('',(0.986657719688,30.531143023788));
#1699 = CARTESIAN_POINT('',(0.986672151907,30.639660074941));
#1700 = CARTESIAN_POINT('',(0.986675776618,30.748209605604));
#1701 = CARTESIAN_POINT('',(0.986669341884,30.856806460586));
#1702 = CARTESIAN_POINT('',(0.986645855024,31.071047347075));
#1703 = CARTESIAN_POINT('',(0.986629075405,31.176847935062));
#1704 = CARTESIAN_POINT('',(0.986611284346,31.282609579206));
#1705 = CARTESIAN_POINT('',(0.986600661975,31.388341468191));
#1706 = CARTESIAN_POINT('',(0.986605261529,31.494070626424));
#1707 = CARTESIAN_POINT('',(0.986627943686,31.599820877269));
#1708 = CARTESIAN_POINT('',(0.986637489082,31.705602256717));
#1709 = CARTESIAN_POINT('',(0.98663625123,31.811325657836));
#1710 = ( GEOMETRIC_REPRESENTATION_CONTEXT(2) 
PARAMETRIC_REPRESENTATION_CONTEXT() REPRESENTATION_CONTEXT('2D SPACE',''
  ) );
#1711 = PCURVE('',#1712,#1717);
#1712 = CYLINDRICAL_SURFACE('',#1713,3.15);
#1713 = AXIS2_PLACEMENT_3D('',#1714,#1715,#1716);
#1714 = CARTESIAN_POINT('',(0.,0.,0.));
#1715 = DIRECTION('',(-0.,-0.,-1.));
#1716 = DIRECTION('',(1.,0.,0.));
#1717 = DEFINITIONAL_REPRESENTATION('',(#1718),#1777);
#1718 = B_SPLINE_CURVE_WITH_KNOTS('',8,(#1719,#1720,#1721,#1722,#1723,
    #1724,#1725,#1726,#1727,#1728,#1729,#1730,#1731,#1732,#1733,#1734,
    #1735,#1736,#1737,#1738,#1739,#1740,#1741,#1742,#1743,#1744,#1745,
    #1746,#1747,#1748,#1749,#1750,#1751,#1752,#1753,#1754,#1755,#1756,
    #1757,#1758,#1759,#1760,#1761,#1762,#1763,#1764,#1765,#1766,#1767,
    #1768,#1769,#1770,#1771,#1772,#1773,#1774,#1775,#1776),
  .UNSPECIFIED.,.F.,.F.,(9,7,7,7,7,7,7,7,9),(0.,9.426212889117E-02,
    0.194164310002,0.362129924803,0.520896998538,0.619823124519,
    0.730501560466,0.867006671984,1.),.UNSPECIFIED.);
#1719 = CARTESIAN_POINT('',(0.,-3.527292288525));
#1720 = CARTESIAN_POINT('',(-7.128890051678E-02,-3.538638674366));
#1721 = CARTESIAN_POINT('',(-0.147522915176,-3.550772920055));
#1722 = CARTESIAN_POINT('',(-0.22467795702,-3.563056830764));
#1723 = CARTESIAN_POINT('',(-0.300738730101,-3.57516679302));
#1724 = CARTESIAN_POINT('',(-0.374842944253,-3.58696192276));
#1725 = CARTESIAN_POINT('',(-0.447111713216,-3.598463245136));
#1726 = CARTESIAN_POINT('',(-0.518776291037,-3.609866397903));
#1727 = CARTESIAN_POINT('',(-0.671205577721,-3.634118356018));
#1728 = CARTESIAN_POINT('',(-0.749652556416,-3.646598235569));
#1729 = CARTESIAN_POINT('',(-0.828092133107,-3.65907670738));
#1730 = CARTESIAN_POINT('',(-0.906521735962,-3.671554835915));
#1731 = CARTESIAN_POINT('',(-0.984950570937,-3.684035123136));
#1732 = CARTESIAN_POINT('',(-1.063388194489,-3.696519302348));
#1733 = CARTESIAN_POINT('',(-1.141833176573,-3.709006627715));
#1734 = CARTESIAN_POINT('',(-1.35212405018,-3.742485434247));
#1735 = CARTESIAN_POINT('',(-1.48422608329,-3.763520043345));
#1736 = CARTESIAN_POINT('',(-1.616183566962,-3.784532016484));
#1737 = CARTESIAN_POINT('',(-1.748062002906,-3.805525979646));
#1738 = CARTESIAN_POINT('',(-1.879938241054,-3.826511877175));
#1739 = CARTESIAN_POINT('',(-2.011890802748,-3.847506355195));
#1740 = CARTESIAN_POINT('',(-2.143984452702,-3.868522883245));
#1741 = CARTESIAN_POINT('',(-2.400495813878,-3.909337579244));
#1742 = CARTESIAN_POINT('',(-2.525320592523,-3.929200353696));
#1743 = CARTESIAN_POINT('',(-2.650037343412,-3.94904881107));
#1744 = CARTESIAN_POINT('',(-2.774689914955,-3.968890358613));
#1745 = CARTESIAN_POINT('',(-2.899343411505,-3.988733129378));
#1746 = CARTESIAN_POINT('',(-3.024060970092,-4.008584768662));
#1747 = CARTESIAN_POINT('',(-3.148885625463,-4.028451721343));
#1748 = CARTESIAN_POINT('',(-3.351193615935,-4.060648995794));
#1749 = CARTESIAN_POINT('',(-3.428876185317,-4.073011724629));
#1750 = CARTESIAN_POINT('',(-3.506551860445,-4.085373048996));
#1751 = CARTESIAN_POINT('',(-3.584217911239,-4.097732874524));
#1752 = CARTESIAN_POINT('',(-3.661883026857,-4.110092984531));
#1753 = CARTESIAN_POINT('',(-3.739556381835,-4.122455168472));
#1754 = CARTESIAN_POINT('',(-3.817236845601,-4.134819392973));
#1755 = CARTESIAN_POINT('',(-3.981794396014,-4.161013303227));
#1756 = CARTESIAN_POINT('',(-4.068715005618,-4.174850119316));
#1757 = CARTESIAN_POINT('',(-4.155620698488,-4.188685386302));
#1758 = CARTESIAN_POINT('',(-4.242513336864,-4.20251890859));
#1759 = CARTESIAN_POINT('',(-4.329406181859,-4.216351898416));
#1760 = CARTESIAN_POINT('',(-4.416312275043,-4.230185510177));
#1761 = CARTESIAN_POINT('',(-4.503232807385,-4.244019445858));
#1762 = CARTESIAN_POINT('',(-4.697289251256,-4.274900514139));
#1763 = CARTESIAN_POINT('',(-4.804539365864,-4.291964837014));
#1764 = CARTESIAN_POINT('',(-4.911744372742,-4.309019268105));
#1765 = CARTESIAN_POINT('',(-5.018915837285,-4.326067088354));
#1766 = CARTESIAN_POINT('',(-5.126086370712,-4.343116528532));
#1767 = CARTESIAN_POINT('',(-5.23328871705,-4.360176251694));
#1768 = CARTESIAN_POINT('',(-5.340535903734,-4.377248232693));
#1769 = CARTESIAN_POINT('',(-5.55211013908,-4.410933166442));
#1770 = CARTESIAN_POINT('',(-5.656591904467,-4.427570595667));
#1771 = CARTESIAN_POINT('',(-5.761033078239,-4.444202388422));
#1772 = CARTESIAN_POINT('',(-5.865444070876,-4.460826069794));
#1773 = CARTESIAN_POINT('',(-5.969854553928,-4.477442029099));
#1774 = CARTESIAN_POINT('',(-6.074294980959,-4.494052639899));
#1775 = CARTESIAN_POINT('',(-6.178775995904,-4.510674437462));
#1776 = CARTESIAN_POINT('',(-6.28318530718,-4.527292288522));
#1777 = ( GEOMETRIC_REPRESENTATION_CONTEXT(2) 
PARAMETRIC_REPRESENTATION_CONTEXT() REPRESENTATION_CONTEXT('2D SPACE',''
  ) );
#1778 = ORIENTED_EDGE('',*,*,#1779,.T.);
#1779 = EDGE_CURVE('',#1587,#1780,#1782,.T.);
#1780 = VERTEX_POINT('',#1781);
#1781 = CARTESIAN_POINT('',(3.15,0.,5.527292288661));
#1782 = SURFACE_CURVE('',#1783,(#1842,#1904),.PCURVE_S1.);
#1783 = B_SPLINE_CURVE_WITH_KNOTS('',8,(#1784,#1785,#1786,#1787,#1788,
    #1789,#1790,#1791,#1792,#1793,#1794,#1795,#1796,#1797,#1798,#1799,
    #1800,#1801,#1802,#1803,#1804,#1805,#1806,#1807,#1808,#1809,#1810,
    #1811,#1812,#1813,#1814,#1815,#1816,#1817,#1818,#1819,#1820,#1821,
    #1822,#1823,#1824,#1825,#1826,#1827,#1828,#1829,#1830,#1831,#1832,
    #1833,#1834,#1835,#1836,#1837,#1838,#1839,#1840,#1841),
  .UNSPECIFIED.,.F.,.F.,(9,7,7,7,7,7,7,7,9),(0.,8.434379134696E-02,
    0.194052098789,0.359175110803,0.46979498991,0.581218431984,
    0.721111495407,0.851258239864,1.),.UNSPECIFIED.);
#1784 = CARTESIAN_POINT('',(3.15,8.881784197001E-16,4.527292288522));
#1785 = CARTESIAN_POINT('',(3.15,0.208611630817,4.53783284636));
#1786 = CARTESIAN_POINT('',(3.134210789219,0.417257002741,4.548375848829
    ));
#1787 = CARTESIAN_POINT('',(3.102623848513,0.624500349827,4.558920506405
    ));
#1788 = CARTESIAN_POINT('',(3.055394518127,0.828942626464,4.569465026129
    ));
#1789 = CARTESIAN_POINT('',(2.992820998124,1.029219965986,4.58000821838)
  );
#1790 = CARTESIAN_POINT('',(2.915336309144,1.224005768906,4.590549925824
    ));
#1791 = CARTESIAN_POINT('',(2.823513213485,1.412016420749,4.601090274536
    ));
#1792 = CARTESIAN_POINT('',(2.580944920106,1.82615711658,4.625334130205)
  );
#1793 = CARTESIAN_POINT('',(2.420712446269,2.046870105422,4.639042861618
    ));
#1794 = CARTESIAN_POINT('',(2.238977348083,2.2513825478,4.652748141912)
  );
#1795 = CARTESIAN_POINT('',(2.037690481681,2.437275834947,4.666452341529
    ));
#1796 = CARTESIAN_POINT('',(1.819075795189,2.602441861805,4.680159137516
    ));
#1797 = CARTESIAN_POINT('',(1.585602119305,2.745066399529,4.693871006286
    ));
#1798 = CARTESIAN_POINT('',(1.339994098852,2.863658925039,4.707587571906
    ));
#1799 = CARTESIAN_POINT('',(0.701868631232,3.097849387657,4.741941985057
    ));
#1800 = CARTESIAN_POINT('',(0.296963837342,3.181987833343,4.762621650183
    ));
#1801 = CARTESIAN_POINT('',(-0.118689626957,3.205227413528,
    4.783280730614));
#1802 = CARTESIAN_POINT('',(-0.534420965779,3.166548405167,
    4.803922878167));
#1803 = CARTESIAN_POINT('',(-0.939811354405,3.066642374045,
    4.824557239982));
#1804 = CARTESIAN_POINT('',(-1.324792512607,2.908282911322,
    4.845199237319));
#1805 = CARTESIAN_POINT('',(-1.679639507228,2.69594383818,4.865861109477
    ));
#1806 = CARTESIAN_POINT('',(-2.207328333129,2.263859999916,
    4.900311426044));
#1807 = CARTESIAN_POINT('',(-2.401885713852,2.069447807414,
    4.914137093608));
#1808 = CARTESIAN_POINT('',(-2.576746375383,1.856020401881,
    4.927961482286));
#1809 = CARTESIAN_POINT('',(-2.729776009319,1.625943185253,
    4.941785124138));
#1810 = CARTESIAN_POINT('',(-2.859201817532,1.38180850105,4.955609934144
    ));
#1811 = CARTESIAN_POINT('',(-2.963590082109,1.126409692877,
    4.969437510218));
#1812 = CARTESIAN_POINT('',(-3.041878788807,0.862748034468,
    4.983267606899));
#1813 = CARTESIAN_POINT('',(-3.145451295933,0.323401354413,5.01101883772
    ));
#1814 = CARTESIAN_POINT('',(-3.170380203432,4.746436002302E-02,
    5.024949093243));
#1815 = CARTESIAN_POINT('',(-3.167601436307,-0.230470510189,
    5.038876234677));
#1816 = CARTESIAN_POINT('',(-3.136991176274,-0.507150807354,
    5.052800331624));
#1817 = CARTESIAN_POINT('',(-3.078860209657,-0.779382689452,
    5.066723748645));
#1818 = CARTESIAN_POINT('',(-2.993919411123,-1.044036552082,
    5.080649169263));
#1819 = CARTESIAN_POINT('',(-2.883311236108,-1.298063384442,
    5.094577428258));
#1820 = CARTESIAN_POINT('',(-2.57970180431,-1.840478797156,
    5.125983565531));
#1821 = CARTESIAN_POINT('',(-2.372673100712,-2.121414611416,
    5.143479434104));
#1822 = CARTESIAN_POINT('',(-2.130833612667,-2.37538276848,
    5.160968824411));
#1823 = CARTESIAN_POINT('',(-1.858407258038,-2.597495626168,
    5.178455046082));
#1824 = CARTESIAN_POINT('',(-1.560225202787,-2.783639341075,
    5.19594325505));
#1825 = CARTESIAN_POINT('',(-1.241736860712,-2.930552551196,
    5.213436985084));
#1826 = CARTESIAN_POINT('',(-0.908955950316,-3.035785749155,
    5.230936603866));
#1827 = CARTESIAN_POINT('',(-0.252090317973,-3.156350598898,
    5.264677803933));
#1828 = CARTESIAN_POINT('',(7.148688905951E-02,-3.177526192999,
    5.280947842047));
#1829 = CARTESIAN_POINT('',(0.396726503553,-3.160707306298,
    5.297209860942));
#1830 = CARTESIAN_POINT('',(0.718412605833,-3.105893897401,5.31346543318
    ));
#1831 = CARTESIAN_POINT('',(1.031494658096,-3.013881700991,
    5.329721207485));
#1832 = CARTESIAN_POINT('',(1.331087546931,-2.886173403401,
    5.345984400113));
#1833 = CARTESIAN_POINT('',(1.612507252725,-2.725055301699,
    5.362257568013));
#1834 = CARTESIAN_POINT('',(2.167332358985,-2.315274798151,5.3971136876)
  );
#1835 = CARTESIAN_POINT('',(2.434398473103,-2.056988067145,
    5.415728975974));
#1836 = CARTESIAN_POINT('',(2.665843579252,-1.763738612384,
    5.434336371913));
#1837 = CARTESIAN_POINT('',(2.856559467381,-1.441424690291,
    5.452934817771));
#1838 = CARTESIAN_POINT('',(3.002516980086,-1.096529566736,5.47152540886
    ));
#1839 = CARTESIAN_POINT('',(3.100900586604,-0.736143156814,
    5.490106437688));
#1840 = CARTESIAN_POINT('',(3.15,-0.367871921686,5.508704757045));
#1841 = CARTESIAN_POINT('',(3.15,-3.552713678801E-15,5.527292288661));
#1842 = PCURVE('',#155,#1843);
#1843 = DEFINITIONAL_REPRESENTATION('',(#1844),#1903);
#1844 = B_SPLINE_CURVE_WITH_KNOTS('',8,(#1845,#1846,#1847,#1848,#1849,
    #1850,#1851,#1852,#1853,#1854,#1855,#1856,#1857,#1858,#1859,#1860,
    #1861,#1862,#1863,#1864,#1865,#1866,#1867,#1868,#1869,#1870,#1871,
    #1872,#1873,#1874,#1875,#1876,#1877,#1878,#1879,#1880,#1881,#1882,
    #1883,#1884,#1885,#1886,#1887,#1888,#1889,#1890,#1891,#1892,#1893,
    #1894,#1895,#1896,#1897,#1898,#1899,#1900,#1901,#1902),
  .UNSPECIFIED.,.F.,.F.,(9,7,7,7,7,7,7,7,9),(0.,8.434379134696E-02,
    0.194052098789,0.359175110803,0.46979498991,0.581218431984,
    0.721111495407,0.851258239864,1.),.UNSPECIFIED.);
#1845 = CARTESIAN_POINT('',(0.98663625123,31.811325657836));
#1846 = CARTESIAN_POINT('',(0.986635466071,31.878385088096));
#1847 = CARTESIAN_POINT('',(0.986631184931,31.945449415254));
#1848 = CARTESIAN_POINT('',(0.98662290977,32.012512098116));
#1849 = CARTESIAN_POINT('',(0.986614433261,32.079573290149));
#1850 = CARTESIAN_POINT('',(0.986609373959,32.146636452706));
#1851 = CARTESIAN_POINT('',(0.986608997936,32.213704444096));
#1852 = CARTESIAN_POINT('',(0.986612326897,32.280775084509));
#1853 = CARTESIAN_POINT('',(0.986626604918,32.435064444491));
#1854 = CARTESIAN_POINT('',(0.986639418226,32.522322086091));
#1855 = CARTESIAN_POINT('',(0.986654521756,32.609564751951));
#1856 = CARTESIAN_POINT('',(0.986667018758,32.696792597));
#1857 = CARTESIAN_POINT('',(0.986673458664,32.784018497425));
#1858 = CARTESIAN_POINT('',(0.986673138728,32.871256066701));
#1859 = CARTESIAN_POINT('',(0.986667554817,32.958507472856));
#1860 = CARTESIAN_POINT('',(0.986645475042,33.177012053732));
#1861 = CARTESIAN_POINT('',(0.986624899183,33.308518846393));
#1862 = CARTESIAN_POINT('',(0.98660397173,33.43989360214));
#1863 = CARTESIAN_POINT('',(0.986594127408,33.571194410239));
#1864 = CARTESIAN_POINT('',(0.986599339765,33.702491579186));
#1865 = CARTESIAN_POINT('',(0.986611604889,33.83385882582));
#1866 = CARTESIAN_POINT('',(0.986624789499,33.965355324146));
#1867 = CARTESIAN_POINT('',(0.986642160148,34.184590321534));
#1868 = CARTESIAN_POINT('',(0.986647895349,34.272570366346));
#1869 = CARTESIAN_POINT('',(0.986651326136,34.360535250196));
#1870 = CARTESIAN_POINT('',(0.986651946787,34.44848681663));
#1871 = CARTESIAN_POINT('',(0.986650276647,34.536438832325));
#1872 = CARTESIAN_POINT('',(0.986647474357,34.624404995439));
#1873 = CARTESIAN_POINT('',(0.986644669429,34.712387187279));
#1874 = CARTESIAN_POINT('',(0.986640463363,34.888935054477));
#1875 = CARTESIAN_POINT('',(0.986639073989,34.977558798352));
#1876 = CARTESIAN_POINT('',(0.986639127558,35.066167127968));
#1877 = CARTESIAN_POINT('',(0.986640981503,35.15476157569));
#1878 = CARTESIAN_POINT('',(0.986644123209,35.24335562291));
#1879 = CARTESIAN_POINT('',(0.98664740293,35.331962838239));
#1880 = CARTESIAN_POINT('',(0.986649619763,35.420584872171));
#1881 = CARTESIAN_POINT('',(0.986650646514,35.620402174019));
#1882 = CARTESIAN_POINT('',(0.98664843895,35.731708799456));
#1883 = CARTESIAN_POINT('',(0.986642037896,35.842961425794));
#1884 = CARTESIAN_POINT('',(0.986631170512,35.954180278097));
#1885 = CARTESIAN_POINT('',(0.98661808022,36.065404998146));
#1886 = CARTESIAN_POINT('',(0.986607764019,36.176673300695));
#1887 = CARTESIAN_POINT('',(0.986603391036,36.287997185255));
#1888 = CARTESIAN_POINT('',(0.986607160795,36.502679136986));
#1889 = CARTESIAN_POINT('',(0.986614473558,36.60621572408));
#1890 = CARTESIAN_POINT('',(0.986627498655,36.70971870325));
#1891 = CARTESIAN_POINT('',(0.986644802946,36.813193710986));
#1892 = CARTESIAN_POINT('',(0.986661292653,36.916667521209));
#1893 = CARTESIAN_POINT('',(0.986671217355,37.020168517142));
#1894 = CARTESIAN_POINT('',(0.986672169461,37.12370562804));
#1895 = CARTESIAN_POINT('',(0.986659076758,37.345429592931));
#1896 = CARTESIAN_POINT('',(0.986642859695,37.463815560023));
#1897 = CARTESIAN_POINT('',(0.986619791599,37.582130429835));
#1898 = CARTESIAN_POINT('',(0.986600116826,37.700398700903));
#1899 = CARTESIAN_POINT('',(0.986596671155,37.818666465708));
#1900 = CARTESIAN_POINT('',(0.986625517445,37.93697182841));
#1901 = CARTESIAN_POINT('',(0.986637635671,38.05533620608));
#1902 = CARTESIAN_POINT('',(0.986636250941,38.173590789404));
#1903 = ( GEOMETRIC_REPRESENTATION_CONTEXT(2) 
PARAMETRIC_REPRESENTATION_CONTEXT() REPRESENTATION_CONTEXT('2D SPACE',''
  ) );
#1904 = PCURVE('',#1905,#1910);
#1905 = CYLINDRICAL_SURFACE('',#1906,3.15);
#1906 = AXIS2_PLACEMENT_3D('',#1907,#1908,#1909);
#1907 = CARTESIAN_POINT('',(0.,0.,0.));
#1908 = DIRECTION('',(-0.,-0.,-1.));
#1909 = DIRECTION('',(1.,0.,0.));
#1910 = DEFINITIONAL_REPRESENTATION('',(#1911),#1970);
#1911 = B_SPLINE_CURVE_WITH_KNOTS('',8,(#1912,#1913,#1914,#1915,#1916,
    #1917,#1918,#1919,#1920,#1921,#1922,#1923,#1924,#1925,#1926,#1927,
    #1928,#1929,#1930,#1931,#1932,#1933,#1934,#1935,#1936,#1937,#1938,
    #1939,#1940,#1941,#1942,#1943,#1944,#1945,#1946,#1947,#1948,#1949,
    #1950,#1951,#1952,#1953,#1954,#1955,#1956,#1957,#1958,#1959,#1960,
    #1961,#1962,#1963,#1964,#1965,#1966,#1967,#1968,#1969),
  .UNSPECIFIED.,.F.,.F.,(9,7,7,7,7,7,7,7,9),(0.,8.434379134696E-02,
    0.194052098789,0.359175110803,0.46979498991,0.581218431984,
    0.721111495407,0.851258239864,1.),.UNSPECIFIED.);
#1912 = CARTESIAN_POINT('',(0.,-4.527292288522));
#1913 = CARTESIAN_POINT('',(-6.622591454492E-02,-4.53783284636));
#1914 = CARTESIAN_POINT('',(-0.132462405796,-4.548375848829));
#1915 = CARTESIAN_POINT('',(-0.198696894102,-4.558920506405));
#1916 = CARTESIAN_POINT('',(-0.264927402896,-4.569465026129));
#1917 = CARTESIAN_POINT('',(-0.331157314133,-4.58000821838));
#1918 = CARTESIAN_POINT('',(-0.397390189935,-4.590549925824));
#1919 = CARTESIAN_POINT('',(-0.463624660441,-4.601090274536));
#1920 = CARTESIAN_POINT('',(-0.615989703557,-4.625334130205));
#1921 = CARTESIAN_POINT('',(-0.702158467168,-4.639042861618));
#1922 = CARTESIAN_POINT('',(-0.788313337089,-4.652748141912));
#1923 = CARTESIAN_POINT('',(-0.874455449096,-4.666452341529));
#1924 = CARTESIAN_POINT('',(-0.960597281721,-4.680159137516));
#1925 = CARTESIAN_POINT('',(-1.046751451263,-4.693871006286));
#1926 = CARTESIAN_POINT('',(-1.132919521413,-4.707587571906));
#1927 = CARTESIAN_POINT('',(-1.348710655559,-4.741941985057));
#1928 = CARTESIAN_POINT('',(-1.47858397305,-4.762621650183));
#1929 = CARTESIAN_POINT('',(-1.608325199476,-4.783280730614));
#1930 = CARTESIAN_POINT('',(-1.737991565234,-4.803922878167));
#1931 = CARTESIAN_POINT('',(-1.867655342047,-4.824557239981));
#1932 = CARTESIAN_POINT('',(-1.997390405777,-4.845199237319));
#1933 = CARTESIAN_POINT('',(-2.127254633832,-4.865861109477));
#1934 = CARTESIAN_POINT('',(-2.343769073121,-4.900311426044));
#1935 = CARTESIAN_POINT('',(-2.430657562902,-4.914137093608));
#1936 = CARTESIAN_POINT('',(-2.517530990651,-4.927961482286));
#1937 = CARTESIAN_POINT('',(-2.604390755188,-4.941785124138));
#1938 = CARTESIAN_POINT('',(-2.691250093109,-4.955609934144));
#1939 = CARTESIAN_POINT('',(-2.778122399343,-4.969437510218));
#1940 = CARTESIAN_POINT('',(-2.865009679807,-4.983267606899));
#1941 = CARTESIAN_POINT('',(-3.03935930972,-5.01101883772));
#1942 = CARTESIAN_POINT('',(-3.126878997186,-5.024949093243));
#1943 = CARTESIAN_POINT('',(-3.21438316705,-5.038876234677));
#1944 = CARTESIAN_POINT('',(-3.30187377775,-5.052800331624));
#1945 = CARTESIAN_POINT('',(-3.389364614406,-5.066723748645));
#1946 = CARTESIAN_POINT('',(-3.476869378176,-5.080649169263));
#1947 = CARTESIAN_POINT('',(-3.564389712902,-5.094577428258));
#1948 = CARTESIAN_POINT('',(-3.761724733382,-5.125983565531));
#1949 = CARTESIAN_POINT('',(-3.871649836478,-5.143479434104));
#1950 = CARTESIAN_POINT('',(-3.981522489181,-5.160968824411));
#1951 = CARTESIAN_POINT('',(-4.091361870353,-5.178455046082));
#1952 = CARTESIAN_POINT('',(-4.201206041922,-5.195943255049));
#1953 = CARTESIAN_POINT('',(-4.311091864431,-5.213436985084));
#1954 = CARTESIAN_POINT('',(-4.421031661232,-5.230936603866));
#1955 = CARTESIAN_POINT('',(-4.633043902437,-5.264677803933));
#1956 = CARTESIAN_POINT('',(-4.735292690648,-5.280947842047));
#1957 = CARTESIAN_POINT('',(-4.837508517968,-5.297209860942));
#1958 = CARTESIAN_POINT('',(-4.939697634932,-5.31346543318));
#1959 = CARTESIAN_POINT('',(-5.041886794942,-5.329721207485));
#1960 = CARTESIAN_POINT('',(-5.144103383137,-5.345984400113));
#1961 = CARTESIAN_POINT('',(-5.24635476048,-5.362257568013));
#1962 = CARTESIAN_POINT('',(-5.465322070263,-5.3971136876));
#1963 = CARTESIAN_POINT('',(-5.582234182492,-5.415728975974));
#1964 = CARTESIAN_POINT('',(-5.699072933656,-5.434336371913));
#1965 = CARTESIAN_POINT('',(-5.815863064334,-5.452934817771));
#1966 = CARTESIAN_POINT('',(-5.932652323056,-5.47152540886));
#1967 = CARTESIAN_POINT('',(-6.04948931845,-5.490106437688));
#1968 = CARTESIAN_POINT('',(-6.166400570137,-5.508704757045));
#1969 = CARTESIAN_POINT('',(-6.28318530718,-5.527292288661));
#1970 = ( GEOMETRIC_REPRESENTATION_CONTEXT(2) 
PARAMETRIC_REPRESENTATION_CONTEXT() REPRESENTATION_CONTEXT('2D SPACE',''
  ) );
#1971 = ORIENTED_EDGE('',*,*,#1972,.T.);
#1972 = EDGE_CURVE('',#1780,#1973,#1975,.T.);
#1973 = VERTEX_POINT('',#1974);
#1974 = CARTESIAN_POINT('',(3.15,0.,6.527292280516));
#1975 = SURFACE_CURVE('',#1976,(#2028,#2083),.PCURVE_S1.);
#1976 = B_SPLINE_CURVE_WITH_KNOTS('',8,(#1977,#1978,#1979,#1980,#1981,
    #1982,#1983,#1984,#1985,#1986,#1987,#1988,#1989,#1990,#1991,#1992,
    #1993,#1994,#1995,#1996,#1997,#1998,#1999,#2000,#2001,#2002,#2003,
    #2004,#2005,#2006,#2007,#2008,#2009,#2010,#2011,#2012,#2013,#2014,
    #2015,#2016,#2017,#2018,#2019,#2020,#2021,#2022,#2023,#2024,#2025,
    #2026,#2027),.UNSPECIFIED.,.F.,.F.,(9,7,7,7,7,7,7,9),(0.,
    0.167858424354,0.291614707434,0.448230014713,0.61305596049,
    0.725087640987,0.844387521901,1.),.UNSPECIFIED.);
#1977 = CARTESIAN_POINT('',(3.15,-3.552713678801E-15,5.527292288661));
#1978 = CARTESIAN_POINT('',(3.15,0.41508338421,5.548265282447));
#1979 = CARTESIAN_POINT('',(3.087489064481,0.830891270686,5.56927762723)
  );
#1980 = CARTESIAN_POINT('',(2.962090740962,1.235257610276,5.59028152092)
  );
#1981 = CARTESIAN_POINT('',(2.776707841377,1.617312395139,5.61124765141)
  );
#1982 = CARTESIAN_POINT('',(2.535849179554,1.967058281488,5.632208646534
    ));
#1983 = CARTESIAN_POINT('',(2.245987087439,2.275637132216,5.653183619013
    ));
#1984 = CARTESIAN_POINT('',(1.915140768713,2.535158825749,5.674187966213
    ));
#1985 = CARTESIAN_POINT('',(1.287901461454,2.890927593123,5.71062386823)
  );
#1986 = CARTESIAN_POINT('',(1.004802031155,3.012436945456,5.726098231172
    ));
#1987 = CARTESIAN_POINT('',(0.708804141029,3.102127653704,5.741571516458
    ));
#1988 = CARTESIAN_POINT('',(0.404118642952,3.158485612883,5.757042647996
    ));
#1989 = CARTESIAN_POINT('',(9.505695888419E-02,3.180655563619,
    5.772512793866));
#1990 = CARTESIAN_POINT('',(-0.213994331093,3.168378709219,
    5.787983941573));
#1991 = CARTESIAN_POINT('',(-0.518579587366,3.122055904572,
    5.803456679982));
#1992 = CARTESIAN_POINT('',(-1.188345958488,2.942843751853,
    5.838485584284));
#1993 = CARTESIAN_POINT('',(-1.548923761945,2.79002764053,5.858075914062
    ));
#1994 = CARTESIAN_POINT('',(-1.886466658568,2.586772032227,
    5.877649207061));
#1995 = CARTESIAN_POINT('',(-2.192937354731,2.33743193953,5.897213053607
    ));
#1996 = CARTESIAN_POINT('',(-2.461282975926,2.04747887744,5.916779612901
    ));
#1997 = CARTESIAN_POINT('',(-2.68562003339,1.723609000503,5.936357778182
    ));
#1998 = CARTESIAN_POINT('',(-2.86110871335,1.373525560027,5.955952991976
    ));
#1999 = CARTESIAN_POINT('',(-3.11511457248,0.620256661237,5.996121532083
    ));
#2000 = CARTESIAN_POINT('',(-3.188450896867,0.214106592811,
    6.016753055013));
#2001 = CARTESIAN_POINT('',(-3.200881852006,-0.201158162624,
    6.037362981307));
#2002 = CARTESIAN_POINT('',(-3.151661313186,-0.614920841867,
    6.057958877901));
#2003 = CARTESIAN_POINT('',(-3.041736453069,-1.01684704461,
    6.078552923134));
#2004 = CARTESIAN_POINT('',(-2.874106183874,-1.397001125841,
    6.099159786582));
#2005 = CARTESIAN_POINT('',(-2.65345212038,-1.745807022178,
    6.119789941268));
#2006 = CARTESIAN_POINT('',(-2.206838046613,-2.264757219054,
    6.15438705796));
#2007 = CARTESIAN_POINT('',(-2.004941887005,-2.456659611041,
    6.168392868604));
#2008 = CARTESIAN_POINT('',(-1.784075548408,-2.627861414288,
    6.182397144881));
#2009 = CARTESIAN_POINT('',(-1.546753115814,-2.776212364581,
    6.196399783108));
#2010 = CARTESIAN_POINT('',(-1.295716643186,-2.899948120827,
    6.210402143386));
#2011 = CARTESIAN_POINT('',(-1.033909382565,-2.99766564224,
    6.224405468545));
#2012 = CARTESIAN_POINT('',(-0.764482614768,-3.068358766274,
    6.238409424385));
#2013 = CARTESIAN_POINT('',(-0.199386505407,-3.157496949489,
    6.267311787108));
#2014 = CARTESIAN_POINT('',(9.709261840026E-02,-3.172292713881,
    6.282221619694));
#2015 = CARTESIAN_POINT('',(0.394537127202,-3.155221902452,
    6.297125772148));
#2016 = CARTESIAN_POINT('',(0.68894443901,-3.106314904117,6.312025311309
    ));
#2017 = CARTESIAN_POINT('',(0.976422445779,-3.026166419098,
    6.326924901908));
#2018 = CARTESIAN_POINT('',(1.25319306387,-2.915883249923,6.341829579761
    ));
#2019 = CARTESIAN_POINT('',(1.515617202204,-2.777129497789,
    6.356741136951));
#2020 = CARTESIAN_POINT('',(2.079422122402,-2.397206851653,
    6.391094988934));
#2021 = CARTESIAN_POINT('',(2.368952996635,-2.137312651304,
    6.410571636065));
#2022 = CARTESIAN_POINT('',(2.620814685477,-1.837715231344,
    6.430038800816));
#2023 = CARTESIAN_POINT('',(2.828952548907,-1.505001136365,
    6.449496956244));
#2024 = CARTESIAN_POINT('',(2.988556829275,-1.146468924221,
    6.468948138145));
#2025 = CARTESIAN_POINT('',(3.096267269926,-0.770182326218,
    6.488387440116));
#2026 = CARTESIAN_POINT('',(3.15,-0.384837670269,6.507847522158));
#2027 = CARTESIAN_POINT('',(3.15,1.7763568394E-14,6.527292280516));
#2028 = PCURVE('',#155,#2029);
#2029 = DEFINITIONAL_REPRESENTATION('',(#2030),#2082);
#2030 = B_SPLINE_CURVE_WITH_KNOTS('',8,(#2031,#2032,#2033,#2034,#2035,
    #2036,#2037,#2038,#2039,#2040,#2041,#2042,#2043,#2044,#2045,#2046,
    #2047,#2048,#2049,#2050,#2051,#2052,#2053,#2054,#2055,#2056,#2057,
    #2058,#2059,#2060,#2061,#2062,#2063,#2064,#2065,#2066,#2067,#2068,
    #2069,#2070,#2071,#2072,#2073,#2074,#2075,#2076,#2077,#2078,#2079,
    #2080,#2081),.UNSPECIFIED.,.F.,.F.,(9,7,7,7,7,7,7,9),(0.,
    0.167858424354,0.291614707434,0.448230014713,0.61305596049,
    0.725087640987,0.844387521901,1.),.UNSPECIFIED.);
#2031 = CARTESIAN_POINT('',(0.986636250941,38.173590789404));
#2032 = CARTESIAN_POINT('',(0.986634688498,38.307021773806));
#2033 = CARTESIAN_POINT('',(0.986619593092,38.440661868297));
#2034 = CARTESIAN_POINT('',(0.986583967516,38.574185615452));
#2035 = CARTESIAN_POINT('',(0.986605265564,38.707642615047));
#2036 = CARTESIAN_POINT('',(0.986635758872,38.84109497518));
#2037 = CARTESIAN_POINT('',(0.986661143824,38.974620689802));
#2038 = CARTESIAN_POINT('',(0.986671231236,39.108286664306));
#2039 = CARTESIAN_POINT('',(0.986667446808,39.34008999742));
#2040 = CARTESIAN_POINT('',(0.98665913074,39.438516647962));
#2041 = CARTESIAN_POINT('',(0.986644886642,39.536918372249));
#2042 = CARTESIAN_POINT('',(0.986628557736,39.635300038959));
#2043 = CARTESIAN_POINT('',(0.986614775731,39.733683198121));
#2044 = CARTESIAN_POINT('',(0.986606461948,39.832089399536));
#2045 = CARTESIAN_POINT('',(0.986603679911,39.93052258335));
#2046 = CARTESIAN_POINT('',(0.986607615216,40.153397755425));
#2047 = CARTESIAN_POINT('',(0.986617031985,40.278065331806));
#2048 = CARTESIAN_POINT('',(0.986631500572,40.402639914713));
#2049 = CARTESIAN_POINT('',(0.986645218396,40.527152108379));
#2050 = CARTESIAN_POINT('',(0.986651982409,40.651660364538));
#2051 = CARTESIAN_POINT('',(0.986652490194,40.776223390685));
#2052 = CARTESIAN_POINT('',(0.986649674719,40.900884753968));
#2053 = CARTESIAN_POINT('',(0.986642679796,41.156426334009));
#2054 = CARTESIAN_POINT('',(0.986638428037,41.287676592665));
#2055 = CARTESIAN_POINT('',(0.986636637381,41.418796949774));
#2056 = CARTESIAN_POINT('',(0.986640284871,41.549844622904));
#2057 = CARTESIAN_POINT('',(0.98664794807,41.680892757853));
#2058 = CARTESIAN_POINT('',(0.986652820174,41.812013937861));
#2059 = CARTESIAN_POINT('',(0.986652071469,41.94326616947));
#2060 = CARTESIAN_POINT('',(0.986642536572,42.163353134234));
#2061 = CARTESIAN_POINT('',(0.986636395713,42.252443096272));
#2062 = CARTESIAN_POINT('',(0.986628202825,42.341517041223));
#2063 = CARTESIAN_POINT('',(0.986618915654,42.430577228842));
#2064 = CARTESIAN_POINT('',(0.986610444014,42.519638133966));
#2065 = CARTESIAN_POINT('',(0.986604851731,42.608713954828));
#2066 = CARTESIAN_POINT('',(0.986603354752,42.697806271644));
#2067 = CARTESIAN_POINT('',(0.986608681516,42.881707003361));
#2068 = CARTESIAN_POINT('',(0.986616066006,42.976589820894));
#2069 = CARTESIAN_POINT('',(0.986628030219,43.071450459936));
#2070 = CARTESIAN_POINT('',(0.986643217352,43.16629157214));
#2071 = CARTESIAN_POINT('',(0.986657955527,43.261131643023));
#2072 = CARTESIAN_POINT('',(0.986668041386,43.355989899037));
#2073 = CARTESIAN_POINT('',(0.986671197217,43.450870799016));
#2074 = CARTESIAN_POINT('',(0.986664003706,43.669417186226));
#2075 = CARTESIAN_POINT('',(0.986649271672,43.793287872797));
#2076 = CARTESIAN_POINT('',(0.9866247618,43.917068424823));
#2077 = CARTESIAN_POINT('',(0.98660110769,44.040794266577));
#2078 = CARTESIAN_POINT('',(0.986592602595,44.164521915685));
#2079 = CARTESIAN_POINT('',(0.986624363475,44.288296724108));
#2080 = CARTESIAN_POINT('',(0.986637706858,44.412147599007));
#2081 = CARTESIAN_POINT('',(0.986636267942,44.535855920971));
#2082 = ( GEOMETRIC_REPRESENTATION_CONTEXT(2) 
PARAMETRIC_REPRESENTATION_CONTEXT() REPRESENTATION_CONTEXT('2D SPACE',''
  ) );
#2083 = PCURVE('',#2084,#2089);
#2084 = CYLINDRICAL_SURFACE('',#2085,3.15);
#2085 = AXIS2_PLACEMENT_3D('',#2086,#2087,#2088);
#2086 = CARTESIAN_POINT('',(0.,0.,0.));
#2087 = DIRECTION('',(-0.,-0.,-1.));
#2088 = DIRECTION('',(1.,0.,0.));
#2089 = DEFINITIONAL_REPRESENTATION('',(#2090),#2142);
#2090 = B_SPLINE_CURVE_WITH_KNOTS('',8,(#2091,#2092,#2093,#2094,#2095,
    #2096,#2097,#2098,#2099,#2100,#2101,#2102,#2103,#2104,#2105,#2106,
    #2107,#2108,#2109,#2110,#2111,#2112,#2113,#2114,#2115,#2116,#2117,
    #2118,#2119,#2120,#2121,#2122,#2123,#2124,#2125,#2126,#2127,#2128,
    #2129,#2130,#2131,#2132,#2133,#2134,#2135,#2136,#2137,#2138,#2139,
    #2140,#2141),.UNSPECIFIED.,.F.,.F.,(9,7,7,7,7,7,7,9),(0.,
    0.167858424354,0.291614707434,0.448230014713,0.61305596049,
    0.725087640987,0.844387521901,1.),.UNSPECIFIED.);
#2091 = CARTESIAN_POINT('',(0.,-5.527292288661));
#2092 = CARTESIAN_POINT('',(-0.131772502924,-5.548265282447));
#2093 = CARTESIAN_POINT('',(-0.263774301172,-5.56927762723));
#2094 = CARTESIAN_POINT('',(-0.395635434253,-5.59028152092));
#2095 = CARTESIAN_POINT('',(-0.527420259968,-5.611247651411));
#2096 = CARTESIAN_POINT('',(-0.65920591547,-5.632208646534));
#2097 = CARTESIAN_POINT('',(-0.791068334385,-5.653183619013));
#2098 = CARTESIAN_POINT('',(-0.923072773841,-5.674187966213));
#2099 = CARTESIAN_POINT('',(-1.151996788585,-5.71062386823));
#2100 = CARTESIAN_POINT('',(-1.249201526431,-5.726098231172));
#2101 = CARTESIAN_POINT('',(-1.346381551441,-5.741571516458));
#2102 = CARTESIAN_POINT('',(-1.443540817507,-5.757042647996));
#2103 = CARTESIAN_POINT('',(-1.540700570756,-5.772512793866));
#2104 = CARTESIAN_POINT('',(-1.637882659047,-5.787983941573));
#2105 = CARTESIAN_POINT('',(-1.735091546239,-5.803456679982));
#2106 = CARTESIAN_POINT('',(-1.955195735491,-5.838485584284));
#2107 = CARTESIAN_POINT('',(-2.078314116971,-5.858075914062));
#2108 = CARTESIAN_POINT('',(-2.201342122955,-5.877649207061));
#2109 = CARTESIAN_POINT('',(-2.324310144622,-5.897213053607));
#2110 = CARTESIAN_POINT('',(-2.4472744969,-5.916779612901));
#2111 = CARTESIAN_POINT('',(-2.570291481208,-5.936357778182));
#2112 = CARTESIAN_POINT('',(-2.693403651823,-5.955952991976));
#2113 = CARTESIAN_POINT('',(-2.94576623683,-5.996121532083));
#2114 = CARTESIAN_POINT('',(-3.075381914969,-6.016753055013));
#2115 = CARTESIAN_POINT('',(-3.204867873823,-6.037362981307));
#2116 = CARTESIAN_POINT('',(-3.334281946989,-6.057958877902));
#2117 = CARTESIAN_POINT('',(-3.463698618562,-6.078552923134));
#2118 = CARTESIAN_POINT('',(-3.593190149397,-6.099159786582));
#2119 = CARTESIAN_POINT('',(-3.722812878319,-6.119789941268));
#2120 = CARTESIAN_POINT('',(-3.94016853329,-6.15438705796));
#2121 = CARTESIAN_POINT('',(-4.028153172883,-6.168392868604));
#2122 = CARTESIAN_POINT('',(-4.116121938378,-6.182397144881));
#2123 = CARTESIAN_POINT('',(-4.204076642273,-6.196399783108));
#2124 = CARTESIAN_POINT('',(-4.292031295996,-6.210402143386));
#2125 = CARTESIAN_POINT('',(-4.379999930571,-6.224405468545));
#2126 = CARTESIAN_POINT('',(-4.467984408755,-6.238409424385));
#2127 = CARTESIAN_POINT('',(-4.649598134361,-6.267311787108));
#2128 = CARTESIAN_POINT('',(-4.743300845436,-6.282221619694));
#2129 = CARTESIAN_POINT('',(-4.836981908606,-6.297125772148));
#2130 = CARTESIAN_POINT('',(-4.930644423459,-6.312025311309));
#2131 = CARTESIAN_POINT('',(-5.024306857455,-6.326924901908));
#2132 = CARTESIAN_POINT('',(-5.117987777009,-6.341829579761));
#2133 = CARTESIAN_POINT('',(-5.211690598828,-6.356741136951));
#2134 = CARTESIAN_POINT('',(-5.427520941268,-6.391094988934));
#2135 = CARTESIAN_POINT('',(-5.549850372088,-6.410571636065));
#2136 = CARTESIAN_POINT('',(-5.672087367794,-6.430038800817));
#2137 = CARTESIAN_POINT('',(-5.794266988346,-6.449496956244));
#2138 = CARTESIAN_POINT('',(-5.916446438788,-6.468948138145));
#2139 = CARTESIAN_POINT('',(-6.038683349746,-6.488387440116));
#2140 = CARTESIAN_POINT('',(-6.161014618205,-6.507847522158));
#2141 = CARTESIAN_POINT('',(-6.28318530718,-6.527292280516));
#2142 = ( GEOMETRIC_REPRESENTATION_CONTEXT(2) 
PARAMETRIC_REPRESENTATION_CONTEXT() REPRESENTATION_CONTEXT('2D SPACE',''
  ) );
#2143 = ORIENTED_EDGE('',*,*,#2144,.T.);
#2144 = EDGE_CURVE('',#1973,#2145,#2147,.T.);
#2145 = VERTEX_POINT('',#2146);
#2146 = CARTESIAN_POINT('',(3.15,5.153232710329E-15,7.527292757531));
#2147 = SURFACE_CURVE('',#2148,(#2207,#2269),.PCURVE_S1.);
#2148 = B_SPLINE_CURVE_WITH_KNOTS('',8,(#2149,#2150,#2151,#2152,#2153,
    #2154,#2155,#2156,#2157,#2158,#2159,#2160,#2161,#2162,#2163,#2164,
    #2165,#2166,#2167,#2168,#2169,#2170,#2171,#2172,#2173,#2174,#2175,
    #2176,#2177,#2178,#2179,#2180,#2181,#2182,#2183,#2184,#2185,#2186,
    #2187,#2188,#2189,#2190,#2191,#2192,#2193,#2194,#2195,#2196,#2197,
    #2198,#2199,#2200,#2201,#2202,#2203,#2204,#2205,#2206),
  .UNSPECIFIED.,.F.,.F.,(9,7,7,7,7,7,7,7,9),(0.,0.170479311081,
    0.258474943081,0.357551909558,0.508423230659,0.594134121874,
    0.700646958082,0.849403638243,1.),.UNSPECIFIED.);
#2149 = CARTESIAN_POINT('',(3.15,1.7763568394E-14,6.527292280516));
#2150 = CARTESIAN_POINT('',(3.15,0.421615785255,6.548595332939));
#2151 = CARTESIAN_POINT('',(3.085506114398,0.844000687719,6.569940082768
    ));
#2152 = CARTESIAN_POINT('',(2.956111795419,1.254382838874,6.591275349405
    ));
#2153 = CARTESIAN_POINT('',(2.764921933594,1.641376892924,6.612569986505
    ));
#2154 = CARTESIAN_POINT('',(2.516725657612,1.994536896956,6.633860654497
    ));
#2155 = CARTESIAN_POINT('',(2.218401385685,2.304662336458,6.655166866328
    ));
#2156 = CARTESIAN_POINT('',(1.87841823563,2.563550483049,6.67650625533)
  );
#2157 = CARTESIAN_POINT('',(1.317244031086,2.869620986154,6.708805136603
    ));
#2158 = CARTESIAN_POINT('',(1.117932149868,2.958756915579,6.719804722967
    ));
#2159 = CARTESIAN_POINT('',(0.911785060045,3.032036855461,6.730805366144
    ));
#2160 = CARTESIAN_POINT('',(0.700286302604,3.088862072692,6.741806152585
    ));
#2161 = CARTESIAN_POINT('',(0.484961269648,3.128803112282,6.752807110062
    ));
#2162 = CARTESIAN_POINT('',(0.267369445454,3.15159143212,6.763808388671)
  );
#2163 = CARTESIAN_POINT('',(4.910096903547E-02,3.157127438044,
    6.774809413586));
#2164 = CARTESIAN_POINT('',(-0.412913584721,3.132418770647,
    6.798191664286));
#2165 = CARTESIAN_POINT('',(-0.656479827243,3.097576450564,
    6.810575847886));
#2166 = CARTESIAN_POINT('',(-0.896594778838,3.041091410514,
    6.822956967636));
#2167 = CARTESIAN_POINT('',(-1.131024678964,2.963384402103,
    6.835335101475));
#2168 = CARTESIAN_POINT('',(-1.357620273002,2.865135276612,
    6.847712258874));
#2169 = CARTESIAN_POINT('',(-1.574321006703,2.747266120322,
    6.860090527106));
#2170 = CARTESIAN_POINT('',(-1.779171579122,2.610955725538,6.87247010293
    ));
#2171 = CARTESIAN_POINT('',(-2.261472704021,2.224290111463,
    6.903694682604));
#2172 = CARTESIAN_POINT('',(-2.521323551646,1.951223168821,
    6.922564105526));
#2173 = CARTESIAN_POINT('',(-2.743034537725,1.643740932075,
    6.941423490845));
#2174 = CARTESIAN_POINT('',(-2.921547253208,1.30822030112,6.960278032857
    ));
#2175 = CARTESIAN_POINT('',(-3.052960821568,0.951608235079,
    6.979134257491));
#2176 = CARTESIAN_POINT('',(-3.134689489685,0.581439715065,
    6.997998031326));
#2177 = CARTESIAN_POINT('',(-3.165341623401,0.20574029849,7.016872892254
    ));
#2178 = CARTESIAN_POINT('',(-3.13434991733,-0.378526070286,
    7.046434741039));
#2179 = CARTESIAN_POINT('',(-3.106841387594,-0.589368769969,
    7.057145934879));
#2180 = CARTESIAN_POINT('',(-3.063123361299,-0.797878874137,
    7.067856436684));
#2181 = CARTESIAN_POINT('',(-3.003438458241,-1.002601381139,
    7.078566141354));
#2182 = CARTESIAN_POINT('',(-2.928178750414,-1.202125905828,
    7.089275889029));
#2183 = CARTESIAN_POINT('',(-2.837877591245,-1.395088626125,
    7.099986526674));
#2184 = CARTESIAN_POINT('',(-2.733215331019,-1.580179172124,
    7.110697964363));
#2185 = CARTESIAN_POINT('',(-2.468181212373,-1.974834278479,
    7.134717857724));
#2186 = CARTESIAN_POINT('',(-2.300373308962,-2.179555410335,
    7.14803279841));
#2187 = CARTESIAN_POINT('',(-2.11322630365,-2.367866419616,
    7.161347413998));
#2188 = CARTESIAN_POINT('',(-1.908645651573,-2.53765891788,
    7.174660997544));
#2189 = CARTESIAN_POINT('',(-1.688769420034,-2.687111982392,
    7.187975111073));
#2190 = CARTESIAN_POINT('',(-1.455938937309,-2.814679506446,
    7.201291108501));
#2191 = CARTESIAN_POINT('',(-1.212701837859,-2.919118479526,
    7.214607839917));
#2192 = CARTESIAN_POINT('',(-0.611502331919,-3.111900951511,
    7.246510760235));
#2193 = CARTESIAN_POINT('',(-0.245783783415,-3.177598858463,
    7.265119302801));
#2194 = CARTESIAN_POINT('',(0.127481309265,-3.193949702314,
    7.283712326603));
#2195 = CARTESIAN_POINT('',(0.500524700806,-3.160253520287,
    7.302293758607));
#2196 = CARTESIAN_POINT('',(0.865725749631,-3.077026887558,
    7.320873119655));
#2197 = CARTESIAN_POINT('',(1.215675156286,-2.946130132415,
    7.339463384415));
#2198 = CARTESIAN_POINT('',(1.543194135964,-2.770633468716,
    7.358070767095));
#2199 = CARTESIAN_POINT('',(2.143841863593,-2.337770023585,
    7.395484277735));
#2200 = CARTESIAN_POINT('',(2.416934767229,-2.078922519908,
    7.414332702942));
#2201 = CARTESIAN_POINT('',(2.653841164284,-1.783863926826,
    7.433172911893));
#2202 = CARTESIAN_POINT('',(2.849206919598,-1.458675499084,
    7.452004184778));
#2203 = CARTESIAN_POINT('',(2.998801134207,-1.110057240342,
    7.470827801867));
#2204 = CARTESIAN_POINT('',(3.099667436134,-0.745355169948,
    7.489641294967));
#2205 = CARTESIAN_POINT('',(3.15,-0.372462830304,7.508472996824));
#2206 = CARTESIAN_POINT('',(3.15,3.01980662698E-14,7.527292757531));
#2207 = PCURVE('',#155,#2208);
#2208 = DEFINITIONAL_REPRESENTATION('',(#2209),#2268);
#2209 = B_SPLINE_CURVE_WITH_KNOTS('',8,(#2210,#2211,#2212,#2213,#2214,
    #2215,#2216,#2217,#2218,#2219,#2220,#2221,#2222,#2223,#2224,#2225,
    #2226,#2227,#2228,#2229,#2230,#2231,#2232,#2233,#2234,#2235,#2236,
    #2237,#2238,#2239,#2240,#2241,#2242,#2243,#2244,#2245,#2246,#2247,
    #2248,#2249,#2250,#2251,#2252,#2253,#2254,#2255,#2256,#2257,#2258,
    #2259,#2260,#2261,#2262,#2263,#2264,#2265,#2266,#2267),
  .UNSPECIFIED.,.F.,.F.,(9,7,7,7,7,7,7,7,9),(0.,0.170479311081,
    0.258474943081,0.357551909558,0.508423230659,0.594134121874,
    0.700646958082,0.849403638243,1.),.UNSPECIFIED.);
#2210 = CARTESIAN_POINT('',(0.986636267942,44.535855920971));
#2211 = CARTESIAN_POINT('',(0.986634691513,44.671386783298));
#2212 = CARTESIAN_POINT('',(0.986619125517,44.807140292367));
#2213 = CARTESIAN_POINT('',(0.986582291991,44.942768639988));
#2214 = CARTESIAN_POINT('',(0.986606645125,45.078324998184));
#2215 = CARTESIAN_POINT('',(0.986638241491,45.213878187038));
#2216 = CARTESIAN_POINT('',(0.986663479793,45.349510887151));
#2217 = CARTESIAN_POINT('',(0.986672278331,45.485304557664));
#2218 = CARTESIAN_POINT('',(0.986666840199,45.690782027102));
#2219 = CARTESIAN_POINT('',(0.986661663207,45.760748531251));
#2220 = CARTESIAN_POINT('',(0.986653538404,45.830712773569));
#2221 = CARTESIAN_POINT('',(0.986643619233,45.900672457757));
#2222 = CARTESIAN_POINT('',(0.986633332665,45.970632110242));
#2223 = CARTESIAN_POINT('',(0.986623993317,46.040596693208));
#2224 = CARTESIAN_POINT('',(0.986616533778,46.110565392157));
#2225 = CARTESIAN_POINT('',(0.986605515836,46.259295885433));
#2226 = CARTESIAN_POINT('',(0.986602561191,46.338078338541));
#2227 = CARTESIAN_POINT('',(0.986603152252,46.416852106687));
#2228 = CARTESIAN_POINT('',(0.986607052909,46.495616966035));
#2229 = CARTESIAN_POINT('',(0.986613347814,46.574382911191));
#2230 = CARTESIAN_POINT('',(0.986620751409,46.653159303307));
#2231 = CARTESIAN_POINT('',(0.986628004089,46.731943554654));
#2232 = CARTESIAN_POINT('',(0.98664402714,46.930651450907));
#2233 = CARTESIAN_POINT('',(0.986651591874,47.050726781388));
#2234 = CARTESIAN_POINT('',(0.986654218525,47.170723197635));
#2235 = CARTESIAN_POINT('',(0.986650927266,47.290670760365));
#2236 = CARTESIAN_POINT('',(0.986645003105,47.410621002707));
#2237 = CARTESIAN_POINT('',(0.986640702122,47.530624222901));
#2238 = CARTESIAN_POINT('',(0.986639343585,47.650706951328));
#2239 = CARTESIAN_POINT('',(0.986640930753,47.838792109105));
#2240 = CARTESIAN_POINT('',(0.986642267601,47.906943639191));
#2241 = CARTESIAN_POINT('',(0.986644270967,47.975092798055));
#2242 = CARTESIAN_POINT('',(0.986646604202,48.043237890846));
#2243 = CARTESIAN_POINT('',(0.986648779937,48.111382777157));
#2244 = CARTESIAN_POINT('',(0.986650273836,48.179531247307));
#2245 = CARTESIAN_POINT('',(0.986650661503,48.247681435511));
#2246 = CARTESIAN_POINT('',(0.986648681254,48.400496329287));
#2247 = CARTESIAN_POINT('',(0.986645622839,48.485200189439));
#2248 = CARTESIAN_POINT('',(0.986640231894,48.569894871177));
#2249 = CARTESIAN_POINT('',(0.986632726262,48.65457654076));
#2250 = CARTESIAN_POINT('',(0.986624088202,48.739258130328));
#2251 = CARTESIAN_POINT('',(0.986615895189,48.823953062355));
#2252 = CARTESIAN_POINT('',(0.986609806342,48.908659078153));
#2253 = CARTESIAN_POINT('',(0.986602372393,49.111611255359));
#2254 = CARTESIAN_POINT('',(0.986603878958,49.230008329208));
#2255 = CARTESIAN_POINT('',(0.986613818745,49.348332374894));
#2256 = CARTESIAN_POINT('',(0.986632307795,49.466608730588));
#2257 = CARTESIAN_POINT('',(0.98665463712,49.584883616202));
#2258 = CARTESIAN_POINT('',(0.986669612483,49.703205457501));
#2259 = CARTESIAN_POINT('',(0.986672884609,49.821600533613));
#2260 = CARTESIAN_POINT('',(0.986660485265,50.059597411927));
#2261 = CARTESIAN_POINT('',(0.986644597485,50.17946766109));
#2262 = CARTESIAN_POINT('',(0.986621077625,50.299262371937));
#2263 = CARTESIAN_POINT('',(0.986600302152,50.419008595121));
#2264 = CARTESIAN_POINT('',(0.986595543339,50.538754930357));
#2265 = CARTESIAN_POINT('',(0.986625048537,50.658541301045));
#2266 = CARTESIAN_POINT('',(0.986637213428,50.778390662107));
#2267 = CARTESIAN_POINT('',(0.986635272319,50.898121052539));
#2268 = ( GEOMETRIC_REPRESENTATION_CONTEXT(2) 
PARAMETRIC_REPRESENTATION_CONTEXT() REPRESENTATION_CONTEXT('2D SPACE',''
  ) );
#2269 = PCURVE('',#2270,#2275);
#2270 = CYLINDRICAL_SURFACE('',#2271,3.15);
#2271 = AXIS2_PLACEMENT_3D('',#2272,#2273,#2274);
#2272 = CARTESIAN_POINT('',(0.,0.,0.));
#2273 = DIRECTION('',(-0.,-0.,-1.));
#2274 = DIRECTION('',(1.,0.,0.));
#2275 = DEFINITIONAL_REPRESENTATION('',(#2276),#2335);
#2276 = B_SPLINE_CURVE_WITH_KNOTS('',8,(#2277,#2278,#2279,#2280,#2281,
    #2282,#2283,#2284,#2285,#2286,#2287,#2288,#2289,#2290,#2291,#2292,
    #2293,#2294,#2295,#2296,#2297,#2298,#2299,#2300,#2301,#2302,#2303,
    #2304,#2305,#2306,#2307,#2308,#2309,#2310,#2311,#2312,#2313,#2314,
    #2315,#2316,#2317,#2318,#2319,#2320,#2321,#2322,#2323,#2324,#2325,
    #2326,#2327,#2328,#2329,#2330,#2331,#2332,#2333,#2334),
  .UNSPECIFIED.,.F.,.F.,(9,7,7,7,7,7,7,7,9),(0.,0.170479311081,
    0.258474943081,0.357551909558,0.508423230659,0.594134121874,
    0.700646958082,0.849403638243,1.),.UNSPECIFIED.);
#2277 = CARTESIAN_POINT('',(0.,-6.527292280516));
#2278 = CARTESIAN_POINT('',(-0.133846281033,-6.548595332939));
#2279 = CARTESIAN_POINT('',(-0.267935950178,-6.569940082768));
#2280 = CARTESIAN_POINT('',(-0.401874635006,-6.591275349405));
#2281 = CARTESIAN_POINT('',(-0.535732045872,-6.612569986505));
#2282 = CARTESIAN_POINT('',(-0.669592625847,-6.633860654497));
#2283 = CARTESIAN_POINT('',(-0.803536164815,-6.655166866328));
#2284 = CARTESIAN_POINT('',(-0.937642163062,-6.67650625533));
#2285 = CARTESIAN_POINT('',(-1.140567516305,-6.708805136603));
#2286 = CARTESIAN_POINT('',(-1.209665302944,-6.719804722967));
#2287 = CARTESIAN_POINT('',(-1.278760862479,-6.730805366144));
#2288 = CARTESIAN_POINT('',(-1.347851659464,-6.741806152585));
#2289 = CARTESIAN_POINT('',(-1.416942023163,-6.752807110062));
#2290 = CARTESIAN_POINT('',(-1.486036872744,-6.763808388671));
#2291 = CARTESIAN_POINT('',(-1.555135542405,-6.774809413586));
#2292 = CARTESIAN_POINT('',(-1.702016429775,-6.798191664286));
#2293 = CARTESIAN_POINT('',(-1.779819025955,-6.810575847886));
#2294 = CARTESIAN_POINT('',(-1.857613139321,-6.822956967636));
#2295 = CARTESIAN_POINT('',(-1.935398827425,-6.835335101475));
#2296 = CARTESIAN_POINT('',(-2.013186142522,-6.847712258874));
#2297 = CARTESIAN_POINT('',(-2.090984339931,-6.860090527106));
#2298 = CARTESIAN_POINT('',(-2.168790713234,-6.87247010293));
#2299 = CARTESIAN_POINT('',(-2.365032724287,-6.903694682604));
#2300 = CARTESIAN_POINT('',(-2.483618425244,-6.922564105526));
#2301 = CARTESIAN_POINT('',(-2.602125881621,-6.941423490844));
#2302 = CARTESIAN_POINT('',(-2.72058362819,-6.960278032857));
#2303 = CARTESIAN_POINT('',(-2.839041671249,-6.97913425749));
#2304 = CARTESIAN_POINT('',(-2.957550284106,-6.997998031326));
#2305 = CARTESIAN_POINT('',(-3.076136786968,-7.016872892254));
#2306 = CARTESIAN_POINT('',(-3.261878929914,-7.046434741039));
#2307 = CARTESIAN_POINT('',(-3.329181589611,-7.057145934879));
#2308 = CARTESIAN_POINT('',(-3.396482188897,-7.067856436684));
#2309 = CARTESIAN_POINT('',(-3.463779216608,-7.078566141354));
#2310 = CARTESIAN_POINT('',(-3.531076583988,-7.089275889029));
#2311 = CARTESIAN_POINT('',(-3.598378047207,-7.099986526674));
#2312 = CARTESIAN_POINT('',(-3.665681693585,-7.110697964363));
#2313 = CARTESIAN_POINT('',(-3.816599182256,-7.134717857724));
#2314 = CARTESIAN_POINT('',(-3.900251887734,-7.14803279841));
#2315 = CARTESIAN_POINT('',(-3.983895874073,-7.161347413998));
#2316 = CARTESIAN_POINT('',(-4.067526969023,-7.174660997544));
#2317 = CARTESIAN_POINT('',(-4.151157581956,-7.187975111073));
#2318 = CARTESIAN_POINT('',(-4.234800756618,-7.201291108501));
#2319 = CARTESIAN_POINT('',(-4.318454256675,-7.214607839917));
#2320 = CARTESIAN_POINT('',(-4.518883608729,-7.246510760235));
#2321 = CARTESIAN_POINT('',(-4.635808074712,-7.265119302801));
#2322 = CARTESIAN_POINT('',(-4.752660045257,-7.283712326603));
#2323 = CARTESIAN_POINT('',(-4.869465507751,-7.302293758607));
#2324 = CARTESIAN_POINT('',(-4.986271484018,-7.320873119654));
#2325 = CARTESIAN_POINT('',(-5.103125195322,-7.339463384415));
#2326 = CARTESIAN_POINT('',(-5.220050373901,-7.358070767095));
#2327 = CARTESIAN_POINT('',(-5.45508862306,-7.395484277735));
#2328 = CARTESIAN_POINT('',(-5.573466770511,-7.414332702942));
#2329 = CARTESIAN_POINT('',(-5.691767086309,-7.433172911893));
#2330 = CARTESIAN_POINT('',(-5.810016711119,-7.452004184778));
#2331 = CARTESIAN_POINT('',(-5.928265677323,-7.470827801867));
#2332 = CARTESIAN_POINT('',(-6.046564897042,-7.489641294967));
#2333 = CARTESIAN_POINT('',(-6.164943138829,-7.508472996824));
#2334 = CARTESIAN_POINT('',(-6.28318530718,-7.527292757531));
#2335 = ( GEOMETRIC_REPRESENTATION_CONTEXT(2) 
PARAMETRIC_REPRESENTATION_CONTEXT() REPRESENTATION_CONTEXT('2D SPACE',''
  ) );
#2336 = ORIENTED_EDGE('',*,*,#2337,.F.);
#2337 = EDGE_CURVE('',#988,#2145,#2338,.T.);
#2338 = SURFACE_CURVE('',#2339,(#2342,#2349),.PCURVE_S1.);
#2339 = B_SPLINE_CURVE_WITH_KNOTS('',1,(#2340,#2341),.UNSPECIFIED.,.F.,
  .F.,(2,2),(0.,1.043600757176),.PIECEWISE_BEZIER_KNOTS.);
#2340 = CARTESIAN_POINT('',(2.283974596221,1.59071520474E-07,
    7.999996851648));
#2341 = CARTESIAN_POINT('',(3.200001817702,-9.184321490501E-09,
    7.500000181773));
#2342 = PCURVE('',#155,#2343);
#2343 = DEFINITIONAL_REPRESENTATION('',(#2344),#2348);
#2344 = LINE('',#2345,#2346);
#2345 = CARTESIAN_POINT('',(0.,50.898121052539));
#2346 = VECTOR('',#2347,1.);
#2347 = DIRECTION('',(1.,0.));
#2348 = ( GEOMETRIC_REPRESENTATION_CONTEXT(2) 
PARAMETRIC_REPRESENTATION_CONTEXT() REPRESENTATION_CONTEXT('2D SPACE',''
  ) );
#2349 = PCURVE('',#2350,#2355);
#2350 = PLANE('',#2351);
#2351 = AXIS2_PLACEMENT_3D('',#2352,#2353,#2354);
#2352 = CARTESIAN_POINT('',(2.890345835692,4.76931846819E-08,
    7.999999056052));
#2353 = DIRECTION('',(-1.836801067531E-07,-1.,-2.753105642463E-13));
#2354 = DIRECTION('',(-1.,1.836801067531E-07,0.));
#2355 = DEFINITIONAL_REPRESENTATION('',(#2356),#2359);
#2356 = B_SPLINE_CURVE_WITH_KNOTS('',1,(#2357,#2358),.UNSPECIFIED.,.F.,
  .F.,(2,2),(0.,1.043600757176),.PIECEWISE_BEZIER_KNOTS.);
#2357 = CARTESIAN_POINT('',(0.606371239471,2.204404280448E-06));
#2358 = CARTESIAN_POINT('',(-0.309655982009,0.499998874279));
#2359 = ( GEOMETRIC_REPRESENTATION_CONTEXT(2) 
PARAMETRIC_REPRESENTATION_CONTEXT() REPRESENTATION_CONTEXT('2D SPACE',''
  ) );
#2360 = ADVANCED_FACE('',(#2361),#73,.F.);
#2361 = FACE_BOUND('',#2362,.F.);
#2362 = EDGE_LOOP('',(#2363,#2364,#2365));
#2363 = ORIENTED_EDGE('',*,*,#56,.T.);
#2364 = ORIENTED_EDGE('',*,*,#537,.F.);
#2365 = ORIENTED_EDGE('',*,*,#1080,.T.);
#2366 = ADVANCED_FACE('',(#2367),#381,.T.);
#2367 = FACE_BOUND('',#2368,.T.);
#2368 = EDGE_LOOP('',(#2369,#2370,#2371,#2372,#2502,#2617,#2826,#3014,
    #3202,#3390,#3578));
#2369 = ORIENTED_EDGE('',*,*,#560,.F.);
#2370 = ORIENTED_EDGE('',*,*,#367,.T.);
#2371 = ORIENTED_EDGE('',*,*,#987,.T.);
#2372 = ORIENTED_EDGE('',*,*,#2373,.T.);
#2373 = EDGE_CURVE('',#988,#2374,#2376,.T.);
#2374 = VERTEX_POINT('',#2375);
#2375 = CARTESIAN_POINT('',(-3.103813718219,-0.537438743108,8.));
#2376 = SURFACE_CURVE('',#2377,(#2415,#2456),.PCURVE_S1.);
#2377 = B_SPLINE_CURVE_WITH_KNOTS('',6,(#2378,#2379,#2380,#2381,#2382,
    #2383,#2384,#2385,#2386,#2387,#2388,#2389,#2390,#2391,#2392,#2393,
    #2394,#2395,#2396,#2397,#2398,#2399,#2400,#2401,#2402,#2403,#2404,
    #2405,#2406,#2407,#2408,#2409,#2410,#2411,#2412,#2413,#2414),
  .UNSPECIFIED.,.F.,.F.,(7,5,5,5,5,5,5,7),(0.,0.193888574162,
    0.300629320901,0.418101532857,0.544939541778,0.682813103117,
    0.833579450597,1.),.UNSPECIFIED.);
#2378 = CARTESIAN_POINT('',(2.283980364112,1.590704693296E-07,8.));
#2379 = CARTESIAN_POINT('',(2.317134320378,-0.259743530075,8.));
#2380 = CARTESIAN_POINT('',(2.314390368556,-0.524945997327,8.));
#2381 = CARTESIAN_POINT('',(2.275279978039,-0.789056629412,8.));
#2382 = CARTESIAN_POINT('',(2.200988446481,-1.046094234814,8.));
#2383 = CARTESIAN_POINT('',(2.093658969987,-1.290605555515,8.));
#2384 = CARTESIAN_POINT('',(1.881266605939,-1.642870691384,8.));
#2385 = CARTESIAN_POINT('',(1.796845969362,-1.762732117066,8.));
#2386 = CARTESIAN_POINT('',(1.703954837126,-1.876606471687,8.));
#2387 = CARTESIAN_POINT('',(1.603202988766,-1.983810958499,8.));
#2388 = CARTESIAN_POINT('',(1.495262007428,-2.083750521687,8.));
#2389 = CARTESIAN_POINT('',(1.254947683704,-2.277344064417,8.));
#2390 = CARTESIAN_POINT('',(1.121200951491,-2.369362267046,8.));
#2391 = CARTESIAN_POINT('',(0.980581205754,-2.451290229251,8.));
#2392 = CARTESIAN_POINT('',(0.834100400494,-2.522595186722,8.));
#2393 = CARTESIAN_POINT('',(0.682806885544,-2.582881879381,8.));
#2394 = CARTESIAN_POINT('',(0.360383484538,-2.684793189348,8.));
#2395 = CARTESIAN_POINT('',(0.188620373002,-2.724551552121,8.));
#2396 = CARTESIAN_POINT('',(1.383800793931E-02,-2.750823379434,8.));
#2397 = CARTESIAN_POINT('',(-0.162623483466,-2.763472047215,8.));
#2398 = CARTESIAN_POINT('',(-0.33944653551,-2.762520424622,8.));
#2399 = CARTESIAN_POINT('',(-0.706534097807,-2.732552620206,8.));
#2400 = CARTESIAN_POINT('',(-0.89664904143,-2.701100239045,8.));
#2401 = CARTESIAN_POINT('',(-1.084025766066,-2.654045437125,8.));
#2402 = CARTESIAN_POINT('',(-1.267117008024,-2.5918572498,8.));
#2403 = CARTESIAN_POINT('',(-1.444477891194,-2.515176724629,8.));
#2404 = CARTESIAN_POINT('',(-1.800995960629,-2.326035679816,8.));
#2405 = CARTESIAN_POINT('',(-1.978793503629,-2.210887391328,8.));
#2406 = CARTESIAN_POINT('',(-2.14642279528,-2.080457103303,8.));
#2407 = CARTESIAN_POINT('',(-2.302387427274,-1.936028905291,8.));
#2408 = CARTESIAN_POINT('',(-2.445397302793,-1.77903381039,8.));
#2409 = CARTESIAN_POINT('',(-2.716774691052,-1.425656087888,8.));
#2410 = CARTESIAN_POINT('',(-2.842102656713,-1.226846799691,8.));
#2411 = CARTESIAN_POINT('',(-2.948936419763,-1.016768969058,8.));
#2412 = CARTESIAN_POINT('',(-3.036261278097,-0.797673711756,8.));
#2413 = CARTESIAN_POINT('',(-3.103389065889,-0.571871870422,8.));
#2414 = CARTESIAN_POINT('',(-3.15,-0.34174414941,8.));
#2415 = PCURVE('',#381,#2416);
#2416 = DEFINITIONAL_REPRESENTATION('',(#2417),#2455);
#2417 = B_SPLINE_CURVE_WITH_KNOTS('',6,(#2418,#2419,#2420,#2421,#2422,
    #2423,#2424,#2425,#2426,#2427,#2428,#2429,#2430,#2431,#2432,#2433,
    #2434,#2435,#2436,#2437,#2438,#2439,#2440,#2441,#2442,#2443,#2444,
    #2445,#2446,#2447,#2448,#2449,#2450,#2451,#2452,#2453,#2454),
  .UNSPECIFIED.,.F.,.F.,(7,5,5,5,5,5,5,7),(0.,0.193888574162,
    0.300629320901,0.418101532857,0.544939541778,0.682813103117,
    0.833579450597,1.),.UNSPECIFIED.);
#2418 = CARTESIAN_POINT('',(1.043594185975,50.898121052539));
#2419 = CARTESIAN_POINT('',(1.005822805602,50.78296542313));
#2420 = CARTESIAN_POINT('',(0.968573442743,50.669420805335));
#2421 = CARTESIAN_POINT('',(0.931842501066,50.55745920847));
#2422 = CARTESIAN_POINT('',(0.89558892938,50.44695307569));
#2423 = CARTESIAN_POINT('',(0.859783067839,50.337810622753));
#2424 = CARTESIAN_POINT('',(0.804979521131,50.17075854863));
#2425 = CARTESIAN_POINT('',(0.785655138864,50.111853716976));
#2426 = CARTESIAN_POINT('',(0.766462641436,50.053350614495));
#2427 = CARTESIAN_POINT('',(0.747398301683,49.995237941531));
#2428 = CARTESIAN_POINT('',(0.728458576571,49.937504976984));
#2429 = CARTESIAN_POINT('',(0.688933367102,49.817022169387));
#2430 = CARTESIAN_POINT('',(0.668372539424,49.75434746699));
#2431 = CARTESIAN_POINT('',(0.647956944336,49.692115437346));
#2432 = CARTESIAN_POINT('',(0.627682090069,49.630312445497));
#2433 = CARTESIAN_POINT('',(0.607543799375,49.568925791861));
#2434 = CARTESIAN_POINT('',(0.565942542983,49.442114679177));
#2435 = CARTESIAN_POINT('',(0.544500196493,49.376753084499));
#2436 = CARTESIAN_POINT('',(0.523211432322,49.311859744049));
#2437 = CARTESIAN_POINT('',(0.502071085123,49.247418902696));
#2438 = CARTESIAN_POINT('',(0.48107478531,49.183417220705));
#2439 = CARTESIAN_POINT('',(0.437553417987,49.050753911603));
#2440 = CARTESIAN_POINT('',(0.415051992303,48.982164359058));
#2441 = CARTESIAN_POINT('',(0.392715104855,48.914076387415));
#2442 = CARTESIAN_POINT('',(0.370536850386,48.84647196764));
#2443 = CARTESIAN_POINT('',(0.348512285436,48.779336013041));
#2444 = CARTESIAN_POINT('',(0.302723206476,48.639760284769));
#2445 = CARTESIAN_POINT('',(0.278985615951,48.567402575159));
#2446 = CARTESIAN_POINT('',(0.25542588962,48.495586994127));
#2447 = CARTESIAN_POINT('',(0.232037051587,48.424292278364));
#2448 = CARTESIAN_POINT('',(0.208813382404,48.353501004078));
#2449 = CARTESIAN_POINT('',(0.160300938702,48.205623479727));
#2450 = CARTESIAN_POINT('',(0.135044116727,48.12863462419));
#2451 = CARTESIAN_POINT('',(0.109982612606,48.052241135523));
#2452 = CARTESIAN_POINT('',(8.510802927026E-02,47.976417437143));
#2453 = CARTESIAN_POINT('',(6.041367738311E-02,47.901143150057));
#2454 = CARTESIAN_POINT('',(3.589986440616E-02,47.826419214514));
#2455 = ( GEOMETRIC_REPRESENTATION_CONTEXT(2) 
PARAMETRIC_REPRESENTATION_CONTEXT() REPRESENTATION_CONTEXT('2D SPACE',''
  ) );
#2456 = PCURVE('',#2457,#2462);
#2457 = PLANE('',#2458);
#2458 = AXIS2_PLACEMENT_3D('',#2459,#2460,#2461);
#2459 = CARTESIAN_POINT('',(-1.08526994646E-16,8.84660753815E-17,8.));
#2460 = DIRECTION('',(0.,0.,1.));
#2461 = DIRECTION('',(1.,0.,-0.));
#2462 = DEFINITIONAL_REPRESENTATION('',(#2463),#2501);
#2463 = B_SPLINE_CURVE_WITH_KNOTS('',6,(#2464,#2465,#2466,#2467,#2468,
    #2469,#2470,#2471,#2472,#2473,#2474,#2475,#2476,#2477,#2478,#2479,
    #2480,#2481,#2482,#2483,#2484,#2485,#2486,#2487,#2488,#2489,#2490,
    #2491,#2492,#2493,#2494,#2495,#2496,#2497,#2498,#2499,#2500),
  .UNSPECIFIED.,.F.,.F.,(7,5,5,5,5,5,5,7),(0.,0.193888574162,
    0.300629320901,0.418101532857,0.544939541778,0.682813103117,
    0.833579450597,1.),.UNSPECIFIED.);
#2464 = CARTESIAN_POINT('',(2.283980364112,1.590704692411E-07));
#2465 = CARTESIAN_POINT('',(2.317134320378,-0.259743530075));
#2466 = CARTESIAN_POINT('',(2.314390368556,-0.524945997327));
#2467 = CARTESIAN_POINT('',(2.275279978039,-0.789056629412));
#2468 = CARTESIAN_POINT('',(2.200988446481,-1.046094234814));
#2469 = CARTESIAN_POINT('',(2.093658969987,-1.290605555515));
#2470 = CARTESIAN_POINT('',(1.881266605939,-1.642870691384));
#2471 = CARTESIAN_POINT('',(1.796845969362,-1.762732117066));
#2472 = CARTESIAN_POINT('',(1.703954837126,-1.876606471687));
#2473 = CARTESIAN_POINT('',(1.603202988766,-1.983810958499));
#2474 = CARTESIAN_POINT('',(1.495262007428,-2.083750521687));
#2475 = CARTESIAN_POINT('',(1.254947683704,-2.277344064417));
#2476 = CARTESIAN_POINT('',(1.121200951491,-2.369362267046));
#2477 = CARTESIAN_POINT('',(0.980581205754,-2.451290229251));
#2478 = CARTESIAN_POINT('',(0.834100400494,-2.522595186722));
#2479 = CARTESIAN_POINT('',(0.682806885544,-2.582881879381));
#2480 = CARTESIAN_POINT('',(0.360383484538,-2.684793189348));
#2481 = CARTESIAN_POINT('',(0.188620373002,-2.724551552121));
#2482 = CARTESIAN_POINT('',(1.383800793931E-02,-2.750823379434));
#2483 = CARTESIAN_POINT('',(-0.162623483466,-2.763472047215));
#2484 = CARTESIAN_POINT('',(-0.33944653551,-2.762520424622));
#2485 = CARTESIAN_POINT('',(-0.706534097807,-2.732552620206));
#2486 = CARTESIAN_POINT('',(-0.89664904143,-2.701100239045));
#2487 = CARTESIAN_POINT('',(-1.084025766066,-2.654045437125));
#2488 = CARTESIAN_POINT('',(-1.267117008024,-2.5918572498));
#2489 = CARTESIAN_POINT('',(-1.444477891194,-2.515176724629));
#2490 = CARTESIAN_POINT('',(-1.800995960629,-2.326035679816));
#2491 = CARTESIAN_POINT('',(-1.978793503629,-2.210887391328));
#2492 = CARTESIAN_POINT('',(-2.14642279528,-2.080457103303));
#2493 = CARTESIAN_POINT('',(-2.302387427274,-1.936028905291));
#2494 = CARTESIAN_POINT('',(-2.445397302793,-1.77903381039));
#2495 = CARTESIAN_POINT('',(-2.716774691052,-1.425656087888));
#2496 = CARTESIAN_POINT('',(-2.842102656713,-1.226846799691));
#2497 = CARTESIAN_POINT('',(-2.948936419763,-1.016768969058));
#2498 = CARTESIAN_POINT('',(-3.036261278097,-0.797673711756));
#2499 = CARTESIAN_POINT('',(-3.103389065889,-0.571871870422));
#2500 = CARTESIAN_POINT('',(-3.15,-0.34174414941));
#2501 = ( GEOMETRIC_REPRESENTATION_CONTEXT(2) 
PARAMETRIC_REPRESENTATION_CONTEXT() REPRESENTATION_CONTEXT('2D SPACE',''
  ) );
#2502 = ORIENTED_EDGE('',*,*,#2503,.F.);
#2503 = EDGE_CURVE('',#2504,#2374,#2506,.T.);
#2504 = VERTEX_POINT('',#2505);
#2505 = CARTESIAN_POINT('',(3.15,0.,7.472708641478));
#2506 = SURFACE_CURVE('',#2507,(#2540,#2576),.PCURVE_S1.);
#2507 = B_SPLINE_CURVE_WITH_KNOTS('',7,(#2508,#2509,#2510,#2511,#2512,
    #2513,#2514,#2515,#2516,#2517,#2518,#2519,#2520,#2521,#2522,#2523,
    #2524,#2525,#2526,#2527,#2528,#2529,#2530,#2531,#2532,#2533,#2534,
    #2535,#2536,#2537,#2538,#2539),.UNSPECIFIED.,.F.,.F.,(8,6,6,6,6,8),(
    0.,0.198421852929,0.425816828628,0.621258225991,0.850558586513,1.),
  .UNSPECIFIED.);
#2508 = CARTESIAN_POINT('',(3.15,2.22044604925E-15,7.472708641478));
#2509 = CARTESIAN_POINT('',(3.150020039069,0.560113616487,7.501014898972
    ));
#2510 = CARTESIAN_POINT('',(3.03370465417,1.122602423567,7.529386566279)
  );
#2511 = CARTESIAN_POINT('',(2.79991995082,1.653730693017,7.557721960147)
  );
#2512 = CARTESIAN_POINT('',(2.460088890295,2.126579491067,7.586035724778
    ));
#2513 = CARTESIAN_POINT('',(2.031208898814,2.517498435423,7.614385751359
    ));
#2514 = CARTESIAN_POINT('',(1.535151847149,2.80707629711,7.642781970074)
  );
#2515 = CARTESIAN_POINT('',(0.395832748079,3.190297452659,7.703498505383
    ));
#2516 = CARTESIAN_POINT('',(-0.265420405513,3.251560297978,
    7.736135102811));
#2517 = CARTESIAN_POINT('',(-0.930916525099,3.149925770683,
    7.768555833394));
#2518 = CARTESIAN_POINT('',(-1.554991362487,2.893202604142,7.801050614)
  );
#2519 = CARTESIAN_POINT('',(-2.099385472532,2.497144104404,7.83349114142
    ));
#2520 = CARTESIAN_POINT('',(-2.526125512607,1.988302374145,
    7.866149252186));
#2521 = CARTESIAN_POINT('',(-3.062212274396,0.921865984143,
    7.926455937655));
#2522 = CARTESIAN_POINT('',(-3.210215479916,0.376217091471,
    7.954429656168));
#2523 = CARTESIAN_POINT('',(-3.242956776484,-0.193904902058,
    7.982333899552));
#2524 = CARTESIAN_POINT('',(-3.158444446911,-0.760546979644,
    8.01019826042));
#2525 = CARTESIAN_POINT('',(-2.960844046097,-1.296210178506,
    8.038107322936));
#2526 = CARTESIAN_POINT('',(-2.660221667936,-1.77491535587,
    8.066077991024));
#2527 = CARTESIAN_POINT('',(-1.832509951211,-2.642663003878,
    8.126659046739));
#2528 = CARTESIAN_POINT('',(-1.270088995448,-3.007177286069,
    8.159590202761));
#2529 = CARTESIAN_POINT('',(-0.626940815633,-3.226638941983,
    8.192280851721));
#2530 = CARTESIAN_POINT('',(5.15654171173E-02,-3.286574038143,
    8.225037307348));
#2531 = CARTESIAN_POINT('',(0.723228495484,-3.183269390869,
    8.257780452933));
#2532 = CARTESIAN_POINT('',(1.340842909776,-2.922992478121,
    8.290728707678));
#2533 = CARTESIAN_POINT('',(2.203111439625,-2.290596248261,
    8.344746926345));
#2534 = CARTESIAN_POINT('',(2.504809289444,-1.987557490863,
    8.366084604009));
#2535 = CARTESIAN_POINT('',(2.756965240611,-1.638752057921,
    8.387393048077));
#2536 = CARTESIAN_POINT('',(2.951908758695,-1.254031833773,
    8.408701702618));
#2537 = CARTESIAN_POINT('',(3.084053923888,-0.844425345354,
    8.430038396049));
#2538 = CARTESIAN_POINT('',(3.15000235978,-0.421927296986,8.451390226002
    ));
#2539 = CARTESIAN_POINT('',(3.15,-2.069455717901E-13,8.472709118492));
#2540 = PCURVE('',#381,#2541);
#2541 = DEFINITIONAL_REPRESENTATION('',(#2542),#2575);
#2542 = B_SPLINE_CURVE_WITH_KNOTS('',7,(#2543,#2544,#2545,#2546,#2547,
    #2548,#2549,#2550,#2551,#2552,#2553,#2554,#2555,#2556,#2557,#2558,
    #2559,#2560,#2561,#2562,#2563,#2564,#2565,#2566,#2567,#2568,#2569,
    #2570,#2571,#2572,#2573,#2574),.UNSPECIFIED.,.F.,.F.,(8,6,6,6,6,8),(
    0.,0.198421852929,0.425816828628,0.621258225991,0.850558586513,1.),
  .UNSPECIFIED.);
#2543 = CARTESIAN_POINT('',(5.696256484647E-02,44.535855920971));
#2544 = CARTESIAN_POINT('',(5.695508189339E-02,44.715925026048));
#2545 = CARTESIAN_POINT('',(5.701381608461E-02,44.896612132629));
#2546 = CARTESIAN_POINT('',(5.701176777894E-02,45.076883175912));
#2547 = CARTESIAN_POINT('',(5.695202427957E-02,45.256840740825));
#2548 = CARTESIAN_POINT('',(5.690557413215E-02,45.437069536654));
#2549 = CARTESIAN_POINT('',(5.692628473896E-02,45.617796938864));
#2550 = CARTESIAN_POINT('',(5.696566045988E-02,46.004211660956));
#2551 = CARTESIAN_POINT('',(5.700390104185E-02,46.211970913223));
#2552 = CARTESIAN_POINT('',(5.702886082581E-02,46.418316280778));
#2553 = CARTESIAN_POINT('',(5.69742300343E-02,46.624890161871));
#2554 = CARTESIAN_POINT('',(5.695247967203E-02,46.831219098575));
#2555 = CARTESIAN_POINT('',(5.694629765268E-02,47.03897981359));
#2556 = CARTESIAN_POINT('',(5.69513623291E-02,47.422682374098));
#2557 = CARTESIAN_POINT('',(5.696027046533E-02,47.600685742052));
#2558 = CARTESIAN_POINT('',(5.69668494684E-02,47.778239991172));
#2559 = CARTESIAN_POINT('',(5.695781887233E-02,47.955492915329));
#2560 = CARTESIAN_POINT('',(5.694300533229E-02,48.133012615366));
#2561 = CARTESIAN_POINT('',(5.694557334477E-02,48.310977249592));
#2562 = CARTESIAN_POINT('',(5.696696368305E-02,48.696475190843));
#2563 = CARTESIAN_POINT('',(5.698820381457E-02,48.906056681744));
#2564 = CARTESIAN_POINT('',(5.70234015944E-02,49.114150548244));
#2565 = CARTESIAN_POINT('',(5.701063604098E-02,49.322516891823));
#2566 = CARTESIAN_POINT('',(5.693545788227E-02,49.530608304567));
#2567 = CARTESIAN_POINT('',(5.692090711024E-02,49.740189482266));
#2568 = CARTESIAN_POINT('',(5.694069606522E-02,50.083928032828));
#2569 = CARTESIAN_POINT('',(5.695674775685E-02,50.219732925063));
#2570 = CARTESIAN_POINT('',(5.699413388851E-02,50.355416857591));
#2571 = CARTESIAN_POINT('',(5.700761429195E-02,50.491029258444));
#2572 = CARTESIAN_POINT('',(5.698507871452E-02,50.6267102651));
#2573 = CARTESIAN_POINT('',(5.696249152917E-02,50.762487417785));
#2574 = CARTESIAN_POINT('',(5.696156921784E-02,50.898121052539));
#2575 = ( GEOMETRIC_REPRESENTATION_CONTEXT(2) 
PARAMETRIC_REPRESENTATION_CONTEXT() REPRESENTATION_CONTEXT('2D SPACE',''
  ) );
#2576 = PCURVE('',#2577,#2582);
#2577 = CYLINDRICAL_SURFACE('',#2578,3.15);
#2578 = AXIS2_PLACEMENT_3D('',#2579,#2580,#2581);
#2579 = CARTESIAN_POINT('',(0.,0.,0.));
#2580 = DIRECTION('',(-0.,-0.,-1.));
#2581 = DIRECTION('',(1.,0.,0.));
#2582 = DEFINITIONAL_REPRESENTATION('',(#2583),#2616);
#2583 = B_SPLINE_CURVE_WITH_KNOTS('',7,(#2584,#2585,#2586,#2587,#2588,
    #2589,#2590,#2591,#2592,#2593,#2594,#2595,#2596,#2597,#2598,#2599,
    #2600,#2601,#2602,#2603,#2604,#2605,#2606,#2607,#2608,#2609,#2610,
    #2611,#2612,#2613,#2614,#2615),.UNSPECIFIED.,.F.,.F.,(8,6,6,6,6,8),(
    0.,0.198421852929,0.425816828628,0.621258225991,0.850558586513,1.),
  .UNSPECIFIED.);
#2584 = CARTESIAN_POINT('',(0.,-7.472708641478));
#2585 = CARTESIAN_POINT('',(-0.177832176744,-7.501014898972));
#2586 = CARTESIAN_POINT('',(-0.356310320618,-7.529386566279));
#2587 = CARTESIAN_POINT('',(-0.534309872378,-7.557721960147));
#2588 = CARTESIAN_POINT('',(-0.712007489623,-7.586035724778));
#2589 = CARTESIAN_POINT('',(-0.890009391755,-7.614385751359));
#2590 = CARTESIAN_POINT('',(-1.068487636421,-7.642781970074));
#2591 = CARTESIAN_POINT('',(-1.450104825561,-7.703498505383));
#2592 = CARTESIAN_POINT('',(-1.655283280193,-7.736135102811));
#2593 = CARTESIAN_POINT('',(-1.859055939453,-7.768555833394));
#2594 = CARTESIAN_POINT('',(-2.063061000265,-7.801050614001));
#2595 = CARTESIAN_POINT('',(-2.26683553083,-7.83349114142));
#2596 = CARTESIAN_POINT('',(-2.47201844317,-7.866149252186));
#2597 = CARTESIAN_POINT('',(-2.850952821792,-7.926455937655));
#2598 = CARTESIAN_POINT('',(-3.026741272211,-7.954429656168));
#2599 = CARTESIAN_POINT('',(-3.20208039017,-7.982333899552));
#2600 = CARTESIAN_POINT('',(-3.377122994335,-8.01019826042));
#2601 = CARTESIAN_POINT('',(-3.552435024779,-8.038107322936));
#2602 = CARTESIAN_POINT('',(-3.728191067042,-8.066077991024));
#2603 = CARTESIAN_POINT('',(-4.108905477262,-8.126659046739));
#2604 = CARTESIAN_POINT('',(-4.315886580114,-8.159590202761));
#2605 = CARTESIAN_POINT('',(-4.521396924383,-8.192280851721));
#2606 = CARTESIAN_POINT('',(-4.727159218592,-8.225037307348));
#2607 = CARTESIAN_POINT('',(-4.932669565269,-8.257780452933));
#2608 = CARTESIAN_POINT('',(-5.139651479105,-8.290728707678));
#2609 = CARTESIAN_POINT('',(-5.479116688486,-8.344746926345));
#2610 = CARTESIAN_POINT('',(-5.613229738583,-8.366084604009));
#2611 = CARTESIAN_POINT('',(-5.747221860985,-8.387393048077));
#2612 = CARTESIAN_POINT('',(-5.881135044582,-8.408701702618));
#2613 = CARTESIAN_POINT('',(-6.015124544082,-8.430038396049));
#2614 = CARTESIAN_POINT('',(-6.149237348137,-8.451390226002));
#2615 = CARTESIAN_POINT('',(-6.28318530718,-8.472709118492));
#2616 = ( GEOMETRIC_REPRESENTATION_CONTEXT(2) 
PARAMETRIC_REPRESENTATION_CONTEXT() REPRESENTATION_CONTEXT('2D SPACE',''
  ) );
#2617 = ORIENTED_EDGE('',*,*,#2618,.F.);
#2618 = EDGE_CURVE('',#2619,#2504,#2621,.T.);
#2619 = VERTEX_POINT('',#2620);
#2620 = CARTESIAN_POINT('',(3.15,0.,6.472708649624));
#2621 = SURFACE_CURVE('',#2622,(#2688,#2757),.PCURVE_S1.);
#2622 = B_SPLINE_CURVE_WITH_KNOTS('',8,(#2623,#2624,#2625,#2626,#2627,
    #2628,#2629,#2630,#2631,#2632,#2633,#2634,#2635,#2636,#2637,#2638,
    #2639,#2640,#2641,#2642,#2643,#2644,#2645,#2646,#2647,#2648,#2649,
    #2650,#2651,#2652,#2653,#2654,#2655,#2656,#2657,#2658,#2659,#2660,
    #2661,#2662,#2663,#2664,#2665,#2666,#2667,#2668,#2669,#2670,#2671,
    #2672,#2673,#2674,#2675,#2676,#2677,#2678,#2679,#2680,#2681,#2682,
    #2683,#2684,#2685,#2686,#2687),.UNSPECIFIED.,.F.,.F.,(9,7,7,7,7,7,7,
    7,7,9),(0.,8.685586125331E-02,0.198966327147,0.310196437895,
    0.427810526565,0.530119905874,0.639931295465,0.733674413024,
    0.849723755699,1.),.UNSPECIFIED.);
#2623 = CARTESIAN_POINT('',(3.15,-3.552713678801E-15,6.472708649624));
#2624 = CARTESIAN_POINT('',(3.15,0.214859347487,6.483564887026));
#2625 = CARTESIAN_POINT('',(3.133250890753,0.429748666078,6.4944193796)
  );
#2626 = CARTESIAN_POINT('',(3.09974492712,0.643103923355,6.505271184083)
  );
#2627 = CARTESIAN_POINT('',(3.049656788535,0.853400577999,6.51612265907)
  );
#2628 = CARTESIAN_POINT('',(2.983320534735,1.059151927684,6.526976463726
    ));
#2629 = CARTESIAN_POINT('',(2.901221604837,1.258912017527,6.537833713014
    ));
#2630 = CARTESIAN_POINT('',(2.80400385976,1.451283109141,6.548693289438)
  );
#2631 = CARTESIAN_POINT('',(2.548555684971,1.871969649538,6.573568751665
    ));
#2632 = CARTESIAN_POINT('',(2.380715767909,2.094617738785,6.587592742758
    ));
#2633 = CARTESIAN_POINT('',(2.190721435307,2.299924222472,6.601614990856
    ));
#2634 = CARTESIAN_POINT('',(1.980708651553,2.485345511752,6.615632953393
    ));
#2635 = CARTESIAN_POINT('',(1.753102744761,2.648684987862,6.629647240162
    ));
#2636 = CARTESIAN_POINT('',(1.510586196681,2.788072813004,6.643660112793
    ));
#2637 = CARTESIAN_POINT('',(1.256109475874,2.901998911635,6.657673010986
    ));
#2638 = CARTESIAN_POINT('',(0.731803384017,3.076145215424,6.685577065836
    ));
#2639 = CARTESIAN_POINT('',(0.461936699486,3.136837786898,6.699477562837
    ));
#2640 = CARTESIAN_POINT('',(0.186483669154,3.170410553316,6.713375495176
    ));
#2641 = CARTESIAN_POINT('',(-9.136203197224E-02,3.176317730235,
    6.727272547964));
#2642 = CARTESIAN_POINT('',(-0.368408439269,3.154449774305,
    6.741171771938));
#2643 = CARTESIAN_POINT('',(-0.641475244379,3.105099817793,
    6.755075435735));
#2644 = CARTESIAN_POINT('',(-0.907405592461,3.028996430658,
    6.768983298867));
#2645 = CARTESIAN_POINT('',(-1.433482952279,2.819977000578,
    6.797589773994));
#2646 = CARTESIAN_POINT('',(-1.692633318625,2.683966835435,
    6.812299450137));
#2647 = CARTESIAN_POINT('',(-1.936854466597,2.520797486151,
    6.827006366337));
#2648 = CARTESIAN_POINT('',(-2.162856881497,2.332438968131,
    6.841709982105));
#2649 = CARTESIAN_POINT('',(-2.367708768866,2.121269491882,
    6.856412326028));
#2650 = CARTESIAN_POINT('',(-2.548815656631,1.890033338895,
    6.871115976662));
#2651 = CARTESIAN_POINT('',(-2.703963176901,1.64186566804,6.885821693428
    ));
#2652 = CARTESIAN_POINT('',(-2.942348948475,1.15287807324,6.913306208765
    ));
#2653 = CARTESIAN_POINT('',(-3.032390991455,0.915153412477,
    6.926095146839));
#2654 = CARTESIAN_POINT('',(-3.100423402106,0.669501834957,
    6.938882701089));
#2655 = CARTESIAN_POINT('',(-3.145663427513,0.418315791323,
    6.951668775959));
#2656 = CARTESIAN_POINT('',(-3.167639411058,0.164039953936,
    6.964455294715));
#2657 = CARTESIAN_POINT('',(-3.166170995958,-9.084459921085E-02,
    6.977244031624));
#2658 = CARTESIAN_POINT('',(-3.141389233068,-0.343830319198,
    6.990034564591));
#2659 = CARTESIAN_POINT('',(-3.042714141036,-0.859170021286,
    7.016547818009));
#2660 = CARTESIAN_POINT('',(-2.965322881739,-1.12100747856,
    7.030278110494));
#2661 = CARTESIAN_POINT('',(-2.862198105897,-1.37473766499,
    7.044005974232));
#2662 = CARTESIAN_POINT('',(-2.734375215318,-1.617420171022,
    7.05773104192));
#2663 = CARTESIAN_POINT('',(-2.583251367414,-1.846317870592,
    7.071454828132));
#2664 = CARTESIAN_POINT('',(-2.410553070116,-2.058889854775,
    7.085179213328));
#2665 = CARTESIAN_POINT('',(-2.218356769878,-2.252815618287,
    7.098904816389));
#2666 = CARTESIAN_POINT('',(-1.830554668023,-2.573973791051,
    7.124338782281));
#2667 = CARTESIAN_POINT('',(-1.639486514694,-2.70687633921,
    7.136053413004));
#2668 = CARTESIAN_POINT('',(-1.437458265371,-2.82351116148,
    7.147767102094));
#2669 = CARTESIAN_POINT('',(-1.226097460945,-2.922841514765,
    7.15948016119));
#2670 = CARTESIAN_POINT('',(-1.007125750776,-3.004030821824,
    7.171194189816));
#2671 = CARTESIAN_POINT('',(-0.782347760803,-3.066435372363,
    7.182910597382));
#2672 = CARTESIAN_POINT('',(-0.553649012378,-3.109619863961,
    7.194629118937));
#2673 = CARTESIAN_POINT('',(-3.747440313389E-02,-3.162829194357,
    7.220851645843));
#2674 = CARTESIAN_POINT('',(0.251237222054,-3.162538826054,
    7.235365002397));
#2675 = CARTESIAN_POINT('',(0.539347467003,-3.132093672729,
    7.249877132423));
#2676 = CARTESIAN_POINT('',(0.823179117101,-3.071700270337,
    7.264387516374));
#2677 = CARTESIAN_POINT('',(1.099175242262,-2.982066661742,
    7.278896986757));
#2678 = CARTESIAN_POINT('',(1.363901020919,-2.864358044164,
    7.293406438689));
#2679 = CARTESIAN_POINT('',(1.614067875677,-2.720234817265,
    7.307915649981));
#2680 = CARTESIAN_POINT('',(2.147744494185,-2.33406381867,7.341193500335
    ));
#2681 = CARTESIAN_POINT('',(2.419839928019,-2.075301042153,
    7.359988214453));
#2682 = CARTESIAN_POINT('',(2.655840467757,-1.780534401889,
    7.378767445149));
#2683 = CARTESIAN_POINT('',(2.850433445994,-1.455816662625,
    7.397540229765));
#2684 = CARTESIAN_POINT('',(2.999420938246,-1.107812404022,
    7.416320434439));
#2685 = CARTESIAN_POINT('',(3.09987304162,-0.743826767036,7.435122944359
    ));
#2686 = CARTESIAN_POINT('',(3.15,-0.37170126446,7.453927628347));
#2687 = CARTESIAN_POINT('',(3.15,2.22044604925E-15,7.472708641478));
#2688 = PCURVE('',#381,#2689);
#2689 = DEFINITIONAL_REPRESENTATION('',(#2690),#2756);
#2690 = B_SPLINE_CURVE_WITH_KNOTS('',8,(#2691,#2692,#2693,#2694,#2695,
    #2696,#2697,#2698,#2699,#2700,#2701,#2702,#2703,#2704,#2705,#2706,
    #2707,#2708,#2709,#2710,#2711,#2712,#2713,#2714,#2715,#2716,#2717,
    #2718,#2719,#2720,#2721,#2722,#2723,#2724,#2725,#2726,#2727,#2728,
    #2729,#2730,#2731,#2732,#2733,#2734,#2735,#2736,#2737,#2738,#2739,
    #2740,#2741,#2742,#2743,#2744,#2745,#2746,#2747,#2748,#2749,#2750,
    #2751,#2752,#2753,#2754,#2755),.UNSPECIFIED.,.F.,.F.,(9,7,7,7,7,7,7,
    7,7,9),(0.,8.685586125331E-02,0.198966327147,0.310196437895,
    0.427810526565,0.530119905874,0.639931295465,0.733674413024,
    0.849723755699,1.),.UNSPECIFIED.);
#2691 = CARTESIAN_POINT('',(5.696254784483E-02,38.173590789404));
#2692 = CARTESIAN_POINT('',(5.696173907554E-02,38.242658584766));
#2693 = CARTESIAN_POINT('',(5.696563679998E-02,38.311729625575));
#2694 = CARTESIAN_POINT('',(5.697438833122E-02,38.380798359749));
#2695 = CARTESIAN_POINT('',(5.698345576842E-02,38.44986596052));
#2696 = CARTESIAN_POINT('',(5.698870619941E-02,38.51893674797));
#2697 = CARTESIAN_POINT('',(5.698883288751E-02,38.588013832601));
#2698 = CARTESIAN_POINT('',(5.698510744269E-02,38.657093980933));
#2699 = CARTESIAN_POINT('',(5.696988653637E-02,38.815311869865));
#2700 = CARTESIAN_POINT('',(5.695660423251E-02,38.90449573178));
#2701 = CARTESIAN_POINT('',(5.694141501395E-02,38.993662691674));
#2702 = CARTESIAN_POINT('',(5.692960770397E-02,39.082812694527));
#2703 = CARTESIAN_POINT('',(5.692455003995E-02,39.171959885607));
#2704 = CARTESIAN_POINT('',(5.692651734373E-02,39.261119493295));
#2705 = CARTESIAN_POINT('',(5.693359214804E-02,39.350294832498));
#2706 = CARTESIAN_POINT('',(5.695326252503E-02,39.527887787636));
#2707 = CARTESIAN_POINT('',(5.696580649948E-02,39.616364672029));
#2708 = CARTESIAN_POINT('',(5.697882745485E-02,39.704826693349));
#2709 = CARTESIAN_POINT('',(5.698936833066E-02,39.793275558876));
#2710 = CARTESIAN_POINT('',(5.699544705516E-02,39.881724636345));
#2711 = CARTESIAN_POINT('',(5.699667449768E-02,39.970187173246));
#2712 = CARTESIAN_POINT('',(5.699400205501E-02,40.058664539648));
#2713 = CARTESIAN_POINT('',(5.698324183055E-02,40.240633719124));
#2714 = CARTESIAN_POINT('',(5.697485669554E-02,40.33419501884));
#2715 = CARTESIAN_POINT('',(5.696519783895E-02,40.427734876467));
#2716 = CARTESIAN_POINT('',(5.695655441042E-02,40.521256831164));
#2717 = CARTESIAN_POINT('',(5.695066096333E-02,40.61477907665));
#2718 = CARTESIAN_POINT('',(5.694801111586E-02,40.708319523034));
#2719 = CARTESIAN_POINT('',(5.694789656584E-02,40.80188084287));
#2720 = CARTESIAN_POINT('',(5.695055936899E-02,40.976752733311));
#2721 = CARTESIAN_POINT('',(5.695295385739E-02,41.058126647051));
#2722 = CARTESIAN_POINT('',(5.695586330646E-02,41.139493326253));
#2723 = CARTESIAN_POINT('',(5.695834076377E-02,41.220849276444));
#2724 = CARTESIAN_POINT('',(5.695964212487E-02,41.302204465735));
#2725 = CARTESIAN_POINT('',(5.695950149509E-02,41.383569371975));
#2726 = CARTESIAN_POINT('',(5.695817289272E-02,41.464942083988));
#2727 = CARTESIAN_POINT('',(5.695416183648E-02,41.633614205068));
#2728 = CARTESIAN_POINT('',(5.695138274369E-02,41.720961494851));
#2729 = CARTESIAN_POINT('',(5.694859654085E-02,41.808293310628));
#2730 = CARTESIAN_POINT('',(5.694690464195E-02,41.89561067289));
#2731 = CARTESIAN_POINT('',(5.694744208187E-02,41.98292667763));
#2732 = CARTESIAN_POINT('',(5.695073357321E-02,42.070254888279));
#2733 = CARTESIAN_POINT('',(5.695631583769E-02,42.157597830121));
#2734 = CARTESIAN_POINT('',(5.696901039943E-02,42.319454160526));
#2735 = CARTESIAN_POINT('',(5.697577263851E-02,42.394006360012));
#2736 = CARTESIAN_POINT('',(5.698284765286E-02,42.468553521981));
#2737 = CARTESIAN_POINT('',(5.698922457934E-02,42.543094547816));
#2738 = CARTESIAN_POINT('',(5.699381066145E-02,42.61763628314));
#2739 = CARTESIAN_POINT('',(5.699572535421E-02,42.692185010884));
#2740 = CARTESIAN_POINT('',(5.699456279154E-02,42.766737808202));
#2741 = CARTESIAN_POINT('',(5.698574487362E-02,42.933545597707));
#2742 = CARTESIAN_POINT('',(5.697658812226E-02,43.02585550813));
#2743 = CARTESIAN_POINT('',(5.696369352173E-02,43.118146221215));
#2744 = CARTESIAN_POINT('',(5.694884805247E-02,43.210419878571));
#2745 = CARTESIAN_POINT('',(5.693568821667E-02,43.302692861715));
#2746 = CARTESIAN_POINT('',(5.692787915349E-02,43.394982037864));
#2747 = CARTESIAN_POINT('',(5.692693916623E-02,43.487290621623));
#2748 = CARTESIAN_POINT('',(5.693804777806E-02,43.699046990292));
#2749 = CARTESIAN_POINT('',(5.695400015504E-02,43.81867257131));
#2750 = CARTESIAN_POINT('',(5.697767776487E-02,43.938223190961));
#2751 = CARTESIAN_POINT('',(5.699887553005E-02,44.057725240272));
#2752 = CARTESIAN_POINT('',(5.700441935141E-02,44.177226779001));
#2753 = CARTESIAN_POINT('',(5.697616644849E-02,44.296767211659));
#2754 = CARTESIAN_POINT('',(5.696395465037E-02,44.416370372443));
#2755 = CARTESIAN_POINT('',(5.696256484647E-02,44.535855920971));
#2756 = ( GEOMETRIC_REPRESENTATION_CONTEXT(2) 
PARAMETRIC_REPRESENTATION_CONTEXT() REPRESENTATION_CONTEXT('2D SPACE',''
  ) );
#2757 = PCURVE('',#2270,#2758);
#2758 = DEFINITIONAL_REPRESENTATION('',(#2759),#2825);
#2759 = B_SPLINE_CURVE_WITH_KNOTS('',8,(#2760,#2761,#2762,#2763,#2764,
    #2765,#2766,#2767,#2768,#2769,#2770,#2771,#2772,#2773,#2774,#2775,
    #2776,#2777,#2778,#2779,#2780,#2781,#2782,#2783,#2784,#2785,#2786,
    #2787,#2788,#2789,#2790,#2791,#2792,#2793,#2794,#2795,#2796,#2797,
    #2798,#2799,#2800,#2801,#2802,#2803,#2804,#2805,#2806,#2807,#2808,
    #2809,#2810,#2811,#2812,#2813,#2814,#2815,#2816,#2817,#2818,#2819,
    #2820,#2821,#2822,#2823,#2824),.UNSPECIFIED.,.F.,.F.,(9,7,7,7,7,7,7,
    7,7,9),(0.,8.685586125331E-02,0.198966327147,0.310196437895,
    0.427810526565,0.530119905874,0.639931295465,0.733674413024,
    0.849723755699,1.),.UNSPECIFIED.);
#2760 = CARTESIAN_POINT('',(0.,-6.472708649624));
#2761 = CARTESIAN_POINT('',(-6.82093166624E-02,-6.483564887026));
#2762 = CARTESIAN_POINT('',(-0.136427999626,-6.4944193796));
#2763 = CARTESIAN_POINT('',(-0.204643804683,-6.505271184083));
#2764 = CARTESIAN_POINT('',(-0.272855666349,-6.51612265907));
#2765 = CARTESIAN_POINT('',(-0.341067943665,-6.526976463726));
#2766 = CARTESIAN_POINT('',(-0.409284598393,-6.537833713014));
#2767 = CARTESIAN_POINT('',(-0.477503305601,-6.548693289438));
#2768 = CARTESIAN_POINT('',(-0.633747629547,-6.573568751665));
#2769 = CARTESIAN_POINT('',(-0.721818618742,-6.587592742758));
#2770 = CARTESIAN_POINT('',(-0.809874051245,-6.601614990856));
#2771 = CARTESIAN_POINT('',(-0.89791477581,-6.615632953393));
#2772 = CARTESIAN_POINT('',(-0.985954366021,-6.629647240162));
#2773 = CARTESIAN_POINT('',(-1.074006913672,-6.643660112793));
#2774 = CARTESIAN_POINT('',(-1.162075104075,-6.657673010986));
#2775 = CARTESIAN_POINT('',(-1.337462610279,-6.685577065836));
#2776 = CARTESIAN_POINT('',(-1.424840467701,-6.699477562837));
#2777 = CARTESIAN_POINT('',(-1.512203021256,-6.713375495176));
#2778 = CARTESIAN_POINT('',(-1.59955190077,-6.727272547964));
#2779 = CARTESIAN_POINT('',(-1.686900665459,-6.741171771938));
#2780 = CARTESIAN_POINT('',(-1.774262887155,-6.755075435735));
#2781 = CARTESIAN_POINT('',(-1.861640216553,-6.768983298867));
#2782 = CARTESIAN_POINT('',(-2.041348137433,-6.797589773994));
#2783 = CARTESIAN_POINT('',(-2.133747418124,-6.812299450137));
#2784 = CARTESIAN_POINT('',(-2.226126269229,-6.827006366337));
#2785 = CARTESIAN_POINT('',(-2.318488043108,-6.841709982105));
#2786 = CARTESIAN_POINT('',(-2.410850217815,-6.856412326028));
#2787 = CARTESIAN_POINT('',(-2.50322990411,-6.871115976662));
#2788 = CARTESIAN_POINT('',(-2.595629380365,-6.885821693428));
#2789 = CARTESIAN_POINT('',(-2.768327980959,-6.913306208765));
#2790 = CARTESIAN_POINT('',(-2.848689889123,-6.926095146839));
#2791 = CARTESIAN_POINT('',(-2.929043874889,-6.938882701089));
#2792 = CARTESIAN_POINT('',(-3.009386583604,-6.951668775959));
#2793 = CARTESIAN_POINT('',(-3.089728112542,-6.964455294715));
#2794 = CARTESIAN_POINT('',(-3.170079160675,-6.977244031624));
#2795 = CARTESIAN_POINT('',(-3.250438192076,-6.990034564591));
#2796 = CARTESIAN_POINT('',(-3.417010132605,-7.016547818009));
#2797 = CARTESIAN_POINT('',(-3.503270403639,-7.030278110494));
#2798 = CARTESIAN_POINT('',(-3.589516233313,-7.044005974232));
#2799 = CARTESIAN_POINT('',(-3.675748775864,-7.05773104192));
#2800 = CARTESIAN_POINT('',(-3.761980839454,-7.071454828132));
#2801 = CARTESIAN_POINT('',(-3.848225473195,-7.085179213328));
#2802 = CARTESIAN_POINT('',(-3.934484759853,-7.098904816389));
#2803 = CARTESIAN_POINT('',(-4.094332584355,-7.124338782281));
#2804 = CARTESIAN_POINT('',(-4.167959505081,-7.136053413004));
#2805 = CARTESIAN_POINT('',(-4.241581114494,-7.147767102094));
#2806 = CARTESIAN_POINT('',(-4.315196181537,-7.15948016119));
#2807 = CARTESIAN_POINT('',(-4.388811443088,-7.171194189816));
#2808 = CARTESIAN_POINT('',(-4.462433219208,-7.182910597382));
#2809 = CARTESIAN_POINT('',(-4.536058832144,-7.194629118937));
#2810 = CARTESIAN_POINT('',(-4.700792126314,-7.220851645843));
#2811 = CARTESIAN_POINT('',(-4.791954051721,-7.235365002397));
#2812 = CARTESIAN_POINT('',(-4.883097402247,-7.249877132423));
#2813 = CARTESIAN_POINT('',(-4.974224673318,-7.264387516374));
#2814 = CARTESIAN_POINT('',(-5.065352084412,-7.278896986757));
#2815 = CARTESIAN_POINT('',(-5.15649576399,-7.293406438689));
#2816 = CARTESIAN_POINT('',(-5.247657954699,-7.307915649981));
#2817 = CARTESIAN_POINT('',(-5.456781857161,-7.341193500335));
#2818 = CARTESIAN_POINT('',(-5.574918390848,-7.359988214453));
#2819 = CARTESIAN_POINT('',(-5.692977726986,-7.378767445149));
#2820 = CARTESIAN_POINT('',(-5.810986352715,-7.397540229765));
#2821 = CARTESIAN_POINT('',(-5.928993747615,-7.416320434439));
#2822 = CARTESIAN_POINT('',(-6.047050103832,-7.435122944359));
#2823 = CARTESIAN_POINT('',(-6.165184905764,-7.453927628347));
#2824 = CARTESIAN_POINT('',(-6.28318530718,-7.472708641478));
#2825 = ( GEOMETRIC_REPRESENTATION_CONTEXT(2) 
PARAMETRIC_REPRESENTATION_CONTEXT() REPRESENTATION_CONTEXT('2D SPACE',''
  ) );
#2826 = ORIENTED_EDGE('',*,*,#2827,.F.);
#2827 = EDGE_CURVE('',#2828,#2619,#2830,.T.);
#2828 = VERTEX_POINT('',#2829);
#2829 = CARTESIAN_POINT('',(3.15,0.,5.472708649485));
#2830 = SURFACE_CURVE('',#2831,(#2890,#2952),.PCURVE_S1.);
#2831 = B_SPLINE_CURVE_WITH_KNOTS('',8,(#2832,#2833,#2834,#2835,#2836,
    #2837,#2838,#2839,#2840,#2841,#2842,#2843,#2844,#2845,#2846,#2847,
    #2848,#2849,#2850,#2851,#2852,#2853,#2854,#2855,#2856,#2857,#2858,
    #2859,#2860,#2861,#2862,#2863,#2864,#2865,#2866,#2867,#2868,#2869,
    #2870,#2871,#2872,#2873,#2874,#2875,#2876,#2877,#2878,#2879,#2880,
    #2881,#2882,#2883,#2884,#2885,#2886,#2887,#2888,#2889),
  .UNSPECIFIED.,.F.,.F.,(9,7,7,7,7,7,7,7,9),(0.,0.162285158869,
    0.311432748515,0.415454800269,0.525214520453,0.638200941118,
    0.733006014302,0.848742490445,1.),.UNSPECIFIED.);
#2832 = CARTESIAN_POINT('',(3.15,-3.28626015289E-14,5.472708649485));
#2833 = CARTESIAN_POINT('',(3.15,0.401396111191,5.492990063856));
#2834 = CARTESIAN_POINT('',(3.091543895645,0.803367688754,5.51328934301)
  );
#2835 = CARTESIAN_POINT('',(2.974341392302,1.195036930133,5.533564392711
    ));
#2836 = CARTESIAN_POINT('',(2.800878392639,1.566551434604,5.553854181413
    ));
#2837 = CARTESIAN_POINT('',(2.575117683587,1.908823729146,5.574149867055
    ));
#2838 = CARTESIAN_POINT('',(2.30272641638,2.213722534704,5.594455131886)
  );
#2839 = CARTESIAN_POINT('',(1.990772870053,2.473949463276,5.614773174123
    ));
#2840 = CARTESIAN_POINT('',(1.334454298671,2.877117725605,5.653691350886
    ));
#2841 = CARTESIAN_POINT('',(0.993944145512,3.028348330688,5.672345491123
    ));
#2842 = CARTESIAN_POINT('',(0.634263626605,3.133188847138,5.690983226014
    ));
#2843 = CARTESIAN_POINT('',(0.262860146122,3.189094824979,5.709612015296
    ));
#2844 = CARTESIAN_POINT('',(-0.112682689642,3.194754888104,
    5.728244486326));
#2845 = CARTESIAN_POINT('',(-0.484671328022,3.150223419905,
    5.746889238668));
#2846 = CARTESIAN_POINT('',(-0.845345172683,3.056790093069,
    5.765549399623));
#2847 = CARTESIAN_POINT('',(-1.425341787616,2.820831619377,5.79719203137
    ));
#2848 = CARTESIAN_POINT('',(-1.65466309723,2.701611260588,5.810197602397
    ));
#2849 = CARTESIAN_POINT('',(-1.872471994248,2.561126404708,
    5.823202095618));
#2850 = CARTESIAN_POINT('',(-2.076485082991,2.400703900925,
    5.836204427659));
#2851 = CARTESIAN_POINT('',(-2.26462731607,2.221932316616,5.84920590464)
  );
#2852 = CARTESIAN_POINT('',(-2.435027648489,2.026636147702,
    5.862208164974));
#2853 = CARTESIAN_POINT('',(-2.586043980477,1.816883855598,
    5.875210952704));
#2854 = CARTESIAN_POINT('',(-2.853776443456,1.360938533211,
    5.901925478671));
#2855 = CARTESIAN_POINT('',(-2.968224544019,1.113231863566,
    5.915644980763));
#2856 = CARTESIAN_POINT('',(-3.058013417904,0.854659108413,
    5.929361805632));
#2857 = CARTESIAN_POINT('',(-3.121983627808,0.588107263335,
    5.943076696971));
#2858 = CARTESIAN_POINT('',(-3.15938033062,0.316549778141,5.956792189759
    ));
#2859 = CARTESIAN_POINT('',(-3.16982490798,4.303088730437E-02,
    5.970510537173));
#2860 = CARTESIAN_POINT('',(-3.153346996557,-0.229338641315,
    5.984231791392));
#2861 = CARTESIAN_POINT('',(-3.066355739951,-0.773338553946,
    6.012069243713));
#2862 = CARTESIAN_POINT('',(-2.994233785132,-1.044926037806,
    6.026196157589));
#2863 = CARTESIAN_POINT('',(-2.894631727261,-1.308670588544,
    6.040320337927));
#2864 = CARTESIAN_POINT('',(-2.768601074312,-1.561332496192,
    6.054441071722));
#2865 = CARTESIAN_POINT('',(-2.617602371526,-1.799898443338,
    6.068559988285));
#2866 = CARTESIAN_POINT('',(-2.443463915821,-2.021572039594,
    6.082679296864));
#2867 = CARTESIAN_POINT('',(-2.2484032292,-2.223799744861,6.09680014974)
  );
#2868 = CARTESIAN_POINT('',(-1.856100509749,-2.555852066979,
    6.122761814465));
#2869 = CARTESIAN_POINT('',(-1.664190744894,-2.692150093816,
    6.134608449487));
#2870 = CARTESIAN_POINT('',(-1.460911666088,-2.811918205289,
    6.146454046481));
#2871 = CARTESIAN_POINT('',(-1.247937041587,-2.914068496343,
    6.158298903173));
#2872 = CARTESIAN_POINT('',(-1.027040547587,-2.997721763852,
    6.170144699322));
#2873 = CARTESIAN_POINT('',(-0.800083735369,-3.062199635767,
    6.181992936066));
#2874 = CARTESIAN_POINT('',(-0.569013876102,-3.107040966493,
    6.193843368323));
#2875 = CARTESIAN_POINT('',(-5.125552376692E-02,-3.162563958097,
    6.220157570441));
#2876 = CARTESIAN_POINT('',(0.236646256212,-3.163538870551,6.2346306431)
  );
#2877 = CARTESIAN_POINT('',(0.524083470918,-3.134524978511,6.24910254781
    ));
#2878 = CARTESIAN_POINT('',(0.807408943028,-3.075710241395,
    6.263572792557));
#2879 = CARTESIAN_POINT('',(1.083091733026,-2.987779178554,
    6.278042208917));
#2880 = CARTESIAN_POINT('',(1.347719234775,-2.87186938164,6.29251165631)
  );
#2881 = CARTESIAN_POINT('',(1.598020903902,-2.729609189966,
    6.306980848981));
#2882 = CARTESIAN_POINT('',(2.135359734414,-2.345781152506,
    6.340340173344));
#2883 = CARTESIAN_POINT('',(2.410633651434,-2.086750025861,
    6.359257654856));
#2884 = CARTESIAN_POINT('',(2.649514670839,-1.791049246747,6.37815898771
    ));
#2885 = CARTESIAN_POINT('',(2.846556604534,-1.464837250021,
    6.397053191029));
#2886 = CARTESIAN_POINT('',(2.997458665495,-1.114893610796,
    6.415954575377));
#2887 = CARTESIAN_POINT('',(3.099220318757,-0.748657589327,
    6.434878830543));
#2888 = CARTESIAN_POINT('',(3.15,-0.374113306545,6.453805758413));
#2889 = CARTESIAN_POINT('',(3.15,-3.552713678801E-15,6.472708649624));
#2890 = PCURVE('',#381,#2891);
#2891 = DEFINITIONAL_REPRESENTATION('',(#2892),#2951);
#2892 = B_SPLINE_CURVE_WITH_KNOTS('',8,(#2893,#2894,#2895,#2896,#2897,
    #2898,#2899,#2900,#2901,#2902,#2903,#2904,#2905,#2906,#2907,#2908,
    #2909,#2910,#2911,#2912,#2913,#2914,#2915,#2916,#2917,#2918,#2919,
    #2920,#2921,#2922,#2923,#2924,#2925,#2926,#2927,#2928,#2929,#2930,
    #2931,#2932,#2933,#2934,#2935,#2936,#2937,#2938,#2939,#2940,#2941,
    #2942,#2943,#2944,#2945,#2946,#2947,#2948,#2949,#2950),
  .UNSPECIFIED.,.F.,.F.,(9,7,7,7,7,7,7,7,9),(0.,0.162285158869,
    0.311432748515,0.415454800269,0.525214520453,0.638200941118,
    0.733006014302,0.848742490445,1.),.UNSPECIFIED.);
#2893 = CARTESIAN_POINT('',(5.696254813467E-02,31.811325657837));
#2894 = CARTESIAN_POINT('',(5.696103738018E-02,31.94035678817));
#2895 = CARTESIAN_POINT('',(5.697562088114E-02,32.069550638038));
#2896 = CARTESIAN_POINT('',(5.701036572767E-02,32.19865179171));
#2897 = CARTESIAN_POINT('',(5.699583964891E-02,32.327696525662));
#2898 = CARTESIAN_POINT('',(5.696858184242E-02,32.456739971706));
#2899 = CARTESIAN_POINT('',(5.694327859379E-02,32.585850319632));
#2900 = CARTESIAN_POINT('',(5.693073198296E-02,32.715080846332));
#2901 = CARTESIAN_POINT('',(5.692909753326E-02,32.962683623092));
#2902 = CARTESIAN_POINT('',(5.693825246948E-02,33.081394115427));
#2903 = CARTESIAN_POINT('',(5.69570950471E-02,33.200029762821));
#2904 = CARTESIAN_POINT('',(5.697896327755E-02,33.318617718981));
#2905 = CARTESIAN_POINT('',(5.699350692297E-02,33.437206772305));
#2906 = CARTESIAN_POINT('',(5.699843945134E-02,33.55584466553));
#2907 = CARTESIAN_POINT('',(5.699555962636E-02,33.67455677851));
#2908 = CARTESIAN_POINT('',(5.69831895168E-02,33.875837884063));
#2909 = CARTESIAN_POINT('',(5.697596111637E-02,33.958560741225));
#2910 = CARTESIAN_POINT('',(5.696769508655E-02,34.041273578162));
#2911 = CARTESIAN_POINT('',(5.695992443425E-02,34.123974175144));
#2912 = CARTESIAN_POINT('',(5.695388794805E-02,34.206674618173));
#2913 = CARTESIAN_POINT('',(5.695015410055E-02,34.289387064086));
#2914 = CARTESIAN_POINT('',(5.694858792384E-02,34.372109472997));
#2915 = CARTESIAN_POINT('',(5.69487378152E-02,34.54207482697));
#2916 = CARTESIAN_POINT('',(5.695064045144E-02,34.629367736433));
#2917 = CARTESIAN_POINT('',(5.695376757408E-02,34.716647345216));
#2918 = CARTESIAN_POINT('',(5.695700369521E-02,34.803914984618));
#2919 = CARTESIAN_POINT('',(5.695919325749E-02,34.891183260454));
#2920 = CARTESIAN_POINT('',(5.695971521742E-02,34.978464614926));
#2921 = CARTESIAN_POINT('',(5.695876283327E-02,35.065759969109));
#2922 = CARTESIAN_POINT('',(5.695505039798E-02,35.242857904971));
#2923 = CARTESIAN_POINT('',(5.69522390864E-02,35.332728506988));
#2924 = CARTESIAN_POINT('',(5.694915608989E-02,35.422580889349));
#2925 = CARTESIAN_POINT('',(5.694697292744E-02,35.512414086796));
#2926 = CARTESIAN_POINT('',(5.694700900127E-02,35.60224248731));
#2927 = CARTESIAN_POINT('',(5.694996313936E-02,35.692082276892));
#2928 = CARTESIAN_POINT('',(5.695542156226E-02,35.781939525355));
#2929 = CARTESIAN_POINT('',(5.696810844088E-02,35.947153192223));
#2930 = CARTESIAN_POINT('',(5.697490316831E-02,36.022545337089));
#2931 = CARTESIAN_POINT('',(5.69821115149E-02,36.097932138548));
#2932 = CARTESIAN_POINT('',(5.698870169296E-02,36.173312345678));
#2933 = CARTESIAN_POINT('',(5.699353653424E-02,36.248693179194));
#2934 = CARTESIAN_POINT('',(5.699568127406E-02,36.324081340356));
#2935 = CARTESIAN_POINT('',(5.699468542001E-02,36.399473896702));
#2936 = CARTESIAN_POINT('',(5.698614269836E-02,36.566865787076));
#2937 = CARTESIAN_POINT('',(5.697717547954E-02,36.658919978419));
#2938 = CARTESIAN_POINT('',(5.69644337527E-02,36.750955233367));
#2939 = CARTESIAN_POINT('',(5.694964510846E-02,36.842973687689));
#2940 = CARTESIAN_POINT('',(5.693637986987E-02,36.934991515231));
#2941 = CARTESIAN_POINT('',(5.692829168474E-02,37.027025321063));
#2942 = CARTESIAN_POINT('',(5.692697978519E-02,37.119078162063));
#2943 = CARTESIAN_POINT('',(5.693732871177E-02,37.331350574273));
#2944 = CARTESIAN_POINT('',(5.695308326722E-02,37.451756630999));
#2945 = CARTESIAN_POINT('',(5.69769752585E-02,37.572084750433));
#2946 = CARTESIAN_POINT('',(5.699873207829E-02,37.692361001892));
#2947 = CARTESIAN_POINT('',(5.70049646084E-02,37.812635617139));
#2948 = CARTESIAN_POINT('',(5.697632432378E-02,37.932949444516));
#2949 = CARTESIAN_POINT('',(5.696395607471E-02,38.053329876389));
#2950 = CARTESIAN_POINT('',(5.696254784483E-02,38.173590789404));
#2951 = ( GEOMETRIC_REPRESENTATION_CONTEXT(2) 
PARAMETRIC_REPRESENTATION_CONTEXT() REPRESENTATION_CONTEXT('2D SPACE',''
  ) );
#2952 = PCURVE('',#2084,#2953);
#2953 = DEFINITIONAL_REPRESENTATION('',(#2954),#3013);
#2954 = B_SPLINE_CURVE_WITH_KNOTS('',8,(#2955,#2956,#2957,#2958,#2959,
    #2960,#2961,#2962,#2963,#2964,#2965,#2966,#2967,#2968,#2969,#2970,
    #2971,#2972,#2973,#2974,#2975,#2976,#2977,#2978,#2979,#2980,#2981,
    #2982,#2983,#2984,#2985,#2986,#2987,#2988,#2989,#2990,#2991,#2992,
    #2993,#2994,#2995,#2996,#2997,#2998,#2999,#3000,#3001,#3002,#3003,
    #3004,#3005,#3006,#3007,#3008,#3009,#3010,#3011,#3012),
  .UNSPECIFIED.,.F.,.F.,(9,7,7,7,7,7,7,7,9),(0.,0.162285158869,
    0.311432748515,0.415454800269,0.525214520453,0.638200941118,
    0.733006014302,0.848742490445,1.),.UNSPECIFIED.);
#2955 = CARTESIAN_POINT('',(0.,-5.472708649485));
#2956 = CARTESIAN_POINT('',(-0.127427336886,-5.492990063856));
#2957 = CARTESIAN_POINT('',(-0.255036913099,-5.51328934301));
#2958 = CARTESIAN_POINT('',(-0.382532170694,-5.533564392711));
#2959 = CARTESIAN_POINT('',(-0.509960807955,-5.553854181413));
#2960 = CARTESIAN_POINT('',(-0.637391996379,-5.574149867054));
#2961 = CARTESIAN_POINT('',(-0.764893178176,-5.594455131886));
#2962 = CARTESIAN_POINT('',(-0.892516628877,-5.614773174123));
#2963 = CARTESIAN_POINT('',(-1.137043251816,-5.653691350886));
#2964 = CARTESIAN_POINT('',(-1.25428025071,-5.672345491123));
#2965 = CARTESIAN_POINT('',(-1.371443332636,-5.690983226014));
#2966 = CARTESIAN_POINT('',(-1.488557486805,-5.709612015296));
#2967 = CARTESIAN_POINT('',(-1.605671138808,-5.728244486326));
#2968 = CARTESIAN_POINT('',(-1.722832995727,-5.746889238668));
#2969 = CARTESIAN_POINT('',(-1.840068956516,-5.765549399623));
#2970 = CARTESIAN_POINT('',(-2.038848927616,-5.79719203137));
#2971 = CARTESIAN_POINT('',(-2.120544359,-5.810197602397));
#2972 = CARTESIAN_POINT('',(-2.202230475707,-5.823202095618));
#2973 = CARTESIAN_POINT('',(-2.283904968054,-5.836204427659));
#2974 = CARTESIAN_POINT('',(-2.365579494751,-5.84920590464));
#2975 = CARTESIAN_POINT('',(-2.447265703875,-5.862208164974));
#2976 = CARTESIAN_POINT('',(-2.528961256388,-5.875210952704));
#2977 = CARTESIAN_POINT('',(-2.696815471152,-5.901925478671));
#2978 = CARTESIAN_POINT('',(-2.783023400472,-5.915644980763));
#2979 = CARTESIAN_POINT('',(-2.869217293564,-5.929361805632));
#2980 = CARTESIAN_POINT('',(-2.955398440362,-5.943076696971));
#2981 = CARTESIAN_POINT('',(-3.041579536726,-5.956792189759));
#2982 = CARTESIAN_POINT('',(-3.127773297127,-5.970510537173));
#2983 = CARTESIAN_POINT('',(-3.213981064893,-5.984231791392));
#2984 = CARTESIAN_POINT('',(-3.388873576581,-6.012069243713));
#2985 = CARTESIAN_POINT('',(-3.477625523813,-6.026196157589));
#2986 = CARTESIAN_POINT('',(-3.566360324439,-6.040320337927));
#2987 = CARTESIAN_POINT('',(-3.655077235751,-6.054441071722));
#2988 = CARTESIAN_POINT('',(-3.743790374187,-6.068559988285));
#2989 = CARTESIAN_POINT('',(-3.832515368547,-6.082679296864));
#2990 = CARTESIAN_POINT('',(-3.921257762936,-6.09680014974));
#2991 = CARTESIAN_POINT('',(-4.084421300425,-6.122761814465));
#2992 = CARTESIAN_POINT('',(-4.158877779262,-6.134608449487));
#2993 = CARTESIAN_POINT('',(-4.233328652405,-6.146454046481));
#2994 = CARTESIAN_POINT('',(-4.307772523983,-6.158298903173));
#2995 = CARTESIAN_POINT('',(-4.382216490918,-6.170144699322));
#2996 = CARTESIAN_POINT('',(-4.456667283725,-6.181992936066));
#2997 = CARTESIAN_POINT('',(-4.531122219698,-6.193843368323));
#2998 = CARTESIAN_POINT('',(-4.696432349617,-6.220157570441));
#2999 = CARTESIAN_POINT('',(-4.787341722898,-6.2346306431));
#3000 = CARTESIAN_POINT('',(-4.878232764203,-6.249102547809));
#3001 = CARTESIAN_POINT('',(-4.969107965035,-6.263572792557));
#3002 = CARTESIAN_POINT('',(-5.059983355902,-6.278042208917));
#3003 = CARTESIAN_POINT('',(-5.150874830646,-6.29251165631));
#3004 = CARTESIAN_POINT('',(-5.241784492403,-6.306980848981));
#3005 = CARTESIAN_POINT('',(-5.451418177186,-6.340340173344));
#3006 = CARTESIAN_POINT('',(-5.570325591764,-6.359257654856));
#3007 = CARTESIAN_POINT('',(-5.689152828354,-6.37815898771));
#3008 = CARTESIAN_POINT('',(-5.807925991017,-6.397053191029));
#3009 = CARTESIAN_POINT('',(-5.926696600692,-6.415954575377));
#3010 = CARTESIAN_POINT('',(-6.04551652755,-6.434878830543));
#3011 = CARTESIAN_POINT('',(-6.164419178118,-6.453805758413));
#3012 = CARTESIAN_POINT('',(-6.28318530718,-6.472708649624));
#3013 = ( GEOMETRIC_REPRESENTATION_CONTEXT(2) 
PARAMETRIC_REPRESENTATION_CONTEXT() REPRESENTATION_CONTEXT('2D SPACE',''
  ) );
#3014 = ORIENTED_EDGE('',*,*,#3015,.F.);
#3015 = EDGE_CURVE('',#3016,#2828,#3018,.T.);
#3016 = VERTEX_POINT('',#3017);
#3017 = CARTESIAN_POINT('',(3.15,0.,4.472708649487));
#3018 = SURFACE_CURVE('',#3019,(#3078,#3140),.PCURVE_S1.);
#3019 = B_SPLINE_CURVE_WITH_KNOTS('',8,(#3020,#3021,#3022,#3023,#3024,
    #3025,#3026,#3027,#3028,#3029,#3030,#3031,#3032,#3033,#3034,#3035,
    #3036,#3037,#3038,#3039,#3040,#3041,#3042,#3043,#3044,#3045,#3046,
    #3047,#3048,#3049,#3050,#3051,#3052,#3053,#3054,#3055,#3056,#3057,
    #3058,#3059,#3060,#3061,#3062,#3063,#3064,#3065,#3066,#3067,#3068,
    #3069,#3070,#3071,#3072,#3073,#3074,#3075,#3076,#3077),
  .UNSPECIFIED.,.F.,.F.,(9,7,7,7,7,7,7,7,9),(0.,9.720743018324E-02,
    0.20090245846,0.388034987922,0.485317657137,0.594541109714,
    0.75932929702,0.873627142584,1.),.UNSPECIFIED.);
#3020 = CARTESIAN_POINT('',(3.15,3.552713678801E-15,4.472708649487));
#3021 = CARTESIAN_POINT('',(3.15,0.240404465452,4.484855609672));
#3022 = CARTESIAN_POINT('',(3.129031352878,0.480861498499,4.497001088549
    ));
#3023 = CARTESIAN_POINT('',(3.087079151456,0.719161904271,4.509143060825
    ));
#3024 = CARTESIAN_POINT('',(3.024421743676,0.953170145632,4.521284846242
    ));
#3025 = CARTESIAN_POINT('',(2.941584397478,1.18081893689,4.533430230921)
  );
#3026 = CARTESIAN_POINT('',(2.839321979354,1.400113237792,4.545580562241
    ));
#3027 = CARTESIAN_POINT('',(2.718630646581,1.60914364777,4.557733817295)
  );
#3028 = CARTESIAN_POINT('',(2.433746914924,2.016220181919,4.58284848223)
  );
#3029 = CARTESIAN_POINT('',(2.267111526661,2.212712401062,4.595816262959
    ));
#3030 = CARTESIAN_POINT('',(2.082411786711,2.393360266865,4.608782232201
    ));
#3031 = CARTESIAN_POINT('',(1.881435031189,2.556246219212,4.621744094951
    ));
#3032 = CARTESIAN_POINT('',(1.66617431248,2.699714812686,4.63470266347)
  );
#3033 = CARTESIAN_POINT('',(1.438802557208,2.822361381679,4.647659962635
    ));
#3034 = CARTESIAN_POINT('',(1.201673103622,2.923055286828,4.660616793247
    ));
#3035 = CARTESIAN_POINT('',(0.516424484008,3.141656067294,4.696945224827
    ));
#3036 = CARTESIAN_POINT('',(5.0745061271E-02,3.208638768662,
    4.720377527886));
#3037 = CARTESIAN_POINT('',(-0.423488745715,3.196055745677,4.7437730302)
  );
#3038 = CARTESIAN_POINT('',(-0.890594839482,3.103818349128,
    4.767160781324));
#3039 = CARTESIAN_POINT('',(-1.335539888974,2.934354540997,
    4.790556291031));
#3040 = CARTESIAN_POINT('',(-1.744291492057,2.693580806333,
    4.813969153124));
#3041 = CARTESIAN_POINT('',(-2.103607322026,2.389881903452,
    4.837418387656));
#3042 = CARTESIAN_POINT('',(-2.558447056544,1.853304320329,
    4.872962568334));
#3043 = CARTESIAN_POINT('',(-2.698023056002,1.656164592384,
    4.885121120188));
#3044 = CARTESIAN_POINT('',(-2.820168962452,1.44709180861,4.897277580731
    ));
#3045 = CARTESIAN_POINT('',(-2.92371874619,1.227893217124,4.909432199054
    ));
#3046 = CARTESIAN_POINT('',(-3.007734869147,1.000485446059,
    4.921586800612));
#3047 = CARTESIAN_POINT('',(-3.071500131278,0.766881301276,
    4.933743107292));
#3048 = CARTESIAN_POINT('',(-3.114537481203,0.529187996817,4.94590100006
    ));
#3049 = CARTESIAN_POINT('',(-3.161493218064,2.063991303753E-02,
    4.971704480487));
#3050 = CARTESIAN_POINT('',(-3.159975335499,-0.250852315784,
    4.985356959703));
#3051 = CARTESIAN_POINT('',(-3.131787977775,-0.521723550649,
    4.999007944719));
#3052 = CARTESIAN_POINT('',(-3.077102563154,-0.788916894439,
    5.012657628773));
#3053 = CARTESIAN_POINT('',(-2.996485027695,-1.049464226446,
    5.026307535552));
#3054 = CARTESIAN_POINT('',(-2.890865765021,-1.300488919445,
    5.039958988165));
#3055 = CARTESIAN_POINT('',(-2.761567017648,-1.539223885233,
    5.053611644624));
#3056 = CARTESIAN_POINT('',(-2.382285752833,-2.100784561424,
    5.087848150767));
#3057 = CARTESIAN_POINT('',(-2.103879782125,-2.405331971654,
    5.108469003935));
#3058 = CARTESIAN_POINT('',(-1.781295532964,-2.667019205784,
    5.129067554078));
#3059 = CARTESIAN_POINT('',(-1.42251804585,-2.878785079902,5.14965273768
    ));
#3060 = CARTESIAN_POINT('',(-1.036361517533,-3.035112737606,
    5.170239398407));
#3061 = CARTESIAN_POINT('',(-0.632559299136,-3.132373531442,
    5.190842693217));
#3062 = CARTESIAN_POINT('',(-0.221540880804,-3.16851890495,
    5.211470887541));
#3063 = CARTESIAN_POINT('',(0.467482907341,-3.127916988955,
    5.246356608329));
#3064 = CARTESIAN_POINT('',(0.748078773457,-3.082341289606,
    5.260650841521));
#3065 = CARTESIAN_POINT('',(1.023450355152,-3.007992698448,
    5.274942530232));
#3066 = CARTESIAN_POINT('',(1.290157470334,-2.905622981575,
    5.289230382922));
#3067 = CARTESIAN_POINT('',(1.544949265838,-2.776433928131,
    5.303515138421));
#3068 = CARTESIAN_POINT('',(1.784760002702,-2.622034362809,
    5.317798540174));
#3069 = CARTESIAN_POINT('',(2.006734990549,-2.444467560608,
    5.332081983509));
#3070 = CARTESIAN_POINT('',(2.431192109695,-2.027187042148,5.36214493714
    ));
#3071 = CARTESIAN_POINT('',(2.62934907301,-1.782681104907,5.377938040002
    ));
#3072 = CARTESIAN_POINT('',(2.799203111531,-1.516208168543,
    5.393727226932));
#3073 = CARTESIAN_POINT('',(2.937991439043,-1.231653080052,
    5.409515439051));
#3074 = CARTESIAN_POINT('',(3.043611076225,-0.933194732318,
    5.425310633642));
#3075 = CARTESIAN_POINT('',(3.114558609553,-0.625261492325,
    5.441114275308));
#3076 = CARTESIAN_POINT('',(3.15,-0.312543101469,5.456916727309));
#3077 = CARTESIAN_POINT('',(3.15,-3.28626015289E-14,5.472708649485));
#3078 = PCURVE('',#381,#3079);
#3079 = DEFINITIONAL_REPRESENTATION('',(#3080),#3139);
#3080 = B_SPLINE_CURVE_WITH_KNOTS('',8,(#3081,#3082,#3083,#3084,#3085,
    #3086,#3087,#3088,#3089,#3090,#3091,#3092,#3093,#3094,#3095,#3096,
    #3097,#3098,#3099,#3100,#3101,#3102,#3103,#3104,#3105,#3106,#3107,
    #3108,#3109,#3110,#3111,#3112,#3113,#3114,#3115,#3116,#3117,#3118,
    #3119,#3120,#3121,#3122,#3123,#3124,#3125,#3126,#3127,#3128,#3129,
    #3130,#3131,#3132,#3133,#3134,#3135,#3136,#3137,#3138),
  .UNSPECIFIED.,.F.,.F.,(9,7,7,7,7,7,7,7,9),(0.,9.720743018324E-02,
    0.20090245846,0.388034987922,0.485317657137,0.594541109714,
    0.75932929702,0.873627142584,1.),.UNSPECIFIED.);
#3081 = CARTESIAN_POINT('',(5.696254812976E-02,25.449060526269));
#3082 = CARTESIAN_POINT('',(5.696164330522E-02,25.526339949387));
#3083 = CARTESIAN_POINT('',(5.69667093678E-02,25.603628148723));
#3084 = CARTESIAN_POINT('',(5.697764474941E-02,25.680911929391));
#3085 = CARTESIAN_POINT('',(5.698766528348E-02,25.758191732486));
#3086 = CARTESIAN_POINT('',(5.699131103334E-02,25.835475002959));
#3087 = CARTESIAN_POINT('',(5.698794412423E-02,25.91276836894));
#3088 = CARTESIAN_POINT('',(5.698073757885E-02,25.990068632521));
#3089 = CARTESIAN_POINT('',(5.696093320587E-02,26.149794421068));
#3090 = CARTESIAN_POINT('',(5.694820763581E-02,26.232260089713));
#3091 = CARTESIAN_POINT('',(5.693590439048E-02,26.314715520576));
#3092 = CARTESIAN_POINT('',(5.692747426067E-02,26.397156630997));
#3093 = CARTESIAN_POINT('',(5.692494380966E-02,26.479594766204));
#3094 = CARTESIAN_POINT('',(5.6928184072E-02,26.562042415906));
#3095 = CARTESIAN_POINT('',(5.693539702517E-02,26.644499194284));
#3096 = CARTESIAN_POINT('',(5.696182464213E-02,26.875710865409));
#3097 = CARTESIAN_POINT('',(5.698593508271E-02,27.024866884482));
#3098 = CARTESIAN_POINT('',(5.700636268707E-02,27.173777541477));
#3099 = CARTESIAN_POINT('',(5.700635376611E-02,27.322576587727));
#3100 = CARTESIAN_POINT('',(5.698881818075E-02,27.471371570555));
#3101 = CARTESIAN_POINT('',(5.697085566534E-02,27.620275652697));
#3102 = CARTESIAN_POINT('',(5.695824451066E-02,27.769427458139));
#3103 = CARTESIAN_POINT('',(5.694888046768E-02,27.995540415691));
#3104 = CARTESIAN_POINT('',(5.694739779167E-02,28.072891826659));
#3105 = CARTESIAN_POINT('',(5.694778453058E-02,28.15023563057));
#3106 = CARTESIAN_POINT('',(5.694965770892E-02,28.227572244796));
#3107 = CARTESIAN_POINT('',(5.695231244234E-02,28.304911134728));
#3108 = CARTESIAN_POINT('',(5.695494989836E-02,28.382260820433));
#3109 = CARTESIAN_POINT('',(5.695692298008E-02,28.459618572084));
#3110 = CARTESIAN_POINT('',(5.695920864983E-02,28.623794123133));
#3111 = CARTESIAN_POINT('',(5.695927780196E-02,28.710655026398));
#3112 = CARTESIAN_POINT('',(5.695783822291E-02,28.797501824198));
#3113 = CARTESIAN_POINT('',(5.695501007866E-02,28.884336112252));
#3114 = CARTESIAN_POINT('',(5.695167502372E-02,28.971170272154));
#3115 = CARTESIAN_POINT('',(5.694906662727E-02,29.058016482088));
#3116 = CARTESIAN_POINT('',(5.694815438237E-02,29.14487552149));
#3117 = CARTESIAN_POINT('',(5.695102042245E-02,29.362705987134));
#3118 = CARTESIAN_POINT('',(5.695743445135E-02,29.493920873727));
#3119 = CARTESIAN_POINT('',(5.696976701533E-02,29.625011903675));
#3120 = CARTESIAN_POINT('',(5.698644728379E-02,29.756031144964));
#3121 = CARTESIAN_POINT('',(5.699990400228E-02,29.88704995782));
#3122 = CARTESIAN_POINT('',(5.700112560863E-02,30.018137305728));
#3123 = CARTESIAN_POINT('',(5.699148683403E-02,30.149349965972));
#3124 = CARTESIAN_POINT('',(5.696634421643E-02,30.37122553032));
#3125 = CARTESIAN_POINT('',(5.695352797866E-02,30.462130164818));
#3126 = CARTESIAN_POINT('',(5.694011056916E-02,30.553016778125));
#3127 = CARTESIAN_POINT('',(5.692899783367E-02,30.643886010779));
#3128 = CARTESIAN_POINT('',(5.692370373885E-02,30.734753274866));
#3129 = CARTESIAN_POINT('',(5.692604097004E-02,30.825635188219));
#3130 = CARTESIAN_POINT('',(5.693449159559E-02,30.916536001263));
#3131 = CARTESIAN_POINT('',(5.69584454542E-02,31.107877500056));
#3132 = CARTESIAN_POINT('',(5.697474125886E-02,31.208407081214));
#3133 = CARTESIAN_POINT('',(5.698968081959E-02,31.308907614149));
#3134 = CARTESIAN_POINT('',(5.699857130638E-02,31.409383505496));
#3135 = CARTESIAN_POINT('',(5.699172187648E-02,31.509855842355));
#3136 = CARTESIAN_POINT('',(5.697266956856E-02,31.61034472517));
#3137 = CARTESIAN_POINT('',(5.696372446868E-02,31.710856847761));
#3138 = CARTESIAN_POINT('',(5.696254813467E-02,31.811325657837));
#3139 = ( GEOMETRIC_REPRESENTATION_CONTEXT(2) 
PARAMETRIC_REPRESENTATION_CONTEXT() REPRESENTATION_CONTEXT('2D SPACE',''
  ) );
#3140 = PCURVE('',#1905,#3141);
#3141 = DEFINITIONAL_REPRESENTATION('',(#3142),#3201);
#3142 = B_SPLINE_CURVE_WITH_KNOTS('',8,(#3143,#3144,#3145,#3146,#3147,
    #3148,#3149,#3150,#3151,#3152,#3153,#3154,#3155,#3156,#3157,#3158,
    #3159,#3160,#3161,#3162,#3163,#3164,#3165,#3166,#3167,#3168,#3169,
    #3170,#3171,#3172,#3173,#3174,#3175,#3176,#3177,#3178,#3179,#3180,
    #3181,#3182,#3183,#3184,#3185,#3186,#3187,#3188,#3189,#3190,#3191,
    #3192,#3193,#3194,#3195,#3196,#3197,#3198,#3199,#3200),
  .UNSPECIFIED.,.F.,.F.,(9,7,7,7,7,7,7,7,9),(0.,9.720743018324E-02,
    0.20090245846,0.388034987922,0.485317657137,0.594541109714,
    0.75932929702,0.873627142584,1.),.UNSPECIFIED.);
#3143 = CARTESIAN_POINT('',(0.,-4.472708649487));
#3144 = CARTESIAN_POINT('',(-7.631887792121E-02,-4.484855609672));
#3145 = CARTESIAN_POINT('',(-0.152654133174,-4.497001088549));
#3146 = CARTESIAN_POINT('',(-0.228983277375,-4.509143060825));
#3147 = CARTESIAN_POINT('',(-0.305304369928,-4.521284846242));
#3148 = CARTESIAN_POINT('',(-0.381625616873,-4.533430230921));
#3149 = CARTESIAN_POINT('',(-0.457955137145,-4.545580562241));
#3150 = CARTESIAN_POINT('',(-0.534290896235,-4.557733817295));
#3151 = CARTESIAN_POINT('',(-0.692024288866,-4.58284848223));
#3152 = CARTESIAN_POINT('',(-0.773461569879,-4.595816262959));
#3153 = CARTESIAN_POINT('',(-0.854890067422,-4.608782232201));
#3154 = CARTESIAN_POINT('',(-0.936305950821,-4.621744094951));
#3155 = CARTESIAN_POINT('',(-1.017720059718,-4.63470266347));
#3156 = CARTESIAN_POINT('',(-1.099144097741,-4.647659962635));
#3157 = CARTESIAN_POINT('',(-1.180577101703,-4.660616793247));
#3158 = CARTESIAN_POINT('',(-1.408917366623,-4.696945224827));
#3159 = CARTESIAN_POINT('',(-1.556220156258,-4.720377527886));
#3160 = CARTESIAN_POINT('',(-1.703278217655,-4.7437730302));
#3161 = CARTESIAN_POINT('',(-1.850224367774,-4.767160781325));
#3162 = CARTESIAN_POINT('',(-1.997170049906,-4.790556291031));
#3163 = CARTESIAN_POINT('',(-2.144226303227,-4.813969153124));
#3164 = CARTESIAN_POINT('',(-2.291527969605,-4.837418387656));
#3165 = CARTESIAN_POINT('',(-2.514834775671,-4.872962568334));
#3166 = CARTESIAN_POINT('',(-2.591225983625,-4.885121120188));
#3167 = CARTESIAN_POINT('',(-2.667609207319,-4.897277580731));
#3168 = CARTESIAN_POINT('',(-2.743984656194,-4.909432199054));
#3169 = CARTESIAN_POINT('',(-2.820361596905,-4.921586800612));
#3170 = CARTESIAN_POINT('',(-2.896748517788,-4.933743107292));
#3171 = CARTESIAN_POINT('',(-2.973142925802,-4.94590100006));
#3172 = CARTESIAN_POINT('',(-3.135273485667,-4.971704480487));
#3173 = CARTESIAN_POINT('',(-3.221052144113,-4.985356959703));
#3174 = CARTESIAN_POINT('',(-3.306816922535,-4.999007944719));
#3175 = CARTESIAN_POINT('',(-3.3925698248,-5.012657628773));
#3176 = CARTESIAN_POINT('',(-3.478323433191,-5.026307535552));
#3177 = CARTESIAN_POINT('',(-3.564089911264,-5.039958988165));
#3178 = CARTESIAN_POINT('',(-3.649869901973,-5.053611644624));
#3179 = CARTESIAN_POINT('',(-3.864995749672,-5.087848150767));
#3180 = CARTESIAN_POINT('',(-3.994582802195,-5.108469003935));
#3181 = CARTESIAN_POINT('',(-4.124048011182,-5.129067554078));
#3182 = CARTESIAN_POINT('',(-4.253441295073,-5.14965273768));
#3183 = CARTESIAN_POINT('',(-4.382831513656,-5.170239398407));
#3184 = CARTESIAN_POINT('',(-4.512287981186,-5.190842693217));
#3185 = CARTESIAN_POINT('',(-4.641868478414,-5.211470887541));
#3186 = CARTESIAN_POINT('',(-4.860985627768,-5.246356608329));
#3187 = CARTESIAN_POINT('',(-4.950760545987,-5.260650841521));
#3188 = CARTESIAN_POINT('',(-5.040518294275,-5.274942530232));
#3189 = CARTESIAN_POINT('',(-5.130259538117,-5.289230382922));
#3190 = CARTESIAN_POINT('',(-5.219998965352,-5.303515138421));
#3191 = CARTESIAN_POINT('',(-5.309752068663,-5.317798540174));
#3192 = CARTESIAN_POINT('',(-5.399522296929,-5.332081983509));
#3193 = CARTESIAN_POINT('',(-5.588481034736,-5.36214493714));
#3194 = CARTESIAN_POINT('',(-5.687757002884,-5.377938040001));
#3195 = CARTESIAN_POINT('',(-5.787002794043,-5.393727226932));
#3196 = CARTESIAN_POINT('',(-5.886223917093,-5.409515439051));
#3197 = CARTESIAN_POINT('',(-5.98544460163,-5.425310633642));
#3198 = CARTESIAN_POINT('',(-6.084689558423,-5.441114275309));
#3199 = CARTESIAN_POINT('',(-6.183965274967,-5.456916727309));
#3200 = CARTESIAN_POINT('',(-6.28318530718,-5.472708649485));
#3201 = ( GEOMETRIC_REPRESENTATION_CONTEXT(2) 
PARAMETRIC_REPRESENTATION_CONTEXT() REPRESENTATION_CONTEXT('2D SPACE',''
  ) );
#3202 = ORIENTED_EDGE('',*,*,#3203,.F.);
#3203 = EDGE_CURVE('',#3204,#3016,#3206,.T.);
#3204 = VERTEX_POINT('',#3205);
#3205 = CARTESIAN_POINT('',(3.15,0.,3.472708649489));
#3206 = SURFACE_CURVE('',#3207,(#3266,#3328),.PCURVE_S1.);
#3207 = B_SPLINE_CURVE_WITH_KNOTS('',8,(#3208,#3209,#3210,#3211,#3212,
    #3213,#3214,#3215,#3216,#3217,#3218,#3219,#3220,#3221,#3222,#3223,
    #3224,#3225,#3226,#3227,#3228,#3229,#3230,#3231,#3232,#3233,#3234,
    #3235,#3236,#3237,#3238,#3239,#3240,#3241,#3242,#3243,#3244,#3245,
    #3246,#3247,#3248,#3249,#3250,#3251,#3252,#3253,#3254,#3255,#3256,
    #3257,#3258,#3259,#3260,#3261,#3262,#3263,#3264,#3265),
  .UNSPECIFIED.,.F.,.F.,(9,7,7,7,7,7,7,7,9),(0.,9.1103665168E-02,
    0.198556470635,0.309563444449,0.426470008794,0.610668701004,
    0.722695828558,0.831175720839,1.),.UNSPECIFIED.);
#3208 = CARTESIAN_POINT('',(3.15,3.10862446895E-15,3.472708649489));
#3209 = CARTESIAN_POINT('',(3.15,0.225305927121,3.484092723079));
#3210 = CARTESIAN_POINT('',(3.131582554421,0.450655031275,3.495475371912
    ));
#3211 = CARTESIAN_POINT('',(3.094736004017,0.674232696731,3.506855024125
    ));
#3212 = CARTESIAN_POINT('',(3.039673820445,0.894278097479,3.518234277244
    ));
#3213 = CARTESIAN_POINT('',(2.966801942814,1.109081596034,3.52961619302)
  );
#3214 = CARTESIAN_POINT('',(2.876706080058,1.316987862914,3.541002057829
    ));
#3215 = CARTESIAN_POINT('',(2.77015897915,1.516404716784,3.552390608652)
  );
#3216 = CARTESIAN_POINT('',(2.50424062081,1.929222032627,3.577210511444)
  );
#3217 = CARTESIAN_POINT('',(2.33874891618,2.138821249868,3.59064818307)
  );
#3218 = CARTESIAN_POINT('',(2.153278902822,2.332074337556,3.604084335187
    ));
#3219 = CARTESIAN_POINT('',(1.9497464991,2.506785508672,3.617516360819)
  );
#3220 = CARTESIAN_POINT('',(1.730313852065,2.661050379587,3.630945098058
    ));
#3221 = CARTESIAN_POINT('',(1.497359020468,2.793244318998,3.644372721977
    ));
#3222 = CARTESIAN_POINT('',(1.253478672879,2.902052954834,3.657799880719
    ));
#3223 = CARTESIAN_POINT('',(0.741235130427,3.073831423687,3.685088230765
    ));
#3224 = CARTESIAN_POINT('',(0.472164257508,3.135221374077,3.698957781188
    ));
#3225 = CARTESIAN_POINT('',(0.197447182325,3.169630751818,3.712824761289
    ));
#3226 = CARTESIAN_POINT('',(-7.974559625668E-02,3.176507071871,
    3.726690843441));
#3227 = CARTESIAN_POINT('',(-0.356243729949,3.155730297253,
    3.740559066748));
#3228 = CARTESIAN_POINT('',(-0.62888696382,3.107579721905,3.754431696723
    ));
#3229 = CARTESIAN_POINT('',(-0.894536667232,3.032766360408,
    3.768308501123));
#3230 = CARTESIAN_POINT('',(-1.419276839211,2.826967416319,
    3.796792261088));
#3231 = CARTESIAN_POINT('',(-1.677474741827,2.693126744414,
    3.811410031917));
#3232 = CARTESIAN_POINT('',(-1.921071328617,2.53239145199,3.826025181034
    ));
#3233 = CARTESIAN_POINT('',(-2.146828177068,2.346676344748,
    3.840637167384));
#3234 = CARTESIAN_POINT('',(-2.351852945957,2.138296872669,
    3.855247935984));
#3235 = CARTESIAN_POINT('',(-2.533580217648,1.909928385133,
    3.869859954935));
#3236 = CARTESIAN_POINT('',(-2.689812879882,1.664630261013,
    3.884473915281));
#3237 = CARTESIAN_POINT('',(-3.02216326941,0.998267181358,3.922095723434
    ));
#3238 = CARTESIAN_POINT('',(-3.158620009897,0.555985771541,3.94516730235
    ));
#3239 = CARTESIAN_POINT('',(-3.220293547804,9.348661729297E-02,
    3.968202196448));
#3240 = CARTESIAN_POINT('',(-3.204749981896,-0.374482999891,
    3.99122271809));
#3241 = CARTESIAN_POINT('',(-3.111978309519,-0.833424959827,
    4.014247362073));
#3242 = CARTESIAN_POINT('',(-2.945342100513,-1.269235800242,
    4.037287362776));
#3243 = CARTESIAN_POINT('',(-2.710592897904,-1.668144321666,
    4.060361556895));
#3244 = CARTESIAN_POINT('',(-2.241279450082,-2.230678345742,
    4.09737125921));
#3245 = CARTESIAN_POINT('',(-2.042347113665,-2.425651870279,
    4.111371387757));
#3246 = CARTESIAN_POINT('',(-1.824129470958,-2.60021796783,4.12536796373
    ));
#3247 = CARTESIAN_POINT('',(-1.589107399613,-2.752187984007,4.1393617459
    ));
#3248 = CARTESIAN_POINT('',(-1.339995727886,-2.879755660123,
    4.153355888325));
#3249 = CARTESIAN_POINT('',(-1.079716051807,-2.981472991184,
    4.167353618093));
#3250 = CARTESIAN_POINT('',(-0.811404032349,-3.056285729751,
    4.18135581957));
#3251 = CARTESIAN_POINT('',(-0.274094065181,-3.149499542062,
    4.208911095158));
#3252 = CARTESIAN_POINT('',(-5.207499446233E-03,-3.169642808492,
    4.222473429532));
#3253 = CARTESIAN_POINT('',(0.265184968211,-3.163514554364,4.2360359764)
  );
#3254 = CARTESIAN_POINT('',(0.534084173558,-3.131039559229,
    4.249597604676));
#3255 = CARTESIAN_POINT('',(0.798542167158,-3.072535587213,
    4.263159456445));
#3256 = CARTESIAN_POINT('',(1.055674175478,-2.988680977349,
    4.276722464009));
#3257 = CARTESIAN_POINT('',(1.302679602526,-2.880539252433,
    4.290285100835));
#3258 = CARTESIAN_POINT('',(1.901339384947,-2.545926993924,
    4.324938610507));
#3259 = CARTESIAN_POINT('',(2.23561768454,-2.286625629057,4.34606887094)
  );
#3260 = CARTESIAN_POINT('',(2.528669589542,-1.977445215622,
    4.367169117425));
#3261 = CARTESIAN_POINT('',(2.772282109657,-1.626396855133,
    4.388254408924));
#3262 = CARTESIAN_POINT('',(2.959843216641,-1.242477346196,4.4093444064)
  );
#3263 = CARTESIAN_POINT('',(3.086749219378,-0.835839292554,4.43047327534
    ));
#3264 = CARTESIAN_POINT('',(3.15,-0.417532090704,4.451611929541));
#3265 = CARTESIAN_POINT('',(3.15,3.552713678801E-15,4.472708649487));
#3266 = PCURVE('',#381,#3267);
#3267 = DEFINITIONAL_REPRESENTATION('',(#3268),#3327);
#3268 = B_SPLINE_CURVE_WITH_KNOTS('',8,(#3269,#3270,#3271,#3272,#3273,
    #3274,#3275,#3276,#3277,#3278,#3279,#3280,#3281,#3282,#3283,#3284,
    #3285,#3286,#3287,#3288,#3289,#3290,#3291,#3292,#3293,#3294,#3295,
    #3296,#3297,#3298,#3299,#3300,#3301,#3302,#3303,#3304,#3305,#3306,
    #3307,#3308,#3309,#3310,#3311,#3312,#3313,#3314,#3315,#3316,#3317,
    #3318,#3319,#3320,#3321,#3322,#3323,#3324,#3325,#3326),
  .UNSPECIFIED.,.F.,.F.,(9,7,7,7,7,7,7,7,9),(0.,9.1103665168E-02,
    0.198556470635,0.309563444449,0.426470008794,0.610668701004,
    0.722695828558,0.831175720839,1.),.UNSPECIFIED.);
#3269 = CARTESIAN_POINT('',(5.696254812582E-02,19.086795394702));
#3270 = CARTESIAN_POINT('',(5.696170013048E-02,19.159221304263));
#3271 = CARTESIAN_POINT('',(5.696605880501E-02,19.231654020314));
#3272 = CARTESIAN_POINT('',(5.69756818544E-02,19.304083718308));
#3273 = CARTESIAN_POINT('',(5.698518592741E-02,19.376510514459));
#3274 = CARTESIAN_POINT('',(5.698990687596E-02,19.448939670856));
#3275 = CARTESIAN_POINT('',(5.698873199024E-02,19.521375980051));
#3276 = CARTESIAN_POINT('',(5.698360420971E-02,19.593817329113));
#3277 = CARTESIAN_POINT('',(5.696637364521E-02,19.751675608298));
#3278 = CARTESIAN_POINT('',(5.695333509363E-02,19.837129893346));
#3279 = CARTESIAN_POINT('',(5.693950327093E-02,19.922572092865));
#3280 = CARTESIAN_POINT('',(5.692908005119E-02,20.007998428807));
#3281 = CARTESIAN_POINT('',(5.692484330702E-02,20.093422700893));
#3282 = CARTESIAN_POINT('',(5.692702323598E-02,20.17885944923));
#3283 = CARTESIAN_POINT('',(5.693376027345E-02,20.264307129163));
#3284 = CARTESIAN_POINT('',(5.695283931108E-02,20.437981004553));
#3285 = CARTESIAN_POINT('',(5.696532579668E-02,20.526260823369));
#3286 = CARTESIAN_POINT('',(5.697836024402E-02,20.61452595947));
#3287 = CARTESIAN_POINT('',(5.698899771023E-02,20.702778076029));
#3288 = CARTESIAN_POINT('',(5.699523582304E-02,20.791030404886));
#3289 = CARTESIAN_POINT('',(5.699664506731E-02,20.879296050566));
#3290 = CARTESIAN_POINT('',(5.699413860876E-02,20.96757631904));
#3291 = CARTESIAN_POINT('',(5.698365936173E-02,21.148765608603));
#3292 = CARTESIAN_POINT('',(5.697540770032E-02,21.2417425892));
#3293 = CARTESIAN_POINT('',(5.69658143695E-02,21.334698800057));
#3294 = CARTESIAN_POINT('',(5.695712378163E-02,21.427637640348));
#3295 = CARTESIAN_POINT('',(5.695107614432E-02,21.520576789343));
#3296 = CARTESIAN_POINT('',(5.6948217582E-02,21.613533614451));
#3297 = CARTESIAN_POINT('',(5.694790640918E-02,21.706510556264));
#3298 = CARTESIAN_POINT('',(5.695120653105E-02,21.945880534007));
#3299 = CARTESIAN_POINT('',(5.695716898483E-02,22.092686211037));
#3300 = CARTESIAN_POINT('',(5.696332713048E-02,22.239259086025));
#3301 = CARTESIAN_POINT('',(5.696310403656E-02,22.385721068197));
#3302 = CARTESIAN_POINT('',(5.695400026487E-02,22.532182207271));
#3303 = CARTESIAN_POINT('',(5.694677803295E-02,22.67874678527));
#3304 = CARTESIAN_POINT('',(5.694627041109E-02,22.825549378609));
#3305 = CARTESIAN_POINT('',(5.695539860827E-02,23.061042742118));
#3306 = CARTESIAN_POINT('',(5.696114360131E-02,23.150132783924));
#3307 = CARTESIAN_POINT('',(5.696904728045E-02,23.239206803501));
#3308 = CARTESIAN_POINT('',(5.697826041307E-02,23.32826703967));
#3309 = CARTESIAN_POINT('',(5.698694478356E-02,23.417327956065));
#3310 = CARTESIAN_POINT('',(5.69930203589E-02,23.506403743852));
#3311 = CARTESIAN_POINT('',(5.699515656264E-02,23.595495973716));
#3312 = CARTESIAN_POINT('',(5.699136573525E-02,23.770798387435));
#3313 = CARTESIAN_POINT('',(5.698570642403E-02,23.857068303614));
#3314 = CARTESIAN_POINT('',(5.697604600304E-02,23.94332737543));
#3315 = CARTESIAN_POINT('',(5.696336878271E-02,24.029571406994));
#3316 = CARTESIAN_POINT('',(5.694987264716E-02,24.115814364201));
#3317 = CARTESIAN_POINT('',(5.693844644657E-02,24.202070984492));
#3318 = CARTESIAN_POINT('',(5.693160223993E-02,24.288339213047));
#3319 = CARTESIAN_POINT('',(5.692715470424E-02,24.508800472104));
#3320 = CARTESIAN_POINT('',(5.693677762474E-02,24.643266124301));
#3321 = CARTESIAN_POINT('',(5.696208234596E-02,24.777588621308));
#3322 = CARTESIAN_POINT('',(5.69930624303E-02,24.91183327241));
#3323 = CARTESIAN_POINT('',(5.70154459754E-02,25.046081655858));
#3324 = CARTESIAN_POINT('',(5.697939179643E-02,25.180399221482));
#3325 = CARTESIAN_POINT('',(5.696411962004E-02,25.314842390837));
#3326 = CARTESIAN_POINT('',(5.696254812976E-02,25.449060526269));
#3327 = ( GEOMETRIC_REPRESENTATION_CONTEXT(2) 
PARAMETRIC_REPRESENTATION_CONTEXT() REPRESENTATION_CONTEXT('2D SPACE',''
  ) );
#3328 = PCURVE('',#1712,#3329);
#3329 = DEFINITIONAL_REPRESENTATION('',(#3330),#3389);
#3330 = B_SPLINE_CURVE_WITH_KNOTS('',8,(#3331,#3332,#3333,#3334,#3335,
    #3336,#3337,#3338,#3339,#3340,#3341,#3342,#3343,#3344,#3345,#3346,
    #3347,#3348,#3349,#3350,#3351,#3352,#3353,#3354,#3355,#3356,#3357,
    #3358,#3359,#3360,#3361,#3362,#3363,#3364,#3365,#3366,#3367,#3368,
    #3369,#3370,#3371,#3372,#3373,#3374,#3375,#3376,#3377,#3378,#3379,
    #3380,#3381,#3382,#3383,#3384,#3385,#3386,#3387,#3388),
  .UNSPECIFIED.,.F.,.F.,(9,7,7,7,7,7,7,7,9),(0.,9.1103665168E-02,
    0.198556470635,0.309563444449,0.426470008794,0.610668701004,
    0.722695828558,0.831175720839,1.),.UNSPECIFIED.);
#3331 = CARTESIAN_POINT('',(0.,-3.472708649489));
#3332 = CARTESIAN_POINT('',(-7.15256911494E-02,-3.484092723079));
#3333 = CARTESIAN_POINT('',(-0.143064878261,-3.495475371912));
#3334 = CARTESIAN_POINT('',(-0.214600066436,-3.506855024125));
#3335 = CARTESIAN_POINT('',(-0.286129055848,-3.518234277244));
#3336 = CARTESIAN_POINT('',(-0.357657402456,-3.52961619302));
#3337 = CARTESIAN_POINT('',(-0.429190991394,-3.541002057829));
#3338 = CARTESIAN_POINT('',(-0.500728723041,-3.552390608652));
#3339 = CARTESIAN_POINT('',(-0.65661780816,-3.577210511444));
#3340 = CARTESIAN_POINT('',(-0.741005995898,-3.59064818307));
#3341 = CARTESIAN_POINT('',(-0.825383518427,-3.604084335187));
#3342 = CARTESIAN_POINT('',(-0.90974707649,-3.617516360819));
#3343 = CARTESIAN_POINT('',(-0.994110010355,-3.630945098058));
#3344 = CARTESIAN_POINT('',(-1.078485982036,-3.644372721977));
#3345 = CARTESIAN_POINT('',(-1.162872757505,-3.657799880719));
#3346 = CARTESIAN_POINT('',(-1.334389868428,-3.685088230765));
#3347 = CARTESIAN_POINT('',(-1.421573125147,-3.698957781188));
#3348 = CARTESIAN_POINT('',(-1.50874126258,-3.712824761289));
#3349 = CARTESIAN_POINT('',(-1.595895858341,-3.726690843441));
#3350 = CARTESIAN_POINT('',(-1.683050328358,-3.740559066748));
#3351 = CARTESIAN_POINT('',(-1.770218099181,-3.754431696723));
#3352 = CARTESIAN_POINT('',(-1.857400761403,-3.768308501123));
#3353 = CARTESIAN_POINT('',(-2.036338432665,-3.796792261088));
#3354 = CARTESIAN_POINT('',(-2.128160617047,-3.811410031917));
#3355 = CARTESIAN_POINT('',(-2.219963029131,-3.826025181034));
#3356 = CARTESIAN_POINT('',(-2.311748897039,-3.840637167384));
#3357 = CARTESIAN_POINT('',(-2.403535209906,-3.855247935984));
#3358 = CARTESIAN_POINT('',(-2.495338554075,-3.869859954935));
#3359 = CARTESIAN_POINT('',(-2.587160973881,-3.884473915281));
#3360 = CARTESIAN_POINT('',(-2.82355628857,-3.922095723434));
#3361 = CARTESIAN_POINT('',(-2.968535346498,-3.94516730235));
#3362 = CARTESIAN_POINT('',(-3.113281803356,-3.968202196448));
#3363 = CARTESIAN_POINT('',(-3.25791699079,-3.99122271809));
#3364 = CARTESIAN_POINT('',(-3.402553323533,-4.014247362073));
#3365 = CARTESIAN_POINT('',(-3.547295514807,-4.037287362776));
#3366 = CARTESIAN_POINT('',(-3.692275249356,-4.060361556895));
#3367 = CARTESIAN_POINT('',(-3.924846002045,-4.09737125921));
#3368 = CARTESIAN_POINT('',(-4.012830734274,-4.111371387757));
#3369 = CARTESIAN_POINT('',(-4.100799647419,-4.12536796373));
#3370 = CARTESIAN_POINT('',(-4.188754524792,-4.1393617459));
#3371 = CARTESIAN_POINT('',(-4.27670933622,-4.153355888325));
#3372 = CARTESIAN_POINT('',(-4.364678066089,-4.167353618093));
#3373 = CARTESIAN_POINT('',(-4.452662538104,-4.18135581957));
#3374 = CARTESIAN_POINT('',(-4.625784921403,-4.208911095158));
#3375 = CARTESIAN_POINT('',(-4.710981841957,-4.222473429532));
#3376 = CARTESIAN_POINT('',(-4.796168150664,-4.2360359764));
#3377 = CARTESIAN_POINT('',(-4.881340119314,-4.249597604676));
#3378 = CARTESIAN_POINT('',(-4.966511745331,-4.263159456445));
#3379 = CARTESIAN_POINT('',(-5.051697416011,-4.276722464009));
#3380 = CARTESIAN_POINT('',(-5.136894609775,-4.290285100835));
#3381 = CARTESIAN_POINT('',(-5.354617518924,-4.324938610507));
#3382 = CARTESIAN_POINT('',(-5.487411808199,-4.34606887094));
#3383 = CARTESIAN_POINT('',(-5.620061245562,-4.367169117425));
#3384 = CARTESIAN_POINT('',(-5.752629386628,-4.388254408925));
#3385 = CARTESIAN_POINT('',(-5.885195528032,-4.4093444064));
#3386 = CARTESIAN_POINT('',(-6.01784027137,-4.43047327534));
#3387 = CARTESIAN_POINT('',(-6.150635437115,-4.451611929541));
#3388 = CARTESIAN_POINT('',(-6.28318530718,-4.472708649487));
#3389 = ( GEOMETRIC_REPRESENTATION_CONTEXT(2) 
PARAMETRIC_REPRESENTATION_CONTEXT() REPRESENTATION_CONTEXT('2D SPACE',''
  ) );
#3390 = ORIENTED_EDGE('',*,*,#3391,.F.);
#3391 = EDGE_CURVE('',#3392,#3204,#3394,.T.);
#3392 = VERTEX_POINT('',#3393);
#3393 = CARTESIAN_POINT('',(3.15,0.,2.47270864935));
#3394 = SURFACE_CURVE('',#3395,(#3454,#3516),.PCURVE_S1.);
#3395 = B_SPLINE_CURVE_WITH_KNOTS('',8,(#3396,#3397,#3398,#3399,#3400,
    #3401,#3402,#3403,#3404,#3405,#3406,#3407,#3408,#3409,#3410,#3411,
    #3412,#3413,#3414,#3415,#3416,#3417,#3418,#3419,#3420,#3421,#3422,
    #3423,#3424,#3425,#3426,#3427,#3428,#3429,#3430,#3431,#3432,#3433,
    #3434,#3435,#3436,#3437,#3438,#3439,#3440,#3441,#3442,#3443,#3444,
    #3445,#3446,#3447,#3448,#3449,#3450,#3451,#3452,#3453),
  .UNSPECIFIED.,.F.,.F.,(9,7,7,7,7,7,7,7,9),(0.,0.173792002317,
    0.277020271884,0.386289274239,0.474931028927,0.579907770503,
    0.732950177637,0.868629651218,1.),.UNSPECIFIED.);
#3396 = CARTESIAN_POINT('',(3.15,-4.440892098501E-16,2.47270864935));
#3397 = CARTESIAN_POINT('',(3.15,0.429844599677,2.494427485768));
#3398 = CARTESIAN_POINT('',(3.082963836899,0.860544587751,2.516176570594
    ));
#3399 = CARTESIAN_POINT('',(2.948431808398,1.278493300236,2.537892415718
    ));
#3400 = CARTESIAN_POINT('',(2.749792754338,1.671644950331,2.559628148739
    ));
#3401 = CARTESIAN_POINT('',(2.49220692868,2.028968431852,2.581365672788)
  );
#3402 = CARTESIAN_POINT('',(2.183091812094,2.340807850944,2.603112890659
    ));
#3403 = CARTESIAN_POINT('',(1.831554151716,2.598589751319,2.624879389534
    ));
#3404 = CARTESIAN_POINT('',(1.223306026681,2.913967539426,2.659492454049
    ));
#3405 = CARTESIAN_POINT('',(0.985703098728,3.010525066523,2.672391780715
    ));
#3406 = CARTESIAN_POINT('',(0.739502841885,3.084877369779,2.685287990582
    ));
#3407 = CARTESIAN_POINT('',(0.487139873485,3.136164482685,2.698181789757
    ));
#3408 = CARTESIAN_POINT('',(0.231110964726,3.163845571832,2.711076116092
    ));
#3409 = CARTESIAN_POINT('',(-2.604131209731E-02,3.16767933957,
    2.723973595582));
#3410 = CARTESIAN_POINT('',(-0.281738082992,3.147746744402,
    2.736874231176));
#3411 = CARTESIAN_POINT('',(-0.799720414868,3.058755550671,
    2.763427248549));
#3412 = CARTESIAN_POINT('',(-1.061669093577,2.986864214187,
    2.777087212094));
#3413 = CARTESIAN_POINT('',(-1.316096263717,2.889350040471,
    2.790746736454));
#3414 = CARTESIAN_POINT('',(-1.560088757925,2.767172802101,
    2.804405494089));
#3415 = CARTESIAN_POINT('',(-1.790922399734,2.621651233284,
    2.818064567643));
#3416 = CARTESIAN_POINT('',(-2.006056984269,2.454432719891,2.83172511951
    ));
#3417 = CARTESIAN_POINT('',(-2.203160596492,2.267514464286,
    2.845386935747));
#3418 = CARTESIAN_POINT('',(-2.523788359409,1.897645360357,
    2.870121700759));
#3419 = CARTESIAN_POINT('',(-2.65422782087,1.72054982128,2.881200286521)
  );
#3420 = CARTESIAN_POINT('',(-2.770413488584,1.533266983956,
    2.892277246344));
#3421 = CARTESIAN_POINT('',(-2.871432781247,1.33714122245,2.903352788445
    ));
#3422 = CARTESIAN_POINT('',(-2.95652862723,1.133597418756,2.914428138393
    ));
#3423 = CARTESIAN_POINT('',(-3.02509512038,0.924132812216,2.925504491287
    ));
#3424 = CARTESIAN_POINT('',(-3.076688827909,0.710316072873,
    2.936581926579));
#3425 = CARTESIAN_POINT('',(-3.151755841973,0.23737015709,2.960775806435
    ));
#3426 = CARTESIAN_POINT('',(-3.168310406575,-2.294612018538E-02,
    2.973896696872));
#3427 = CARTESIAN_POINT('',(-3.160264901925,-0.28440538545,
    2.987016582353));
#3428 = CARTESIAN_POINT('',(-3.127576380694,-0.544298983025,
    3.00013531258));
#3429 = CARTESIAN_POINT('',(-3.070543286456,-0.799960670362,
    3.013254669447));
#3430 = CARTESIAN_POINT('',(-2.989781995839,-1.048776420463,
    3.026376126356));
#3431 = CARTESIAN_POINT('',(-2.886250106814,-1.288202805548,
    3.039498658843));
#3432 = CARTESIAN_POINT('',(-2.579179518399,-1.847592205083,
    3.071740864497));
#3433 = CARTESIAN_POINT('',(-2.351247099254,-2.15479914935,
    3.090887566452));
#3434 = CARTESIAN_POINT('',(-2.081694022597,-2.429335620924,
    3.110017681209));
#3435 = CARTESIAN_POINT('',(-1.776207321055,-2.664881354972,
    3.129136546364));
#3436 = CARTESIAN_POINT('',(-1.441247505479,-2.856209533261,
    3.14825462524));
#3437 = CARTESIAN_POINT('',(-1.084126377297,-2.999362200929,
    3.167384145793));
#3438 = CARTESIAN_POINT('',(-0.712879156749,-3.091531614133,
    3.186531221383));
#3439 = CARTESIAN_POINT('',(-2.902324538266E-03,-3.167821457169,
    3.222615425573));
#3440 = CARTESIAN_POINT('',(0.335361788072,-3.163080998789,
    3.239588478205));
#3441 = CARTESIAN_POINT('',(0.672095333527,-3.116976789384,
    3.256557020982));
#3442 = CARTESIAN_POINT('',(1.001412584728,-3.030029544661,
    3.273521034934));
#3443 = CARTESIAN_POINT('',(1.317681056987,-2.903611644714,
    3.290482505444));
#3444 = CARTESIAN_POINT('',(1.615563116911,-2.739980765549,
    3.307443737384));
#3445 = CARTESIAN_POINT('',(1.890029915786,-2.542221812807,
    3.324407508298));
#3446 = CARTESIAN_POINT('',(2.375345472039,-2.09423010458,3.357767317445
    ));
#3447 = CARTESIAN_POINT('',(2.588272018005,-1.845554933191,
    3.374187219061));
#3448 = CARTESIAN_POINT('',(2.771196897914,-1.57232627513,3.390600936692
    ));
#3449 = CARTESIAN_POINT('',(2.920935033096,-1.278848808494,
    3.407013468456));
#3450 = CARTESIAN_POINT('',(3.03501050052,-0.96976270958,3.423432454518)
  );
#3451 = CARTESIAN_POINT('',(3.111698503485,-0.650032925267,
    3.439862594974));
#3452 = CARTESIAN_POINT('',(3.15,-0.324912853619,3.456291718595));
#3453 = CARTESIAN_POINT('',(3.15,3.10862446895E-15,3.472708649489));
#3454 = PCURVE('',#381,#3455);
#3455 = DEFINITIONAL_REPRESENTATION('',(#3456),#3515);
#3456 = B_SPLINE_CURVE_WITH_KNOTS('',8,(#3457,#3458,#3459,#3460,#3461,
    #3462,#3463,#3464,#3465,#3466,#3467,#3468,#3469,#3470,#3471,#3472,
    #3473,#3474,#3475,#3476,#3477,#3478,#3479,#3480,#3481,#3482,#3483,
    #3484,#3485,#3486,#3487,#3488,#3489,#3490,#3491,#3492,#3493,#3494,
    #3495,#3496,#3497,#3498,#3499,#3500,#3501,#3502,#3503,#3504,#3505,
    #3506,#3507,#3508,#3509,#3510,#3511,#3512,#3513,#3514),
  .UNSPECIFIED.,.F.,.F.,(9,7,7,7,7,7,7,7,9),(0.,0.173792002317,
    0.277020271884,0.386289274239,0.474931028927,0.579907770503,
    0.732950177637,0.868629651218,1.),.UNSPECIFIED.);
#3457 = CARTESIAN_POINT('',(5.696254841609E-02,12.724530263135));
#3458 = CARTESIAN_POINT('',(5.696093040349E-02,12.862706326684));
#3459 = CARTESIAN_POINT('',(5.697782710613E-02,13.001131275855));
#3460 = CARTESIAN_POINT('',(5.70178785081E-02,13.139415327768));
#3461 = CARTESIAN_POINT('',(5.699050115263E-02,13.277620368482));
#3462 = CARTESIAN_POINT('',(5.695794058058E-02,13.415821009424));
#3463 = CARTESIAN_POINT('',(5.693305858068E-02,13.554106728667));
#3464 = CARTESIAN_POINT('',(5.692583459842E-02,13.692568945164));
#3465 = CARTESIAN_POINT('',(5.693413215033E-02,13.91281173145));
#3466 = CARTESIAN_POINT('',(5.694164489561E-02,13.994903568309));
#3467 = CARTESIAN_POINT('',(5.6952828547E-02,14.076986765073));
#3468 = CARTESIAN_POINT('',(5.696546921689E-02,14.159059065752));
#3469 = CARTESIAN_POINT('',(5.697714453044E-02,14.241131777754));
#3470 = CARTESIAN_POINT('',(5.69860445126E-02,14.323216091097));
#3471 = CARTESIAN_POINT('',(5.699135781806E-02,14.405309551347));
#3472 = CARTESIAN_POINT('',(5.699519795494E-02,14.574258593567));
#3473 = CARTESIAN_POINT('',(5.699329933264E-02,14.661161115869));
#3474 = CARTESIAN_POINT('',(5.698761752263E-02,14.748049311875));
#3475 = CARTESIAN_POINT('',(5.697933674845E-02,14.834924707523));
#3476 = CARTESIAN_POINT('',(5.697035563857E-02,14.921799978358));
#3477 = CARTESIAN_POINT('',(5.696241389881E-02,15.008687822874));
#3478 = CARTESIAN_POINT('',(5.695640610081E-02,15.095589606766));
#3479 = CARTESIAN_POINT('',(5.694944591752E-02,15.252937523463));
#3480 = CARTESIAN_POINT('',(5.694774718188E-02,15.323417245222));
#3481 = CARTESIAN_POINT('',(5.694760185315E-02,15.39389135747));
#3482 = CARTESIAN_POINT('',(5.694879242465E-02,15.464360521937));
#3483 = CARTESIAN_POINT('',(5.695085182224E-02,15.534831112255));
#3484 = CARTESIAN_POINT('',(5.695319557071E-02,15.605308950353));
#3485 = CARTESIAN_POINT('',(5.695528342413E-02,15.675792894931));
#3486 = CARTESIAN_POINT('',(5.695861889924E-02,15.829730940448));
#3487 = CARTESIAN_POINT('',(5.695964218001E-02,15.913212643369));
#3488 = CARTESIAN_POINT('',(5.695931662669E-02,15.99668384093));
#3489 = CARTESIAN_POINT('',(5.695751091146E-02,16.080143176573));
#3490 = CARTESIAN_POINT('',(5.695466554846E-02,16.163603329968));
#3491 = CARTESIAN_POINT('',(5.695169098562E-02,16.247076450553));
#3492 = CARTESIAN_POINT('',(5.6949624294E-02,16.330559181661));
#3493 = CARTESIAN_POINT('',(5.694819912453E-02,16.535688298199));
#3494 = CARTESIAN_POINT('',(5.695053188702E-02,16.657511803255));
#3495 = CARTESIAN_POINT('',(5.695797327592E-02,16.779245348483));
#3496 = CARTESIAN_POINT('',(5.697094861404E-02,16.900924189569));
#3497 = CARTESIAN_POINT('',(5.698603612051E-02,17.022604466438));
#3498 = CARTESIAN_POINT('',(5.699579847032E-02,17.144341305936));
#3499 = CARTESIAN_POINT('',(5.69970476225E-02,17.26616388503));
#3500 = CARTESIAN_POINT('',(5.698535506816E-02,17.495705517495));
#3501 = CARTESIAN_POINT('',(5.697399659178E-02,17.603657955136));
#3502 = CARTESIAN_POINT('',(5.695750485334E-02,17.711566052489));
#3503 = CARTESIAN_POINT('',(5.693921930555E-02,17.819439868285));
#3504 = CARTESIAN_POINT('',(5.692551426931E-02,17.927311464337));
#3505 = CARTESIAN_POINT('',(5.692269762757E-02,18.035214733041));
#3506 = CARTESIAN_POINT('',(5.692976138078E-02,18.14316427325));
#3507 = CARTESIAN_POINT('',(5.695395513108E-02,18.355481972188));
#3508 = CARTESIAN_POINT('',(5.697076410636E-02,18.460000977517));
#3509 = CARTESIAN_POINT('',(5.698832016222E-02,18.564482915949));
#3510 = CARTESIAN_POINT('',(5.699877389819E-02,18.668935659865));
#3511 = CARTESIAN_POINT('',(5.699452295148E-02,18.773384643834));
#3512 = CARTESIAN_POINT('',(5.697324774727E-02,18.877852702347));
#3513 = CARTESIAN_POINT('',(5.696377101679E-02,18.982350255366));
#3514 = CARTESIAN_POINT('',(5.696254812582E-02,19.086795394702));
#3515 = ( GEOMETRIC_REPRESENTATION_CONTEXT(2) 
PARAMETRIC_REPRESENTATION_CONTEXT() REPRESENTATION_CONTEXT('2D SPACE',''
  ) );
#3516 = PCURVE('',#1512,#3517);
#3517 = DEFINITIONAL_REPRESENTATION('',(#3518),#3577);
#3518 = B_SPLINE_CURVE_WITH_KNOTS('',8,(#3519,#3520,#3521,#3522,#3523,
    #3524,#3525,#3526,#3527,#3528,#3529,#3530,#3531,#3532,#3533,#3534,
    #3535,#3536,#3537,#3538,#3539,#3540,#3541,#3542,#3543,#3544,#3545,
    #3546,#3547,#3548,#3549,#3550,#3551,#3552,#3553,#3554,#3555,#3556,
    #3557,#3558,#3559,#3560,#3561,#3562,#3563,#3564,#3565,#3566,#3567,
    #3568,#3569,#3570,#3571,#3572,#3573,#3574,#3575,#3576),
  .UNSPECIFIED.,.F.,.F.,(9,7,7,7,7,7,7,7,9),(0.,0.173792002317,
    0.277020271884,0.386289274239,0.474931028927,0.579907770503,
    0.732950177637,0.868629651218,1.),.UNSPECIFIED.);
#3519 = CARTESIAN_POINT('',(0.,-2.47270864935));
#3520 = CARTESIAN_POINT('',(-0.136458603072,-2.494427485768));
#3521 = CARTESIAN_POINT('',(-0.273187736922,-2.516176570594));
#3522 = CARTESIAN_POINT('',(-0.409747839216,-2.537892415718));
#3523 = CARTESIAN_POINT('',(-0.546220052625,-2.55962814874));
#3524 = CARTESIAN_POINT('',(-0.682695304288,-2.581365672787));
#3525 = CARTESIAN_POINT('',(-0.81925927392,-2.603112890659));
#3526 = CARTESIAN_POINT('',(-0.956001028144,-2.624879389534));
#3527 = CARTESIAN_POINT('',(-1.173508595908,-2.659492454049));
#3528 = CARTESIAN_POINT('',(-1.254581261551,-2.672391780715));
#3529 = CARTESIAN_POINT('',(-1.33564524837,-2.685287990582));
#3530 = CARTESIAN_POINT('',(-1.416697950859,-2.698181789757));
#3531 = CARTESIAN_POINT('',(-1.497750430294,-2.711076116092));
#3532 = CARTESIAN_POINT('',(-1.578813922617,-2.723973595582));
#3533 = CARTESIAN_POINT('',(-1.659886349582,-2.736874231176));
#3534 = CARTESIAN_POINT('',(-1.826734362396,-2.763427248549));
#3535 = CARTESIAN_POINT('',(-1.912556327612,-2.777087212094));
#3536 = CARTESIAN_POINT('',(-1.998364594915,-2.790746736454));
#3537 = CARTESIAN_POINT('',(-2.084160931869,-2.804405494089));
#3538 = CARTESIAN_POINT('',(-2.16995785191,-2.818064567643));
#3539 = CARTESIAN_POINT('',(-2.255767631232,-2.83172511951));
#3540 = CARTESIAN_POINT('',(-2.341591233759,-2.845386935747));
#3541 = CARTESIAN_POINT('',(-2.496986459328,-2.870121700759));
#3542 = CARTESIAN_POINT('',(-2.566591346752,-2.881200286521));
#3543 = CARTESIAN_POINT('',(-2.636190338921,-2.892277246344));
#3544 = CARTESIAN_POINT('',(-2.70578392771,-2.903352788445));
#3545 = CARTESIAN_POINT('',(-2.775378321246,-2.914428138393));
#3546 = CARTESIAN_POINT('',(-2.84497928467,-2.925504491287));
#3547 = CARTESIAN_POINT('',(-2.914585800484,-2.936581926579));
#3548 = CARTESIAN_POINT('',(-3.0666068357,-2.960775806435));
#3549 = CARTESIAN_POINT('',(-3.149048488502,-2.973896696872));
#3550 = CARTESIAN_POINT('',(-3.231479578958,-2.987016582353));
#3551 = CARTESIAN_POINT('',(-3.313899160339,-3.00013531258));
#3552 = CARTESIAN_POINT('',(-3.396320118889,-3.013254669447));
#3553 = CARTESIAN_POINT('',(-3.478754679723,-3.026376126356));
#3554 = CARTESIAN_POINT('',(-3.561199566834,-3.039498658843));
#3555 = CARTESIAN_POINT('',(-3.763780257956,-3.071740864497));
#3556 = CARTESIAN_POINT('',(-3.884091769348,-3.090887566452));
#3557 = CARTESIAN_POINT('',(-4.004315515362,-3.110017681209));
#3558 = CARTESIAN_POINT('',(-4.124485252701,-3.129136546363));
#3559 = CARTESIAN_POINT('',(-4.244654861598,-3.14825462524));
#3560 = CARTESIAN_POINT('',(-4.364878550859,-3.167384145793));
#3561 = CARTESIAN_POINT('',(-4.48518607934,-3.186531221383));
#3562 = CARTESIAN_POINT('',(-4.711873029307,-3.222615425573));
#3563 = CARTESIAN_POINT('',(-4.818482929739,-3.239588478205));
#3564 = CARTESIAN_POINT('',(-4.925049657184,-3.256557020982));
#3565 = CARTESIAN_POINT('',(-5.031583672775,-3.273521034934));
#3566 = CARTESIAN_POINT('',(-5.138116738807,-3.290482505444));
#3567 = CARTESIAN_POINT('',(-5.244680713944,-3.307443737384));
#3568 = CARTESIAN_POINT('',(-5.35128846307,-3.324407508298));
#3569 = CARTESIAN_POINT('',(-5.560963194616,-3.357767317445));
#3570 = CARTESIAN_POINT('',(-5.664179274881,-3.374187219061));
#3571 = CARTESIAN_POINT('',(-5.767356767067,-3.390600936692));
#3572 = CARTESIAN_POINT('',(-5.870504806609,-3.407013468456));
#3573 = CARTESIAN_POINT('',(-5.973651452039,-3.423432454518));
#3574 = CARTESIAN_POINT('',(-6.076825736171,-3.439862594974));
#3575 = CARTESIAN_POINT('',(-6.180038369523,-3.456291718595));
#3576 = CARTESIAN_POINT('',(-6.28318530718,-3.472708649489));
#3577 = ( GEOMETRIC_REPRESENTATION_CONTEXT(2) 
PARAMETRIC_REPRESENTATION_CONTEXT() REPRESENTATION_CONTEXT('2D SPACE',''
  ) );
#3578 = ORIENTED_EDGE('',*,*,#3579,.F.);
#3579 = EDGE_CURVE('',#561,#3392,#3580,.T.);
#3580 = SURFACE_CURVE('',#3581,(#3640,#3702),.PCURVE_S1.);
#3581 = B_SPLINE_CURVE_WITH_KNOTS('',8,(#3582,#3583,#3584,#3585,#3586,
    #3587,#3588,#3589,#3590,#3591,#3592,#3593,#3594,#3595,#3596,#3597,
    #3598,#3599,#3600,#3601,#3602,#3603,#3604,#3605,#3606,#3607,#3608,
    #3609,#3610,#3611,#3612,#3613,#3614,#3615,#3616,#3617,#3618,#3619,
    #3620,#3621,#3622,#3623,#3624,#3625,#3626,#3627,#3628,#3629,#3630,
    #3631,#3632,#3633,#3634,#3635,#3636,#3637,#3638,#3639),
  .UNSPECIFIED.,.F.,.F.,(9,7,7,7,7,7,7,7,9),(0.,0.174402405755,
    0.311627860979,0.41564900095,0.52574133623,0.606146619176,
    0.716583733207,0.863319617983,1.),.UNSPECIFIED.);
#3582 = CARTESIAN_POINT('',(3.15,-4.440892098501E-16,1.472708657496));
#3583 = CARTESIAN_POINT('',(3.15,0.431371974158,1.494504662542));
#3584 = CARTESIAN_POINT('',(3.082486677882,0.863597237945,1.516330747528
    ));
#3585 = CARTESIAN_POINT('',(2.946999337928,1.282932361722,1.538123051893
    ));
#3586 = CARTESIAN_POINT('',(2.746975384823,1.677205290008,1.559935729959
    ));
#3587 = CARTESIAN_POINT('',(2.487646399974,2.035279138252,1.581749933851
    ));
#3588 = CARTESIAN_POINT('',(2.176525322151,2.347419271774,1.603574325564
    ));
#3589 = CARTESIAN_POINT('',(1.822829103341,2.604966089804,1.625418963718
    ));
#3590 = CARTESIAN_POINT('',(1.137236432264,2.957089862258,1.66435535544)
  );
#3591 = CARTESIAN_POINT('',(0.815989565835,3.075102682423,1.681511523359
    ));
#3592 = CARTESIAN_POINT('',(0.481065031834,3.153022442269,1.698657731423
    ));
#3593 = CARTESIAN_POINT('',(0.138350687432,3.189180666671,1.715798623237
    ));
#3594 = CARTESIAN_POINT('',(-0.206200659711,3.182834078517,
    1.732942571088));
#3595 = CARTESIAN_POINT('',(-0.546598448845,3.134215344015,
    1.750095354091));
#3596 = CARTESIAN_POINT('',(-0.876847046271,3.044475433441,
    1.767258455823));
#3597 = CARTESIAN_POINT('',(-1.429223480854,2.818866878669,
    1.797411172115));
#3598 = CARTESIAN_POINT('',(-1.658380462603,2.699330956629,
    1.810416750318));
#3599 = CARTESIAN_POINT('',(-1.875995770809,2.55854640426,1.823421242154
    ));
#3600 = CARTESIAN_POINT('',(-2.079787837756,2.397843213025,
    1.836423565178));
#3601 = CARTESIAN_POINT('',(-2.267683804339,2.21881280574,1.849425028225
    ));
#3602 = CARTESIAN_POINT('',(-2.437815138794,2.023282252766,
    1.862427273253));
#3603 = CARTESIAN_POINT('',(-2.588542590514,1.813322274423,
    1.875430047528));
#3604 = CARTESIAN_POINT('',(-2.856063945049,1.356296811349,
    1.902186237531));
#3605 = CARTESIAN_POINT('',(-2.970447838044,1.107637599684,
    1.915947470617));
#3606 = CARTESIAN_POINT('',(-3.0600021157,0.848088735851,1.929705990446)
  );
#3607 = CARTESIAN_POINT('',(-3.123562216075,0.580565973935,
    1.943462557808));
#3608 = CARTESIAN_POINT('',(-3.160373227223,0.308071615846,
    1.957219739879));
#3609 = CARTESIAN_POINT('',(-3.170060989734,3.367864213738E-02,
    1.970979815643));
#3610 = CARTESIAN_POINT('',(-3.152664671009,-0.239473692034,
    1.984742839426));
#3611 = CARTESIAN_POINT('',(-3.076651831663,-0.704458036445,
    2.008550308394));
#3612 = CARTESIAN_POINT('',(-3.030404757917,-0.898423088335,
    2.018600115275));
#3613 = CARTESIAN_POINT('',(-2.970188742561,-1.088872925982,
    2.028649633323));
#3614 = CARTESIAN_POINT('',(-2.896324622628,-1.274634944524,
    2.038698536584));
#3615 = CARTESIAN_POINT('',(-2.809245343076,-1.454580895479,
    2.048747064199));
#3616 = CARTESIAN_POINT('',(-2.709490679609,-1.627628382239,
    2.058795452488));
#3617 = CARTESIAN_POINT('',(-2.597710799773,-1.792746446117,
    2.068843341241));
#3618 = CARTESIAN_POINT('',(-2.305693320902,-2.163532650031,
    2.092687135586));
#3619 = CARTESIAN_POINT('',(-2.11538717835,-2.361429462413,
    2.106488777927));
#3620 = CARTESIAN_POINT('',(-1.905757831813,-2.540068763018,
    2.120287067342));
#3621 = CARTESIAN_POINT('',(-1.679117024093,-2.697281058826,
    2.134082537155));
#3622 = CARTESIAN_POINT('',(-1.43800938575,-2.83125205445,2.147878053521
    ));
#3623 = CARTESIAN_POINT('',(-1.185185697352,-2.94050083808,2.16167666756
    ));
#3624 = CARTESIAN_POINT('',(-0.923610167493,-3.023911733254,
    2.17547934885));
#3625 = CARTESIAN_POINT('',(-0.301551609156,-3.156463466294,
    2.207615324503));
#3626 = CARTESIAN_POINT('',(6.370588440661E-02,-3.185441225147,
    2.225973657157));
#3627 = CARTESIAN_POINT('',(0.431566061642,-3.165943473611,
    2.244324951382));
#3628 = CARTESIAN_POINT('',(0.794541820697,-3.098021004407,
    2.262671549619));
#3629 = CARTESIAN_POINT('',(1.145402861244,-2.982866923044,
    2.281017132284));
#3630 = CARTESIAN_POINT('',(1.477237887507,-2.822916379094,
    2.299364236129));
#3631 = CARTESIAN_POINT('',(1.783462179342,-2.621728096555,2.31771652576
    ));
#3632 = CARTESIAN_POINT('',(2.314079420138,-2.163746936562,
    2.353120993024));
#3633 = CARTESIAN_POINT('',(2.543093981711,-1.911319306112,
    2.370206191969));
#3634 = CARTESIAN_POINT('',(2.740339834252,-1.631395333744,
    2.387283041298));
#3635 = CARTESIAN_POINT('',(2.902112062823,-1.328742868259,
    2.404357526626));
#3636 = CARTESIAN_POINT('',(3.02551850266,-1.008530750959,2.421438916726
    ));
#3637 = CARTESIAN_POINT('',(3.108542827153,-0.676323380194,
    2.438534074554));
#3638 = CARTESIAN_POINT('',(3.15,-0.338032723153,2.455628808349));
#3639 = CARTESIAN_POINT('',(3.15,-4.440892098501E-16,2.47270864935));
#3640 = PCURVE('',#381,#3641);
#3641 = DEFINITIONAL_REPRESENTATION('',(#3642),#3701);
#3642 = B_SPLINE_CURVE_WITH_KNOTS('',8,(#3643,#3644,#3645,#3646,#3647,
    #3648,#3649,#3650,#3651,#3652,#3653,#3654,#3655,#3656,#3657,#3658,
    #3659,#3660,#3661,#3662,#3663,#3664,#3665,#3666,#3667,#3668,#3669,
    #3670,#3671,#3672,#3673,#3674,#3675,#3676,#3677,#3678,#3679,#3680,
    #3681,#3682,#3683,#3684,#3685,#3686,#3687,#3688,#3689,#3690,#3691,
    #3692,#3693,#3694,#3695,#3696,#3697,#3698,#3699,#3700),
  .UNSPECIFIED.,.F.,.F.,(9,7,7,7,7,7,7,7,9),(0.,0.174402405755,
    0.311627860979,0.41564900095,0.52574133623,0.606146619176,
    0.716583733207,0.863319617983,1.),.UNSPECIFIED.);
#3643 = CARTESIAN_POINT('',(5.696253141495E-02,6.362265131567));
#3644 = CARTESIAN_POINT('',(5.696091849992E-02,6.50093217793));
#3645 = CARTESIAN_POINT('',(5.697793272498E-02,6.639847380769));
#3646 = CARTESIAN_POINT('',(5.701833183214E-02,6.778618946557));
#3647 = CARTESIAN_POINT('',(5.699008993562E-02,6.917310896655));
#3648 = CARTESIAN_POINT('',(5.695736445644E-02,7.055998892487));
#3649 = CARTESIAN_POINT('',(5.693253925917E-02,7.19477578529));
#3650 = CARTESIAN_POINT('',(5.692565645291E-02,7.333736184584));
#3651 = CARTESIAN_POINT('',(5.693554778326E-02,7.581489983015));
#3652 = CARTESIAN_POINT('',(5.694769336489E-02,7.690679094517));
#3653 = CARTESIAN_POINT('',(5.696560086977E-02,7.799822402521));
#3654 = CARTESIAN_POINT('',(5.698343748337E-02,7.908931671169));
#3655 = CARTESIAN_POINT('',(5.699465150508E-02,8.018040195852));
#3656 = CARTESIAN_POINT('',(5.699797074701E-02,8.127180866901));
#3657 = CARTESIAN_POINT('',(5.699493291108E-02,8.236367810533));
#3658 = CARTESIAN_POINT('',(5.698307198667E-02,8.428171231059));
#3659 = CARTESIAN_POINT('',(5.697582627233E-02,8.510894081093));
#3660 = CARTESIAN_POINT('',(5.696756110435E-02,8.593606911848));
#3661 = CARTESIAN_POINT('',(5.695980817361E-02,8.67630750548));
#3662 = CARTESIAN_POINT('',(5.695380100123E-02,8.759007949211));
#3663 = CARTESIAN_POINT('',(5.695010068472E-02,8.841720399952));
#3664 = CARTESIAN_POINT('',(5.694856520488E-02,8.924442816835));
#3665 = CARTESIAN_POINT('',(5.694876504851E-02,9.094673400712));
#3666 = CARTESIAN_POINT('',(5.695069716259E-02,9.182231903683));
#3667 = CARTESIAN_POINT('',(5.695384736149E-02,9.269776857196));
#3668 = CARTESIAN_POINT('',(5.69570861657E-02,9.35730965869));
#3669 = CARTESIAN_POINT('',(5.69592508247E-02,9.444843096882));
#3670 = CARTESIAN_POINT('',(5.69597265314E-02,9.532389797189));
#3671 = CARTESIAN_POINT('',(5.695872470963E-02,9.619950749719));
#3672 = CARTESIAN_POINT('',(5.695549668051E-02,9.771410339597));
#3673 = CARTESIAN_POINT('',(5.695367608841E-02,9.835344325894));
#3674 = CARTESIAN_POINT('',(5.695163037248E-02,9.899275788324));
#3675 = CARTESIAN_POINT('',(5.694974377358E-02,9.963203824342));
#3676 = CARTESIAN_POINT('',(5.694844237503E-02,10.027131254238));
#3677 = CARTESIAN_POINT('',(5.694809551407E-02,10.091060707361));
#3678 = CARTESIAN_POINT('',(5.694892802225E-02,10.154990577308));
#3679 = CARTESIAN_POINT('',(5.695371128296E-02,10.306705699202));
#3680 = CARTESIAN_POINT('',(5.695871735699E-02,10.394530666743));
#3681 = CARTESIAN_POINT('',(5.696597904053E-02,10.482341177711));
#3682 = CARTESIAN_POINT('',(5.697485967771E-02,10.570138684572));
#3683 = CARTESIAN_POINT('',(5.698374902492E-02,10.657936514137));
#3684 = CARTESIAN_POINT('',(5.699066152698E-02,10.745748026016));
#3685 = CARTESIAN_POINT('',(5.699412513015E-02,10.833574901775));
#3686 = CARTESIAN_POINT('',(5.699321311334E-02,11.038029719084));
#3687 = CARTESIAN_POINT('',(5.698588078475E-02,11.154807948151));
#3688 = CARTESIAN_POINT('',(5.697072733518E-02,11.271517556241));
#3689 = CARTESIAN_POINT('',(5.694990104826E-02,11.388179995136));
#3690 = CARTESIAN_POINT('',(5.693044722925E-02,11.504840156057));
#3691 = CARTESIAN_POINT('',(5.692255180769E-02,11.621545227879));
#3692 = CARTESIAN_POINT('',(5.69268539411E-02,11.738320474213));
#3693 = CARTESIAN_POINT('',(5.694923678145E-02,11.963641310094));
#3694 = CARTESIAN_POINT('',(5.696635717698E-02,12.072394062722));
#3695 = CARTESIAN_POINT('',(5.698594578636E-02,12.181101216551));
#3696 = CARTESIAN_POINT('',(5.699930504033E-02,12.289774341377));
#3697 = CARTESIAN_POINT('',(5.699715380137E-02,12.398444115653));
#3698 = CARTESIAN_POINT('',(5.697402926791E-02,12.507137553892));
#3699 = CARTESIAN_POINT('',(5.696382083223E-02,12.615867664905));
#3700 = CARTESIAN_POINT('',(5.696254841609E-02,12.724530263135));
#3701 = ( GEOMETRIC_REPRESENTATION_CONTEXT(2) 
PARAMETRIC_REPRESENTATION_CONTEXT() REPRESENTATION_CONTEXT('2D SPACE',''
  ) );
#3702 = PCURVE('',#972,#3703);
#3703 = DEFINITIONAL_REPRESENTATION('',(#3704),#3763);
#3704 = B_SPLINE_CURVE_WITH_KNOTS('',8,(#3705,#3706,#3707,#3708,#3709,
    #3710,#3711,#3712,#3713,#3714,#3715,#3716,#3717,#3718,#3719,#3720,
    #3721,#3722,#3723,#3724,#3725,#3726,#3727,#3728,#3729,#3730,#3731,
    #3732,#3733,#3734,#3735,#3736,#3737,#3738,#3739,#3740,#3741,#3742,
    #3743,#3744,#3745,#3746,#3747,#3748,#3749,#3750,#3751,#3752,#3753,
    #3754,#3755,#3756,#3757,#3758,#3759,#3760,#3761,#3762),
  .UNSPECIFIED.,.F.,.F.,(9,7,7,7,7,7,7,7,9),(0.,0.174402405755,
    0.311627860979,0.41564900095,0.52574133623,0.606146619176,
    0.716583733207,0.863319617983,1.),.UNSPECIFIED.);
#3705 = CARTESIAN_POINT('',(0.,-1.472708657496));
#3706 = CARTESIAN_POINT('',(-0.13694348386,-1.494504662542));
#3707 = CARTESIAN_POINT('',(-0.274156944551,-1.516330747528));
#3708 = CARTESIAN_POINT('',(-0.411198296878,-1.538123051893));
#3709 = CARTESIAN_POINT('',(-0.548151175206,-1.559935729959));
#3710 = CARTESIAN_POINT('',(-0.685107824407,-1.581749933851));
#3711 = CARTESIAN_POINT('',(-0.822156931857,-1.603574325564));
#3712 = CARTESIAN_POINT('',(-0.959390749684,-1.625418963718));
#3713 = CARTESIAN_POINT('',(-1.20406770811,-1.66435535544));
#3714 = CARTESIAN_POINT('',(-1.311901360793,-1.681511523359));
#3715 = CARTESIAN_POINT('',(-1.419689269033,-1.698657731423));
#3716 = CARTESIAN_POINT('',(-1.527442096674,-1.715798623237));
#3717 = CARTESIAN_POINT('',(-1.635193182543,-1.732942571088));
#3718 = CARTESIAN_POINT('',(-1.742976095777,-1.750095354091));
#3719 = CARTESIAN_POINT('',(-1.850805414352,-1.767258455823));
#3720 = CARTESIAN_POINT('',(-2.040225487918,-1.797411172115));
#3721 = CARTESIAN_POINT('',(-2.121920920491,-1.810416750318));
#3722 = CARTESIAN_POINT('',(-2.203607038511,-1.823421242154));
#3723 = CARTESIAN_POINT('',(-2.28528153212,-1.836423565178));
#3724 = CARTESIAN_POINT('',(-2.36695605987,-1.849425028225));
#3725 = CARTESIAN_POINT('',(-2.448642269734,-1.862427273253));
#3726 = CARTESIAN_POINT('',(-2.530337822641,-1.875430047528));
#3727 = CARTESIAN_POINT('',(-2.698453953372,-1.902186237531));
#3728 = CARTESIAN_POINT('',(-2.784924160619,-1.915947470617));
#3729 = CARTESIAN_POINT('',(-2.871380079367,-1.929705990446));
#3730 = CARTESIAN_POINT('',(-2.957823067476,-1.943462557808));
#3731 = CARTESIAN_POINT('',(-3.044266007666,-1.957219739879));
#3732 = CARTESIAN_POINT('',(-3.130721802087,-1.970979815643));
#3733 = CARTESIAN_POINT('',(-3.217191865809,-1.984742839426));
#3734 = CARTESIAN_POINT('',(-3.366765339276,-2.008550308394));
#3735 = CARTESIAN_POINT('',(-3.429903425606,-2.018600115275));
#3736 = CARTESIAN_POINT('',(-3.49303940443,-2.028649633323));
#3737 = CARTESIAN_POINT('',(-3.556172468642,-2.038698536584));
#3738 = CARTESIAN_POINT('',(-3.619305426337,-2.048747064199));
#3739 = CARTESIAN_POINT('',(-3.682440828971,-2.058795452488));
#3740 = CARTESIAN_POINT('',(-3.745576989626,-2.068843341241));
#3741 = CARTESIAN_POINT('',(-3.895409050474,-2.092687135586));
#3742 = CARTESIAN_POINT('',(-3.982144370542,-2.106488777927));
#3743 = CARTESIAN_POINT('',(-4.068865517027,-2.120287067342));
#3744 = CARTESIAN_POINT('',(-4.155573509729,-2.134082537155));
#3745 = CARTESIAN_POINT('',(-4.242281165253,-2.147878053521));
#3746 = CARTESIAN_POINT('',(-4.329001579403,-2.16167666756));
#3747 = CARTESIAN_POINT('',(-4.415736612033,-2.17547934885));
#3748 = CARTESIAN_POINT('',(-4.617649063702,-2.207615324503));
#3749 = CARTESIAN_POINT('',(-4.732974692039,-2.225973657157));
#3750 = CARTESIAN_POINT('',(-4.848232766198,-2.244324951382));
#3751 = CARTESIAN_POINT('',(-4.963445373823,-2.262671549619));
#3752 = CARTESIAN_POINT('',(-5.078657687292,-2.281017132284));
#3753 = CARTESIAN_POINT('',(-5.193914703725,-2.299364236129));
#3754 = CARTESIAN_POINT('',(-5.30923915491,-2.31771652576));
#3755 = CARTESIAN_POINT('',(-5.531756283295,-2.353120993024));
#3756 = CARTESIAN_POINT('',(-5.639153851061,-2.370206191969));
#3757 = CARTESIAN_POINT('',(-5.746504013374,-2.387283041298));
#3758 = CARTESIAN_POINT('',(-5.853819364514,-2.404357526626));
#3759 = CARTESIAN_POINT('',(-5.961133086098,-2.421438916726));
#3760 = CARTESIAN_POINT('',(-6.068479598178,-2.438534074553));
#3761 = CARTESIAN_POINT('',(-6.175873331576,-2.455628808349));
#3762 = CARTESIAN_POINT('',(-6.28318530718,-2.47270864935));
#3763 = ( GEOMETRIC_REPRESENTATION_CONTEXT(2) 
PARAMETRIC_REPRESENTATION_CONTEXT() REPRESENTATION_CONTEXT('2D SPACE',''
  ) );
#3764 = ADVANCED_FACE('',(#3765),#972,.T.);
#3765 = FACE_BOUND('',#3766,.F.);
#3766 = EDGE_LOOP('',(#3767,#3768,#3769,#3770));
#3767 = ORIENTED_EDGE('',*,*,#3579,.F.);
#3768 = ORIENTED_EDGE('',*,*,#958,.T.);
#3769 = ORIENTED_EDGE('',*,*,#1205,.T.);
#3770 = ORIENTED_EDGE('',*,*,#3771,.F.);
#3771 = EDGE_CURVE('',#3392,#1206,#3772,.T.);
#3772 = SURFACE_CURVE('',#3773,(#3777,#3784),.PCURVE_S1.);
#3773 = LINE('',#3774,#3775);
#3774 = CARTESIAN_POINT('',(3.15,0.,0.));
#3775 = VECTOR('',#3776,1.);
#3776 = DIRECTION('',(0.,0.,1.));
#3777 = PCURVE('',#972,#3778);
#3778 = DEFINITIONAL_REPRESENTATION('',(#3779),#3783);
#3779 = LINE('',#3780,#3781);
#3780 = CARTESIAN_POINT('',(-6.28318530718,0.));
#3781 = VECTOR('',#3782,1.);
#3782 = DIRECTION('',(-0.,-1.));
#3783 = ( GEOMETRIC_REPRESENTATION_CONTEXT(2) 
PARAMETRIC_REPRESENTATION_CONTEXT() REPRESENTATION_CONTEXT('2D SPACE',''
  ) );
#3784 = PCURVE('',#1512,#3785);
#3785 = DEFINITIONAL_REPRESENTATION('',(#3786),#3790);
#3786 = LINE('',#3787,#3788);
#3787 = CARTESIAN_POINT('',(-0.,0.));
#3788 = VECTOR('',#3789,1.);
#3789 = DIRECTION('',(-0.,-1.));
#3790 = ( GEOMETRIC_REPRESENTATION_CONTEXT(2) 
PARAMETRIC_REPRESENTATION_CONTEXT() REPRESENTATION_CONTEXT('2D SPACE',''
  ) );
#3791 = ADVANCED_FACE('',(#3792),#2350,.T.);
#3792 = FACE_BOUND('',#3793,.T.);
#3793 = EDGE_LOOP('',(#3794,#3795,#3818));
#3794 = ORIENTED_EDGE('',*,*,#2337,.T.);
#3795 = ORIENTED_EDGE('',*,*,#3796,.T.);
#3796 = EDGE_CURVE('',#2145,#3797,#3799,.T.);
#3797 = VERTEX_POINT('',#3798);
#3798 = CARTESIAN_POINT('',(3.15,0.,8.));
#3799 = SURFACE_CURVE('',#3800,(#3804,#3811),.PCURVE_S1.);
#3800 = LINE('',#3801,#3802);
#3801 = CARTESIAN_POINT('',(3.15,0.,0.));
#3802 = VECTOR('',#3803,1.);
#3803 = DIRECTION('',(0.,0.,1.));
#3804 = PCURVE('',#2350,#3805);
#3805 = DEFINITIONAL_REPRESENTATION('',(#3806),#3810);
#3806 = LINE('',#3807,#3808);
#3807 = CARTESIAN_POINT('',(-0.259654164308,7.999999056052));
#3808 = VECTOR('',#3809,1.);
#3809 = DIRECTION('',(0.,-1.));
#3810 = ( GEOMETRIC_REPRESENTATION_CONTEXT(2) 
PARAMETRIC_REPRESENTATION_CONTEXT() REPRESENTATION_CONTEXT('2D SPACE',''
  ) );
#3811 = PCURVE('',#2577,#3812);
#3812 = DEFINITIONAL_REPRESENTATION('',(#3813),#3817);
#3813 = LINE('',#3814,#3815);
#3814 = CARTESIAN_POINT('',(-0.,0.));
#3815 = VECTOR('',#3816,1.);
#3816 = DIRECTION('',(-0.,-1.));
#3817 = ( GEOMETRIC_REPRESENTATION_CONTEXT(2) 
PARAMETRIC_REPRESENTATION_CONTEXT() REPRESENTATION_CONTEXT('2D SPACE',''
  ) );
#3818 = ORIENTED_EDGE('',*,*,#3819,.F.);
#3819 = EDGE_CURVE('',#988,#3797,#3820,.T.);
#3820 = SURFACE_CURVE('',#3821,(#3825,#3831),.PCURVE_S1.);
#3821 = LINE('',#3822,#3823);
#3822 = CARTESIAN_POINT('',(1.445172917846,3.131427005083E-07,8.));
#3823 = VECTOR('',#3824,1.);
#3824 = DIRECTION('',(1.,-1.836801067531E-07,0.));
#3825 = PCURVE('',#2350,#3826);
#3826 = DEFINITIONAL_REPRESENTATION('',(#3827),#3830);
#3827 = B_SPLINE_CURVE_WITH_KNOTS('',1,(#3828,#3829),.UNSPECIFIED.,.F.,
  .F.,(2,2),(0.838801678375,1.704827082154),.PIECEWISE_BEZIER_KNOTS.);
#3828 = CARTESIAN_POINT('',(0.606371239471,-9.439477208772E-07));
#3829 = CARTESIAN_POINT('',(-0.259654164308,-9.439477208772E-07));
#3830 = ( GEOMETRIC_REPRESENTATION_CONTEXT(2) 
PARAMETRIC_REPRESENTATION_CONTEXT() REPRESENTATION_CONTEXT('2D SPACE',''
  ) );
#3831 = PCURVE('',#2457,#3832);
#3832 = DEFINITIONAL_REPRESENTATION('',(#3833),#3836);
#3833 = B_SPLINE_CURVE_WITH_KNOTS('',1,(#3834,#3835),.UNSPECIFIED.,.F.,
  .F.,(2,2),(0.838801678375,1.704827082154),.PIECEWISE_BEZIER_KNOTS.);
#3834 = CARTESIAN_POINT('',(2.283974596221,1.590715185912E-07));
#3835 = CARTESIAN_POINT('',(3.15,-1.200257736362E-13));
#3836 = ( GEOMETRIC_REPRESENTATION_CONTEXT(2) 
PARAMETRIC_REPRESENTATION_CONTEXT() REPRESENTATION_CONTEXT('2D SPACE',''
  ) );
#3837 = ADVANCED_FACE('',(#3838),#2270,.T.);
#3838 = FACE_BOUND('',#3839,.F.);
#3839 = EDGE_LOOP('',(#3840,#3841,#3862,#3863));
#3840 = ORIENTED_EDGE('',*,*,#2618,.F.);
#3841 = ORIENTED_EDGE('',*,*,#3842,.T.);
#3842 = EDGE_CURVE('',#2619,#1973,#3843,.T.);
#3843 = SURFACE_CURVE('',#3844,(#3848,#3855),.PCURVE_S1.);
#3844 = LINE('',#3845,#3846);
#3845 = CARTESIAN_POINT('',(3.15,0.,0.));
#3846 = VECTOR('',#3847,1.);
#3847 = DIRECTION('',(0.,0.,1.));
#3848 = PCURVE('',#2270,#3849);
#3849 = DEFINITIONAL_REPRESENTATION('',(#3850),#3854);
#3850 = LINE('',#3851,#3852);
#3851 = CARTESIAN_POINT('',(-0.,0.));
#3852 = VECTOR('',#3853,1.);
#3853 = DIRECTION('',(-0.,-1.));
#3854 = ( GEOMETRIC_REPRESENTATION_CONTEXT(2) 
PARAMETRIC_REPRESENTATION_CONTEXT() REPRESENTATION_CONTEXT('2D SPACE',''
  ) );
#3855 = PCURVE('',#2084,#3856);
#3856 = DEFINITIONAL_REPRESENTATION('',(#3857),#3861);
#3857 = LINE('',#3858,#3859);
#3858 = CARTESIAN_POINT('',(-6.28318530718,0.));
#3859 = VECTOR('',#3860,1.);
#3860 = DIRECTION('',(-0.,-1.));
#3861 = ( GEOMETRIC_REPRESENTATION_CONTEXT(2) 
PARAMETRIC_REPRESENTATION_CONTEXT() REPRESENTATION_CONTEXT('2D SPACE',''
  ) );
#3862 = ORIENTED_EDGE('',*,*,#2144,.T.);
#3863 = ORIENTED_EDGE('',*,*,#3864,.F.);
#3864 = EDGE_CURVE('',#2504,#2145,#3865,.T.);
#3865 = SURFACE_CURVE('',#3866,(#3870,#3877),.PCURVE_S1.);
#3866 = LINE('',#3867,#3868);
#3867 = CARTESIAN_POINT('',(3.15,0.,0.));
#3868 = VECTOR('',#3869,1.);
#3869 = DIRECTION('',(0.,0.,1.));
#3870 = PCURVE('',#2270,#3871);
#3871 = DEFINITIONAL_REPRESENTATION('',(#3872),#3876);
#3872 = LINE('',#3873,#3874);
#3873 = CARTESIAN_POINT('',(-6.28318530718,0.));
#3874 = VECTOR('',#3875,1.);
#3875 = DIRECTION('',(-0.,-1.));
#3876 = ( GEOMETRIC_REPRESENTATION_CONTEXT(2) 
PARAMETRIC_REPRESENTATION_CONTEXT() REPRESENTATION_CONTEXT('2D SPACE',''
  ) );
#3877 = PCURVE('',#2577,#3878);
#3878 = DEFINITIONAL_REPRESENTATION('',(#3879),#3883);
#3879 = LINE('',#3880,#3881);
#3880 = CARTESIAN_POINT('',(-0.,0.));
#3881 = VECTOR('',#3882,1.);
#3882 = DIRECTION('',(-0.,-1.));
#3883 = ( GEOMETRIC_REPRESENTATION_CONTEXT(2) 
PARAMETRIC_REPRESENTATION_CONTEXT() REPRESENTATION_CONTEXT('2D SPACE',''
  ) );
#3884 = ADVANCED_FACE('',(#3885),#2084,.T.);
#3885 = FACE_BOUND('',#3886,.F.);
#3886 = EDGE_LOOP('',(#3887,#3888,#3909,#3910));
#3887 = ORIENTED_EDGE('',*,*,#2827,.F.);
#3888 = ORIENTED_EDGE('',*,*,#3889,.T.);
#3889 = EDGE_CURVE('',#2828,#1780,#3890,.T.);
#3890 = SURFACE_CURVE('',#3891,(#3895,#3902),.PCURVE_S1.);
#3891 = LINE('',#3892,#3893);
#3892 = CARTESIAN_POINT('',(3.15,0.,0.));
#3893 = VECTOR('',#3894,1.);
#3894 = DIRECTION('',(0.,0.,1.));
#3895 = PCURVE('',#2084,#3896);
#3896 = DEFINITIONAL_REPRESENTATION('',(#3897),#3901);
#3897 = LINE('',#3898,#3899);
#3898 = CARTESIAN_POINT('',(-0.,0.));
#3899 = VECTOR('',#3900,1.);
#3900 = DIRECTION('',(-0.,-1.));
#3901 = ( GEOMETRIC_REPRESENTATION_CONTEXT(2) 
PARAMETRIC_REPRESENTATION_CONTEXT() REPRESENTATION_CONTEXT('2D SPACE',''
  ) );
#3902 = PCURVE('',#1905,#3903);
#3903 = DEFINITIONAL_REPRESENTATION('',(#3904),#3908);
#3904 = LINE('',#3905,#3906);
#3905 = CARTESIAN_POINT('',(-6.28318530718,0.));
#3906 = VECTOR('',#3907,1.);
#3907 = DIRECTION('',(-0.,-1.));
#3908 = ( GEOMETRIC_REPRESENTATION_CONTEXT(2) 
PARAMETRIC_REPRESENTATION_CONTEXT() REPRESENTATION_CONTEXT('2D SPACE',''
  ) );
#3909 = ORIENTED_EDGE('',*,*,#1972,.T.);
#3910 = ORIENTED_EDGE('',*,*,#3842,.F.);
#3911 = ADVANCED_FACE('',(#3912),#1905,.T.);
#3912 = FACE_BOUND('',#3913,.F.);
#3913 = EDGE_LOOP('',(#3914,#3915,#3936,#3937));
#3914 = ORIENTED_EDGE('',*,*,#3015,.F.);
#3915 = ORIENTED_EDGE('',*,*,#3916,.T.);
#3916 = EDGE_CURVE('',#3016,#1587,#3917,.T.);
#3917 = SURFACE_CURVE('',#3918,(#3922,#3929),.PCURVE_S1.);
#3918 = LINE('',#3919,#3920);
#3919 = CARTESIAN_POINT('',(3.15,0.,0.));
#3920 = VECTOR('',#3921,1.);
#3921 = DIRECTION('',(0.,0.,1.));
#3922 = PCURVE('',#1905,#3923);
#3923 = DEFINITIONAL_REPRESENTATION('',(#3924),#3928);
#3924 = LINE('',#3925,#3926);
#3925 = CARTESIAN_POINT('',(-0.,0.));
#3926 = VECTOR('',#3927,1.);
#3927 = DIRECTION('',(-0.,-1.));
#3928 = ( GEOMETRIC_REPRESENTATION_CONTEXT(2) 
PARAMETRIC_REPRESENTATION_CONTEXT() REPRESENTATION_CONTEXT('2D SPACE',''
  ) );
#3929 = PCURVE('',#1712,#3930);
#3930 = DEFINITIONAL_REPRESENTATION('',(#3931),#3935);
#3931 = LINE('',#3932,#3933);
#3932 = CARTESIAN_POINT('',(-6.28318530718,0.));
#3933 = VECTOR('',#3934,1.);
#3934 = DIRECTION('',(-0.,-1.));
#3935 = ( GEOMETRIC_REPRESENTATION_CONTEXT(2) 
PARAMETRIC_REPRESENTATION_CONTEXT() REPRESENTATION_CONTEXT('2D SPACE',''
  ) );
#3936 = ORIENTED_EDGE('',*,*,#1779,.T.);
#3937 = ORIENTED_EDGE('',*,*,#3889,.F.);
#3938 = ADVANCED_FACE('',(#3939),#1712,.T.);
#3939 = FACE_BOUND('',#3940,.F.);
#3940 = EDGE_LOOP('',(#3941,#3942,#3963,#3964));
#3941 = ORIENTED_EDGE('',*,*,#3203,.F.);
#3942 = ORIENTED_EDGE('',*,*,#3943,.T.);
#3943 = EDGE_CURVE('',#3204,#1373,#3944,.T.);
#3944 = SURFACE_CURVE('',#3945,(#3949,#3956),.PCURVE_S1.);
#3945 = LINE('',#3946,#3947);
#3946 = CARTESIAN_POINT('',(3.15,0.,0.));
#3947 = VECTOR('',#3948,1.);
#3948 = DIRECTION('',(0.,0.,1.));
#3949 = PCURVE('',#1712,#3950);
#3950 = DEFINITIONAL_REPRESENTATION('',(#3951),#3955);
#3951 = LINE('',#3952,#3953);
#3952 = CARTESIAN_POINT('',(-0.,0.));
#3953 = VECTOR('',#3954,1.);
#3954 = DIRECTION('',(-0.,-1.));
#3955 = ( GEOMETRIC_REPRESENTATION_CONTEXT(2) 
PARAMETRIC_REPRESENTATION_CONTEXT() REPRESENTATION_CONTEXT('2D SPACE',''
  ) );
#3956 = PCURVE('',#1512,#3957);
#3957 = DEFINITIONAL_REPRESENTATION('',(#3958),#3962);
#3958 = LINE('',#3959,#3960);
#3959 = CARTESIAN_POINT('',(-6.28318530718,0.));
#3960 = VECTOR('',#3961,1.);
#3961 = DIRECTION('',(-0.,-1.));
#3962 = ( GEOMETRIC_REPRESENTATION_CONTEXT(2) 
PARAMETRIC_REPRESENTATION_CONTEXT() REPRESENTATION_CONTEXT('2D SPACE',''
  ) );
#3963 = ORIENTED_EDGE('',*,*,#1586,.T.);
#3964 = ORIENTED_EDGE('',*,*,#3916,.F.);
#3965 = ADVANCED_FACE('',(#3966),#1512,.T.);
#3966 = FACE_BOUND('',#3967,.F.);
#3967 = EDGE_LOOP('',(#3968,#3969,#3970,#3971));
#3968 = ORIENTED_EDGE('',*,*,#3391,.F.);
#3969 = ORIENTED_EDGE('',*,*,#3771,.T.);
#3970 = ORIENTED_EDGE('',*,*,#1372,.T.);
#3971 = ORIENTED_EDGE('',*,*,#3943,.F.);
#3972 = ADVANCED_FACE('',(#3973),#2577,.T.);
#3973 = FACE_BOUND('',#3974,.F.);
#3974 = EDGE_LOOP('',(#3975,#3976,#3977,#3978));
#3975 = ORIENTED_EDGE('',*,*,#2503,.F.);
#3976 = ORIENTED_EDGE('',*,*,#3864,.T.);
#3977 = ORIENTED_EDGE('',*,*,#3796,.T.);
#3978 = ORIENTED_EDGE('',*,*,#3979,.T.);
#3979 = EDGE_CURVE('',#3797,#2374,#3980,.T.);
#3980 = SURFACE_CURVE('',#3981,(#3986,#3993),.PCURVE_S1.);
#3981 = CIRCLE('',#3982,3.15);
#3982 = AXIS2_PLACEMENT_3D('',#3983,#3984,#3985);
#3983 = CARTESIAN_POINT('',(0.,0.,8.));
#3984 = DIRECTION('',(0.,0.,1.));
#3985 = DIRECTION('',(1.,0.,0.));
#3986 = PCURVE('',#2577,#3987);
#3987 = DEFINITIONAL_REPRESENTATION('',(#3988),#3992);
#3988 = LINE('',#3989,#3990);
#3989 = CARTESIAN_POINT('',(-0.,-8.));
#3990 = VECTOR('',#3991,1.);
#3991 = DIRECTION('',(-1.,0.));
#3992 = ( GEOMETRIC_REPRESENTATION_CONTEXT(2) 
PARAMETRIC_REPRESENTATION_CONTEXT() REPRESENTATION_CONTEXT('2D SPACE',''
  ) );
#3993 = PCURVE('',#2457,#3994);
#3994 = DEFINITIONAL_REPRESENTATION('',(#3995),#3999);
#3995 = CIRCLE('',#3996,3.15);
#3996 = AXIS2_PLACEMENT_2D('',#3997,#3998);
#3997 = CARTESIAN_POINT('',(1.08526994646E-16,-8.84660753815E-17));
#3998 = DIRECTION('',(1.,0.));
#3999 = ( GEOMETRIC_REPRESENTATION_CONTEXT(2) 
PARAMETRIC_REPRESENTATION_CONTEXT() REPRESENTATION_CONTEXT('2D SPACE',''
  ) );
#4000 = ADVANCED_FACE('',(#4001),#2457,.T.);
#4001 = FACE_BOUND('',#4002,.T.);
#4002 = EDGE_LOOP('',(#4003,#4004,#4005));
#4003 = ORIENTED_EDGE('',*,*,#3819,.T.);
#4004 = ORIENTED_EDGE('',*,*,#3979,.T.);
#4005 = ORIENTED_EDGE('',*,*,#2373,.F.);
#4006 = ( GEOMETRIC_REPRESENTATION_CONTEXT(3) 
GLOBAL_UNCERTAINTY_ASSIGNED_CONTEXT((#4010)) 
GLOBAL_UNIT_ASSIGNED_CONTEXT((#4007,#4008,#4009)) REPRESENTATION_CONTEXT
('Context #1','3D Context with UNIT and UNCERTAINTY') );
#4007 = ( LENGTH_UNIT() NAMED_UNIT(*) SI_UNIT(.MILLI.,.METRE.) );
#4008 = ( NAMED_UNIT(*) PLANE_ANGLE_UNIT() SI_UNIT($,.RADIAN.) );
#4009 = ( NAMED_UNIT(*) SI_UNIT($,.STERADIAN.) SOLID_ANGLE_UNIT() );
#4010 = UNCERTAINTY_MEASURE_WITH_UNIT(LENGTH_MEASURE(5.E-06),#4007,
  'distance_accuracy_value','confusion accuracy');
#4011 = PRODUCT_RELATED_PRODUCT_CATEGORY('part',$,(#7));
ENDSEC;
END-ISO-10303-21;
