; generated by PrusaSlicer 2.9.2 on 2026-08-25 at 13:02:22 UTC

; 

; external perimeters extrusion width = 0.45mm
; perimeters extrusion width = 0.45mm
; infill extrusion width = 0.45mm
; solid infill extrusion width = 0.45mm
; top infill extrusion width = 0.40mm
; first layer extrusion width = 0.70mm

M104 S200 ; set temperature
;TYPE:Custom
G28 ; home all axes
G1 Z5 F5000 ; lift nozzle
M109 S200 ; set temperature and wait for it to be reached
G21 ; set units to millimeters
G90 ; use absolute coordinates
M82 ; use absolute distances for extrusion
G92 E0
; Filament gcode
M107
;LAYER_CHANGE
;Z:0.35
;HEIGHT:0.35
G1 E-2 F2400
G92 E0
G1 Z.35 F7800
G1 X90.225 Y90.871
G1 E2 F2400
;TYPE:Skirt/Brim
;WIDTH:0.7
G1 F1800
G1 X91.966 Y89.465 E2.20349
G1 X95 Y88.688 E2.48827
G1 X105 Y88.688 E3.39757
G1 X107.203 Y89.084 E3.6011
G1 X109.129 Y90.225 E3.80466
G1 X110.535 Y91.966 E4.00815
G1 X111.312 Y95 E4.29293
G1 X111.312 Y105 E5.20223
G1 X110.916 Y107.203 E5.40576
G1 X109.775 Y109.129 E5.60932
G1 X108.034 Y110.535 E5.81281
G1 X105 Y111.312 E6.09759
G1 X95 Y111.312 E7.00689
G1 X92.797 Y110.916 E7.21042
G1 X90.871 Y109.775 E7.41398
G1 X89.465 Y108.034 E7.61747
G1 X88.688 Y105 E7.90225
G1 X88.688 Y95 E8.81155
G1 X89.084 Y92.797 E9.01508
G1 X90.194 Y90.923 E9.21313
G1 E7.21313 F2400
G92 E0
G92 E0
G1 X103.673 Y100.682 F7800
G1 E2 F2400
;TYPE:Perimeter
;WIDTH:0.7
G1 F1800
G1 X103.379 Y100.911 E2.03389
G1 X103.206 Y100.957 E2.05017
G1 X102.864 Y101.603 E2.11663
G1 X102.377 Y102.166 E2.18432
G1 X101.685 Y102.646 E2.2609
G1 X101.097 Y102.951 E2.32113
G1 X100.574 Y103.145 E2.37185
;WIDTH:0.742492
G1 X100.357 Y103.211 E2.39388
;WIDTH:0.784984
G1 X100.141 Y103.278 E2.41724
G1 X99.558 Y103.294 E2.47748
;WIDTH:0.781326
G1 X99.365 Y103.284 E2.49734
G1 X99.033 Y103.193 E2.53272
;WIDTH:0.740663
G1 X98.701 Y103.103 E2.56603
;WIDTH:0.7
G1 X98.074 Y102.829 E2.62825
G1 X97.528 Y102.448 E2.68879
G1 X97.15 Y102.071 E2.73733
G1 X96.636 Y101.274 E2.82356
G1 X96.534 Y101.036 E2.8471
G1 X96.485 Y100.79 E2.86991
;WIDTH:0.665533
G1 X96.435 Y100.545 E2.89139
;WIDTH:0.631067
G1 X96.386 Y100.299 E2.91168
;WIDTH:0.596601
G1 X96.375 Y99.936 E2.93924
;WIDTH:0.569737
G1 X96.364 Y99.574 E2.96531
;WIDTH:0.590685
G1 X96.433 Y98.879 E3.01771
;WIDTH:0.620807
G1 X96.439 Y98.793 E3.02456
;WIDTH:0.65093
G1 X96.446 Y98.707 E3.03179
;WIDTH:0.7
G1 X96.608 Y98.183 E3.08166
G1 X96.973 Y97.535 E3.14929
G1 X97.457 Y96.965 E3.21728
G1 X98 Y96.568 E3.27844
G1 X98.639 Y96.269 E3.34259
G1 X98.786 Y96.217 E3.35677
G1 X98.879 Y96.216 E3.36523
;WIDTH:0.657113
G1 X98.971 Y96.215 E3.37302
;WIDTH:0.614227
G1 X99.063 Y96.214 E3.38024
;WIDTH:0.571341
G1 X99.155 Y96.213 E3.38688
;WIDTH:0.528454
G1 X99.247 Y96.212 E3.39295
;WIDTH:0.485568
G1 X99.339 Y96.211 E3.39845
;WIDTH:0.442682
G1 X99.839 Y96.172 E3.42527
;WIDTH:0.443201
G1 X100.656 Y96.214 E3.46909
;WIDTH:0.487824
G1 X100.717 Y96.203 E3.47281
;WIDTH:0.532448
G1 X100.779 Y96.192 E3.477
;WIDTH:0.577072
G1 X100.84 Y96.181 E3.48153
;WIDTH:0.618048
G1 X101.033 Y96.217 E3.49704
;WIDTH:0.659024
G1 X101.225 Y96.254 E3.51365
;WIDTH:0.7
G1 X101.418 Y96.29 E3.5315
G1 X102.105 Y96.632 E3.60128
G1 X102.715 Y97.101 E3.67125
G1 X103.224 Y97.682 E3.74149
G1 X103.638 Y98.408 E3.81748
G1 X103.71 Y98.584 E3.83477
G1 X103.746 Y98.778 E3.85271
;WIDTH:0.656708
G1 X103.781 Y98.973 E3.86948
;WIDTH:0.613417
G1 X103.817 Y99.167 E3.88494
;WIDTH:0.570126
G1 X103.807 Y99.225 E3.88918
;WIDTH:0.527774
G1 X103.797 Y99.283 E3.89306
;WIDTH:0.485422
G1 X103.786 Y99.342 E3.89664
;WIDTH:0.443071
G1 X103.83 Y99.963 E3.92997
;WIDTH:0.461548
G1 X103.826 Y100.066 E3.93577
;WIDTH:0.509238
G1 X103.821 Y100.169 E3.94228
;WIDTH:0.556929
G1 X103.817 Y100.272 E3.94951
;WIDTH:0.604619
G1 X103.813 Y100.375 E3.95745
;WIDTH:0.652309
G1 X103.808 Y100.477 E3.96603
;WIDTH:0.7
G1 X103.804 Y100.58 E3.9754
G1 X103.72 Y100.645 E3.98506
G1 X103.248 Y100.246 F7800
;TYPE:External perimeter
G1 F1800
G1 X103.077 Y100.348 E4.00317
G1 X102.725 Y100.35 E4.03518
G1 X102.59 Y100.818 E4.07947
G1 X102.32 Y101.295 E4.12931
G1 X101.918 Y101.741 E4.18391
G1 X101.347 Y102.12 E4.24623
G1 X100.813 Y102.394 E4.30081
G1 X100.447 Y102.533 E4.33641
G1 X99.977 Y102.625 E4.37996
G1 X99.483 Y102.629 E4.42488
G1 X98.934 Y102.523 E4.47572
G1 X98.42 Y102.309 E4.52635
G1 X97.961 Y101.998 E4.57676
G1 X97.592 Y101.629 E4.62421
G1 X97.171 Y100.95 E4.69686
G1 X96.939 Y100.148 E4.77278
G1 X96.91 Y99.555 E4.82677
G1 X96.996 Y98.967 E4.88081
G1 X97.196 Y98.395 E4.93591
G1 X97.51 Y97.854 E4.99279
G1 X97.924 Y97.381 E5.04995
G1 X98.346 Y97.088 E5.09666
G1 X98.893 Y96.84 E5.15127
G1 X99.401 Y96.705 E5.19907
G1 X99.918 Y96.651 E5.24634
G1 X100.615 Y96.709 E5.30994
G1 X101.238 Y96.889 E5.36891
G1 X101.814 Y97.185 E5.4278
G1 X102.323 Y97.588 E5.48683
G1 X102.746 Y98.083 E5.54604
G1 X103.087 Y98.704 E5.61046
G1 X103.28 Y99.328 E5.66985
G1 X103.35 Y100.008 E5.73201
G1 X103.296 Y100.213 E5.75129
G1 X102.915 Y100.336 F7800
G1 E3.75129 F2400
G92 E0
G1 X103.513 Y97.229 F7800
G1 E2 F2400
;TYPE:Perimeter
;WIDTH:0.474236
G1 F1800
G1 X103.17 Y96.825 E2.03078
G1 X102.769 Y96.487 E2.06124
G1 X103.513 Y96.487 E2.10445
G1 X103.513 Y96.686 E2.11601
G1 X103.513 Y97.169 E2.14406
G1 E.14406 F2400
G92 E0
G1 X97.206 Y96.497 F7800
G1 E2 F2400
;WIDTH:0.494673
G1 F1800
G1 X96.864 Y96.846 E2.02983
G1 X96.497 Y97.313 E2.06609
G1 X96.497 Y96.497 E2.11591
G1 X97.146 Y96.497 E2.15553
G1 E.15553 F2400
G92 E0
G1 X97.866 Y103.41 F7800
G1 E2 F2400
;WIDTH:0.679462
G1 F1800
G1 X96.59 Y103.41 E2.11221
G1 X96.59 Y102.344 E2.20596
G1 X96.716 Y102.505 E2.22394
G1 X97.32 Y103.066 E2.29643
G1 X97.815 Y103.378 E2.34789
G1 E.34789 F2400
G92 E0
G1 X103.355 Y102.06 F7800
G1 E2 F2400
;WIDTH:0.791111
G1 F1800
G1 X103.355 Y103.355 E2.13492
G1 X101.781 Y103.355 E2.29891
G1 X102.048 Y103.209 E2.33062
G1 X102.559 Y102.881 E2.39388
G1 X102.869 Y102.621 E2.43603
G1 X103.315 Y102.105 E2.50709
G1 E.50709 F2400
G92 E0
G1 X104.025 Y104.025 F7800
G1 E2 F2400
;WIDTH:0.7
G1 F1800
G1 X100.893 Y104.025 E2.28479
;WIDTH:0.742492
G1 X100.547 Y104.004 E2.31845
;WIDTH:0.784984
G1 X100.202 Y103.983 E2.35415
G1 X99.539 Y103.99 E2.42264
;WIDTH:0.77075
G1 X99.173 Y104.007 E2.45973
;WIDTH:0.735375
G1 X98.807 Y104.025 E2.49494
;WIDTH:0.7
G1 X95.975 Y104.025 E2.75245
G1 X95.975 Y101.111 E3.01742
G1 X95.95 Y100.775 E3.04806
;WIDTH:0.650588
G1 X95.925 Y100.439 E3.07627
;WIDTH:0.601176
G1 X95.901 Y100.103 E3.10206
;WIDTH:0.551765
G1 X95.899 Y99.375 E3.15255
;WIDTH:0.583063
G1 X95.916 Y99.123 E3.17122
;WIDTH:0.616996
G1 X95.933 Y98.872 E3.19106
;WIDTH:0.65093
G1 X95.95 Y98.62 E3.21222
;WIDTH:0.7
G1 X95.975 Y98.073 E3.26201
G1 X95.975 Y95.975 E3.45278
G1 X98.756 Y95.975 E3.70566
G1 X98.86 Y95.953 E3.71533
;WIDTH:0.656277
G1 X98.964 Y95.931 E3.72432
;WIDTH:0.612554
G1 X99.068 Y95.909 E3.73263
;WIDTH:0.568831
G1 X99.172 Y95.887 E3.74027
;WIDTH:0.525108
G1 X99.276 Y95.866 E3.74722
;WIDTH:0.481385
G1 X99.38 Y95.844 E3.7535
;WIDTH:0.437663
G1 X99.999 Y95.832 E3.78616
;WIDTH:0.443201
G1 X100.672 Y95.846 E3.82221
;WIDTH:0.487824
G1 X100.741 Y95.869 E3.82658
;WIDTH:0.532448
G1 X100.81 Y95.891 E3.8314
;WIDTH:0.577072
G1 X100.879 Y95.913 E3.83669
;WIDTH:0.618048
G1 X101.074 Y95.934 E3.85218
;WIDTH:0.659024
G1 X101.269 Y95.954 E3.86884
;WIDTH:0.7
G1 X101.464 Y95.975 E3.88667
G1 X104.025 Y95.975 E4.11954
G1 X104.025 Y96.686 E4.18419
G1 X104.025 Y98.538 E4.35259
G1 X104.047 Y98.734 E4.37052
;WIDTH:0.656708
G1 X104.068 Y98.931 E4.38729
;WIDTH:0.613417
G1 X104.09 Y99.127 E4.40274
;WIDTH:0.570126
G1 X104.111 Y99.193 E4.40773
;WIDTH:0.527774
G1 X104.132 Y99.259 E4.41229
;WIDTH:0.485422
G1 X104.154 Y99.324 E4.41639
;WIDTH:0.443071
G1 X104.166 Y100.205 E4.46357
;WIDTH:0.465857
G1 X104.142 Y100.279 E4.46799
;WIDTH:0.512686
G1 X104.119 Y100.354 E4.47298
;WIDTH:0.559514
G1 X104.095 Y100.428 E4.47846
;WIDTH:0.606343
G1 X104.072 Y100.502 E4.48445
;WIDTH:0.653171
G1 X104.049 Y100.576 E4.49097
;WIDTH:0.7
G1 X104.025 Y100.651 E4.49813
G1 X104.025 Y103.965 E4.79947
G1 X104.65 Y104.65 F7800
;TYPE:External perimeter
G1 F1800
G1 X95.35 Y104.65 E5.64511
G1 X95.35 Y95.35 E6.49075
G1 X104.65 Y95.35 E7.33639
G1 X104.65 Y96.686 E7.45787
G1 X104.65 Y104.59 E8.17658
G1 X104.254 Y104.649 F7800
;LAYER_CHANGE
;Z:0.55
;HEIGHT:0.2
G1 E6.17658 F2400
G92 E0
G1 Z.55 F7800
G1 X103.604 Y100.115
G1 E2 F2400
;TYPE:Perimeter
;WIDTH:0.449999
G1 F900
G1 X103.574 Y100.284 E2.00581
G1 X103.367 Y100.986 E2.03058
G1 X102.992 Y101.697 E2.05779
G1 X102.573 Y102.2 E2.07995
G1 X102.086 Y102.597 E2.10122
G1 X101.546 Y102.89 E2.12202
G1 X101.072 Y103.046 E2.13891
G1 X100.353 Y103.144 E2.16347
G1 X99.743 Y103.099 E2.18417
G1 X99.075 Y102.899 E2.20777
G1 X98.576 Y102.629 E2.22697
G1 X98.094 Y102.221 E2.24835
G1 X97.755 Y101.794 E2.2668
G1 X97.513 Y101.33 E2.28451
G1 X97.266 Y100.601 E2.31056
G1 X97.145 Y100.037 E2.33009
G1 X97.146 Y99.372 E2.3526
G1 X97.353 Y98.59 E2.37998
G1 X97.671 Y98.007 E2.40246
G1 X98.048 Y97.565 E2.42212
G1 X98.505 Y97.2 E2.44192
G1 X99.033 Y96.92 E2.46215
G1 X99.616 Y96.74 E2.4828
G1 X100.201 Y96.673 E2.50273
G1 X100.894 Y96.726 E2.52626
G1 X101.519 Y96.903 E2.54825
G1 X102.104 Y97.198 E2.57043
G1 X102.597 Y97.577 E2.59148
G1 X103.084 Y98.116 E2.61607
G1 X103.357 Y98.619 E2.63544
G1 X103.556 Y99.273 E2.65858
G1 X103.631 Y99.966 E2.68217
G1 X103.614 Y100.056 E2.68527
G1 X103.218 Y100.041 F7800
;TYPE:External perimeter
G1 F900
G1 X103.203 Y100.115 E2.68783
G1 X103.166 Y100.138 E2.6893
G1 X102.976 Y100.87 E2.7149
G1 X102.635 Y101.501 E2.73918
G1 X102.266 Y101.933 E2.75841
G1 X101.834 Y102.277 E2.7771
G1 X101.358 Y102.528 E2.79531
G1 X101.018 Y102.643 E2.80746
G1 X100.298 Y102.741 E2.83206
G1 X99.784 Y102.694 E2.84953
G1 X99.199 Y102.512 E2.87027
G1 X98.744 Y102.252 E2.88801
G1 X98.363 Y101.915 E2.90523
G1 X98.06 Y101.516 E2.92219
G1 X97.839 Y101.039 E2.93998
;TYPE:Overhang perimeter
;WIDTH:0.4
;HEIGHT:0.4
G1 X97.653 Y100.474 E2.97106
G1 X97.544 Y99.954 E2.99882
G1 X97.553 Y99.383 E3.02866
G1 X97.743 Y98.703 E3.06555
G1 X98.023 Y98.212 E3.09508
G1 X98.38 Y97.81 E3.12317
G1 X98.785 Y97.502 E3.14975
G1 X99.072 Y97.359 E3.1665
;TYPE:External perimeter
;WIDTH:0.449999
;HEIGHT:0.2
G1 X99.253 Y97.269 E3.17334
G1 X99.751 Y97.126 E3.19088
G1 X100.26 Y97.077 E3.20819
G1 X100.857 Y97.132 E3.22848
G1 X101.401 Y97.293 E3.24768
G1 X101.915 Y97.558 E3.26725
G1 X102.343 Y97.895 E3.28569
G1 X102.775 Y98.381 E3.3077
G1 X103.007 Y98.837 E3.32502
G1 X103.165 Y99.386 E3.34436
G1 X103.223 Y99.982 E3.36463
G1 X103.109 Y100.366 F7800
G1 E1.36463 F2400
G92 E0
G1 X103.961 Y103.961 F7800
G1 E2 F2400
;TYPE:Perimeter
G1 F3600
G1 X101.701 Y103.961 E2.0765
;WIDTH:0.47661
G1 X101.431 Y103.948 E2.08625
;WIDTH:0.503221
G1 X101.162 Y103.934 E2.09656
G1 X100.655 Y103.947 E2.11597
;WIDTH:0.477435
G1 X100.148 Y103.96 E2.13429
;WIDTH:0.458492
G1 X98.845 Y103.961 E2.17932
;WIDTH:0.449999
G1 X96.039 Y103.961 E2.2743
G1 X96.039 Y100.7 E2.38468
;WIDTH:0.494609
G1 X96.061 Y100.53 E2.39112
;WIDTH:0.539219
G1 X96.084 Y100.361 E2.39816
;WIDTH:0.583828
G1 X96.106 Y100.192 E2.40583
;WIDTH:0.589741
G1 X96.109 Y99.876 E2.4202
;WIDTH:0.624058
G1 X96.126 Y99 E2.46254
G1 X96.104 Y98.836 E2.47054
;WIDTH:0.580544
G1 X96.083 Y98.673 E2.47789
;WIDTH:0.537029
G1 X96.061 Y98.509 E2.48469
;WIDTH:0.493514
G1 X96.039 Y98.346 E2.49085
;WIDTH:0.449999
G1 X96.039 Y96.039 E2.56894
G1 X98.963 Y96.039 E2.66791
G1 X99.319 Y96.023 E2.67997
;WIDTH:0.416917
G1 X99.675 Y96.006 E2.69105
;WIDTH:0.383834
G1 X100.364 Y95.995 E2.71058
;WIDTH:0.392736
G1 X100.773 Y96.011 E2.72249
;WIDTH:0.424701
G1 X101.181 Y96.027 E2.73545
;WIDTH:0.449999
G1 X103.961 Y96.039 E2.82955
G1 X103.961 Y96.723 E2.8527
G1 X103.972 Y99.351 E2.94166
;WIDTH:0.438471
G1 X103.942 Y99.162 E2.94795
;WIDTH:0.449999
G1 X103.721 Y98.437 E2.97361
G1 X103.394 Y97.852 E2.9963
G1 X102.85 Y97.258 E3.02356
G1 X102.293 Y96.838 E3.04717
G1 X101.638 Y96.514 E3.07191
G1 X101.283 Y96.433 E3.08424
;WIDTH:0.418806
G1 X100.929 Y96.352 E3.09559
;WIDTH:0.387613
G1 X100.166 Y96.312 E3.11749
;WIDTH:0.408981
G1 X99.509 Y96.368 E3.13756
;WIDTH:0.449999
G1 X98.849 Y96.557 E3.1608
G1 X98.256 Y96.877 E3.18361
G1 X97.744 Y97.295 E3.20598
G1 X97.319 Y97.802 E3.22837
G1 X96.962 Y98.477 E3.25422
;WIDTH:0.493514
G1 X96.895 Y98.628 E3.26041
;WIDTH:0.537029
G1 X96.829 Y98.779 E3.26718
;WIDTH:0.580544
G1 X96.762 Y98.929 E3.27452
;WIDTH:0.624058
G1 X96.696 Y99.08 E3.28248
G1 X96.666 Y99.359 E3.29604
;WIDTH:0.596693
G1 X96.681 Y100.133 E3.33169
;WIDTH:0.583828
G1 X96.747 Y100.331 E3.34108
;WIDTH:0.539219
G1 X96.813 Y100.53 E3.34973
;WIDTH:0.494609
G1 X96.88 Y100.729 E3.35762
;WIDTH:0.449999
G1 X97.149 Y101.511 E3.38561
G1 X97.431 Y102.039 E3.40587
G1 X97.824 Y102.526 E3.42705
G1 X98.373 Y102.982 E3.45121
G1 X98.951 Y103.287 E3.47333
;WIDTH:0.475242
G1 X99.701 Y103.517 E3.50153
G1 X100.408 Y103.549 E3.52697
;WIDTH:0.480587
G1 X100.789 Y103.511 E3.5409
;WIDTH:0.507037
G1 X101.171 Y103.472 E3.55572
G1 X101.452 Y103.361 E3.56738
;WIDTH:0.478518
G1 X101.733 Y103.251 E3.57831
;WIDTH:0.449999
G1 X102.338 Y102.917 E3.6017
G1 X102.88 Y102.467 E3.62555
G1 X103.349 Y101.893 E3.65064
G1 X103.757 Y101.102 E3.68077
G1 X103.875 Y100.647 E3.69668
;WIDTH:0.417762
G1 X103.993 Y100.192 E3.71133
;WIDTH:0.416929
G1 X103.977 Y100.385 E3.71735
;WIDTH:0.448333
G1 X103.962 Y100.577 E3.72384
;WIDTH:0.449999
G1 X103.961 Y103.901 E3.83635
G1 E1.83635 F2400
G92 E0
G1 X103.972 Y99.351 F7800
G1 E2 F2400
;WIDTH:0.427766
G1 F900
G1 X103.985 Y99.642 E2.00932
;WIDTH:0.401266
G1 X103.998 Y99.932 E2.01797
;WIDTH:0.385524
G1 X103.993 Y100.192 E2.02538
G1 E.02538 F2400
G92 E0
G1 X104.368 Y104.368 F7800
G1 E2 F2400
;WIDTH:0.449999
G1 F900
G1 X95.632 Y104.368 E2.2957
G1 X95.632 Y95.632 E2.5914
G1 X104.368 Y95.632 E2.8871
G1 X104.368 Y96.723 E2.92403
G1 X104.368 Y104.308 E3.18077
G1 X104.775 Y104.775 F7800
;TYPE:External perimeter
G1 F900
G1 X95.225 Y104.775 E3.50403
G1 X95.225 Y95.225 E3.82729
G1 X104.775 Y95.225 E4.15055
G1 X104.775 Y96.723 E4.20126
G1 X104.775 Y104.715 E4.47178
G1 X104.379 Y104.774 F7800
G1 E2.47178 F2400
G92 E0
G1 X103.615 Y102.021 F7800
G1 E2 F2400
;TYPE:Solid infill
G1 F1200
G1 X103.656 Y102.053 E2.00176
G1 X103.656 Y103.656 E2.05602
G1 X101.657 Y103.65 E2.12368
G1 X101.694 Y103.592 E2.12601
G1 X102.341 Y103.276 E2.15038
G1 X102.95 Y102.82 E2.17613
G1 X103.448 Y102.279 E2.20102
G1 X103.504 Y102.192 E2.20452
G1 X103.262 Y103.186 F7800
;WIDTH:0.54269
G1 F1200
G1 X103.218 Y103.142 E2.20711
G1 X103.158 Y103.158 E2.20969
G1 X103.142 Y103.218 E2.21227
G1 X103.186 Y103.262 E2.21486
G1 X103.246 Y103.246 E2.21744
G1 E.21744 F2400
G92 E0
G1 X103.303 Y96.761 F7800
G1 E2 F2400
;WIDTH:0.40475
G1 F1200
G1 X103.259 Y96.773 E2.00137
G1 X103.239 Y96.697 E2.00373
G1 X103.315 Y96.717 E2.00609
;WIDTH:0.449999
G1 X103.452 Y96.344 E2.01954
G1 X102.078 Y96.344 E2.06605
G1 X102.085 Y96.388 E2.06756
G1 X102.621 Y96.689 E2.08837
G1 X103.023 Y97.023 E2.10606
G1 X103.261 Y97.226 E2.11665
G1 X103.656 Y97.688 E2.13722
G1 X103.656 Y96.344 E2.18271
G1 E.18271 F2400
G92 E0
G1 X96.344 Y96.344 F7800
G1 E2 F2400
G1 F1200
G1 X98.523 Y96.344 E2.07376
G1 X98.516 Y96.389 E2.0753
G1 X98.061 Y96.642 E2.09292
G1 X97.508 Y97.1 E2.11722
G1 X97.053 Y97.652 E2.14143
G1 X96.453 Y98.742 E2.18355
G1 X96.344 Y98.332 E2.19791
G1 X96.344 Y96.548 E2.2583
G1 X97.136 Y96.732 E2.28582
;WIDTH:0.411701
G1 X96.732 Y96.732 E2.29821
G1 X96.732 Y97.437 E2.31983
G1 X97.059 Y97.035 E2.33572
G1 X97.34 Y96.732 E2.34839
G1 E.34839 F2400
G92 E0
G1 X96.422 Y100.428 F7800
G1 E2 F2400
;WIDTH:0.449999
G1 F1200
G1 X96.559 Y100.704 E2.01043
G1 X96.881 Y101.659 E2.04454
G1 X97.173 Y102.201 E2.06538
G1 X97.494 Y102.623 E2.08333
G1 X98.029 Y103.109 E2.1078
G1 X98.594 Y103.46 E2.13031
G1 X98.984 Y103.609 E2.14444
G1 X98.956 Y103.652 E2.14618
G1 X96.344 Y103.656 E2.23459
G1 X96.344 Y100.739 E2.33333
G1 X96.373 Y100.626 E2.33728
G1 X96.767 Y102.336 F7800
;WIDTH:0.480049
G1 F1200
G1 X97.153 Y102.875 E2.36138
G1 X97.535 Y103.233 E2.38041
G1 X96.767 Y103.233 E2.40832
G1 X96.767 Y102.54 E2.43351
;LAYER_CHANGE
;Z:0.75
;HEIGHT:0.2
G1 E.43351 F2400
G92 E0
G1 Z.75 F7800
G1 X103.391 Y99.929
G1 E2 F2400
;TYPE:Perimeter
;WIDTH:0.449999
G1 F900
G1 X103.413 Y100.067 E2.00473
G1 X103.395 Y100.711 E2.02654
G1 X103.312 Y101.147 E2.04156
G1 X103.134 Y101.668 E2.0602
G1 X102.688 Y102.424 E2.08991
G1 X102.161 Y102.917 E2.11434
G1 X101.645 Y103.236 E2.13487
G1 X101.019 Y103.436 E2.15711
G1 X100.508 Y103.506 E2.17457
G1 X99.859 Y103.485 E2.19655
G1 X99.223 Y103.344 E2.2186
G1 X98.637 Y103.092 E2.24019
G1 X98.12 Y102.742 E2.26132
G1 X97.708 Y102.329 E2.28107
G1 X97.317 Y101.766 E2.30427
G1 X97.087 Y101.219 E2.32436
G1 X96.953 Y100.522 E2.34838
G1 X97.005 Y99.696 E2.37639
G1 X97.257 Y98.957 E2.40282
G1 X97.705 Y98.303 E2.42965
G1 X98.107 Y97.934 E2.44812
G1 X98.62 Y97.559 E2.46963
G1 X99.242 Y97.231 E2.49343
G1 X100.068 Y97.047 E2.52207
G1 X100.691 Y97.062 E2.54316
G1 X101.244 Y97.19 E2.56237
G1 X101.765 Y97.423 E2.58169
G1 X102.342 Y97.836 E2.60571
G1 X102.769 Y98.301 E2.62708
G1 X103.087 Y98.828 E2.64791
G1 X103.315 Y99.45 E2.67033
G1 X103.382 Y99.87 E2.68473
G1 X102.988 Y99.975 F7800
;TYPE:External perimeter
G1 F900
G1 X103.01 Y100.124 E2.68983
G1 X102.988 Y100.692 E2.70907
G1 X102.927 Y101.015 E2.7202
G1 X102.749 Y101.536 E2.73884
G1 X102.341 Y102.211 E2.76554
G1 X101.895 Y102.609 E2.78577
G1 X101.436 Y102.886 E2.80392
G1 X100.907 Y103.044 E2.82261
G1 X100.425 Y103.103 E2.83905
G1 X99.878 Y103.078 E2.85758
G1 X99.318 Y102.948 E2.87704
G1 X98.805 Y102.721 E2.89603
G1 X98.353 Y102.409 E2.91462
G1 X98.002 Y102.048 E2.93166
G1 X97.66 Y101.547 E2.95219
G1 X97.465 Y101.068 E2.9697
G1 X97.355 Y100.453 E2.99085
G1 X97.41 Y99.731 E3.01536
G1 X97.638 Y99.1 E3.03807
G1 X98.034 Y98.542 E3.06123
G1 X98.386 Y98.232 E3.07711
G1 X98.859 Y97.889 E3.09689
G1 X99.429 Y97.592 E3.11865
G1 X100.145 Y97.447 E3.14338
G1 X100.669 Y97.468 E3.16113
G1 X101.175 Y97.596 E3.1788
G1 X101.529 Y97.754 E3.19192
G1 X102.105 Y98.167 E3.21591
G1 X102.461 Y98.568 E3.23406
G1 X102.736 Y99.032 E3.25232
G1 X102.93 Y99.583 E3.27209
G1 X102.979 Y99.915 E3.28345
G1 X102.998 Y100.315 F7800
G1 X103.853 Y99.492
;TYPE:Perimeter
;WIDTH:0.66656
G1 F900
G1 X103.87 Y99.746 E3.29665
;WIDTH:0.630798
G1 X103.888 Y100 E3.3091
;WIDTH:0.609608
G1 X103.881 Y100.733 E3.34364
;WIDTH:0.625092
G1 X103.873 Y100.874 E3.35048
G1 E1.35048 F2400
G92 E0
G1 X99.639 Y103.912 F7800
G1 E2 F2400
;WIDTH:0.547484
G1 F900
G1 X99.371 Y103.936 E2.01129
;WIDTH:0.498742
G1 X99.102 Y103.961 E2.02153
;WIDTH:0.449999
G1 X96.039 Y103.961 E2.12521
G1 X96.039 Y101.979 E2.1923
;WIDTH:0.484836
G1 X96.057 Y101.725 E2.20166
;WIDTH:0.519673
G1 X96.074 Y101.471 E2.21175
;WIDTH:0.55451
G1 X96.091 Y101.217 E2.22258
G1 X96.077 Y100.763 E2.2419
;WIDTH:0.526248
G1 X96.063 Y100.309 E2.26015
;WIDTH:0.526892
G1 X96.078 Y99.637 E2.2872
G1 X96.06 Y99.459 E2.2944
;WIDTH:0.492382
G1 X96.043 Y99.28 E2.30112
;WIDTH:0.457871
G1 X96.039 Y98.664 E2.32237
;WIDTH:0.449999
G1 X96.039 Y96.039 E2.41122
G1 X99.261 Y96.039 E2.52028
;WIDTH:0.496153
G1 X99.756 Y96.062 E2.53895
;WIDTH:0.542306
G1 X100.252 Y96.085 E2.55957
;WIDTH:0.574567
G1 X100.99 Y96.101 E2.5922
G1 X101.14 Y96.081 E2.59889
;WIDTH:0.533045
G1 X101.289 Y96.06 E2.60502
;WIDTH:0.491522
G1 X101.439 Y96.039 E2.61067
;WIDTH:0.449999
G1 X103.961 Y96.039 E2.69604
G1 X103.961 Y96.873 E2.72427
G1 X103.961 Y98.728 E2.78706
;WIDTH:0.498567
G1 X103.937 Y99 E2.79741
;WIDTH:0.547135
G1 X103.912 Y99.273 E2.8089
;WIDTH:0.586944
G1 X103.892 Y99.346 E2.81232
;WIDTH:0.626752
G1 X103.872 Y99.419 E2.81599
;WIDTH:0.66656
G1 X103.853 Y99.492 E2.8199
G1 X103.817 Y99.428 E2.82371
;WIDTH:0.626752
G1 X103.781 Y99.364 E2.82727
;WIDTH:0.586944
G1 X103.745 Y99.301 E2.83055
;WIDTH:0.547135
G1 X103.592 Y98.962 E2.84614
;WIDTH:0.498567
G1 X103.439 Y98.623 E2.86023
;WIDTH:0.449999
G1 X103.076 Y98.034 E2.88365
G1 X102.579 Y97.505 E2.90822
G1 X102.002 Y97.092 E2.93224
G1 X101.5 Y96.849 E2.95112
;WIDTH:0.491522
G1 X101.308 Y96.774 E2.95881
;WIDTH:0.533045
G1 X101.116 Y96.7 E2.9672
;WIDTH:0.574567
G1 X100.925 Y96.625 E2.97627
G1 X100.715 Y96.603 E2.9856
;WIDTH:0.554776
G1 X99.983 Y96.6 E3.01675
;WIDTH:0.546124
G1 X99.519 Y96.734 E3.03696
;WIDTH:0.498062
G1 X99.056 Y96.869 E3.05521
;WIDTH:0.449999
G1 X98.381 Y97.23 E3.08112
G1 X97.842 Y97.626 E3.10376
G1 X97.375 Y98.063 E3.12541
G1 X97.005 Y98.573 E3.14674
G1 X96.875 Y98.815 E3.15604
;WIDTH:0.488446
G1 X96.718 Y99.236 E3.17269
;WIDTH:0.526892
G1 X96.561 Y99.658 E3.19081
G1 X96.525 Y100.595 E3.22854
;WIDTH:0.55451
G1 X96.599 Y101.174 E3.25337
G1 X96.647 Y101.275 E3.25813
;WIDTH:0.517919
G1 X96.694 Y101.376 E3.26253
;WIDTH:0.481327
G1 X96.974 Y101.986 E3.287
;WIDTH:0.449999
G1 X97.414 Y102.611 E3.31287
G1 X97.886 Y103.075 E3.33527
G1 X98.47 Y103.463 E3.359
G1 X99.129 Y103.74 E3.3832
;WIDTH:0.498742
G1 X99.384 Y103.826 E3.3934
;WIDTH:0.547484
G1 X99.582 Y103.893 E3.40217
G1 E1.40217 F2400
G92 E0
G1 X103.872 Y100.888 F7800
G1 E2 F2400
;WIDTH:0.618686
G1 F900
G1 X103.894 Y100.997 E2.00532
;WIDTH:0.576515
G1 X103.916 Y101.105 E2.01021
;WIDTH:0.534343
G1 X103.939 Y101.214 E2.01476
;WIDTH:0.492171
G1 X103.961 Y101.322 E2.01888
;WIDTH:0.449999
G1 X103.961 Y103.961 E2.10821
G1 X101.649 Y103.961 E2.18647
;WIDTH:0.486864
G1 X101.445 Y103.942 E2.19403
;WIDTH:0.523729
G1 X101.241 Y103.924 E2.20222
;WIDTH:0.560594
G1 X101.036 Y103.906 E2.21108
G1 X101.141 Y103.865 E2.21593
;WIDTH:0.529198
G1 X101.497 Y103.725 E2.2314
;WIDTH:0.489599
G1 X101.853 Y103.585 E2.24561
;WIDTH:0.449999
G1 X102.427 Y103.225 E2.26854
G1 X102.832 Y102.875 E2.28666
G1 X103.035 Y102.637 E2.29725
G1 X103.519 Y101.8 E2.32998
;WIDTH:0.492171
G1 X103.607 Y101.572 E2.33911
;WIDTH:0.534343
G1 X103.696 Y101.344 E2.34911
;WIDTH:0.576515
G1 X103.784 Y101.116 E2.35995
;WIDTH:0.618686
G1 X103.85 Y100.944 E2.36877
G1 E.36877 F2400
G92 E0
G1 X101.036 Y103.906 F7800
G1 E2 F2400
;WIDTH:0.560594
G1 F900
G1 X100.735 Y103.922 E2.01297
;WIDTH:0.527134
G1 X100.435 Y103.939 E2.02507
;WIDTH:0.51934
G1 X99.839 Y103.926 E2.04869
;WIDTH:0.547484
G1 X99.639 Y103.912 E2.0571
G1 E.0571 F2400
G92 E0
G1 X104.368 Y104.368 F7800
G1 E2 F2400
;WIDTH:0.449999
G1 F900
G1 X95.632 Y104.368 E2.2957
G1 X95.632 Y95.632 E2.5914
G1 X104.368 Y95.632 E2.8871
G1 X104.368 Y96.873 E2.92911
G1 X104.368 Y104.308 E3.18078
G1 X104.775 Y104.775 F7800
;TYPE:External perimeter
G1 F900
G1 X95.225 Y104.775 E3.50404
G1 X95.225 Y95.225 E3.8273
G1 X104.775 Y95.225 E4.15056
G1 X104.775 Y96.873 E4.20634
G1 X104.775 Y104.715 E4.47178
G1 X104.379 Y104.774 F7800
G1 E2.47178 F2400
G92 E0
G1 X102.557 Y103.586 F7800
G1 E2 F2400
;TYPE:Solid infill
;WIDTH:0.589007
G1 F1200
G1 X102.676 Y103.505 E2.00654
G1 X103.146 Y103.092 E2.03495
G1 X103.586 Y102.455 E2.0701
G1 X103.586 Y103.586 E2.12146
G1 X102.761 Y103.586 E2.15892
G1 E.15892 F2400
G92 E0
G1 X96.344 Y102.423 F7800
G1 E2 F2400
;WIDTH:0.449999
G1 F1200
G1 X96.344 Y103.656 E2.04174
G1 X98.132 Y103.656 E2.10226
G1 X98.129 Y103.614 E2.10369
G1 X97.537 Y103.176 E2.12862
G1 X97.144 Y102.77 E2.14775
G1 X96.724 Y102.16 E2.17282
G1 X96.412 Y101.529 E2.19665
G1 X96.375 Y101.521 E2.19793
G1 X96.344 Y102.219 E2.22158
G1 X96.819 Y103.093 F7800
;WIDTH:0.621856
G1 F1200
G1 X96.768 Y103.144 E2.22505
G1 X96.786 Y103.214 E2.22853
G1 X96.856 Y103.232 E2.23201
G1 X96.907 Y103.181 E2.23548
G1 X96.889 Y103.111 E2.23896
G1 E.23896 F2400
G92 E0
G1 X96.345 Y96.548 F7800
G1 E2 F2400
;WIDTH:0.449999
G1 F1200
G1 X96.352 Y99.202 E2.08983
G1 X96.398 Y99.192 E2.09142
G1 X96.741 Y98.425 E2.11986
G1 X97.125 Y97.889 E2.14218
G1 X97.734 Y97.323 E2.17032
G1 X98.355 Y96.888 E2.19598
G1 X98.909 Y96.601 E2.2171
G1 X99.448 Y96.412 E2.23643
G1 X99.462 Y96.391 E2.23728
G1 X99.249 Y96.344 E2.24466
G1 X96.345 Y96.344 E2.34296
G1 X96.941 Y97.454 F7800
;WIDTH:0.52656
G1 F1200
G1 X97.198 Y97.209 E2.35724
G1 X97.719 Y96.79 E2.38413
G1 X96.791 Y96.79 E2.42145
G1 X96.793 Y97.594 E2.45378
G1 E.45378 F2400
G92 E0
G1 X101.252 Y96.4 F7800
G1 E2 F2400
;WIDTH:0.449999
G1 F1200
G1 X101.453 Y96.344 E2.00706
G1 X103.656 Y96.344 E2.08163
G1 X103.656 Y98.328 E2.14879
G1 X103.612 Y98.322 E2.15029
G1 X103.299 Y97.826 E2.17014
G1 X102.792 Y97.284 E2.19526
G1 X102.149 Y96.827 E2.22196
G1 X101.436 Y96.488 E2.24868
G1 X102.622 Y96.711 F7800
;WIDTH:0.368311
G1 F1200
G1 X103.289 Y96.711 E2.26673
G1 X103.289 Y97.276 E2.28202
G1 X103.092 Y97.062 E2.28989
G1 X102.785 Y96.833 E2.30025
M106 S226.95
;LAYER_CHANGE
;Z:0.95
;HEIGHT:0.2
G1 E.30025 F2400
G92 E0
G1 Z.95 F7800
G1 X97.388 Y102.497
G1 E2 F2400
;TYPE:Perimeter
;WIDTH:0.449999
G1 F900
G1 X96.941 Y101.827 E2.02726
G1 X96.664 Y101.043 E2.05541
G1 X96.581 Y100.381 E2.07799
G1 X96.623 Y99.744 E2.0996
G1 X96.781 Y99.138 E2.1208
G1 X96.989 Y98.686 E2.13764
G1 X97.417 Y98.079 E2.16278
G1 X97.874 Y97.655 E2.18388
G1 X98.37 Y97.349 E2.20361
G1 X98.902 Y97.146 E2.22288
G1 X99.572 Y97.039 E2.24585
G1 X100.214 Y97.079 E2.26762
G1 X100.848 Y97.266 E2.28999
G1 X101.316 Y97.518 E2.30798
G1 X101.846 Y97.898 E2.33005
G1 X102.349 Y98.363 E2.35324
G1 X102.783 Y99.042 E2.38052
G1 X102.961 Y99.546 E2.39861
G1 X103.053 Y100.2 E2.42097
G1 X103.026 Y100.733 E2.43903
G1 X102.818 Y101.474 E2.46508
G1 X102.524 Y102.031 E2.4864
G1 X102.137 Y102.507 E2.50717
G1 X101.629 Y102.929 E2.52952
G1 X101.07 Y103.234 E2.55107
G1 X100.456 Y103.431 E2.5729
G1 X99.803 Y103.51 E2.59516
G1 X99.133 Y103.464 E2.61789
G1 X98.505 Y103.3 E2.63986
G1 X97.96 Y103.004 E2.66085
G1 X97.437 Y102.57 E2.68385
G1 X97.421 Y102.547 E2.6848
G1 X97.685 Y102.235 F7800
;TYPE:External perimeter
G1 F900
G1 X97.286 Y101.612 E2.70984
G1 X97.051 Y100.915 E2.73474
G1 X96.986 Y100.338 E2.75439
G1 X97.029 Y99.778 E2.7734
G1 X97.173 Y99.247 E2.79202
G1 X97.321 Y98.921 E2.80414
G1 X97.749 Y98.313 E2.82931
G1 X98.143 Y97.96 E2.84722
G1 X98.577 Y97.7 E2.86434
G1 X99.074 Y97.519 E2.88224
G1 X99.629 Y97.442 E2.90121
G1 X100.179 Y97.484 E2.91988
G1 X100.723 Y97.653 E2.93916
G1 X101.133 Y97.884 E2.95509
G1 X101.607 Y98.227 E2.97489
G1 X102.071 Y98.66 E2.99637
G1 X102.434 Y99.251 E3.01985
G1 X102.558 Y99.602 E3.03245
G1 X102.65 Y100.256 E3.05481
G1 X102.621 Y100.683 E3.0693
G1 X102.427 Y101.363 E3.09324
G1 X102.17 Y101.831 E3.11131
G1 X101.826 Y102.244 E3.1295
G1 X101.374 Y102.612 E3.14923
G1 X100.882 Y102.873 E3.16808
G1 X100.339 Y103.041 E3.18732
G1 X99.76 Y103.105 E3.20704
G1 X99.168 Y103.058 E3.22714
G1 X98.614 Y102.908 E3.24657
G1 X98.167 Y102.653 E3.26399
G1 X97.724 Y102.28 E3.28359
G1 X97.502 Y101.947 F7800
G1 E1.28359 F2400
G92 E0
G1 X100.465 Y103.904 F7800
G1 E2 F2400
;TYPE:Perimeter
;WIDTH:0.562902
G1 F900
G1 X100.156 Y103.921 E2.01338
;WIDTH:0.529352
G1 X99.847 Y103.938 E2.0259
;WIDTH:0.541516
G1 X99.094 Y103.915 E2.05713
G1 E.05713 F2400
G92 E0
G1 X103.961 Y103.961 F7800
G1 E2 F2400
;WIDTH:0.449999
G1 F900
G1 X101.125 Y103.961 E2.096
;WIDTH:0.487634
G1 X100.905 Y103.942 E2.10417
;WIDTH:0.525268
G1 X100.685 Y103.923 E2.11303
;WIDTH:0.562902
G1 X100.465 Y103.904 E2.12258
G1 X100.585 Y103.857 E2.12815
;WIDTH:0.526157
G1 X100.922 Y103.726 E2.14268
;WIDTH:0.488078
G1 X101.259 Y103.595 E2.15606
;WIDTH:0.449999
G1 X101.884 Y103.247 E2.18027
G1 X102.307 Y102.907 E2.19864
G1 X102.551 Y102.647 E2.21071
G1 X102.879 Y102.23 E2.22867
G1 X103.209 Y101.586 E2.25316
;WIDTH:0.478529
G1 X103.339 Y101.142 E2.26992
;WIDTH:0.507058
G1 X103.469 Y100.698 E2.28777
G1 X103.481 Y100.14 E2.30931
;WIDTH:0.546007
G1 X103.412 Y99.483 E2.33694
G1 X103.272 Y99.158 E2.35174
;WIDTH:0.498003
G1 X103.132 Y98.833 E2.36513
;WIDTH:0.449999
G1 X102.805 Y98.286 E2.3867
G1 X102.628 Y98.066 E2.39626
G1 X102.085 Y97.569 E2.42118
G1 X101.518 Y97.164 E2.44477
G1 X100.972 Y96.878 E2.46563
;WIDTH:0.487993
G1 X100.732 Y96.791 E2.47508
;WIDTH:0.525987
G1 X100.493 Y96.703 E2.48531
;WIDTH:0.56398
G1 X100.254 Y96.616 E2.49633
G1 X99.509 Y96.588 E2.52863
;WIDTH:0.584487
G1 X98.959 Y96.645 E2.55353
G1 X98.856 Y96.691 E2.55861
;WIDTH:0.544856
G1 X98.754 Y96.737 E2.56328
;WIDTH:0.505225
G1 X98.458 Y96.868 E2.57572
;WIDTH:0.477612
G1 X98.163 Y96.999 E2.58739
;WIDTH:0.449999
G1 X97.605 Y97.349 E2.60969
G1 X97.084 Y97.844 E2.63402
G1 X96.656 Y98.452 E2.65919
G1 X96.389 Y99.028 E2.68068
;WIDTH:0.494748
G1 X96.324 Y99.197 E2.68748
;WIDTH:0.539496
G1 X96.259 Y99.365 E2.69492
;WIDTH:0.584244
G1 X96.194 Y99.533 E2.70303
;WIDTH:0.628992
G1 X96.129 Y99.702 E2.71185
G1 X96.105 Y99.597 E2.7171
;WIDTH:0.581891
G1 X96.082 Y99.492 E2.72192
;WIDTH:0.53479
G1 X96.06 Y99.236 E2.73243
;WIDTH:0.492395
G1 X96.039 Y98.98 E2.74203
;WIDTH:0.449999
G1 X96.039 Y96.039 E2.84158
G1 X98.18 Y96.039 E2.91405
;WIDTH:0.494829
G1 X98.428 Y96.062 E2.92341
;WIDTH:0.539658
G1 X98.675 Y96.084 E2.93365
;WIDTH:0.584487
G1 X98.922 Y96.106 E2.94482
G1 X99.77 Y96.085 E2.98302
;WIDTH:0.56398
G1 X100.276 Y96.096 E3.00495
G1 X100.427 Y96.075 E3.01156
;WIDTH:0.520766
G1 X100.578 Y96.053 E3.01762
;WIDTH:0.477551
G1 X101.103 Y96.039 E3.0366
;WIDTH:0.449999
G1 X103.961 Y96.039 E3.13334
G1 X103.961 Y97.03 E3.16688
G1 X103.961 Y98.889 E3.2298
;WIDTH:0.498003
G1 X103.937 Y99.169 E3.24043
;WIDTH:0.546007
G1 X103.913 Y99.448 E3.25214
G1 X103.925 Y99.909 E3.27143
;WIDTH:0.520702
G1 X103.938 Y100.371 E3.28979
;WIDTH:0.495397
G1 X103.939 Y100.985 E3.31289
;WIDTH:0.493059
G1 X103.961 Y101.691 E3.33933
;WIDTH:0.449999
G1 X103.961 Y103.901 E3.41414
G1 E1.41414 F2400
G92 E0
G1 X97.079 Y102.771 F7800
G1 E2 F2400
G1 F900
G1 X97.173 Y102.88 E2.00487
G1 X97.754 Y103.354 E2.03025
G1 X98.396 Y103.692 E2.05481
;WIDTH:0.495758
G1 X98.745 Y103.804 E2.06861
;WIDTH:0.541516
G1 X99.094 Y103.915 E2.08379
G1 X98.895 Y103.938 E2.0921
;WIDTH:0.495778
G1 X98.359 Y103.961 E2.1123
;WIDTH:0.449999
G1 X96.039 Y103.961 E2.19083
G1 X96.039 Y101.896 E2.26073
;WIDTH:0.490836
G1 X96.06 Y101.726 E2.26711
;WIDTH:0.531673
G1 X96.08 Y101.556 E2.27407
;WIDTH:0.57251
G1 X96.1 Y101.385 E2.28165
;WIDTH:0.613347
G1 X96.121 Y101.215 E2.28977
;WIDTH:0.654184
G1 X96.141 Y101.045 E2.29847
G1 X96.181 Y101.117 E2.30266
;WIDTH:0.612198
G1 X96.221 Y101.189 E2.30656
;WIDTH:0.570212
G1 X96.345 Y101.473 E2.32015
;WIDTH:0.530141
G1 X96.47 Y101.757 E2.33272
;WIDTH:0.49007
G1 X96.595 Y102.042 E2.34429
;WIDTH:0.449999
G1 X96.968 Y102.642 E2.3682
G1 X97.04 Y102.725 E2.37192
G1 X96.141 Y101.045 F7800
;WIDTH:0.654184
G1 F900
G1 X96.124 Y100.738 E2.38755
;WIDTH:0.620632
G1 X96.108 Y100.43 E2.40237
;WIDTH:0.628992
G1 X96.129 Y99.702 E2.43786
G1 E.43786 F2400
G92 E0
G1 X104.368 Y104.368 F7800
G1 E2 F2400
;WIDTH:0.449999
G1 F900
G1 X95.632 Y104.368 E2.2957
G1 X95.632 Y95.632 E2.5914
G1 X104.368 Y95.632 E2.8871
G1 X104.368 Y97.03 E2.93442
G1 X104.368 Y104.308 E3.18077
G1 X104.775 Y104.775 F7800
;TYPE:External perimeter
G1 F900
G1 X95.225 Y104.775 E3.50403
G1 X95.225 Y95.225 E3.82729
G1 X104.775 Y95.225 E4.15055
G1 X104.775 Y97.03 E4.21165
G1 X104.775 Y104.715 E4.47178
G1 X104.379 Y104.774 F7800
G1 E2.47178 F2400
G92 E0
G1 X103.62 Y101.376 F7800
G1 E2 F2400
;TYPE:Solid infill
G1 F1200
G1 X103.656 Y101.694 E2.01083
G1 X103.656 Y103.656 E2.07724
G1 X101.868 Y103.656 E2.13776
G1 X101.872 Y103.607 E2.13942
G1 X102.519 Y103.125 E2.16673
G1 X103.019 Y102.562 E2.19222
G1 X103.393 Y101.934 E2.21696
G1 X103.543 Y101.565 E2.23044
G1 X103.229 Y103.139 F7800
;WIDTH:0.631188
G1 F1200
G1 X103.177 Y103.087 E2.23404
G1 X103.106 Y103.106 E2.23764
G1 X103.087 Y103.177 E2.24124
G1 X103.139 Y103.229 E2.24484
G1 X103.21 Y103.21 E2.24844
G1 E.24844 F2400
G92 E0
G1 X96.414 Y102.46 F7800
G1 E2 F2400
;WIDTH:0.588766
G1 F1200
G1 X96.646 Y102.834 E2.01998
G1 X96.888 Y103.127 E2.03723
G1 X97.442 Y103.586 E2.06988
G1 X96.414 Y103.586 E2.11654
G1 X96.414 Y102.664 E2.15839
G1 E.15839 F2400
G92 E0
G1 X97.724 Y96.344 F7800
G1 E2 F2400
;WIDTH:0.449999
G1 F1200
G1 X96.344 Y96.344 E2.04671
G1 X96.344 Y98.322 E2.11366
G1 X96.831 Y97.673 E2.14112
G1 X97.426 Y97.103 E2.16901
G1 X97.999 Y96.741 E2.19195
G1 X98.615 Y96.436 E2.21522
G1 X98.624 Y96.399 E2.21651
G1 X97.928 Y96.344 E2.24014
G1 X97.351 Y96.714 E2.26334
;WIDTH:0.374676
G1 X97.138 Y96.862 E2.27049
G1 X96.714 Y97.269 E2.2867
G1 X96.714 Y96.714 E2.30201
G1 X97.147 Y96.714 E2.31395
G1 E.31395 F2400
G92 E0
G1 X101.106 Y96.344 F7800
G1 E2 F2400
;WIDTH:0.449999
G1 F1200
G1 X103.656 Y96.344 E2.08631
G1 X103.656 Y98.879 E2.17212
G1 X103.618 Y99.096 E2.17958
G1 X103.392 Y98.672 E2.19584
G1 X103.07 Y98.135 E2.21703
G1 X102.831 Y97.839 E2.22991
G1 X102.379 Y97.416 E2.25086
G1 X101.778 Y96.97 E2.27619
G1 X101.297 Y96.689 E2.29505
G1 X100.597 Y96.41 E2.32056
G1 X100.587 Y96.372 E2.32189
G1 X100.902 Y96.355 E2.33257
G1 X102.281 Y96.789 F7800
;WIDTH:0.524651
G1 F1200
G1 X103.211 Y96.789 E2.36982
G1 X103.211 Y97.599 E2.40227
G1 X102.7 Y97.106 E2.43071
G1 X102.443 Y96.912 E2.44361
M106 S234.6
;LAYER_CHANGE
;Z:1.15
;HEIGHT:0.2
G1 E.44361 F2400
G92 E0
G1 Z1.15 F7800
G1 X97.623 Y102.359
G1 E2 F2400
;TYPE:Perimeter
;WIDTH:0.449999
G1 F900
G1 X97.422 Y102.195 E2.00878
G1 X97.011 Y101.704 E2.03045
G1 X96.693 Y101.132 E2.0526
G1 X96.485 Y100.498 E2.07519
G1 X96.399 Y99.824 E2.09819
G1 X96.485 Y99.102 E2.1228
G1 X96.723 Y98.438 E2.14668
G1 X97.039 Y97.956 E2.16619
G1 X97.395 Y97.578 E2.18377
G1 X97.788 Y97.268 E2.20071
G1 X98.351 Y96.957 E2.22248
G1 X98.961 Y96.755 E2.24423
G1 X99.586 Y96.673 E2.26557
G1 X100.082 Y96.694 E2.28237
G1 X100.812 Y96.863 E2.30773
G1 X101.381 Y97.128 E2.32898
G1 X101.854 Y97.475 E2.34884
G1 X102.246 Y97.893 E2.36824
G1 X102.581 Y98.437 E2.38987
G1 X102.827 Y99.203 E2.4171
G1 X102.868 Y99.879 E2.44002
G1 X102.757 Y100.517 E2.46194
G1 X102.524 Y101.24 E2.48765
G1 X102.253 Y101.781 E2.50813
G1 X101.925 Y102.202 E2.52619
G1 X101.533 Y102.553 E2.544
G1 X101.195 Y102.768 E2.55756
G1 X100.683 Y102.991 E2.57646
G1 X99.846 Y103.142 E2.60525
G1 X99.232 Y103.108 E2.62606
G1 X98.521 Y102.914 E2.65101
G1 X97.912 Y102.595 E2.67428
G1 X97.669 Y102.397 E2.68489
G1 X97.884 Y102.051 F7800
;TYPE:External perimeter
G1 F900
G1 X97.685 Y101.885 E2.69366
G1 X97.328 Y101.448 E2.71276
G1 X97.052 Y100.94 E2.73233
G1 X96.874 Y100.377 E2.75232
G1 X96.804 Y99.779 E2.7727
G1 X96.888 Y99.161 E2.79381
G1 X97.104 Y98.583 E2.8147
G1 X97.393 Y98.164 E2.83193
G1 X97.709 Y97.843 E2.84718
G1 X98.065 Y97.572 E2.86232
G1 X98.543 Y97.316 E2.88067
G1 X99.082 Y97.144 E2.89982
G1 X99.632 Y97.077 E2.91857
G1 X99.99 Y97.091 E2.9307
G1 X100.72 Y97.26 E2.95606
G1 X101.199 Y97.492 E2.97408
G1 X101.608 Y97.799 E2.99139
G1 X101.968 Y98.199 E3.00961
G1 X102.231 Y98.644 E3.02711
G1 X102.437 Y99.319 E3.051
G1 X102.462 Y99.892 E3.07041
G1 X102.358 Y100.437 E3.08919
G1 X102.137 Y101.113 E3.11326
G1 X101.927 Y101.537 E3.12928
G1 X101.65 Y101.903 E3.14482
G1 X101.307 Y102.215 E3.16051
G1 X101.032 Y102.394 E3.17162
G1 X100.52 Y102.618 E3.19054
G1 X99.783 Y102.74 E3.21583
G1 X99.339 Y102.716 E3.23088
G1 X98.629 Y102.521 E3.2558
G1 X98.11 Y102.24 E3.27578
G1 X97.93 Y102.089 E3.28373
G1 X97.638 Y101.815 F7800
G1 E1.28373 F2400
G92 E0
G1 X103.961 Y103.961 F7800
G1 E2 F2400
;TYPE:Perimeter
G1 F3600
G1 X101.529 Y103.961 E2.08232
;WIDTH:0.480066
G1 X101.083 Y103.946 E2.09854
;WIDTH:0.510132
G1 X100.637 Y103.931 E2.11588
G1 X100.161 Y103.946 E2.13438
;WIDTH:0.479839
G1 X99.685 Y103.961 E2.15168
;WIDTH:0.480555
G1 X99.063 Y103.946 E2.17432
G1 X98.326 Y103.961 E2.20114
;WIDTH:0.449999
G1 X96.039 Y103.961 E2.27855
G1 X96.039 Y101.179 E2.37272
;WIDTH:0.477062
G1 X96.053 Y100.495 E2.39742
G1 X96.088 Y100.621 E2.40214
;WIDTH:0.468065
G1 X96.334 Y101.323 E2.42844
;WIDTH:0.449999
G1 X96.695 Y101.96 E2.45322
G1 X97.025 Y102.369 E2.47101
G1 X97.293 Y102.619 E2.48342
G1 X97.714 Y102.951 E2.50157
G1 X98.414 Y103.307 E2.52815
;WIDTH:0.480555
G1 X99.121 Y103.516 E2.55498
G1 X99.337 Y103.54 E2.56289
;WIDTH:0.459343
G1 X99.909 Y103.547 E2.5827
;WIDTH:0.483077
G1 X100.255 Y103.507 E2.59545
;WIDTH:0.510132
G1 X100.601 Y103.466 E2.60899
G1 X100.848 Y103.37 E2.61928
;WIDTH:0.463522
G1 X101.358 Y103.141 E2.63883
;WIDTH:0.449999
G1 X101.882 Y102.795 E2.66008
G1 X102.327 Y102.362 E2.6811
G1 X102.677 Y101.864 E2.7017
G1 X102.91 Y101.367 E2.72028
G1 X103.156 Y100.597 E2.74764
;WIDTH:0.495558
G1 X103.212 Y100.435 E2.75409
;WIDTH:0.541117
G1 X103.267 Y100.274 E2.76114
;WIDTH:0.586675
G1 X103.323 Y100.112 E2.76889
;WIDTH:0.589298
G1 X103.345 Y99.864 E2.7802
;WIDTH:0.626038
G1 X103.302 Y99.063 E2.81909
G1 X103.209 Y98.855 E2.83014
;WIDTH:0.582029
G1 X103.117 Y98.646 E2.84038
;WIDTH:0.538019
G1 X103.024 Y98.438 E2.84976
;WIDTH:0.494009
G1 X102.932 Y98.23 E2.85829
;WIDTH:0.449999
G1 X102.548 Y97.62 E2.88269
G1 X102.101 Y97.151 E2.90462
G1 X101.563 Y96.764 E2.92705
G1 X100.903 Y96.466 E2.95156
G1 X100.534 Y96.4 E2.96425
;WIDTH:0.413701
G1 X100.165 Y96.333 E2.97581
;WIDTH:0.377403
G1 X99.545 Y96.312 E2.99306
;WIDTH:0.388938
G1 X99.195 Y96.347 E3.00318
;WIDTH:0.416481
G1 X98.845 Y96.383 E3.01411
;WIDTH:0.449999
G1 X98.159 Y96.598 E3.03844
G1 X97.539 Y96.945 E3.06249
G1 X97.103 Y97.295 E3.08141
G1 X96.706 Y97.722 E3.10115
G1 X96.343 Y98.292 E3.12402
;WIDTH:0.493058
G1 X96.061 Y99.04 E3.15394
G1 X96.048 Y98.808 E3.16264
;WIDTH:0.467852
G1 X96.039 Y98.236 E3.18285
;WIDTH:0.449999
G1 X96.039 Y96.039 E3.25722
G1 X98.262 Y96.039 E3.33247
G1 X98.636 Y96.024 E3.34514
;WIDTH:0.420436
G1 X99.011 Y96.01 E3.35692
;WIDTH:0.390873
G1 X99.694 Y95.993 E3.37669
;WIDTH:0.377403
G1 X100.203 Y96.003 E3.39085
;WIDTH:0.413701
G1 X100.577 Y96.021 E3.40239
;WIDTH:0.449999
G1 X100.952 Y96.039 E3.4151
G1 X103.961 Y96.039 E3.51695
G1 X103.961 Y96.913 E3.54653
G1 X103.961 Y98.324 E3.59429
;WIDTH:0.494009
G1 X103.939 Y98.488 E3.6005
;WIDTH:0.538019
G1 X103.917 Y98.652 E3.60731
;WIDTH:0.582029
G1 X103.895 Y98.816 E3.61473
;WIDTH:0.626038
G1 X103.873 Y98.98 E3.62275
G1 X103.887 Y99.333 E3.63988
;WIDTH:0.597672
G1 X103.893 Y100.169 E3.67844
;WIDTH:0.586675
G1 X103.915 Y100.338 E3.68615
;WIDTH:0.541117
G1 X103.938 Y100.508 E3.69326
;WIDTH:0.495558
G1 X103.961 Y100.677 E3.69968
;WIDTH:0.449999
G1 X103.961 Y103.901 E3.80881
G1 E1.80881 F2400
G92 E0
G1 X96.053 Y100.495 F7800
G1 E2 F2400
;WIDTH:0.477062
G1 F900
G1 X96.035 Y100.18 E2.01139
;WIDTH:0.441253
G1 X96.017 Y99.866 E2.02181
;WIDTH:0.449251
G1 X96.039 Y99.453 E2.03578
;WIDTH:0.493058
G1 X96.061 Y99.04 E2.05126
G1 E.05126 F2400
G92 E0
G1 X104.368 Y104.368 F7800
G1 E2 F2400
;WIDTH:0.449999
G1 F900
G1 X95.632 Y104.368 E2.2957
G1 X95.632 Y95.632 E2.5914
G1 X104.368 Y95.632 E2.8871
G1 X104.368 Y96.913 E2.93046
G1 X104.368 Y104.308 E3.18077
G1 X104.775 Y104.775 F7800
;TYPE:External perimeter
G1 F900
G1 X95.225 Y104.775 E3.50403
G1 X95.225 Y95.225 E3.82729
G1 X104.775 Y95.225 E4.15055
G1 X104.775 Y96.913 E4.20769
G1 X104.775 Y104.715 E4.47178
G1 X104.379 Y104.774 F7800
G1 E2.47178 F2400
G92 E0
G1 X101.061 Y103.613 F7800
G1 E2 F2400
;TYPE:Solid infill
G1 F1200
G1 X101.667 Y103.318 E2.02281
G1 X102.095 Y103.013 E2.0406
G1 X102.537 Y102.588 E2.06136
G1 X102.955 Y101.991 E2.08603
G1 X103.203 Y101.455 E2.10602
G1 X103.448 Y100.683 E2.13344
G1 X103.581 Y100.415 E2.14357
G1 X103.656 Y100.69 E2.15322
G1 X103.656 Y103.656 E2.25362
G1 X101.248 Y103.647 E2.33513
G1 X102.476 Y103.234 F7800
;WIDTH:0.479757
G1 F1200
G1 X102.882 Y102.831 E2.35591
G1 X103.234 Y102.333 E2.37806
G1 X103.234 Y103.234 E2.41079
G1 X102.679 Y103.234 E2.43095
G1 E.43095 F2400
G92 E0
G1 X96.344 Y103.656 F7800
G1 E2 F2400
;WIDTH:0.449999
G1 F1200
G1 X96.344 Y102.035 E2.05487
G1 X96.394 Y102.039 E2.05657
G1 X96.807 Y102.581 E2.07964
G1 X97.377 Y103.087 E2.10544
G1 X98.028 Y103.475 E2.13109
G1 X98.335 Y103.591 E2.1422
G1 X98.388 Y103.632 E2.14447
G1 X98.325 Y103.656 E2.14675
G1 X96.548 Y103.656 E2.2069
G1 X96.788 Y103.134 E2.22635
;WIDTH:0.555306
G1 X96.742 Y103.179 E2.22909
G1 X96.759 Y103.241 E2.23183
G1 X96.821 Y103.258 E2.23457
G1 X96.866 Y103.212 E2.23731
G1 X96.849 Y103.151 E2.24001
G1 E.24001 F2400
G92 E0
G1 X96.753 Y96.692 F7800
G1 E2 F2400
;WIDTH:0.391976
G1 F1200
G1 X96.765 Y96.734 E2.00127
G1 X96.692 Y96.753 E2.00346
G1 X96.711 Y96.68 E2.00565
;WIDTH:0.420988
G1 X96.528 Y96.614 E2.01177
;WIDTH:0.449999
G1 X96.344 Y96.548 E2.01839
G1 X96.344 Y97.662 E2.0561
G1 X96.39 Y97.658 E2.05766
G1 X96.596 Y97.379 E2.0694
G1 X97.01 Y96.97 E2.0891
G1 X97.519 Y96.596 E2.11048
G1 X97.924 Y96.36 E2.12635
G1 X96.344 Y96.344 E2.17983
G1 E.17983 F2400
G92 E0
G1 X101.484 Y96.39 F7800
G1 E2 F2400
G1 F1200
G1 X101.476 Y96.344 E2.00158
G1 X103.656 Y96.344 E2.07537
G1 X103.656 Y98.256 E2.14009
G1 X103.544 Y98.725 E2.15641
G1 X103.31 Y98.342 E2.1716
G1 X102.915 Y97.606 E2.19987
G1 X102.447 Y97.056 E2.22431
G1 X101.918 Y96.628 E2.24734
G1 X101.662 Y96.488 E2.25722
G1 X102.664 Y96.733 F7800
;WIDTH:0.411991
G1 F1200
G1 X103.267 Y96.733 E2.27573
G1 X103.267 Y97.439 E2.2974
G1 X102.798 Y96.885 E2.31968
;LAYER_CHANGE
;Z:1.35
;HEIGHT:0.2
G1 E.31968 F2400
G92 E0
G1 Z1.35 F7800
G1 X100.636 Y96.447
G1 E2 F2400
;TYPE:Perimeter
;WIDTH:0.449999
G1 F900
G1 X100.891 Y96.502 E2.00883
G1 X101.409 Y96.726 E2.02793
G1 X101.965 Y97.093 E2.05048
G1 X102.435 Y97.549 E2.07265
G1 X102.802 Y98.073 E2.0943
G1 X103.025 Y98.545 E2.11197
G1 X103.188 Y99.137 E2.13275
G1 X103.238 Y99.748 E2.1535
G1 X103.182 Y100.312 E2.17268
G1 X103.018 Y100.877 E2.19259
G1 X102.757 Y101.394 E2.21219
G1 X102.413 Y101.842 E2.23131
G1 X101.9 Y102.282 E2.25419
G1 X101.418 Y102.548 E2.27282
G1 X100.822 Y102.732 E2.29393
G1 X100.01 Y102.765 E2.32144
G1 X99.352 Y102.758 E2.34371
G1 X98.579 Y102.544 E2.37086
G1 X97.912 Y102.142 E2.39722
G1 X97.34 Y101.534 E2.42548
G1 X97.041 Y101.012 E2.44584
G1 X96.825 Y100.333 E2.46996
G1 X96.762 Y99.702 E2.49142
G1 X96.83 Y99.048 E2.51368
G1 X97.074 Y98.314 E2.53986
G1 X97.406 Y97.751 E2.56198
G1 X97.953 Y97.162 E2.58919
G1 X98.512 Y96.77 E2.6123
G1 X99.136 Y96.493 E2.63541
G1 X99.757 Y96.379 E2.65678
G1 X100.364 Y96.388 E2.67733
G1 X100.578 Y96.434 E2.68474
G1 X100.551 Y96.838 F7800
;TYPE:External perimeter
G1 F900
G1 X100.729 Y96.876 E2.6909
G1 X101.247 Y97.1 E2.71
G1 X101.736 Y97.429 E2.72995
G1 X102.146 Y97.836 E2.7495
G1 X102.465 Y98.301 E2.76859
G1 X102.665 Y98.745 E2.78507
G1 X102.793 Y99.239 E2.80234
G1 X102.832 Y99.775 E2.82053
G1 X102.776 Y100.276 E2.83759
G1 X102.629 Y100.757 E2.85461
G1 X102.397 Y101.203 E2.87163
G1 X102.065 Y101.619 E2.88965
G1 X101.641 Y101.968 E2.90824
G1 X101.192 Y102.203 E2.92539
G1 X100.711 Y102.34 E2.94232
G1 X100.003 Y102.358 E2.96629
G1 X99.357 Y102.35 E2.98816
G1 X98.7 Y102.155 E3.01136
G1 X98.132 Y101.799 E3.03405
G1 X97.643 Y101.263 E3.05861
G1 X97.429 Y100.888 E3.07322
G1 X97.213 Y100.209 E3.09734
G1 X97.168 Y99.673 E3.11555
G1 X97.234 Y99.097 E3.13517
G1 X97.458 Y98.451 E3.15831
G1 X97.752 Y97.965 E3.17754
G1 X98.246 Y97.444 E3.20184
G1 X98.739 Y97.108 E3.22203
G1 X99.295 Y96.868 E3.24253
G1 X99.818 Y96.782 E3.26047
G1 X100.351 Y96.795 E3.27852
G1 X100.492 Y96.825 E3.2834
G1 X100.874 Y96.945 F7800
G1 E1.2834 F2400
G92 E0
G1 X103.961 Y103.961 F7800
G1 E2 F2400
;TYPE:Perimeter
G1 F3600
G1 X96.039 Y103.961 E2.26815
G1 X96.026 Y100.235 E2.39427
;WIDTH:0.423043
G1 X96.018 Y99.515 E2.41703
;WIDTH:0.446931
G1 X96.038 Y98.706 E2.44422
;WIDTH:0.449999
G1 X96.039 Y96.039 E2.53449
G1 X98.394 Y96.039 E2.6142
;WIDTH:0.463638
G1 X99.197 Y96.046 E2.64229
G1 X98.976 Y96.116 E2.6504
;WIDTH:0.455491
G1 X98.285 Y96.432 E2.67647
;WIDTH:0.449999
G1 X97.659 Y96.88 E2.70253
G1 X97.059 Y97.538 E2.73267
G1 X96.691 Y98.178 E2.75766
G1 X96.431 Y98.999 E2.78681
;WIDTH:0.44049
G1 X96.378 Y99.731 E2.81107
;WIDTH:0.438488
G1 X96.443 Y100.454 E2.83495
;WIDTH:0.449999
G1 X96.74 Y101.332 E2.86632
G1 X97.036 Y101.805 E2.88521
G1 X97.482 Y102.305 E2.90789
G1 X97.692 Y102.484 E2.91723
G1 X98.21 Y102.817 E2.93807
G1 X98.459 Y102.933 E2.94737
G1 X99.059 Y103.119 E2.96863
G1 X99.347 Y103.165 E2.9785
G1 X100.016 Y103.173 E3.00115
G1 X100.671 Y103.162 E3.02332
G1 X100.934 Y103.123 E3.03232
G1 X101.607 Y102.909 E3.05622
G1 X102.159 Y102.596 E3.0777
G1 X102.731 Y102.096 E3.10342
G1 X103.117 Y101.584 E3.12512
G1 X103.408 Y100.996 E3.14733
G1 X103.578 Y100.359 E3.16965
;WIDTH:0.434483
G1 X103.622 Y99.723 E3.19041
;WIDTH:0.439216
G1 X103.576 Y99.036 E3.2131
;WIDTH:0.449999
G1 X103.396 Y98.378 E3.23619
G1 X103.139 Y97.845 E3.25622
G1 X102.723 Y97.262 E3.28046
G1 X102.195 Y96.756 E3.30521
G1 X101.57 Y96.353 E3.33038
G1 X101.052 Y96.128 E3.3495
G1 X100.55 Y96.021 E3.36687
G1 X101.071 Y96.039 E3.38452
G1 X103.961 Y96.039 E3.48234
G1 X103.961 Y96.76 E3.50674
G1 X103.975 Y99.213 E3.58977
;WIDTH:0.421058
G1 X103.982 Y99.926 E3.61219
;WIDTH:0.439421
G1 X103.966 Y100.45 E3.62947
;WIDTH:0.449999
G1 X103.961 Y103.901 E3.74628
G1 E1.74628 F2400
G92 E0
G1 X99.197 Y96.046 F7800
G1 E2 F2400
;WIDTH:0.463638
G1 F900
G1 X99.449 Y96.027 E2.00884
;WIDTH:0.425495
G1 X99.701 Y96.008 E2.01688
;WIDTH:0.392244
G1 X100.376 Y96.01 E2.03649
;WIDTH:0.413058
G1 X100.55 Y96.021 E2.04186
G1 E.04186 F2400
G92 E0
G1 X104.368 Y104.368 F7800
G1 E2 F2400
;WIDTH:0.449999
G1 F900
G1 X95.632 Y104.368 E2.2957
G1 X95.632 Y95.632 E2.5914
G1 X104.368 Y95.632 E2.8871
G1 X104.368 Y96.76 E2.92528
G1 X104.368 Y104.308 E3.18077
G1 X104.775 Y104.775 F7800
;TYPE:External perimeter
G1 F900
G1 X95.225 Y104.775 E3.50403
G1 X95.225 Y95.225 E3.82729
G1 X104.775 Y95.225 E4.15055
G1 X104.775 Y96.76 E4.20251
G1 X104.775 Y104.715 E4.47178
G1 X104.379 Y104.774 F7800
G1 E2.47178 F2400
G92 E0
G1 X103.452 Y96.344 F7800
G1 E2 F2400
;TYPE:Solid infill
G1 F1200
G1 X102.179 Y96.344 E2.04309
G1 X102.183 Y96.39 E2.04465
G1 X102.566 Y96.671 E2.06073
G1 X103.08 Y97.217 E2.08611
G1 X103.388 Y97.668 E2.1046
G1 X103.617 Y98.134 E2.12218
G1 X103.64 Y98.145 E2.12304
G1 X103.656 Y96.344 E2.184
G1 X103.287 Y96.752 E2.20262
;WIDTH:0.478626
G1 X103.248 Y96.713 E2.20462
G1 X103.196 Y96.727 E2.20657
G1 X103.182 Y96.78 E2.20856
G1 X103.22 Y96.818 E2.21051
G1 X103.273 Y96.804 E2.2125
G1 E.2125 F2400
G92 E0
G1 X97.092 Y96.344 F7800
G1 E2 F2400
;WIDTH:0.449999
G1 F1200
G1 X96.344 Y96.344 E2.02532
G1 X96.338 Y98.16 E2.08679
G1 X96.389 Y98.148 E2.08856
G1 X96.53 Y97.814 E2.10083
G1 X96.953 Y97.179 E2.12666
G1 X97.435 Y96.673 E2.15031
G1 X97.824 Y96.363 E2.16715
G1 X97.296 Y96.344 E2.18503
G1 X96.816 Y96.751 E2.20633
;WIDTH:0.476918
G1 X96.777 Y96.713 E2.2083
G1 X96.725 Y96.727 E2.21024
G1 X96.711 Y96.779 E2.21218
G1 X96.749 Y96.817 E2.21412
G1 X96.802 Y96.803 E2.2161
G1 E.2161 F2400
G92 E0
G1 X96.394 Y101.278 F7800
G1 E2 F2400
;WIDTH:0.449999
G1 F1200
G1 X96.665 Y101.81 E2.02021
G1 X97.246 Y102.499 E2.05072
G1 X97.533 Y102.745 E2.06351
G1 X98.039 Y103.07 E2.08387
G1 X98.375 Y103.227 E2.09642
G1 X98.673 Y103.3 E2.10681
;WIDTH:0.413611
G1 X98.972 Y103.374 E2.1163
;WIDTH:0.420227
G1 X99.04 Y103.405 E2.11864
;WIDTH:0.463232
G1 X99.109 Y103.437 E2.1213
;WIDTH:0.506237
G1 X99.177 Y103.468 E2.12418
;WIDTH:0.549242
G1 X99.245 Y103.5 E2.12734
;WIDTH:0.592247
G1 X99.314 Y103.531 E2.1308
;WIDTH:0.635252
G1 X99.382 Y103.563 E2.1345
G1 X99.306 Y103.584 E2.13838
;WIDTH:0.592247
G1 X99.229 Y103.606 E2.14204
;WIDTH:0.549242
G1 X99.153 Y103.627 E2.14536
;WIDTH:0.506237
G1 X99.077 Y103.649 E2.14841
;WIDTH:0.463232
G1 X99 Y103.67 E2.1512
;WIDTH:0.420227
G1 X98.924 Y103.692 E2.15368
;WIDTH:0.413611
G1 X98.617 Y103.674 E2.16316
;WIDTH:0.449999
G1 X98.31 Y103.656 E2.17357
G1 X96.344 Y103.656 E2.24012
G1 X96.344 Y101.422 E2.31574
G1 X96.75 Y102.539 F7800
;WIDTH:0.446113
G1 F1200
G1 X97.082 Y102.896 E2.33208
G1 X97.57 Y103.25 E2.35229
G1 X96.75 Y103.25 E2.37978
G1 X96.75 Y102.742 E2.39681
G1 E.39681 F2400
G92 E0
G1 X99.382 Y103.563 F7800
G1 E2 F2400
;WIDTH:0.635252
G1 F1200
G1 X100.019 Y103.567 E2.03137
;WIDTH:0.638224
G1 X100.671 Y103.561 E2.06365
;WIDTH:0.642696
G1 X100.718 Y103.559 E2.066
G1 E.066 F2400
G92 E0
G1 X103.525 Y101.446 F7800
G1 E2 F2400
;WIDTH:0.449999
G1 F1200
G1 X103.267 Y101.91 E2.01797
G1 X102.798 Y102.462 E2.04249
G1 X102.15 Y102.967 E2.0703
G1 X101.526 Y103.269 E2.09377
;WIDTH:0.496206
G1 X101.327 Y103.34 E2.10173
;WIDTH:0.542412
G1 X101.129 Y103.41 E2.11045
;WIDTH:0.588619
G1 X100.931 Y103.481 E2.11999
;WIDTH:0.634825
G1 X100.733 Y103.552 E2.13034
G1 X100.931 Y103.578 E2.14017
;WIDTH:0.588619
G1 X101.13 Y103.604 E2.14928
;WIDTH:0.542412
G1 X101.328 Y103.63 E2.15757
;WIDTH:0.496206
G1 X101.527 Y103.656 E2.16513
;WIDTH:0.449999
G1 X103.656 Y103.656 E2.23719
G1 X103.664 Y101.26 E2.31829
G1 X103.624 Y101.269 E2.31968
G1 X103.252 Y102.557 F7800
;WIDTH:0.449749
G1 F1200
G1 X103.25 Y103.249 E2.34309
G1 X102.45 Y103.249 E2.37015
G1 X103.12 Y102.711 E2.39922
;LAYER_CHANGE
;Z:1.55
;HEIGHT:0.2
G1 E.39922 F2400
G92 E0
G1 Z1.55 F7800
G1 X100.528 Y96.686
G1 E2 F2400
;TYPE:Perimeter
;WIDTH:0.449999
G1 F900
G1 X100.639 Y96.688 E2.00376
G1 X101.256 Y96.812 E2.02506
G1 X101.669 Y96.966 E2.03998
G1 X102.146 Y97.225 E2.05835
G1 X102.554 Y97.559 E2.0762
G1 X102.869 Y97.847 E2.09065
G1 X103.234 Y98.351 E2.11171
G1 X103.439 Y98.838 E2.1296
G1 X103.591 Y99.509 E2.15289
G1 X103.572 Y100.178 E2.17554
G1 X103.423 Y100.828 E2.19811
G1 X103.157 Y101.432 E2.22045
G1 X102.791 Y101.964 E2.24231
G1 X102.423 Y102.306 E2.25932
G1 X101.975 Y102.666 E2.27877
G1 X101.377 Y102.954 E2.30124
G1 X100.505 Y103.137 E2.3314
G1 X99.891 Y103.122 E2.35219
G1 X99.211 Y102.953 E2.37591
G1 X98.696 Y102.706 E2.39524
G1 X98.194 Y102.321 E2.41665
G1 X97.834 Y101.909 E2.43517
G1 X97.522 Y101.348 E2.4569
G1 X97.236 Y100.504 E2.48706
G1 X97.133 Y99.902 E2.50773
G1 X97.161 Y99.263 E2.52938
G1 X97.297 Y98.726 E2.54813
G1 X97.535 Y98.222 E2.567
G1 X97.944 Y97.675 E2.59012
G1 X98.404 Y97.269 E2.61089
G1 X98.922 Y96.969 E2.63115
G1 X99.388 Y96.798 E2.64795
G1 X100.093 Y96.679 E2.67215
G1 X100.468 Y96.685 E2.68484
G1 X100.499 Y97.093 F7800
;TYPE:External perimeter
G1 F900
G1 X100.657 Y97.099 E2.69019
G1 X101.169 Y97.21 E2.70792
G1 X101.475 Y97.323 E2.71896
G1 X101.952 Y97.583 E2.73735
G1 X102.519 Y98.066 E2.76256
G1 X102.832 Y98.464 E2.7797
G1 X103.064 Y98.996 E2.79935
G1 X103.193 Y99.592 E2.81999
G1 X103.166 Y100.154 E2.83903
G1 X103.028 Y100.731 E2.85911
G1 X102.788 Y101.262 E2.87883
G1 X102.46 Y101.727 E2.89809
G1 X101.844 Y102.269 E2.92586
G1 X101.2 Y102.587 E2.95017
G1 X100.431 Y102.737 E2.97669
G1 X99.912 Y102.716 E2.99427
G1 X99.316 Y102.56 E3.01512
G1 X98.846 Y102.321 E3.03297
G1 X98.448 Y102.003 E3.05021
G1 X98.123 Y101.613 E3.06739
G1 X97.882 Y101.158 E3.08482
G1 X97.623 Y100.377 E3.11267
G1 X97.535 Y99.839 E3.13112
G1 X97.567 Y99.291 E3.1497
G1 X97.7 Y98.804 E3.16679
G1 X97.861 Y98.466 E3.17946
G1 X98.27 Y97.918 E3.20261
G1 X98.665 Y97.582 E3.22016
G1 X99.119 Y97.325 E3.23782
G1 X99.455 Y97.2 E3.24995
G1 X100.161 Y97.08 E3.27419
G1 X100.439 Y97.091 E3.28361
G1 X100.835 Y97.143 F7800
G1 E1.28361 F2400
G92 E0
G1 X103.975 Y99.429 F7800
G1 E2 F2400
;TYPE:Perimeter
;WIDTH:0.43225
G1 F900
G1 X103.97 Y100.202 E2.02502
;WIDTH:0.4457
G1 X103.963 Y100.317 E2.02888
G1 E.02888 F2400
G92 E0
G1 X103.961 Y103.961 F7800
G1 E2 F2400
;WIDTH:0.449999
G1 F3600
G1 X101.349 Y103.961 E2.08841
;WIDTH:0.450426
G1 X100.33 Y103.961 E2.12294
;WIDTH:0.483356
G1 X99.597 Y103.944 E2.14979
G1 X99.024 Y103.961 E2.17078
;WIDTH:0.449999
G1 X96.039 Y103.961 E2.27182
G1 X96.039 Y101.547 E2.35353
;WIDTH:0.49627
G1 X96.062 Y101.294 E2.36311
;WIDTH:0.542541
G1 X96.085 Y101.041 E2.37366
;WIDTH:0.588812
G1 X96.109 Y100.788 E2.3852
;WIDTH:0.635082
G1 X96.132 Y100.534 E2.39776
G1 X96.108 Y99.715 E2.4381
;WIDTH:0.628508
G1 X96.128 Y98.931 E2.47629
G1 X96.106 Y98.823 E2.48166
;WIDTH:0.583881
G1 X96.084 Y98.715 E2.48662
;WIDTH:0.539254
G1 X96.061 Y98.608 E2.49114
;WIDTH:0.494627
G1 X96.039 Y98.5 E2.49528
;WIDTH:0.449999
G1 X96.039 Y96.039 E2.57858
G1 X99.29 Y96.028 E2.68862
;WIDTH:0.426692
G1 X99.765 Y96.011 E2.70379
;WIDTH:0.392877
G1 X100.241 Y95.994 E2.71765
;WIDTH:0.380167
G1 X100.858 Y96.004 E2.73495
;WIDTH:0.415083
G1 X101.12 Y96.022 E2.74308
;WIDTH:0.449999
G1 X101.382 Y96.039 E2.75197
G1 X103.961 Y96.039 E2.83927
G1 X103.961 Y96.729 E2.86263
G1 X103.975 Y99.429 E2.95402
G1 X103.814 Y98.679 E2.97998
G1 X103.609 Y98.193 E2.99783
G1 X103.19 Y97.597 E3.02249
G1 X102.82 Y97.251 E3.03964
G1 X102.341 Y96.867 E3.06042
G1 X101.863 Y96.608 E3.07882
G1 X101.342 Y96.415 E3.09763
G1 X100.998 Y96.369 E3.10938
;WIDTH:0.408783
G1 X100.654 Y96.322 E3.11994
;WIDTH:0.367566
G1 X100.032 Y96.319 E3.13673
;WIDTH:0.39694
G1 X99.674 Y96.364 E3.14735
;WIDTH:0.427309
G1 X99.316 Y96.409 E3.15888
;WIDTH:0.449999
G1 X98.724 Y96.613 E3.18007
G1 X98.143 Y96.957 E3.20292
G1 X97.618 Y97.431 E3.22686
G1 X97.209 Y97.979 E3.25001
G1 X96.961 Y98.463 E3.26842
;WIDTH:0.494627
G1 X96.897 Y98.6 E3.2741
;WIDTH:0.539254
G1 X96.832 Y98.736 E3.28032
;WIDTH:0.583881
G1 X96.768 Y98.873 E3.28712
;WIDTH:0.628508
G1 X96.703 Y99.009 E3.29446
G1 X96.678 Y99.231 E3.30534
;WIDTH:0.604669
G1 X96.66 Y99.978 E3.34024
;WIDTH:0.635082
G1 X96.72 Y100.488 E3.36552
G1 X96.763 Y100.566 E3.36991
;WIDTH:0.588352
G1 X96.806 Y100.645 E3.37399
;WIDTH:0.541622
G1 X96.984 Y101.092 E3.39394
;WIDTH:0.495811
G1 X97.162 Y101.539 E3.41206
;WIDTH:0.449999
G1 X97.521 Y102.17 E3.43663
G1 X97.94 Y102.639 E3.45792
G1 X98.511 Y103.068 E3.48209
G1 X99.105 Y103.347 E3.5043
;WIDTH:0.483356
G1 X99.654 Y103.511 E3.52528
G1 X99.869 Y103.535 E3.5332
;WIDTH:0.462749
G1 X100.58 Y103.542 E3.55802
;WIDTH:0.458576
G1 X101.553 Y103.321 E3.59251
;WIDTH:0.449999
G1 X102.152 Y103.033 E3.61501
G1 X102.69 Y102.613 E3.63811
G1 X103.122 Y102.201 E3.65832
G1 X103.527 Y101.602 E3.68279
G1 X103.818 Y100.925 E3.70773
G1 X103.963 Y100.317 E3.72889
;WIDTH:0.446437
G1 X103.963 Y100.385 E3.73117
;WIDTH:0.449999
G1 X103.961 Y103.901 E3.85018
G1 X104.368 Y104.368 F7800
G1 F900
G1 X95.632 Y104.368 E4.14588
G1 X95.632 Y95.632 E4.44158
G1 X104.368 Y95.632 E4.73728
G1 X104.368 Y96.729 E4.77441
G1 X104.368 Y104.308 E5.03095
G1 X104.775 Y104.775 F7800
;TYPE:External perimeter
G1 F900
G1 X95.225 Y104.775 E5.35421
G1 X95.225 Y95.225 E5.67747
G1 X104.775 Y95.225 E6.00073
G1 X104.775 Y96.729 E6.05164
G1 X104.775 Y104.715 E6.32196
G1 X104.379 Y104.774 F7800
G1 E4.32196 F2400
G92 E0
G1 X101.628 Y103.598 F7800
G1 E2 F2400
;TYPE:Solid infill
G1 F1200
G1 X102.272 Y103.314 E2.02382
G1 X102.583 Y103.11 E2.03641
G1 X103.185 Y102.583 E2.06349
G1 X103.638 Y102.022 E2.0879
G1 X103.656 Y102.028 E2.08854
G1 X103.656 Y103.655 E2.14361
G1 X101.805 Y103.649 E2.20626
G1 X103.177 Y103.129 F7800
;WIDTH:0.559728
G1 F1200
G1 X103.131 Y103.175 E2.20906
G1 X103.148 Y103.237 E2.21182
G1 X103.21 Y103.254 E2.21458
G1 X103.256 Y103.209 E2.21735
G1 X103.239 Y103.146 E2.22015
G1 E.22015 F2400
G92 E0
G1 X102.082 Y96.344 F7800
G1 E2 F2400
;WIDTH:0.449999
G1 F1200
G1 X103.656 Y96.344 E2.05328
G1 X103.656 Y97.654 E2.09762
G1 X103.612 Y97.652 E2.09911
G1 X103.247 Y97.216 E2.11836
G1 X102.694 Y96.742 E2.14301
G1 X102.225 Y96.469 E2.16138
G1 E.16138 F2400
G92 E0
G1 X96.344 Y98.48 F7800
G1 E2 F2400
G1 F1200
G1 X96.344 Y96.344 E2.0723
G1 X98.52 Y96.36 E2.14596
G1 X98.13 Y96.597 E2.16141
G1 X97.595 Y97.017 E2.18443
G1 X96.947 Y97.826 E2.21952
G1 X96.63 Y98.493 E2.24452
G1 X96.448 Y98.731 E2.25466
G1 X96.422 Y98.668 E2.25697
G1 X96.735 Y97.456 F7800
;WIDTH:0.417577
G1 F1200
G1 X96.735 Y96.735 E2.27943
G1 X97.327 Y96.735 E2.29787
G1 X96.863 Y97.297 E2.32057
G1 E.32057 F2400
G92 E0
G1 X96.344 Y102.327 F7800
G1 E2 F2400
;WIDTH:0.449999
G1 F1200
G1 X96.346 Y101.54 E2.02664
G1 X96.454 Y100.744 E2.05383
G1 X96.894 Y101.684 E2.08896
G1 X97.15 Y102.161 E2.10728
G1 X97.58 Y102.712 E2.13094
G1 X98.172 Y103.211 E2.15715
G1 X98.755 Y103.535 E2.17973
G1 X98.977 Y103.616 E2.18773
G1 X98.988 Y103.656 E2.18913
G1 X96.344 Y103.656 E2.27863
G1 X96.344 Y102.531 E2.31671
G1 X96.769 Y102.554 E2.33112
;WIDTH:0.484681
G1 X96.769 Y103.231 E2.35599
G1 X97.535 Y103.231 E2.38413
G1 X97.165 Y102.875 E2.40299
G1 X96.769 Y102.351 E2.42712
M106 S226.95
;LAYER_CHANGE
;Z:1.75
;HEIGHT:0.2
G1 E.42712 F2400
G92 E0
G1 Z1.75 F7800
G1 X101.569 Y103.26
G1 E2 F2400
;TYPE:Perimeter
;WIDTH:0.449999
G1 F900
G1 X101.021 Y103.435 E2.01947
G1 X100.358 Y103.511 E2.04206
G1 X99.699 Y103.461 E2.06443
G1 X99.075 Y103.292 E2.08631
G1 X98.504 Y103.015 E2.10779
G1 X98.005 Y102.644 E2.12884
G1 X97.665 Y102.281 E2.14568
G1 X97.267 Y101.661 E2.17062
G1 X97.047 Y101.083 E2.19155
G1 X96.946 Y100.384 E2.21546
G1 X96.981 Y99.81 E2.23493
G1 X97.149 Y99.198 E2.25641
G1 X97.533 Y98.51 E2.28308
G1 X97.991 Y98.043 E2.30522
G1 X98.618 Y97.561 E2.33199
G1 X99.112 Y97.281 E2.35121
G1 X99.51 Y97.143 E2.36547
G1 X100.173 Y97.04 E2.38818
G1 X100.713 Y97.067 E2.40648
G1 X101.369 Y97.238 E2.42943
G1 X101.91 Y97.509 E2.44991
G1 X102.47 Y97.959 E2.47423
G1 X102.899 Y98.491 E2.49736
G1 X103.183 Y99.044 E2.5184
G1 X103.359 Y99.647 E2.53966
G1 X103.42 Y100.229 E2.55947
G1 X103.371 Y100.872 E2.5813
G1 X103.139 Y101.654 E2.60891
G1 X102.688 Y102.424 E2.63912
G1 X102.162 Y102.916 E2.6635
G1 X101.645 Y103.236 E2.68408
G1 X101.626 Y103.242 E2.68475
G1 X101.411 Y102.894 F7800
;TYPE:External perimeter
G1 F900
G1 X100.909 Y103.044 E2.70248
G1 X100.318 Y103.106 E2.72259
G1 X99.736 Y103.056 E2.74236
G1 X99.187 Y102.901 E2.76167
G1 X98.688 Y102.652 E2.78055
G1 X98.254 Y102.321 E2.79903
G1 X98.007 Y102.061 E2.81117
G1 X97.609 Y101.441 E2.83611
G1 X97.432 Y100.949 E2.85381
G1 X97.35 Y100.333 E2.87484
G1 X97.395 Y99.804 E2.89281
G1 X97.539 Y99.313 E2.91013
G1 X97.884 Y98.717 E2.93344
G1 X98.272 Y98.338 E2.9518
G1 X98.858 Y97.89 E2.97677
G1 X99.258 Y97.661 E2.99237
G1 X99.573 Y97.545 E3.00373
G1 X100.235 Y97.442 E3.02641
G1 X100.611 Y97.461 E3.03915
G1 X101.266 Y97.632 E3.06206
G1 X101.655 Y97.827 E3.07679
G1 X102.216 Y98.277 E3.10113
G1 X102.576 Y98.738 E3.12093
G1 X102.817 Y99.223 E3.13926
G1 X102.967 Y99.755 E3.15797
G1 X103.015 Y100.265 E3.17531
G1 X102.965 Y100.835 E3.19468
G1 X102.751 Y101.531 E3.21933
G1 X102.341 Y102.211 E3.24621
G1 X101.896 Y102.608 E3.2664
G1 X101.465 Y102.869 E3.28346
G1 X101.084 Y102.991 F7800
G1 E1.28346 F2400
G92 E0
G1 X103.872 Y99.712 F7800
G1 E2 F2400
;TYPE:Perimeter
;WIDTH:0.62695
G1 F900
G1 X103.895 Y100.283 E2.02775
;WIDTH:0.608041
G1 X103.882 Y100.601 E2.04271
;WIDTH:0.6351
G1 X103.868 Y100.918 E2.05833
;WIDTH:0.64716
G1 X103.862 Y101.009 E2.06291
G1 X103.872 Y99.712 F7800
;WIDTH:0.62695
G1 F900
G1 X103.833 Y99.62 E2.06776
;WIDTH:0.582574
G1 X103.795 Y99.528 E2.07223
;WIDTH:0.538197
G1 X103.672 Y99.197 E2.08677
;WIDTH:0.494098
G1 X103.549 Y98.865 E2.10005
;WIDTH:0.449999
G1 X103.223 Y98.244 E2.12379
G1 X102.897 Y97.818 E2.14195
G1 X102.594 Y97.536 E2.15596
G1 X101.983 Y97.076 E2.18185
G1 X101.471 Y96.844 E2.20088
;WIDTH:0.489599
G1 X101.258 Y96.768 E2.20928
;WIDTH:0.529199
G1 X101.044 Y96.692 E2.21846
;WIDTH:0.568799
G1 X100.831 Y96.616 E2.22835
G1 X100.613 Y96.593 E2.23794
;WIDTH:0.548018
G1 X100.103 Y96.59 E2.25936
;WIDTH:0.574518
G1 X99.759 Y96.629 E2.27466
;WIDTH:0.601433
G1 X99.415 Y96.669 E2.29074
G1 X99.267 Y96.744 E2.29845
;WIDTH:0.563575
G1 X99.119 Y96.819 E2.30563
;WIDTH:0.525716
G1 X98.971 Y96.894 E2.31229
;WIDTH:0.487858
G1 X98.822 Y96.969 E2.31846
;WIDTH:0.449999
G1 X98.379 Y97.231 E2.33588
G1 X97.711 Y97.747 E2.36445
G1 X97.182 Y98.303 E2.39043
G1 X96.758 Y99.083 E2.42048
;WIDTH:0.482626
G1 X96.651 Y99.428 E2.43369
;WIDTH:0.515253
G1 X96.543 Y99.773 E2.44789
G1 X96.518 Y100.438 E2.47403
;WIDTH:0.535089
G1 X96.572 Y101.014 E2.49771
G1 X96.643 Y101.223 E2.50674
;WIDTH:0.491513
G1 X96.924 Y101.881 E2.53343
;WIDTH:0.449999
G1 X97.322 Y102.501 E2.55837
G1 X97.756 Y102.966 E2.5799
G1 X98.319 Y103.378 E2.60351
G1 X98.962 Y103.683 E2.6276
;WIDTH:0.497216
G1 X99.31 Y103.799 E2.64146
;WIDTH:0.544432
G1 X99.658 Y103.914 E2.65674
G1 X99.455 Y103.938 E2.66526
;WIDTH:0.496275
G1 X98.922 Y103.961 E2.68537
;WIDTH:0.449999
G1 X96.039 Y103.961 E2.78296
G1 X96.039 Y101.798 E2.85617
;WIDTH:0.492544
G1 X96.06 Y101.421 E2.87029
;WIDTH:0.535089
G1 X96.082 Y101.045 E2.8857
G1 X96.062 Y100.201 E2.92025
;WIDTH:0.496255
G1 X96.05 Y99.491 E2.94702
;WIDTH:0.472453
G1 X96.039 Y98.98 E2.96528
;WIDTH:0.449999
G1 X96.039 Y96.039 E3.06483
G1 X98.807 Y96.039 E3.15852
;WIDTH:0.499723
G1 X99.002 Y96.064 E3.16599
;WIDTH:0.549446
G1 X99.198 Y96.089 E3.17431
;WIDTH:0.599169
G1 X99.394 Y96.114 E3.18345
G1 X99.863 Y96.099 E3.20515
;WIDTH:0.56992
G1 X100.332 Y96.084 E3.22571
;WIDTH:0.568799
G1 X100.897 Y96.099 E3.25042
G1 X101.123 Y96.079 E3.26034
;WIDTH:0.529199
G1 X101.349 Y96.059 E3.26951
;WIDTH:0.489599
G1 X101.574 Y96.039 E3.2779
;WIDTH:0.449999
G1 X103.961 Y96.039 E3.3587
G1 X103.961 Y96.88 E3.38717
G1 X103.961 Y98.997 E3.45883
;WIDTH:0.494237
G1 X103.939 Y99.176 E3.4656
;WIDTH:0.538475
G1 X103.917 Y99.354 E3.47299
;WIDTH:0.582713
G1 X103.894 Y99.533 E3.48109
;WIDTH:0.62695
G1 X103.88 Y99.652 E3.48691
G1 E1.48691 F2400
G92 E0
G1 X101.731 Y103.633 F7800
G1 E2 F2400
;WIDTH:0.4897
G1 F900
G1 X101.854 Y103.585 E2.00491
;WIDTH:0.449999
G1 X102.428 Y103.224 E2.02786
G1 X102.833 Y102.875 E2.04596
G1 X103.035 Y102.637 E2.05653
G1 X103.527 Y101.776 E2.0901
;WIDTH:0.49929
G1 X103.611 Y101.584 E2.09805
;WIDTH:0.54858
G1 X103.695 Y101.393 E2.10682
;WIDTH:0.59787
G1 X103.778 Y101.201 E2.11647
;WIDTH:0.64716
G1 X103.862 Y101.009 E2.127
G1 X103.881 Y101.083 E2.13084
;WIDTH:0.610364
G1 X103.899 Y101.157 E2.13443
;WIDTH:0.573568
G1 X103.92 Y101.386 E2.14458
;WIDTH:0.532379
G1 X103.94 Y101.614 E2.15389
;WIDTH:0.491189
G1 X103.961 Y101.843 E2.16246
;WIDTH:0.449999
G1 X103.961 Y103.961 E2.23415
G1 X101.65 Y103.961 E2.31237
;WIDTH:0.487014
G1 X101.446 Y103.942 E2.31994
;WIDTH:0.524029
G1 X101.242 Y103.924 E2.32813
;WIDTH:0.561044
G1 X101.039 Y103.905 E2.33691
G1 X101.144 Y103.865 E2.34175
;WIDTH:0.529401
G1 X101.499 Y103.725 E2.35719
;WIDTH:0.4897
G1 X101.675 Y103.655 E2.36423
G1 X101.039 Y103.905 F7800
;WIDTH:0.561044
G1 F900
G1 X100.72 Y103.922 E2.37799
;WIDTH:0.528076
G1 X100.4 Y103.938 E2.39092
;WIDTH:0.544432
G1 X99.658 Y103.914 E2.42188
G1 E.42188 F2400
G92 E0
G1 X104.368 Y104.368 F7800
G1 E2 F2400
;WIDTH:0.449999
G1 F900
G1 X95.632 Y104.368 E2.2957
G1 X95.632 Y95.632 E2.5914
G1 X104.368 Y95.632 E2.8871
G1 X104.368 Y96.88 E2.92934
G1 X104.368 Y104.308 E3.18077
G1 X104.775 Y104.775 F7800
;TYPE:External perimeter
G1 F900
G1 X95.225 Y104.775 E3.50403
G1 X95.225 Y95.225 E3.82729
G1 X104.775 Y95.225 E4.15055
G1 X104.775 Y96.88 E4.20657
G1 X104.775 Y104.715 E4.47178
G1 X104.379 Y104.774 F7800
G1 E2.47178 F2400
G92 E0
G1 X103.586 Y102.455 F7800
G1 E2 F2400
;TYPE:Solid infill
;WIDTH:0.589008
G1 F1200
G1 X103.586 Y103.586 E2.05136
G1 X102.557 Y103.586 E2.09808
G1 X102.677 Y103.504 E2.10468
G1 X103.146 Y103.092 E2.13303
G1 X103.47 Y102.622 E2.15895
G1 E.15895 F2400
G92 E0
G1 X101.583 Y96.344 F7800
G1 E2 F2400
;WIDTH:0.449999
G1 F1200
G1 X103.656 Y96.344 E2.07017
G1 X103.634 Y98.323 E2.13716
G1 X103.462 Y98.055 E2.14794
G1 X103.143 Y97.637 E2.16574
G1 X102.758 Y97.299 E2.18308
G1 X102.332 Y96.938 E2.20198
G1 X101.801 Y96.643 E2.22254
G1 X101.284 Y96.422 E2.24157
G1 X101.386 Y96.396 E2.24513
G1 X102.655 Y96.718 F7800
;WIDTH:0.382665
G1 F1200
G1 X103.282 Y96.718 E2.26284
G1 X103.282 Y97.258 E2.27809
G1 X102.809 Y96.851 E2.29572
G1 E.29572 F2400
G92 E0
G1 X98.583 Y96.344 F7800
G1 E2 F2400
;WIDTH:0.449999
G1 F1200
G1 X96.344 Y96.344 E2.07579
G1 X96.344 Y98.977 E2.16491
G1 X96.374 Y99.215 E2.17303
G1 X96.583 Y98.723 E2.19112
G1 X96.916 Y98.154 E2.21344
G1 X97.153 Y97.856 E2.22633
G1 X97.587 Y97.445 E2.24656
G1 X98.194 Y96.989 E2.27226
G1 X99.159 Y96.424 E2.31011
G1 X98.786 Y96.344 E2.32302
G1 X97.72 Y96.789 F7800
;WIDTH:0.52424
G1 F1200
G1 X97.195 Y97.204 E2.3498
G1 X96.789 Y97.598 E2.37244
G1 X96.789 Y96.789 E2.40482
G1 X97.516 Y96.789 E2.43392
G1 E.43392 F2400
G92 E0
G1 X96.372 Y101.484 F7800
G1 E2 F2400
;WIDTH:0.449999
G1 F1200
G1 X96.41 Y101.492 E2.00131
G1 X96.671 Y102.052 E2.02222
G1 X97.063 Y102.663 E2.04679
G1 X97.581 Y103.216 E2.07244
G1 X98.14 Y103.636 E2.09611
G1 X98.134 Y103.656 E2.09682
G1 X96.344 Y103.656 E2.15741
G1 X96.344 Y102.097 E2.21018
G1 X96.363 Y101.687 E2.22407
G1 X96.912 Y103.14 F7800
;WIDTH:0.629894
G1 F1200
G1 X96.86 Y103.088 E2.22766
G1 X96.79 Y103.107 E2.2312
G1 X96.771 Y103.178 E2.23479
G1 X96.822 Y103.229 E2.23831
G1 X96.893 Y103.21 E2.2419
;LAYER_CHANGE
;Z:1.95
;HEIGHT:0.2
G1 E.2419 F2400
G92 E0
G1 Z1.95 F7800
G1 X101.474 Y103.014
G1 E2 F2400
;TYPE:Perimeter
;WIDTH:0.449999
G1 F900
G1 X101.072 Y103.233 E2.0155
G1 X100.458 Y103.431 E2.03734
G1 X99.804 Y103.51 E2.05964
G1 X99.134 Y103.464 E2.08237
G1 X98.505 Y103.3 E2.10437
G1 X97.962 Y103.004 E2.1253
G1 X97.437 Y102.571 E2.14833
G1 X96.942 Y101.829 E2.17852
G1 X96.665 Y101.045 E2.20667
G1 X96.581 Y100.384 E2.22922
G1 X96.623 Y99.747 E2.25083
G1 X96.78 Y99.141 E2.27202
G1 X96.987 Y98.689 E2.28885
G1 X97.414 Y98.082 E2.31397
G1 X97.871 Y97.657 E2.33509
G1 X98.366 Y97.351 E2.35479
G1 X99.02 Y97.116 E2.37831
G1 X99.625 Y97.038 E2.39896
G1 X100.21 Y97.078 E2.41881
G1 X100.842 Y97.263 E2.4411
G1 X101.311 Y97.514 E2.45911
G1 X101.844 Y97.896 E2.48131
G1 X102.337 Y98.348 E2.50395
G1 X102.771 Y99.014 E2.53086
G1 X102.966 Y99.555 E2.55033
G1 X103.048 Y100.056 E2.56751
G1 X103.036 Y100.637 E2.58718
G1 X102.819 Y101.471 E2.61635
G1 X102.526 Y102.028 E2.63765
G1 X102.139 Y102.504 E2.65842
G1 X101.631 Y102.928 E2.68082
G1 X101.527 Y102.985 E2.68483
G1 X101.265 Y102.67 F7800
;TYPE:External perimeter
G1 F900
G1 X100.883 Y102.873 E2.69947
G1 X100.34 Y103.041 E2.71871
G1 X99.762 Y103.105 E2.73839
G1 X99.169 Y103.059 E2.75852
G1 X98.614 Y102.908 E2.77799
G1 X98.168 Y102.653 E2.79538
G1 X97.701 Y102.261 E2.81602
G1 X97.287 Y101.614 E2.84202
G1 X97.051 Y100.918 E2.8669
G1 X96.986 Y100.341 E2.88655
G1 X97.029 Y99.78 E2.90559
G1 X97.172 Y99.25 E2.92417
G1 X97.32 Y98.924 E2.93629
G1 X97.747 Y98.316 E2.96144
G1 X98.14 Y97.962 E2.97934
G1 X98.573 Y97.702 E2.99644
G1 X99.15 Y97.502 E3.01711
G1 X99.668 Y97.442 E3.03476
G1 X100.174 Y97.483 E3.05194
G1 X100.719 Y97.651 E3.07124
G1 X101.129 Y97.881 E3.08715
G1 X101.604 Y98.226 E3.10702
G1 X102.06 Y98.647 E3.12803
G1 X102.424 Y99.227 E3.15121
G1 X102.587 Y99.714 E3.16859
G1 X102.64 Y100.06 E3.18044
G1 X102.629 Y100.628 E3.19967
G1 X102.428 Y101.36 E3.22536
G1 X102.171 Y101.829 E3.24346
G1 X101.828 Y102.242 E3.26163
G1 X101.376 Y102.611 E3.28138
G1 X101.318 Y102.642 E3.28361
G1 X100.965 Y102.83 F7800
G1 X100.467 Y103.904
;TYPE:Perimeter
;WIDTH:0.563214
G1 F900
G1 X100.158 Y103.921 E3.297
;WIDTH:0.529546
G1 X99.849 Y103.938 E3.30952
;WIDTH:0.541294
G1 X99.096 Y103.915 E3.34074
G1 E1.34074 F2400
G92 E0
G1 X103.961 Y103.961 F7800
G1 E2 F2400
;WIDTH:0.449999
G1 F900
G1 X101.127 Y103.961 E2.09593
;WIDTH:0.487738
G1 X100.907 Y103.942 E2.1041
;WIDTH:0.525476
G1 X100.687 Y103.923 E2.11296
;WIDTH:0.563214
G1 X100.467 Y103.904 E2.12251
G1 X100.587 Y103.857 E2.12809
;WIDTH:0.526182
G1 X100.924 Y103.725 E2.14263
;WIDTH:0.488091
G1 X101.261 Y103.594 E2.15601
;WIDTH:0.449999
G1 X101.886 Y103.245 E2.18024
G1 X102.31 Y102.904 E2.19866
G1 X102.551 Y102.648 E2.21056
G1 X102.881 Y102.227 E2.22867
G1 X103.211 Y101.583 E2.25316
;WIDTH:0.493168
G1 X103.425 Y100.908 E2.27967
;WIDTH:0.505516
G1 X103.471 Y100.646 E2.2899
G1 X103.479 Y100.078 E2.31175
;WIDTH:0.533228
G1 X103.432 Y99.576 E2.33231
G1 X103.372 Y99.421 E2.33909
;WIDTH:0.489797
G1 X103.118 Y98.802 E2.36395
;WIDTH:0.449999
G1 X102.789 Y98.265 E2.38527
G1 X102.614 Y98.05 E2.39465
G1 X102.083 Y97.567 E2.41895
G1 X101.512 Y97.16 E2.44268
G1 X100.966 Y96.875 E2.46353
;WIDTH:0.487861
G1 X100.727 Y96.789 E2.47293
;WIDTH:0.525723
G1 X100.489 Y96.702 E2.4831
;WIDTH:0.563585
G1 X100.251 Y96.616 E2.49406
G1 X99.689 Y96.582 E2.51844
;WIDTH:0.569271
G1 X99.101 Y96.624 E2.54424
G1 X98.991 Y96.663 E2.54935
;WIDTH:0.53977
G1 X98.88 Y96.702 E2.55421
;WIDTH:0.510269
G1 X98.519 Y96.852 E2.5694
;WIDTH:0.480134
G1 X98.158 Y97.001 E2.5836
;WIDTH:0.449999
G1 X97.602 Y97.351 E2.60584
G1 X97.081 Y97.848 E2.63021
G1 X96.654 Y98.455 E2.65533
G1 X96.388 Y99.032 E2.67684
;WIDTH:0.494616
G1 X96.323 Y99.2 E2.68361
;WIDTH:0.539232
G1 X96.258 Y99.369 E2.69108
;WIDTH:0.583848
G1 X96.193 Y99.537 E2.69918
;WIDTH:0.628464
G1 X96.128 Y99.705 E2.70795
G1 X96.105 Y99.601 E2.71314
;WIDTH:0.581537
G1 X96.081 Y99.496 E2.71796
;WIDTH:0.53461
G1 X96.06 Y99.24 E2.72846
;WIDTH:0.492305
G1 X96.039 Y98.984 E2.73806
;WIDTH:0.449999
G1 X96.039 Y96.039 E2.83774
G1 X98.208 Y96.039 E2.91116
;WIDTH:0.489757
G1 X98.496 Y96.059 E2.92189
;WIDTH:0.529514
G1 X98.785 Y96.079 E2.93361
;WIDTH:0.569271
G1 X99.074 Y96.099 E2.94629
G1 X99.689 Y96.084 E2.97321
;WIDTH:0.563585
G1 X100.274 Y96.096 E2.99854
G1 X100.422 Y96.075 E3.00501
;WIDTH:0.52131
G1 X100.57 Y96.054 E3.01096
;WIDTH:0.479034
G1 X101.095 Y96.039 E3.03001
;WIDTH:0.449999
G1 X103.961 Y96.039 E3.12702
G1 X103.961 Y97.03 E3.16056
G1 X103.961 Y98.894 E3.22365
;WIDTH:0.491614
G1 X103.94 Y99.216 E3.23569
;WIDTH:0.533228
G1 X103.919 Y99.537 E3.2488
G1 X103.936 Y100.082 E3.27103
;WIDTH:0.499688
G1 X103.939 Y100.98 E3.30514
;WIDTH:0.493168
G1 X103.961 Y101.687 E3.33162
;WIDTH:0.449999
G1 X103.961 Y103.901 E3.40656
G1 E1.40656 F2400
G92 E0
G1 X99.096 Y103.915 F7800
G1 E2 F2400
;WIDTH:0.541294
G1 F900
G1 X98.896 Y103.938 E2.00834
;WIDTH:0.495625
G1 X98.359 Y103.961 E2.02857
;WIDTH:0.449999
G1 X96.039 Y103.961 E2.1071
G1 X96.039 Y101.899 E2.1769
;WIDTH:0.490922
G1 X96.06 Y101.728 E2.18332
;WIDTH:0.531845
G1 X96.08 Y101.558 E2.19028
;WIDTH:0.572767
G1 X96.101 Y101.388 E2.19783
;WIDTH:0.61369
G1 X96.121 Y101.218 E2.20595
;WIDTH:0.654612
G1 X96.141 Y101.047 E2.21471
G1 X96.181 Y101.119 E2.2189
;WIDTH:0.612317
G1 X96.221 Y101.192 E2.22284
;WIDTH:0.570022
G1 X96.346 Y101.476 E2.23644
;WIDTH:0.530015
G1 X96.471 Y101.76 E2.24901
;WIDTH:0.490007
G1 X96.596 Y102.044 E2.26055
;WIDTH:0.449999
G1 X96.969 Y102.643 E2.28444
G1 X97.174 Y102.881 E2.29507
G1 X97.755 Y103.355 E2.32045
G1 X98.396 Y103.692 E2.34496
;WIDTH:0.495647
G1 X98.746 Y103.804 E2.35879
;WIDTH:0.541294
G1 X99.038 Y103.897 E2.37149
G1 E.37149 F2400
G92 E0
G1 X96.141 Y101.047 F7800
G1 E2 F2400
;WIDTH:0.654612
G1 F900
G1 X96.125 Y100.74 E2.01564
;WIDTH:0.620901
G1 X96.108 Y100.434 E2.03037
;WIDTH:0.628464
G1 X96.128 Y99.705 E2.06588
G1 E.06588 F2400
G92 E0
G1 X104.368 Y104.368 F7800
G1 E2 F2400
;WIDTH:0.449999
G1 F900
G1 X95.632 Y104.368 E2.2957
G1 X95.632 Y95.632 E2.5914
G1 X104.368 Y95.632 E2.8871
G1 X104.368 Y97.03 E2.93442
G1 X104.368 Y104.308 E3.18077
G1 X104.775 Y104.775 F7800
;TYPE:External perimeter
G1 F900
G1 X95.225 Y104.775 E3.50403
G1 X95.225 Y95.225 E3.82729
G1 X104.775 Y95.225 E4.15055
G1 X104.775 Y97.03 E4.21165
G1 X104.775 Y104.715 E4.47178
G1 X104.379 Y104.774 F7800
G1 E2.47178 F2400
G92 E0
G1 X101.872 Y103.607 F7800
G1 E2 F2400
;TYPE:Solid infill
G1 F1200
G1 X102.521 Y103.123 E2.0274
G1 X103.021 Y102.559 E2.05291
G1 X103.395 Y101.93 E2.07768
G1 X103.62 Y101.375 E2.09795
G1 X103.656 Y101.69 E2.10868
G1 X103.656 Y103.656 E2.17523
G1 X102.023 Y103.656 E2.23051
G1 X103.139 Y103.087 F7800
;WIDTH:0.631264
G1 F1200
G1 X103.087 Y103.139 E2.23411
G1 X103.106 Y103.21 E2.23771
G1 X103.177 Y103.229 E2.24131
G1 X103.229 Y103.177 E2.24491
G1 X103.21 Y103.106 E2.24851
G1 E.24851 F2400
G92 E0
G1 X96.414 Y102.46 F7800
G1 E2 F2400
;WIDTH:0.588746
G1 F1200
G1 X96.647 Y102.835 E2.02004
G1 X96.888 Y103.127 E2.03722
G1 X97.441 Y103.586 E2.06984
G1 X96.414 Y103.586 E2.11645
G1 X96.414 Y102.664 E2.1583
G1 E.1583 F2400
G92 E0
G1 X96.344 Y96.548 F7800
G1 E2 F2400
;WIDTH:0.449999
G1 F1200
G1 X96.344 Y98.322 E2.06005
G1 X96.828 Y97.677 E2.08735
G1 X97.422 Y97.106 E2.11524
G1 X97.993 Y96.744 E2.13812
G1 X98.668 Y96.432 E2.16329
G1 X98.679 Y96.41 E2.16412
G1 X98.195 Y96.344 E2.18065
G1 X96.344 Y96.344 E2.2433
G1 X96.861 Y97.128 F7800
;WIDTH:0.374554
G1 F1200
G1 X97.134 Y96.865 E2.25375
G1 X97.351 Y96.714 E2.26104
G1 X96.714 Y96.714 E2.27861
G1 X96.714 Y97.269 E2.29391
G1 E.29391 F2400
G92 E0
G1 X100.591 Y96.373 F7800
G1 E2 F2400
;WIDTH:0.449999
G1 F1200
G1 X101.098 Y96.344 E2.01719
G1 X103.656 Y96.344 E2.10378
G1 X103.656 Y98.601 E2.18018
G1 X103.634 Y99.129 E2.19807
G1 X103.596 Y99.12 E2.19939
G1 X103.375 Y98.637 E2.21737
G1 X103.053 Y98.111 E2.23825
G1 X102.815 Y97.82 E2.25097
G1 X102.256 Y97.316 E2.27645
G1 X101.676 Y96.904 E2.30053
G1 X101.291 Y96.686 E2.31551
G1 X100.753 Y96.472 E2.33511
G1 X102.285 Y96.79 F7800
;WIDTH:0.526641
G1 F1200
G1 X103.21 Y96.79 E2.37231
G1 X103.21 Y97.596 E2.40473
G1 X102.806 Y97.211 E2.42718
G1 X102.443 Y96.918 E2.44594
M106 S234.6
;LAYER_CHANGE
;Z:2.15
;HEIGHT:0.2
G1 E.44594 F2400
G92 E0
G1 Z2.15 F7800
G1 X96.813 Y98.284
G1 E2 F2400
;TYPE:Perimeter
;WIDTH:0.449999
G1 F900
G1 X97.262 Y97.708 E2.02472
G1 X97.775 Y97.278 E2.04738
G1 X98.349 Y96.958 E2.06962
G1 X98.959 Y96.756 E2.09137
G1 X99.512 Y96.677 E2.11028
G1 X100.093 Y96.693 E2.12995
G1 X100.693 Y96.82 E2.15071
G1 X101.248 Y97.053 E2.17108
G1 X101.74 Y97.378 E2.19104
G1 X102.153 Y97.78 E2.21055
G1 X102.515 Y98.308 E2.23222
G1 X102.799 Y99.065 E2.25959
G1 X102.868 Y99.859 E2.28657
G1 X102.759 Y100.511 E2.30895
G1 X102.559 Y101.139 E2.33126
G1 X102.324 Y101.663 E2.3507
G1 X102.029 Y102.087 E2.36818
G1 X101.646 Y102.465 E2.38639
G1 X101.318 Y102.696 E2.39997
G1 X100.82 Y102.942 E2.41877
G1 X99.996 Y103.132 E2.44739
G1 X99.384 Y103.128 E2.46811
G1 X98.668 Y102.969 E2.49294
G1 X98.046 Y102.68 E2.51616
G1 X97.539 Y102.306 E2.53749
G1 X96.941 Y101.592 E2.56901
G1 X96.631 Y100.98 E2.59223
G1 X96.452 Y100.334 E2.61492
G1 X96.398 Y99.652 E2.63808
G1 X96.489 Y99.076 E2.65782
G1 X96.786 Y98.337 E2.68478
G1 X97.162 Y98.491 F7800
;TYPE:External perimeter
G1 F900
G1 X97.177 Y98.456 E2.68607
G1 X97.574 Y97.97 E2.70731
G1 X98.031 Y97.594 E2.72734
G1 X98.541 Y97.317 E2.74698
G1 X99.08 Y97.144 E2.76614
G1 X99.587 Y97.08 E2.78344
G1 X100.114 Y97.104 E2.8013
G1 X100.601 Y97.217 E2.81822
G1 X101.084 Y97.426 E2.83603
G1 X101.509 Y97.714 E2.85341
G1 X101.864 Y98.066 E2.87033
G1 X102.175 Y98.531 E2.88927
G1 X102.415 Y99.199 E2.9133
G1 X102.462 Y99.882 E2.93647
G1 X102.359 Y100.431 E2.95538
G1 X102.172 Y101.013 E2.97607
G1 X101.986 Y101.436 E2.99171
G1 X101.729 Y101.812 E3.00713
G1 X101.403 Y102.138 E3.02274
G1 X101.138 Y102.331 E3.03384
G1 X100.64 Y102.577 E3.05264
G1 X99.914 Y102.733 E3.07778
G1 X99.472 Y102.73 E3.09274
G1 X98.757 Y102.571 E3.11753
G1 X98.226 Y102.315 E3.13748
G1 X97.787 Y101.983 E3.15611
G1 X97.257 Y101.336 E3.18442
G1 X96.999 Y100.805 E3.2044
G1 X96.846 Y100.232 E3.22447
G1 X96.804 Y99.626 E3.24503
G1 X96.901 Y99.113 E3.2627
G1 X97.139 Y98.546 E3.28351
G1 X97.373 Y98.222 F7800
G1 E1.28351 F2400
G92 E0
G1 X103.961 Y103.961 F7800
G1 E2 F2400
;TYPE:Perimeter
G1 F3600
G1 X100.813 Y103.961 E2.10656
;WIDTH:0.451093
G1 X99.865 Y103.96 E2.13873
;WIDTH:0.46696
G1 X98.515 Y103.961 E2.18633
;WIDTH:0.449999
G1 X96.039 Y103.961 E2.27014
G1 X96.039 Y100.994 E2.37057
;WIDTH:0.451704
G1 X96.04 Y100.356 E2.39226
G1 X96.057 Y100.436 E2.39504
;WIDTH:0.451352
G1 X96.264 Y101.155 E2.42045
;WIDTH:0.449999
G1 X96.624 Y101.848 E2.44688
G1 X97.291 Y102.628 E2.48162
G1 X97.865 Y103.045 E2.50564
G1 X98.58 Y103.366 E2.53217
;WIDTH:0.46696
G1 X99.293 Y103.533 E2.55799
G1 X99.509 Y103.55 E2.56563
;WIDTH:0.459393
G1 X100.079 Y103.535 E2.58538
G1 X101.001 Y103.307 E2.61827
;WIDTH:0.449999
G1 X101.498 Y103.061 E2.63704
G1 X102.006 Y102.69 E2.65833
G1 X102.428 Y102.237 E2.67929
G1 X102.752 Y101.726 E2.69977
G1 X102.946 Y101.264 E2.71673
G1 X103.158 Y100.59 E2.74065
;WIDTH:0.49586
G1 X103.213 Y100.428 E2.74709
;WIDTH:0.541721
G1 X103.269 Y100.267 E2.75416
;WIDTH:0.587581
G1 X103.324 Y100.105 E2.76191
;WIDTH:0.589859
G1 X103.344 Y99.831 E2.7744
;WIDTH:0.607964
G1 X103.317 Y99.203 E2.80393
G1 X103.284 Y99.135 E2.80748
;WIDTH:0.569451
G1 X103.251 Y99.067 E2.81079
;WIDTH:0.530937
G1 X103.218 Y98.998 E2.81389
;WIDTH:0.492424
G1 X103.185 Y98.93 E2.81672
;WIDTH:0.45391
G1 X102.855 Y98.084 E2.84775
;WIDTH:0.449999
G1 X102.442 Y97.493 E2.87216
G1 X101.971 Y97.043 E2.89421
G1 X101.413 Y96.681 E2.91672
G1 X100.784 Y96.424 E2.93972
G1 X100.446 Y96.375 E2.95128
;WIDTH:0.409947
G1 X100.108 Y96.326 E2.9617
;WIDTH:0.369894
G1 X99.467 Y96.316 E2.97913
;WIDTH:0.390372
G1 X99.155 Y96.35 E2.9882
;WIDTH:0.416741
G1 X98.842 Y96.383 E2.99798
;WIDTH:0.449999
G1 X98.156 Y96.599 E3.02232
G1 X97.519 Y96.961 E3.04712
G1 X96.951 Y97.446 E3.0724
G1 X96.586 Y97.88 E3.09159
G1 X96.426 Y98.14 E3.10192
G1 X96.15 Y98.797 E3.12604
G1 X96.023 Y99.424 E3.14769
G1 X96.039 Y98.994 E3.16226
G1 X96.039 Y96.039 E3.26228
G1 X98.629 Y96.025 E3.34995
;WIDTH:0.420861
G1 X98.998 Y96.01 E3.36156
;WIDTH:0.391722
G1 X99.633 Y95.994 E3.37998
;WIDTH:0.384214
G1 X100.328 Y96.006 E3.39971
;WIDTH:0.417107
G1 X100.578 Y96.023 E3.40751
;WIDTH:0.449999
G1 X100.828 Y96.039 E3.41599
G1 X103.961 Y96.039 E3.52204
G1 X103.961 Y96.91 E3.55152
G1 X103.961 Y98.139 E3.59312
;WIDTH:0.45391
G1 X103.959 Y98.799 E3.61567
;WIDTH:0.492424
G1 X103.94 Y98.896 E3.61936
;WIDTH:0.530937
G1 X103.92 Y98.993 E3.62338
;WIDTH:0.569451
G1 X103.901 Y99.09 E3.62771
;WIDTH:0.607964
G1 X103.882 Y99.187 E3.63235
G1 X103.892 Y100.161 E3.67811
;WIDTH:0.587581
G1 X103.915 Y100.33 E3.68583
;WIDTH:0.541721
G1 X103.938 Y100.5 E3.69295
;WIDTH:0.49586
G1 X103.961 Y100.669 E3.69937
;WIDTH:0.449999
G1 X103.961 Y103.901 E3.80877
G1 E1.80877 F2400
G92 E0
G1 X96.04 Y100.356 F7800
G1 E2 F2400
;WIDTH:0.451704
G1 F900
G1 X96.015 Y99.676 E2.02313
;WIDTH:0.418674
G1 X96.023 Y99.424 E2.03101
G1 E.03101 F2400
G92 E0
G1 X104.368 Y104.368 F7800
G1 E2 F2400
;WIDTH:0.449999
G1 F900
G1 X95.632 Y104.368 E2.2957
G1 X95.632 Y95.632 E2.5914
G1 X104.368 Y95.632 E2.8871
G1 X104.368 Y96.91 E2.93036
G1 X104.368 Y104.308 E3.18077
G1 X104.775 Y104.775 F7800
;TYPE:External perimeter
G1 F900
G1 X95.225 Y104.775 E3.50403
G1 X95.225 Y95.225 E3.82729
G1 X104.775 Y95.225 E4.15055
G1 X104.775 Y96.91 E4.20759
G1 X104.775 Y104.715 E4.47178
G1 X104.379 Y104.774 F7800
G1 E2.47178 F2400
G92 E0
G1 X103.582 Y100.41 F7800
G1 E2 F2400
;TYPE:Solid infill
G1 F1200
G1 X103.656 Y100.682 E2.00954
G1 X103.656 Y103.655 E2.11017
G1 X101.054 Y103.645 E2.19825
G1 X101.068 Y103.587 E2.20027
G1 X101.652 Y103.323 E2.22196
G1 X102.087 Y103.022 E2.23987
G1 X102.532 Y102.591 E2.26084
G1 X102.929 Y102.036 E2.28394
G1 X103.239 Y101.353 E2.30933
G1 X103.45 Y100.676 E2.33333
G1 X103.491 Y100.592 E2.33649
G1 X103.233 Y102.342 F7800
;WIDTH:0.480104
G1 F1200
G1 X103.233 Y103.231 E2.36881
G1 X102.481 Y103.229 E2.39615
G1 X102.85 Y102.868 E2.41492
G1 X103.114 Y102.507 E2.43118
G1 E.43118 F2400
G92 E0
G1 X103.452 Y96.344 F7800
G1 E2 F2400
;WIDTH:0.449999
G1 F1200
G1 X101.484 Y96.344 E2.06661
G1 X101.494 Y96.396 E2.0684
G1 X101.761 Y96.528 E2.07848
G1 X102.312 Y96.932 E2.10161
G1 X102.833 Y97.494 E2.12755
G1 X103.239 Y98.176 E2.15442
G1 X103.462 Y98.793 E2.17663
G1 X103.576 Y98.971 E2.18378
G1 X103.652 Y98.761 E2.19134
G1 X103.655 Y96.344 E2.27315
G1 X102.799 Y96.881 F7800
;WIDTH:0.411262
G1 F1200
G1 X103.091 Y97.197 E2.28633
G1 X103.266 Y97.464 E2.29611
G1 X103.267 Y96.732 E2.31853
G1 X102.661 Y96.732 E2.33709
G1 E.33709 F2400
G92 E0
G1 X96.344 Y96.344 F7800
G1 E2 F2400
;WIDTH:0.449999
G1 F1200
G1 X97.92 Y96.344 E2.05335
G1 X97.914 Y96.383 E2.05469
G1 X97.511 Y96.601 E2.0702
G1 X96.875 Y97.094 E2.09744
G1 X96.344 Y97.702 E2.12476
G1 X96.344 Y96.548 E2.16382
G1 E.16382 F2400
G92 E0
G1 X96.388 Y102.016 F7800
G1 E2 F2400
G1 F1200
G1 X96.877 Y102.646 E2.02699
G1 X97.535 Y103.197 E2.05604
G1 X98.388 Y103.639 E2.08856
G1 X98.385 Y103.656 E2.08914
G1 X96.344 Y103.656 E2.15823
G1 X96.344 Y102.199 E2.20755
G1 X96.868 Y103.178 F7800
;WIDTH:0.558498
G1 F1200
G1 X96.822 Y103.132 E2.21034
G1 X96.76 Y103.149 E2.2131
G1 X96.744 Y103.211 E2.21585
G1 X96.789 Y103.256 E2.21858
G1 X96.851 Y103.24 E2.22133
;LAYER_CHANGE
;Z:2.35
;HEIGHT:0.2
G1 E.22133 F2400
G92 E0
G1 Z2.35 F7800
G1 X97.046 Y98.401
G1 E2 F2400
;TYPE:Perimeter
;WIDTH:0.449999
G1 F900
G1 X97.073 Y98.317 E2.00299
G1 X97.404 Y97.753 E2.02513
G1 X97.951 Y97.164 E2.05234
G1 X98.51 Y96.771 E2.07547
G1 X99.135 Y96.493 E2.09862
G1 X99.755 Y96.379 E2.11996
G1 X100.362 Y96.388 E2.14051
G1 X101.082 Y96.576 E2.1657
G1 X101.696 Y96.896 E2.18914
G1 X102.211 Y97.31 E2.21151
G1 X102.725 Y97.948 E2.23924
G1 X103.019 Y98.532 E2.26137
G1 X103.187 Y99.135 E2.28256
G1 X103.238 Y99.745 E2.30328
G1 X103.182 Y100.309 E2.32246
G1 X103.02 Y100.874 E2.34236
G1 X102.759 Y101.391 E2.36196
G1 X102.416 Y101.84 E2.38109
G1 X101.904 Y102.279 E2.40392
G1 X101.336 Y102.581 E2.42569
G1 X100.818 Y102.733 E2.44396
G1 X100.01 Y102.766 E2.47133
G1 X99.358 Y102.758 E2.4934
G1 X98.584 Y102.546 E2.52056
G1 X97.916 Y102.145 E2.54693
G1 X97.342 Y101.538 E2.57521
G1 X97.043 Y101.016 E2.59557
G1 X96.826 Y100.336 E2.61973
G1 X96.762 Y99.706 E2.64116
G1 X96.829 Y99.051 E2.66345
G1 X97.027 Y98.458 E2.68461
G1 X97.419 Y98.563 F7800
;TYPE:External perimeter
G1 F900
G1 X97.457 Y98.453 E2.68855
G1 X97.751 Y97.967 E2.70778
G1 X98.245 Y97.446 E2.73208
G1 X98.737 Y97.108 E2.75228
G1 X99.294 Y96.868 E2.77281
G1 X99.817 Y96.782 E2.79075
G1 X100.35 Y96.795 E2.8088
G1 X100.97 Y96.967 E2.83058
G1 X101.5 Y97.253 E2.85097
G1 X101.951 Y97.623 E2.87072
G1 X102.404 Y98.198 E2.8955
G1 X102.651 Y98.707 E2.91465
G1 X102.793 Y99.237 E2.93322
G1 X102.832 Y99.772 E2.95138
G1 X102.776 Y100.273 E2.96844
G1 X102.631 Y100.754 E2.98544
G1 X102.399 Y101.201 E3.00249
G1 X102.067 Y101.616 E3.02048
G1 X101.645 Y101.965 E3.03902
G1 X101.154 Y102.217 E3.0577
G1 X100.663 Y102.347 E3.07489
G1 X99.362 Y102.351 E3.11893
G1 X98.704 Y102.157 E3.14215
G1 X98.135 Y101.802 E3.16485
G1 X97.646 Y101.266 E3.18941
G1 X97.431 Y100.892 E3.20401
G1 X97.213 Y100.212 E3.22818
G1 X97.168 Y99.676 E3.24639
G1 X97.233 Y99.1 E3.26601
G1 X97.399 Y98.62 E3.2832
G1 X97.578 Y98.262 F7800
G1 E1.2832 F2400
G92 E0
G1 X103.961 Y103.961 F7800
G1 E2 F2400
;TYPE:Perimeter
G1 F3600
G1 X96.039 Y103.961 E2.26815
G1 X96.026 Y100.239 E2.39414
;WIDTH:0.423371
G1 X96.018 Y99.519 E2.41692
;WIDTH:0.446817
G1 X96.038 Y98.71 E2.4441
;WIDTH:0.449999
G1 X96.039 Y96.039 E2.53451
G1 X98.392 Y96.039 E2.61416
;WIDTH:0.463934
G1 X99.197 Y96.046 E2.64234
G1 X98.975 Y96.116 E2.65049
;WIDTH:0.455593
G1 X98.283 Y96.433 E2.67661
;WIDTH:0.449999
G1 X97.657 Y96.882 E2.70269
G1 X97.058 Y97.54 E2.73281
G1 X96.69 Y98.181 E2.75783
G1 X96.43 Y99.003 E2.78701
;WIDTH:0.440124
G1 X96.378 Y99.735 E2.81125
;WIDTH:0.43873
G1 X96.443 Y100.459 E2.83517
;WIDTH:0.449999
G1 X96.742 Y101.336 E2.86653
G1 X97.039 Y101.809 E2.88544
G1 X97.486 Y102.309 E2.90814
G1 X97.696 Y102.488 E2.91748
G1 X98.215 Y102.82 E2.93833
G1 X98.464 Y102.935 E2.94761
G1 X99.065 Y103.12 E2.9689
G1 X99.353 Y103.165 E2.97877
G1 X100.017 Y103.173 E3.00125
G1 X100.924 Y103.126 E3.03199
G1 X101.519 Y102.945 E3.05304
G1 X102.163 Y102.593 E3.07788
G1 X102.734 Y102.093 E3.10357
G1 X103.119 Y101.58 E3.12528
G1 X103.409 Y100.993 E3.14744
G1 X103.579 Y100.356 E3.16976
;WIDTH:0.434129
G1 X103.622 Y99.72 E3.1905
;WIDTH:0.439473
G1 X103.576 Y99.033 E3.2132
;WIDTH:0.449999
G1 X103.386 Y98.357 E3.23697
G1 X103.046 Y97.698 E3.26207
G1 X102.471 Y96.996 E3.29279
G1 X101.892 Y96.54 E3.31774
G1 X101.195 Y96.185 E3.34422
G1 X100.622 Y96.03 E3.36431
G1 X103.961 Y96.039 E3.47733
G1 X103.961 Y96.763 E3.50184
G1 X103.975 Y99.21 E3.58467
;WIDTH:0.421236
G1 X103.982 Y99.923 E3.6071
;WIDTH:0.439136
G1 X103.966 Y100.447 E3.62437
;WIDTH:0.449999
G1 X103.961 Y103.901 E3.74128
G1 E1.74128 F2400
G92 E0
G1 X99.197 Y96.046 F7800
G1 E2 F2400
;WIDTH:0.463934
G1 F900
G1 X99.448 Y96.027 E2.00881
;WIDTH:0.425727
G1 X99.699 Y96.008 E2.01682
;WIDTH:0.392116
G1 X100.374 Y96.01 E2.03642
;WIDTH:0.430976
G1 X100.622 Y96.03 E2.04445
G1 E.04445 F2400
G92 E0
G1 X104.368 Y104.368 F7800
G1 E2 F2400
;WIDTH:0.449999
G1 F900
G1 X95.632 Y104.368 E2.2957
G1 X95.632 Y95.632 E2.5914
G1 X104.368 Y95.632 E2.8871
G1 X104.368 Y96.763 E2.92538
G1 X104.368 Y104.308 E3.18077
G1 X104.775 Y104.775 F7800
;TYPE:External perimeter
G1 F900
G1 X95.225 Y104.775 E3.50403
G1 X95.225 Y95.225 E3.82729
G1 X104.775 Y95.225 E4.15055
G1 X104.775 Y96.763 E4.20261
G1 X104.775 Y104.715 E4.47178
G1 X104.379 Y104.774 F7800
G1 E2.47178 F2400
G92 E0
G1 X96.344 Y103.656 F7800
G1 E2 F2400
;TYPE:Solid infill
G1 F1200
G1 X96.344 Y101.269 E2.0808
G1 X96.394 Y101.278 E2.08252
G1 X96.668 Y101.814 E2.1029
G1 X97.25 Y102.503 E2.13343
G1 X97.538 Y102.749 E2.14625
G1 X98.045 Y103.073 E2.16662
G1 X98.381 Y103.229 E2.17916
G1 X98.68 Y103.302 E2.18958
;WIDTH:0.413252
G1 X98.979 Y103.375 E2.19906
;WIDTH:0.376504
G1 X99.357 Y103.415 E2.2096
;WIDTH:0.338902
G1 X100.025 Y103.42 E2.22604
;WIDTH:0.358293
G1 X100.896 Y103.398 E2.24889
;WIDTH:0.404146
G1 X101.165 Y103.35 E2.2571
;WIDTH:0.449999
G1 X101.434 Y103.302 E2.26635
G1 X102.135 Y102.974 E2.29255
G1 X102.801 Y102.458 E2.32107
G1 X103.269 Y101.907 E2.34554
G1 X103.647 Y101.256 E2.37102
G1 X103.664 Y101.26 E2.37161
G1 X103.656 Y103.656 E2.45271
G1 X101.444 Y103.656 E2.52758
G1 X101.251 Y103.672 E2.53414
;WIDTH:0.416654
G1 X101.059 Y103.689 E2.54013
;WIDTH:0.383309
G1 X100.867 Y103.706 E2.54559
;WIDTH:0.349963
G1 X100.016 Y103.713 E2.56732
;WIDTH:0.376504
G1 X98.931 Y103.692 E2.59742
;WIDTH:0.413252
G1 X98.624 Y103.674 E2.60689
;WIDTH:0.449999
G1 X98.317 Y103.656 E2.6173
G1 X96.548 Y103.656 E2.67718
G1 X96.75 Y102.742 F7800
;WIDTH:0.446085
G1 F1200
G1 X96.75 Y103.25 E2.69421
G1 X97.57 Y103.25 E2.7217
G1 X97.082 Y102.895 E2.74193
G1 X96.75 Y102.538 E2.75827
G1 E.75827 F2400
G92 E0
G1 X102.446 Y103.248 F7800
G1 E2 F2400
;WIDTH:0.450141
G1 F1200
G1 X102.923 Y102.883 E2.02034
G1 X103.252 Y102.558 E2.036
G1 X103.25 Y103.248 E2.05936
G1 X102.65 Y103.248 E2.07968
G1 E.07968 F2400
G92 E0
G1 X102.184 Y96.374 F7800
G1 E2 F2400
;WIDTH:0.449999
G1 F1200
G1 X102.208 Y96.344 E2.0013
G1 X103.656 Y96.344 E2.05031
G1 X103.647 Y98.157 E2.11168
G1 X103.42 Y97.726 E2.12817
G1 X102.843 Y96.945 E2.16104
G1 X102.338 Y96.507 E2.18367
G1 X103.223 Y96.712 F7800
;WIDTH:0.475928
G1 F1200
G1 X103.185 Y96.75 E2.1856
G1 X103.199 Y96.803 E2.18757
G1 X103.252 Y96.817 E2.18954
G1 X103.29 Y96.779 E2.19147
G1 X103.276 Y96.726 E2.19344
G1 E.19344 F2400
G92 E0
G1 X96.343 Y96.548 F7800
G1 E2 F2400
;WIDTH:0.449999
G1 F1200
G1 X96.338 Y98.16 E2.05456
G1 X96.389 Y98.148 E2.05633
G1 X96.529 Y97.817 E2.06849
G1 X96.951 Y97.182 E2.0943
G1 X97.433 Y96.674 E2.118
G1 X97.821 Y96.363 E2.13483
G1 X96.344 Y96.344 E2.18483
G1 X96.749 Y96.713 E2.20338
;WIDTH:0.477092
G1 X96.711 Y96.751 E2.20532
G1 X96.725 Y96.803 E2.20726
G1 X96.777 Y96.818 E2.20921
G1 X96.816 Y96.779 E2.2112
G1 X96.802 Y96.727 E2.21314
;LAYER_CHANGE
;Z:2.55
;HEIGHT:0.2
G1 E.21314 F2400
G92 E0
G1 Z2.55 F7800
G1 X103.187 Y98.287
G1 E2 F2400
;TYPE:Perimeter
;WIDTH:0.449999
G1 F900
G1 X103.234 Y98.351 E2.00269
G1 X103.439 Y98.837 E2.02054
G1 X103.591 Y99.509 E2.04386
G1 X103.572 Y100.178 E2.06651
G1 X103.423 Y100.828 E2.08908
G1 X103.158 Y101.432 E2.11141
G1 X102.791 Y101.964 E2.13329
G1 X102.395 Y102.356 E2.15215
G1 X101.787 Y102.774 E2.17712
G1 X101.217 Y103.009 E2.19799
G1 X100.492 Y103.14 E2.22293
G1 X99.893 Y103.122 E2.24321
G1 X99.213 Y102.954 E2.26692
G1 X98.699 Y102.708 E2.28621
G1 X98.197 Y102.324 E2.3076
G1 X97.837 Y101.913 E2.32609
G1 X97.524 Y101.353 E2.34781
G1 X97.238 Y100.509 E2.37797
G1 X97.145 Y100.035 E2.39432
G1 X97.131 Y99.536 E2.41122
G1 X97.288 Y98.758 E2.43809
G1 X97.533 Y98.226 E2.45792
G1 X97.941 Y97.678 E2.48105
G1 X98.401 Y97.272 E2.50182
G1 X98.918 Y96.971 E2.52207
G1 X99.384 Y96.799 E2.53888
G1 X100.09 Y96.679 E2.56312
G1 X100.635 Y96.688 E2.58157
G1 X101.253 Y96.812 E2.60291
G1 X101.666 Y96.965 E2.61782
G1 X102.144 Y97.224 E2.63622
G1 X102.555 Y97.559 E2.65417
G1 X102.867 Y97.845 E2.6685
G1 X103.152 Y98.238 E2.68493
G1 X102.843 Y98.489 F7800
;TYPE:External perimeter
G1 F900
G1 X103.064 Y98.995 E2.70362
G1 X103.192 Y99.592 E2.72429
G1 X103.166 Y100.154 E2.74333
G1 X103.028 Y100.731 E2.76341
G1 X102.788 Y101.262 E2.78313
G1 X102.46 Y101.727 E2.80239
G1 X102.06 Y102.114 E2.82123
G1 X101.569 Y102.431 E2.84101
G1 X101.069 Y102.63 E2.85923
G1 X100.427 Y102.738 E2.88127
G1 X99.914 Y102.716 E2.89865
G1 X99.319 Y102.561 E2.91946
G1 X98.849 Y102.323 E2.93729
G1 X98.451 Y102.005 E2.95453
G1 X98.125 Y101.617 E2.97168
G1 X97.884 Y101.162 E2.98911
G1 X97.625 Y100.382 E3.01693
G1 X97.552 Y100.024 E3.0293
G1 X97.538 Y99.525 E3.0462
G1 X97.685 Y98.848 E3.06965
G1 X97.859 Y98.47 E3.08374
G1 X98.268 Y97.921 E3.10691
G1 X98.662 Y97.584 E3.12446
G1 X99.116 Y97.326 E3.14214
G1 X99.452 Y97.201 E3.15427
G1 X100.158 Y97.081 E3.17851
G1 X100.654 Y97.099 E3.19531
G1 X101.167 Y97.21 E3.21308
G1 X101.472 Y97.322 E3.22408
G1 X101.95 Y97.582 E3.2425
G1 X102.517 Y98.065 E3.26771
G1 X102.811 Y98.438 E3.28379
G1 X102.978 Y98.802 F7800
G1 X103.975 Y99.429
;TYPE:Perimeter
;WIDTH:0.432192
G1 F900
G1 X103.97 Y100.202 E3.30881
;WIDTH:0.445648
G1 X103.963 Y100.317 E3.31267
G1 E1.31267 F2400
G92 E0
G1 X103.961 Y103.961 F7800
G1 E2 F2400
;WIDTH:0.449999
G1 F3600
G1 X101.971 Y103.961 E2.06736
;WIDTH:0.47808
G1 X101.585 Y103.947 E2.08134
;WIDTH:0.506161
G1 X101.198 Y103.933 E2.09626
G1 X100.765 Y103.947 E2.11295
;WIDTH:0.47829
G1 X100.332 Y103.961 E2.12863
;WIDTH:0.483048
G1 X99.6 Y103.944 E2.15543
G1 X99.028 Y103.961 E2.17637
;WIDTH:0.449999
G1 X96.039 Y103.961 E2.27754
G1 X96.039 Y100.765 E2.38572
;WIDTH:0.496053
G1 X96.062 Y100.611 E2.39159
;WIDTH:0.542107
G1 X96.085 Y100.457 E2.39805
;WIDTH:0.58816
G1 X96.108 Y100.302 E2.40515
;WIDTH:0.595872
G1 X96.112 Y100.055 E2.41651
;WIDTH:0.606015
G1 X96.117 Y99.215 E2.45584
G1 X96.098 Y99.054 E2.46343
;WIDTH:0.567011
G1 X96.078 Y98.894 E2.47046
;WIDTH:0.528007
G1 X96.059 Y98.733 E2.477
;WIDTH:0.489003
G1 X96.039 Y98.573 E2.48298
;WIDTH:0.449999
G1 X96.039 Y96.039 E2.56875
G1 X99.285 Y96.028 E2.67862
;WIDTH:0.427237
G1 X99.761 Y96.011 E2.69384
;WIDTH:0.393175
G1 X100.237 Y95.994 E2.70771
;WIDTH:0.37991
G1 X100.854 Y96.004 E2.725
;WIDTH:0.414955
G1 X101.116 Y96.022 E2.73312
;WIDTH:0.449999
G1 X101.379 Y96.039 E2.74204
G1 X103.961 Y96.039 E2.82944
G1 X103.961 Y96.729 E2.8528
G1 X103.975 Y99.429 E2.94419
G1 X103.814 Y98.678 E2.97019
G1 X103.609 Y98.193 E2.98801
G1 X103.189 Y97.596 E3.01272
G1 X102.821 Y97.251 E3.02979
G1 X102.338 Y96.866 E3.0507
G1 X101.86 Y96.607 E3.0691
G1 X101.339 Y96.414 E3.08791
G1 X100.994 Y96.368 E3.09969
;WIDTH:0.408698
G1 X100.65 Y96.322 E3.11025
;WIDTH:0.367397
G1 X100.028 Y96.319 E3.12703
;WIDTH:0.397248
G1 X99.671 Y96.365 E3.13764
;WIDTH:0.427755
G1 X99.313 Y96.41 E3.14919
;WIDTH:0.449999
G1 X98.72 Y96.615 E3.17043
G1 X98.14 Y96.959 E3.19326
G1 X97.614 Y97.435 E3.21727
G1 X97.097 Y98.167 E3.2476
G1 X96.891 Y98.668 E3.26594
;WIDTH:0.489003
G1 X96.837 Y98.82 E3.27192
;WIDTH:0.528007
G1 X96.782 Y98.973 E3.27848
;WIDTH:0.567011
G1 X96.728 Y99.125 E3.28551
;WIDTH:0.606015
G1 X96.673 Y99.277 E3.29308
G1 X96.655 Y99.548 E3.3058
G1 X96.676 Y100.208 E3.33672
G1 X96.72 Y100.315 E3.34214
;WIDTH:0.566991
G1 X96.763 Y100.422 E3.34717
;WIDTH:0.527994
G1 X96.807 Y100.529 E3.35184
;WIDTH:0.488997
G1 X96.851 Y100.636 E3.35613
;WIDTH:0.449999
G1 X97.165 Y101.545 E3.38868
G1 X97.525 Y102.175 E3.41324
G1 X97.944 Y102.642 E3.43448
G1 X98.515 Y103.071 E3.45865
G1 X99.108 Y103.348 E3.4808
;WIDTH:0.483048
G1 X99.657 Y103.512 E3.50177
G1 X99.872 Y103.535 E3.50968
;WIDTH:0.462567
G1 X100.558 Y103.545 E3.53362
;WIDTH:0.506161
G1 X101.161 Y103.472 E3.55702
G1 X101.368 Y103.398 E3.56549
;WIDTH:0.4703
G1 X102.005 Y103.118 E3.59022
;WIDTH:0.449999
G1 X102.676 Y102.651 E3.61789
G1 X103.122 Y102.2 E3.63936
G1 X103.527 Y101.602 E3.66381
G1 X103.819 Y100.925 E3.68877
G1 X103.963 Y100.317 E3.70992
;WIDTH:0.446393
G1 X103.963 Y100.385 E3.7122
;WIDTH:0.449999
G1 X103.961 Y103.901 E3.83121
G1 X104.368 Y104.368 F7800
G1 F900
G1 X95.632 Y104.368 E4.12691
G1 X95.632 Y95.632 E4.42261
G1 X104.368 Y95.632 E4.71831
G1 X104.368 Y96.729 E4.75544
G1 X104.368 Y104.308 E5.01198
G1 X104.775 Y104.775 F7800
;TYPE:External perimeter
G1 F900
G1 X95.225 Y104.775 E5.33524
G1 X95.225 Y95.225 E5.6585
G1 X104.775 Y95.225 E5.98176
G1 X104.775 Y96.729 E6.03267
G1 X104.775 Y104.715 E6.30299
G1 X104.379 Y104.774 F7800
G1 E4.30299 F2400
G92 E0
G1 X103.613 Y102.031 F7800
G1 E2 F2400
;TYPE:Solid infill
G1 F1200
G1 X103.656 Y102.028 E2.00146
G1 X103.656 Y103.656 E2.05657
G1 X101.661 Y103.643 E2.1241
G1 X101.669 Y103.605 E2.12541
G1 X102.175 Y103.372 E2.14427
G1 X102.651 Y103.066 E2.16342
G1 X103.226 Y102.545 E2.18968
G1 X103.491 Y102.193 E2.20459
G1 X103.257 Y103.179 F7800
;WIDTH:0.556056
G1 F1200
G1 X103.212 Y103.133 E2.20734
G1 X103.15 Y103.15 E2.21008
G1 X103.133 Y103.212 E2.21282
G1 X103.179 Y103.257 E2.21557
G1 X103.241 Y103.241 E2.2183
G1 E.2183 F2400
G92 E0
G1 X103.303 Y96.761 F7800
G1 E2 F2400
;WIDTH:0.404638
G1 F1200
G1 X103.259 Y96.773 E2.00137
G1 X103.239 Y96.697 E2.00373
G1 X103.315 Y96.717 E2.00609
;WIDTH:0.449999
G1 X103.452 Y96.344 E2.01954
G1 X102.081 Y96.344 E2.06595
G1 X102.088 Y96.389 E2.06749
G1 X102.691 Y96.741 E2.09112
G1 X103.245 Y97.214 E2.11578
G1 X103.612 Y97.653 E2.13515
G1 X103.639 Y97.66 E2.13609
G1 X103.656 Y96.344 E2.18064
G1 E.18064 F2400
G92 E0
G1 X97.327 Y96.735 F7800
G1 E2 F2400
;WIDTH:0.417486
G1 F1200
G1 X96.735 Y97.457 E2.02908
G1 X96.735 Y96.735 E2.05157
G1 X97.124 Y96.735 E2.06369
;WIDTH:0.449999
G1 X97.153 Y96.344 E2.07696
G1 X96.344 Y96.344 E2.10434
G1 X96.344 Y98.561 E2.17938
G1 X96.432 Y98.92 E2.19189
G1 X96.676 Y98.356 E2.21269
G1 X96.947 Y97.825 E2.23287
G1 X97.374 Y97.283 E2.25623
G1 X97.591 Y97.021 E2.26775
G1 X98.126 Y96.6 E2.29079
G1 X98.52 Y96.36 E2.30641
G1 X97.357 Y96.344 E2.34578
G1 E.34578 F2400
G92 E0
G1 X96.421 Y100.478 F7800
G1 E2 F2400
G1 F1200
G1 X96.555 Y100.742 E2.01002
G1 X96.816 Y101.502 E2.03722
G1 X97.153 Y102.166 E2.06242
G1 X97.584 Y102.716 E2.08607
G1 X98.176 Y103.214 E2.11226
G1 X98.99 Y103.639 E2.14334
G1 X98.987 Y103.656 E2.14392
G1 X96.344 Y103.656 E2.23338
G1 X96.344 Y100.777 E2.33083
G1 X96.371 Y100.675 E2.3344
G1 X96.769 Y102.349 F7800
;WIDTH:0.48482
G1 F1200
G1 X97.165 Y102.875 E2.35859
G1 X97.534 Y103.231 E2.37743
G1 X96.769 Y103.231 E2.40554
G1 X96.769 Y102.553 E2.43045
M106 S226.95
;LAYER_CHANGE
;Z:2.75
;HEIGHT:0.2
G1 E.43045 F2400
G92 E0
G1 Z2.75 F7800
G1 X103.241 Y99.245
G1 E2 F2400
;TYPE:Perimeter
;WIDTH:0.449999
G1 F900
G1 X103.325 Y99.489 E2.00873
G1 X103.419 Y100.214 E2.03348
G1 X103.371 Y100.871 E2.05578
G1 X103.139 Y101.653 E2.08339
G1 X102.688 Y102.424 E2.11362
G1 X102.161 Y102.917 E2.13805
G1 X101.645 Y103.236 E2.15858
G1 X101.019 Y103.436 E2.18082
G1 X100.356 Y103.511 E2.2034
G1 X99.698 Y103.461 E2.22574
G1 X99.074 Y103.292 E2.24762
G1 X98.504 Y103.015 E2.26907
G1 X97.975 Y102.615 E2.29152
G1 X97.563 Y102.155 E2.31242
G1 X97.252 Y101.638 E2.33284
G1 X97.048 Y101.085 E2.35279
G1 X96.946 Y100.387 E2.37667
G1 X96.981 Y99.813 E2.39614
G1 X97.147 Y99.202 E2.41757
G1 X97.53 Y98.514 E2.44422
G1 X97.993 Y98.04 E2.46665
G1 X98.614 Y97.564 E2.49313
G1 X99.106 Y97.283 E2.51231
G1 X99.505 Y97.144 E2.52661
G1 X100.168 Y97.04 E2.54933
G1 X100.708 Y97.067 E2.56763
G1 X101.364 Y97.236 E2.59056
G1 X101.91 Y97.506 E2.61118
G1 X102.34 Y97.84 E2.62961
G1 X102.816 Y98.366 E2.65362
G1 X103.121 Y98.897 E2.67435
G1 X103.221 Y99.189 E2.6848
G1 X102.856 Y99.371 F7800
;TYPE:External perimeter
G1 F900
G1 X102.938 Y99.615 E2.69351
G1 X103.014 Y100.259 E2.71546
G1 X102.966 Y100.834 E2.73499
G1 X102.751 Y101.531 E2.75968
G1 X102.341 Y102.211 E2.78656
G1 X101.895 Y102.609 E2.80679
G1 X101.436 Y102.886 E2.82494
G1 X100.907 Y103.044 E2.84363
G1 X100.316 Y103.106 E2.86374
G1 X99.735 Y103.056 E2.88348
G1 X99.187 Y102.901 E2.90276
G1 X98.688 Y102.652 E2.92164
G1 X98.226 Y102.295 E2.9414
G1 X97.871 Y101.889 E2.95966
G1 X97.605 Y101.434 E2.9775
G1 X97.432 Y100.951 E2.99487
G1 X97.35 Y100.336 E3.01587
G1 X97.394 Y99.807 E3.03384
G1 X97.538 Y99.316 E3.05116
G1 X97.881 Y98.72 E3.07444
G1 X98.274 Y98.335 E3.09306
G1 X98.854 Y97.893 E3.11774
G1 X99.253 Y97.663 E3.13333
G1 X99.568 Y97.546 E3.1447
G1 X100.231 Y97.443 E3.16741
G1 X100.607 Y97.461 E3.18015
G1 X101.263 Y97.63 E3.20308
G1 X101.72 Y97.866 E3.22049
G1 X102.163 Y98.222 E3.23973
G1 X102.502 Y98.625 E3.25756
G1 X102.764 Y99.094 E3.27574
G1 X102.837 Y99.314 E3.28359
G1 X102.94 Y99.701 F7800
G1 X103.858 Y99.553
;TYPE:Perimeter
;WIDTH:0.655866
G1 F900
G1 X103.875 Y99.857 E3.29911
;WIDTH:0.621835
G1 X103.892 Y100.161 E3.31377
;WIDTH:0.63493
G1 X103.868 Y100.917 E3.351
;WIDTH:0.647018
G1 X103.862 Y101.008 E3.35558
G1 E1.35558 F2400
G92 E0
G1 X99.656 Y103.914 F7800
G1 E2 F2400
;WIDTH:0.544676
G1 F900
G1 X99.453 Y103.938 E2.00853
;WIDTH:0.496424
G1 X98.921 Y103.961 E2.02861
;WIDTH:0.449999
G1 X96.039 Y103.961 E2.12616
G1 X96.039 Y101.8 E2.19931
;WIDTH:0.492668
G1 X96.06 Y101.424 E2.21339
;WIDTH:0.535336
G1 X96.082 Y101.047 E2.22885
G1 X96.062 Y100.204 E2.26338
;WIDTH:0.496203
G1 X96.05 Y99.496 E2.29007
;WIDTH:0.472455
G1 X96.039 Y98.985 E2.30833
;WIDTH:0.449999
G1 X96.039 Y96.039 E2.40805
G1 X98.799 Y96.039 E2.50147
;WIDTH:0.487509
G1 X98.946 Y96.058 E2.50695
;WIDTH:0.525019
G1 X99.093 Y96.077 E2.51289
;WIDTH:0.562529
G1 X99.24 Y96.095 E2.51929
;WIDTH:0.600038
G1 X99.387 Y96.114 E2.52616
G1 X99.856 Y96.099 E2.5479
;WIDTH:0.570348
G1 X100.325 Y96.084 E2.56848
;WIDTH:0.568298
G1 X100.891 Y96.098 E2.59321
G1 X101.117 Y96.079 E2.60312
;WIDTH:0.528865
G1 X101.343 Y96.059 E2.61229
;WIDTH:0.489432
G1 X101.569 Y96.039 E2.62071
;WIDTH:0.449999
G1 X103.961 Y96.039 E2.70168
G1 X103.961 Y96.876 E2.73001
G1 X103.961 Y98.811 E2.79551
;WIDTH:0.493355
G1 X103.939 Y99.067 E2.80513
;WIDTH:0.53671
G1 X103.917 Y99.323 E2.81568
;WIDTH:0.576429
G1 X103.898 Y99.399 E2.81916
;WIDTH:0.616148
G1 X103.878 Y99.476 E2.82295
;WIDTH:0.655866
G1 X103.858 Y99.553 E2.827
G1 X103.823 Y99.485 E2.8309
;WIDTH:0.616148
G1 X103.788 Y99.417 E2.83455
;WIDTH:0.576429
G1 X103.753 Y99.349 E2.83794
;WIDTH:0.53671
G1 X103.653 Y99.113 E2.84846
;WIDTH:0.493355
G1 X103.553 Y98.876 E2.85809
;WIDTH:0.449999
G1 X103.236 Y98.264 E2.88142
G1 X102.819 Y97.731 E2.90433
G1 X102.597 Y97.525 E2.91458
G1 X102.101 Y97.146 E2.93571
G1 X101.466 Y96.842 E2.95954
;WIDTH:0.489432
G1 X101.253 Y96.767 E2.96792
;WIDTH:0.528865
G1 X101.039 Y96.691 E2.9771
;WIDTH:0.568298
G1 X100.825 Y96.615 E2.98702
G1 X100.607 Y96.593 E2.99659
;WIDTH:0.547837
G1 X100.097 Y96.59 E3.018
;WIDTH:0.574974
G1 X99.754 Y96.63 E3.03328
;WIDTH:0.60211
G1 X99.41 Y96.67 E3.04938
G1 X99.262 Y96.746 E3.05712
;WIDTH:0.564083
G1 X99.113 Y96.821 E3.06435
;WIDTH:0.526055
G1 X98.965 Y96.897 E3.07103
;WIDTH:0.488027
G1 X98.816 Y96.972 E3.0772
;WIDTH:0.449999
G1 X98.375 Y97.234 E3.09456
G1 X97.712 Y97.746 E3.12291
G1 X97.179 Y98.308 E3.14913
G1 X96.756 Y99.088 E3.17916
;WIDTH:0.482481
G1 X96.65 Y99.432 E3.19232
;WIDTH:0.514962
G1 X96.543 Y99.776 E3.20646
G1 X96.518 Y100.441 E3.23258
;WIDTH:0.535336
G1 X96.572 Y101.016 E3.25623
G1 X96.644 Y101.225 E3.26528
;WIDTH:0.491425
G1 X96.899 Y101.841 E3.29014
;WIDTH:0.449999
G1 X97.255 Y102.421 E3.31318
G1 X97.724 Y102.936 E3.33676
G1 X98.32 Y103.378 E3.36188
G1 X98.961 Y103.683 E3.38591
;WIDTH:0.497338
G1 X99.308 Y103.798 E3.39972
;WIDTH:0.544676
G1 X99.599 Y103.895 E3.41252
G1 E1.41252 F2400
G92 E0
G1 X103.862 Y101.008 F7800
G1 E2 F2400
;WIDTH:0.647018
G1 F900
G1 X103.881 Y101.082 E2.00384
;WIDTH:0.610318
G1 X103.899 Y101.156 E2.00743
;WIDTH:0.573617
G1 X103.92 Y101.385 E2.01758
;WIDTH:0.532411
G1 X103.94 Y101.613 E2.0269
;WIDTH:0.491205
G1 X103.961 Y101.842 E2.03547
;WIDTH:0.449999
G1 X103.961 Y103.961 E2.1072
G1 X101.649 Y103.961 E2.18546
;WIDTH:0.486874
G1 X101.445 Y103.942 E2.19302
;WIDTH:0.523749
G1 X101.241 Y103.924 E2.20121
;WIDTH:0.560624
G1 X101.037 Y103.906 E2.21003
G1 X101.142 Y103.865 E2.21488
;WIDTH:0.529212
G1 X101.497 Y103.725 E2.23031
;WIDTH:0.489606
G1 X101.853 Y103.585 E2.24452
;WIDTH:0.449999
G1 X102.427 Y103.225 E2.26745
G1 X102.833 Y102.875 E2.28559
G1 X103.035 Y102.637 E2.29616
G1 X103.527 Y101.775 E2.32976
;WIDTH:0.499254
G1 X103.611 Y101.584 E2.33768
;WIDTH:0.548509
G1 X103.695 Y101.392 E2.34649
;WIDTH:0.597764
G1 X103.779 Y101.2 E2.35616
;WIDTH:0.647018
G1 X103.838 Y101.063 E2.36365
G1 E.36365 F2400
G92 E0
G1 X101.037 Y103.906 F7800
G1 E2 F2400
;WIDTH:0.560624
G1 F900
G1 X100.717 Y103.922 E2.01379
;WIDTH:0.527823
G1 X100.398 Y103.938 E2.02667
;WIDTH:0.544676
G1 X99.656 Y103.914 E2.05764
G1 E.05764 F2400
G92 E0
G1 X104.368 Y104.368 F7800
G1 E2 F2400
;WIDTH:0.449999
G1 F900
G1 X95.632 Y104.368 E2.2957
G1 X95.632 Y95.632 E2.5914
G1 X104.368 Y95.632 E2.8871
G1 X104.368 Y96.876 E2.92921
G1 X104.368 Y104.308 E3.18077
G1 X104.775 Y104.775 F7800
;TYPE:External perimeter
G1 F900
G1 X95.225 Y104.775 E3.50403
G1 X95.225 Y95.225 E3.82729
G1 X104.775 Y95.225 E4.15055
G1 X104.775 Y96.876 E4.20643
G1 X104.775 Y104.715 E4.47177
G1 X104.379 Y104.774 F7800
G1 E2.47177 F2400
G92 E0
G1 X102.557 Y103.586 F7800
G1 E2 F2400
;TYPE:Solid infill
;WIDTH:0.58901
G1 F1200
G1 X102.676 Y103.505 E2.00654
G1 X103.146 Y103.092 E2.03495
G1 X103.586 Y102.455 E2.0701
G1 X103.586 Y103.586 E2.12146
G1 X102.761 Y103.586 E2.15892
G1 E.15892 F2400
G92 E0
G1 X96.344 Y102.245 F7800
G1 E2 F2400
;WIDTH:0.449999
G1 F1200
G1 X96.344 Y103.656 E2.04776
G1 X98.134 Y103.656 E2.10835
G1 X98.13 Y103.618 E2.10964
G1 X97.54 Y103.179 E2.13453
G1 X97.031 Y102.628 E2.15992
G1 X96.641 Y102.003 E2.18486
G1 X96.41 Y101.496 E2.20372
G1 X96.372 Y101.487 E2.20504
G1 X96.344 Y102.042 E2.22385
G1 X96.823 Y103.087 F7800
;WIDTH:0.630588
G1 F1200
G1 X96.771 Y103.139 E2.22744
G1 X96.79 Y103.21 E2.23103
G1 X96.861 Y103.229 E2.23462
G1 X96.913 Y103.177 E2.23821
G1 X96.894 Y103.106 E2.2418
G1 E.2418 F2400
G92 E0
G1 X96.344 Y98.982 F7800
G1 E2 F2400
;WIDTH:0.449999
G1 F1200
G1 X96.344 Y96.344 E2.08929
G1 X98.779 Y96.344 E2.17171
G1 X99.156 Y96.425 E2.18476
G1 X98.189 Y96.992 E2.2227
G1 X97.581 Y97.449 E2.24845
G1 X97.149 Y97.861 E2.26866
G1 X96.912 Y98.159 E2.28155
G1 X96.581 Y98.728 E2.30383
G1 X96.374 Y99.216 E2.32177
G1 X96.37 Y99.184 E2.32286
G1 X96.789 Y97.598 F7800
;WIDTH:0.524059
G1 F1200
G1 X96.789 Y96.789 E2.35523
G1 X97.72 Y96.789 E2.39248
G1 X97.195 Y97.203 E2.41923
G1 X96.935 Y97.457 E2.43377
G1 E.43377 F2400
G92 E0
G1 X101.293 Y96.409 F7800
G1 E2 F2400
;WIDTH:0.449999
G1 F1200
G1 X101.586 Y96.344 E2.01016
G1 X103.656 Y96.344 E2.08023
G1 X103.656 Y98.31 E2.14678
G1 X103.62 Y98.338 E2.14832
G1 X103.357 Y97.903 E2.16553
G1 X102.866 Y97.35 E2.19056
G1 X102.436 Y97.004 E2.20924
G1 X101.819 Y96.653 E2.23327
G1 X101.478 Y96.494 E2.24601
G1 X102.657 Y96.712 F7800
;WIDTH:0.370576
G1 F1200
G1 X103.288 Y96.712 E2.2632
G1 X103.288 Y97.269 E2.27838
G1 X103.098 Y97.065 E2.28598
G1 X102.816 Y96.839 E2.29583
;LAYER_CHANGE
;Z:2.95
;HEIGHT:0.2
G1 E.29583 F2400
G92 E0
G1 Z2.95 F7800
G1 X97.388 Y102.497
G1 E2 F2400
;TYPE:Perimeter
;WIDTH:0.449999
G1 F900
G1 X96.941 Y101.827 E2.02726
G1 X96.664 Y101.043 E2.05541
G1 X96.581 Y100.382 E2.07796
G1 X96.623 Y99.746 E2.09953
G1 X96.794 Y99.104 E2.12202
G1 X97.067 Y98.545 E2.14308
G1 X97.431 Y98.059 E2.16363
G1 X97.869 Y97.658 E2.18373
G1 X98.363 Y97.352 E2.2034
G1 X99.017 Y97.117 E2.22692
G1 X99.62 Y97.037 E2.24751
G1 X100.206 Y97.077 E2.26739
G1 X100.837 Y97.261 E2.28964
G1 X101.306 Y97.511 E2.30763
G1 X101.839 Y97.894 E2.32985
G1 X102.333 Y98.344 E2.35247
G1 X102.768 Y99.009 E2.37937
G1 X102.965 Y99.55 E2.39886
G1 X103.047 Y100.053 E2.41611
G1 X103.036 Y100.633 E2.43575
G1 X102.821 Y101.468 E2.46494
G1 X102.528 Y102.025 E2.48624
G1 X102.141 Y102.503 E2.50706
G1 X101.633 Y102.927 E2.52946
G1 X101.074 Y103.233 E2.55103
G1 X100.459 Y103.43 E2.57289
G1 X99.804 Y103.51 E2.59523
G1 X99.133 Y103.464 E2.618
G1 X98.505 Y103.3 E2.63997
G1 X97.959 Y103.003 E2.66101
G1 X97.437 Y102.57 E2.68397
G1 X97.421 Y102.546 E2.68495
G1 X97.684 Y102.235 F7800
;TYPE:External perimeter
G1 F900
G1 X97.286 Y101.612 E2.70997
G1 X97.051 Y100.916 E2.73484
G1 X96.986 Y100.34 E2.75446
G1 X97.029 Y99.78 E2.77347
G1 X97.186 Y99.216 E2.79329
G1 X97.429 Y98.73 E2.81168
G1 X97.752 Y98.309 E2.82964
G1 X98.139 Y97.963 E2.84721
G1 X98.571 Y97.703 E2.86428
G1 X99.148 Y97.503 E2.88495
G1 X99.664 Y97.442 E2.90254
G1 X100.17 Y97.482 E2.91972
G1 X100.714 Y97.649 E2.93898
G1 X101.125 Y97.878 E2.95491
G1 X101.6 Y98.223 E2.97478
G1 X102.057 Y98.643 E2.99579
G1 X102.422 Y99.222 E3.01896
G1 X102.586 Y99.709 E3.03635
G1 X102.64 Y100.057 E3.04827
G1 X102.629 Y100.625 E3.0675
G1 X102.429 Y101.357 E3.09319
G1 X102.173 Y101.827 E3.11131
G1 X101.829 Y102.241 E3.12953
G1 X101.377 Y102.61 E3.14928
G1 X100.885 Y102.872 E3.16815
G1 X100.341 Y103.041 E3.18743
G1 X99.761 Y103.105 E3.20718
G1 X99.168 Y103.058 E3.22732
G1 X98.614 Y102.908 E3.24675
G1 X98.166 Y102.652 E3.26422
G1 X97.724 Y102.28 E3.28377
G1 X97.502 Y101.947 F7800
G1 E1.28377 F2400
G92 E0
G1 X100.467 Y103.904 F7800
G1 E2 F2400
;TYPE:Perimeter
;WIDTH:0.563334
G1 F900
G1 X100.158 Y103.921 E2.01339
;WIDTH:0.529614
G1 X99.849 Y103.938 E2.02591
;WIDTH:0.541506
G1 X99.094 Y103.915 E2.05723
G1 E.05723 F2400
G92 E0
G1 X103.961 Y103.961 F7800
G1 E2 F2400
;WIDTH:0.449999
G1 F900
G1 X101.129 Y103.961 E2.09586
;WIDTH:0.487778
G1 X100.909 Y103.942 E2.10403
;WIDTH:0.525556
G1 X100.688 Y103.923 E2.11293
;WIDTH:0.563334
G1 X100.467 Y103.904 E2.12253
G1 X100.588 Y103.856 E2.12816
;WIDTH:0.526159
G1 X100.925 Y103.725 E2.14269
;WIDTH:0.488079
G1 X101.263 Y103.593 E2.15612
;WIDTH:0.449999
G1 X101.888 Y103.244 E2.18035
G1 X102.312 Y102.902 E2.19879
G1 X102.55 Y102.648 E2.21057
G1 X102.883 Y102.224 E2.22882
G1 X103.212 Y101.579 E2.25333
;WIDTH:0.493273
G1 X103.426 Y100.904 E2.27985
;WIDTH:0.505299
G1 X103.471 Y100.641 E2.29011
G1 X103.479 Y100.073 E2.31195
;WIDTH:0.533893
G1 X103.431 Y99.57 E2.33258
G1 X103.37 Y99.415 E2.33938
;WIDTH:0.490033
G1 X103.115 Y98.796 E2.36427
;WIDTH:0.449999
G1 X102.785 Y98.259 E2.3856
G1 X102.609 Y98.045 E2.39498
G1 X102.079 Y97.564 E2.41921
G1 X101.507 Y97.157 E2.44297
G1 X100.96 Y96.873 E2.46383
;WIDTH:0.487707
G1 X100.722 Y96.787 E2.47319
;WIDTH:0.525415
G1 X100.484 Y96.701 E2.48334
;WIDTH:0.563122
G1 X100.246 Y96.615 E2.49429
G1 X99.685 Y96.582 E2.5186
;WIDTH:0.569587
G1 X99.098 Y96.624 E2.54437
G1 X98.987 Y96.664 E2.54954
;WIDTH:0.539772
G1 X98.877 Y96.703 E2.55436
;WIDTH:0.509957
G1 X98.516 Y96.853 E2.56954
;WIDTH:0.479978
G1 X98.156 Y97.002 E2.5837
;WIDTH:0.449999
G1 X97.6 Y97.353 E2.60596
G1 X97.109 Y97.809 E2.62864
G1 X96.704 Y98.36 E2.65179
G1 X96.403 Y98.993 E2.67552
;WIDTH:0.494643
G1 X96.334 Y99.171 E2.68269
;WIDTH:0.539287
G1 X96.266 Y99.349 E2.69055
;WIDTH:0.583931
G1 X96.197 Y99.527 E2.69914
;WIDTH:0.628574
G1 X96.128 Y99.705 E2.70844
G1 X96.104 Y99.596 E2.71388
;WIDTH:0.579938
G1 X96.08 Y99.488 E2.71882
;WIDTH:0.531301
G1 X96.059 Y99.215 E2.72994
;WIDTH:0.49065
G1 X96.039 Y98.942 E2.74013
;WIDTH:0.449999
G1 X96.039 Y96.039 E2.83839
G1 X98.204 Y96.039 E2.91167
;WIDTH:0.489862
G1 X98.493 Y96.059 E2.92244
;WIDTH:0.529725
G1 X98.781 Y96.079 E2.93413
;WIDTH:0.569587
G1 X99.069 Y96.099 E2.94677
G1 X99.685 Y96.084 E2.97375
;WIDTH:0.563122
G1 X100.268 Y96.096 E2.99897
G1 X100.416 Y96.075 E3.00544
;WIDTH:0.521119
G1 X100.564 Y96.054 E3.01138
;WIDTH:0.479116
G1 X101.089 Y96.039 E3.03043
;WIDTH:0.449999
G1 X103.961 Y96.039 E3.12764
G1 X103.961 Y97.03 E3.16118
G1 X103.961 Y98.887 E3.22404
;WIDTH:0.491946
G1 X103.94 Y99.209 E3.23609
;WIDTH:0.533893
G1 X103.919 Y99.531 E3.24926
G1 X103.936 Y100.077 E3.27156
;WIDTH:0.499836
G1 X103.939 Y100.976 E3.30572
;WIDTH:0.493273
G1 X103.961 Y101.683 E3.33221
;WIDTH:0.449999
G1 X103.961 Y103.901 E3.40729
G1 E1.40729 F2400
G92 E0
G1 X97.078 Y102.77 F7800
G1 E2 F2400
G1 F900
G1 X97.173 Y102.88 E2.00492
G1 X97.753 Y103.354 E2.03027
G1 X98.396 Y103.692 E2.05486
;WIDTH:0.495753
G1 X98.745 Y103.804 E2.06866
;WIDTH:0.541506
G1 X99.094 Y103.915 E2.08384
G1 X98.895 Y103.938 E2.09214
;WIDTH:0.495728
G1 X98.359 Y103.961 E2.11234
;WIDTH:0.449999
G1 X96.039 Y103.961 E2.19087
G1 X96.039 Y101.896 E2.26077
;WIDTH:0.490858
G1 X96.06 Y101.726 E2.26715
;WIDTH:0.531716
G1 X96.08 Y101.556 E2.27411
;WIDTH:0.572574
G1 X96.1 Y101.386 E2.28165
;WIDTH:0.613432
G1 X96.121 Y101.216 E2.28978
;WIDTH:0.65429
G1 X96.141 Y101.046 E2.29848
G1 X96.181 Y101.118 E2.30267
;WIDTH:0.612249
G1 X96.221 Y101.19 E2.30657
;WIDTH:0.570208
G1 X96.345 Y101.474 E2.32016
;WIDTH:0.530139
G1 X96.47 Y101.758 E2.33273
;WIDTH:0.490069
G1 X96.595 Y102.042 E2.34427
;WIDTH:0.449999
G1 X96.968 Y102.642 E2.36818
G1 X97.039 Y102.725 E2.37188
G1 X96.141 Y101.046 F7800
;WIDTH:0.65429
G1 F900
G1 X96.125 Y100.739 E2.38751
;WIDTH:0.620702
G1 X96.108 Y100.432 E2.40228
;WIDTH:0.628574
G1 X96.128 Y99.705 E2.4377
G1 E.4377 F2400
G92 E0
G1 X104.368 Y104.368 F7800
G1 E2 F2400
;WIDTH:0.449999
G1 F900
G1 X95.632 Y104.368 E2.2957
G1 X95.632 Y95.632 E2.5914
G1 X104.368 Y95.632 E2.8871
G1 X104.368 Y97.03 E2.93442
G1 X104.368 Y104.308 E3.18077
G1 X104.775 Y104.775 F7800
;TYPE:External perimeter
G1 F900
G1 X95.225 Y104.775 E3.50403
G1 X95.225 Y95.225 E3.82729
G1 X104.775 Y95.225 E4.15055
G1 X104.775 Y97.03 E4.21165
G1 X104.775 Y104.715 E4.47178
G1 X104.379 Y104.774 F7800
G1 E2.47178 F2400
G92 E0
G1 X103.62 Y101.374 F7800
G1 E2 F2400
;TYPE:Solid infill
G1 F1200
G1 X103.656 Y101.686 E2.01063
G1 X103.656 Y103.656 E2.07731
G1 X101.868 Y103.656 E2.13783
G1 X101.872 Y103.607 E2.13949
G1 X102.524 Y103.12 E2.16704
G1 X103.024 Y102.556 E2.19255
G1 X103.397 Y101.926 E2.21733
G1 X103.544 Y101.563 E2.23059
G1 X103.229 Y103.139 F7800
;WIDTH:0.631344
G1 F1200
G1 X103.177 Y103.087 E2.23419
G1 X103.106 Y103.106 E2.23779
G1 X103.087 Y103.177 E2.24139
G1 X103.139 Y103.229 E2.24499
G1 X103.21 Y103.21 E2.24859
G1 E.24859 F2400
G92 E0
G1 X96.414 Y102.46 F7800
G1 E2 F2400
;WIDTH:0.588775
G1 F1200
G1 X96.646 Y102.834 E2.01998
G1 X96.888 Y103.127 E2.03723
G1 X97.442 Y103.586 E2.06988
G1 X96.414 Y103.586 E2.11654
G1 X96.414 Y102.664 E2.15839
G1 E.15839 F2400
G92 E0
G1 X97.988 Y96.344 F7800
G1 E2 F2400
;WIDTH:0.449999
G1 F1200
G1 X96.344 Y96.344 E2.05565
G1 X96.344 Y98.33 E2.12287
G1 X96.383 Y98.323 E2.12421
G1 X96.862 Y97.631 E2.1527
G1 X97.42 Y97.108 E2.17859
G1 X97.99 Y96.746 E2.20145
G1 X98.667 Y96.432 E2.22671
G1 X98.679 Y96.41 E2.22756
G1 X98.191 Y96.344 E2.24423
G1 X97.353 Y96.713 F7800
;WIDTH:0.373372
G1 F1200
G1 X97.138 Y96.862 E2.25142
G1 X96.713 Y97.259 E2.2674
G1 X96.713 Y96.713 E2.2824
G1 X97.15 Y96.713 E2.29441
G1 E.29441 F2400
G92 E0
G1 X101.091 Y96.344 F7800
G1 E2 F2400
;WIDTH:0.449999
G1 F1200
G1 X103.656 Y96.344 E2.08682
G1 X103.656 Y98.879 E2.17263
G1 X103.618 Y99.128 E2.18116
G1 X103.596 Y99.116 E2.18201
G1 X103.372 Y98.631 E2.20009
G1 X103.049 Y98.105 E2.22098
G1 X102.81 Y97.815 E2.2337
G1 X102.252 Y97.313 E2.25911
G1 X101.67 Y96.9 E2.28327
G1 X101.285 Y96.683 E2.29823
G1 X100.598 Y96.411 E2.32324
G1 X100.588 Y96.372 E2.3246
G1 X100.888 Y96.356 E2.33477
G1 X102.285 Y96.79 F7800
;WIDTH:0.526661
G1 F1200
G1 X103.21 Y96.79 E2.37198
G1 X103.21 Y97.597 E2.40444
G1 X102.806 Y97.211 E2.42692
G1 X102.443 Y96.918 E2.44568
M106 S234.6
;LAYER_CHANGE
;Z:3.15
;HEIGHT:0.2
G1 E.44568 F2400
G92 E0
G1 Z3.15 F7800
G1 X97.62 Y102.365
G1 E2 F2400
;TYPE:Perimeter
;WIDTH:0.449999
G1 F900
G1 X97.539 Y102.305 E2.00341
G1 X97.107 Y101.835 E2.02502
G1 X96.863 Y101.468 E2.03994
G1 X96.63 Y100.978 E2.05831
G1 X96.452 Y100.331 E2.08102
G1 X96.398 Y99.648 E2.10421
G1 X96.49 Y99.072 E2.12395
G1 X96.804 Y98.295 E2.15232
G1 X97.264 Y97.706 E2.17762
G1 X97.777 Y97.276 E2.20028
G1 X98.35 Y96.957 E2.22248
G1 X98.959 Y96.756 E2.24419
G1 X99.512 Y96.677 E2.2631
G1 X100.092 Y96.693 E2.28274
G1 X100.692 Y96.82 E2.3035
G1 X101.247 Y97.052 E2.32386
G1 X101.738 Y97.377 E2.34379
G1 X102.151 Y97.777 E2.36325
G1 X102.513 Y98.304 E2.38489
G1 X102.735 Y98.822 E2.40397
G1 X102.864 Y99.474 E2.42647
G1 X102.859 Y100.009 E2.44458
G1 X102.758 Y100.518 E2.46214
G1 X102.488 Y101.329 E2.49107
G1 X102.109 Y101.982 E2.51663
G1 X101.656 Y102.455 E2.5388
G1 X101.193 Y102.77 E2.55776
G1 X100.677 Y102.991 E2.57676
G1 X99.999 Y103.132 E2.6002
G1 X99.386 Y103.128 E2.62095
G1 X98.67 Y102.969 E2.64578
G1 X98.046 Y102.68 E2.66906
G1 X97.668 Y102.401 E2.68496
G1 X97.883 Y102.055 F7800
;TYPE:External perimeter
G1 F900
G1 X97.787 Y101.983 E2.68902
G1 X97.411 Y101.565 E2.70805
G1 X97.231 Y101.294 E2.71906
G1 X96.998 Y100.803 E2.73746
G1 X96.846 Y100.229 E2.75756
G1 X96.804 Y99.623 E2.77812
G1 X96.902 Y99.109 E2.79583
G1 X97.179 Y98.453 E2.81993
G1 X97.576 Y97.968 E2.84115
G1 X98.033 Y97.593 E2.86116
G1 X98.542 Y97.316 E2.88078
G1 X99.08 Y97.144 E2.8999
G1 X99.587 Y97.08 E2.9172
G1 X100.113 Y97.104 E2.93502
G1 X100.637 Y97.229 E2.95325
G1 X101.116 Y97.443 E2.97101
G1 X101.537 Y97.737 E2.98839
G1 X101.888 Y98.096 E3.00538
G1 X102.173 Y98.528 E3.0229
G1 X102.37 Y99.016 E3.04071
G1 X102.463 Y99.545 E3.05889
G1 X102.448 Y100.033 E3.07542
G1 X102.354 Y100.452 E3.08996
G1 X102.102 Y101.199 E3.11665
G1 X101.761 Y101.77 E3.13916
G1 X101.37 Y102.165 E3.15797
G1 X100.943 Y102.444 E3.17524
G1 X100.594 Y102.593 E3.18808
G1 X99.917 Y102.733 E3.21148
G1 X99.474 Y102.73 E3.22648
G1 X98.758 Y102.572 E3.2513
G1 X98.226 Y102.315 E3.2713
G1 X97.931 Y102.091 E3.28384
G1 X97.642 Y101.815 F7800
G1 E1.28384 F2400
G92 E0
G1 X103.961 Y103.961 F7800
G1 E2 F2400
;TYPE:Perimeter
G1 F3600
G1 X100.818 Y103.961 E2.10639
;WIDTH:0.451186
G1 X99.868 Y103.96 E2.13864
;WIDTH:0.466828
G1 X98.517 Y103.961 E2.18626
;WIDTH:0.449999
G1 X96.039 Y103.961 E2.27014
G1 X96.039 Y100.991 E2.37067
;WIDTH:0.451312
G1 X96.04 Y100.354 E2.3923
G1 X96.057 Y100.433 E2.39504
;WIDTH:0.451044
G1 X96.263 Y101.152 E2.42042
;WIDTH:0.449999
G1 X96.495 Y101.643 E2.4388
G1 X96.802 Y102.106 E2.4576
G1 X97.291 Y102.628 E2.48181
G1 X97.865 Y103.045 E2.50583
G1 X98.582 Y103.367 E2.53243
;WIDTH:0.466828
G1 X99.296 Y103.534 E2.55828
G1 X99.512 Y103.55 E2.56591
;WIDTH:0.459444
G1 X100.083 Y103.535 E2.58569
G1 X100.963 Y103.325 E2.61702
;WIDTH:0.449999
G1 X101.415 Y103.111 E2.63395
G1 X101.941 Y102.745 E2.65564
G1 X102.457 Y102.193 E2.68122
G1 X102.873 Y101.46 E2.70975
G1 X103.126 Y100.712 E2.73648
;WIDTH:0.493772
G1 X103.186 Y100.549 E2.74299
;WIDTH:0.537545
G1 X103.247 Y100.385 E2.75019
;WIDTH:0.581318
G1 X103.307 Y100.221 E2.75801
;WIDTH:0.594019
G1 X103.338 Y100.025 E2.7671
;WIDTH:0.597202
G1 X103.337 Y99.391 E2.79632
;WIDTH:0.644171
G1 X103.267 Y98.858 E2.8232
G1 X103.223 Y98.792 E2.82717
;WIDTH:0.595105
G1 X103.179 Y98.727 E2.83077
;WIDTH:0.546039
G1 X103.135 Y98.661 E2.83409
;WIDTH:0.496973
G1 X102.853 Y98.08 E2.85847
;WIDTH:0.449999
G1 X102.44 Y97.49 E2.88285
G1 X101.969 Y97.041 E2.90488
G1 X101.411 Y96.68 E2.92738
G1 X100.783 Y96.423 E2.95035
G1 X100.445 Y96.374 E2.96191
;WIDTH:0.409909
G1 X100.107 Y96.326 E2.97233
;WIDTH:0.369818
G1 X99.467 Y96.316 E2.98973
;WIDTH:0.390325
G1 X99.155 Y96.349 E2.99879
;WIDTH:0.416686
G1 X98.843 Y96.383 E3.00854
;WIDTH:0.449999
G1 X98.157 Y96.599 E3.03288
G1 X97.52 Y96.96 E3.05766
G1 X96.953 Y97.443 E3.08287
G1 X96.588 Y97.877 E3.10206
G1 X96.429 Y98.137 E3.11238
G1 X96.152 Y98.793 E3.13648
G1 X96.024 Y99.419 E3.15811
G1 X96.039 Y98.989 E3.17267
G1 X96.039 Y96.039 E3.27252
G1 X98.629 Y96.025 E3.36019
;WIDTH:0.420855
G1 X98.998 Y96.01 E3.3718
;WIDTH:0.391711
G1 X99.633 Y95.994 E3.39022
;WIDTH:0.384093
G1 X100.327 Y96.006 E3.40991
;WIDTH:0.417046
G1 X100.577 Y96.023 E3.41771
;WIDTH:0.449999
G1 X100.827 Y96.039 E3.42619
G1 X103.961 Y96.039 E3.53227
G1 X103.961 Y96.91 E3.56175
G1 X103.961 Y97.748 E3.59012
;WIDTH:0.496973
G1 X103.937 Y98.505 E3.61871
;WIDTH:0.546039
G1 X103.913 Y98.605 E3.62301
;WIDTH:0.595105
G1 X103.888 Y98.705 E3.62774
;WIDTH:0.644171
G1 X103.864 Y98.805 E3.63288
G1 X103.887 Y99.343 E3.6598
;WIDTH:0.597202
G1 X103.889 Y100.034 E3.69165
;WIDTH:0.594019
G1 X103.913 Y100.254 E3.70179
;WIDTH:0.546013
G1 X103.937 Y100.473 E3.71101
;WIDTH:0.498006
G1 X103.961 Y100.692 E3.71935
;WIDTH:0.449999
G1 X103.961 Y103.901 E3.82797
G1 E1.82797 F2400
G92 E0
G1 X96.04 Y100.354 F7800
G1 E2 F2400
;WIDTH:0.451312
G1 F900
G1 X96.015 Y99.672 E2.02317
;WIDTH:0.4191
G1 X96.024 Y99.419 E2.03109
G1 E.03109 F2400
G92 E0
G1 X104.368 Y104.368 F7800
G1 E2 F2400
;WIDTH:0.449999
G1 F900
G1 X95.632 Y104.368 E2.2957
G1 X95.632 Y95.632 E2.5914
G1 X104.368 Y95.632 E2.8871
G1 X104.368 Y96.91 E2.93036
G1 X104.368 Y104.308 E3.18077
G1 X104.775 Y104.775 F7800
;TYPE:External perimeter
G1 F900
G1 X95.225 Y104.775 E3.50403
G1 X95.225 Y95.225 E3.82729
G1 X104.775 Y95.225 E4.15055
G1 X104.775 Y96.91 E4.20759
G1 X104.775 Y104.715 E4.47178
G1 X104.379 Y104.774 F7800
G1 E2.47178 F2400
G92 E0
G1 X101.069 Y103.629 F7800
G1 E2 F2400
;TYPE:Solid infill
G1 F1200
G1 X101.412 Y103.459 E2.01296
G1 X101.972 Y103.11 E2.0353
G1 X102.538 Y102.579 E2.06157
G1 X103.055 Y101.788 E2.09356
G1 X103.443 Y100.703 E2.13256
G1 X103.578 Y100.469 E2.1417
G1 X103.656 Y100.708 E2.15021
G1 X103.656 Y103.655 E2.24996
G1 X101.273 Y103.633 E2.33063
G1 X102.466 Y103.228 F7800
;WIDTH:0.480724
G1 F1200
G1 X102.89 Y102.812 E2.35225
G1 X103.233 Y102.295 E2.37484
G1 X103.233 Y103.231 E2.40891
G1 X102.67 Y103.229 E2.42941
G1 E.42941 F2400
G92 E0
G1 X96.344 Y102.908 F7800
G1 E2 F2400
;WIDTH:0.449999
G1 F1200
G1 X96.359 Y102.027 E2.02983
G1 X96.918 Y102.695 E2.05931
G1 X97.535 Y103.197 E2.08623
G1 X98.375 Y103.616 E2.118
G1 X98.385 Y103.656 E2.1194
G1 X96.344 Y103.656 E2.18849
G1 X96.344 Y103.111 E2.20694
G1 X96.786 Y103.136 E2.22193
;WIDTH:0.552798
G1 X96.741 Y103.181 E2.22463
G1 X96.758 Y103.242 E2.22731
G1 X96.819 Y103.259 E2.22999
G1 X96.864 Y103.214 E2.23269
G1 X96.848 Y103.152 E2.2354
G1 E.2354 F2400
G92 E0
G1 X96.344 Y97.702 F7800
G1 E2 F2400
;WIDTH:0.449999
G1 F1200
G1 X96.344 Y96.344 E2.04597
G1 X97.924 Y96.36 E2.09945
G1 X97.513 Y96.6 E2.11556
G1 X96.877 Y97.092 E2.14278
G1 X96.478 Y97.549 E2.16332
G1 E.16332 F2400
G92 E0
G1 X101.484 Y96.344 F7800
G1 E2 F2400
G1 F1200
G1 X103.656 Y96.344 E2.07352
G1 X103.656 Y97.791 E2.1225
G1 X103.614 Y98.451 E2.14489
G1 X103.529 Y98.622 E2.15135
G1 X103.414 Y98.489 E2.1573
G1 X103.105 Y97.908 E2.17957
G1 X102.825 Y97.484 E2.19677
G1 X102.31 Y96.93 E2.22237
G1 X101.759 Y96.527 E2.24548
G1 X101.63 Y96.463 E2.25035
G1 X102.661 Y96.732 F7800
;WIDTH:0.411499
G1 F1200
G1 X103.268 Y96.732 E2.26895
G1 X103.268 Y97.45 E2.29095
G1 X103.089 Y97.193 E2.30055
G1 X102.799 Y96.881 E2.3136
;LAYER_CHANGE
;Z:3.35
;HEIGHT:0.2
G1 E.3136 F2400
G92 E0
G1 Z3.35 F7800
G1 X100.635 Y96.459
G1 E2 F2400
;TYPE:Perimeter
;WIDTH:0.449999
G1 F900
G1 X101.084 Y96.577 E2.01571
G1 X101.697 Y96.897 E2.03912
G1 X102.212 Y97.31 E2.06147
G1 X102.725 Y97.948 E2.08918
G1 X103.019 Y98.532 E2.11131
G1 X103.187 Y99.134 E2.13247
G1 X103.238 Y99.744 E2.15319
G1 X103.183 Y100.306 E2.1723
G1 X103.021 Y100.87 E2.19216
G1 X102.69 Y101.494 E2.21607
G1 X102.136 Y102.102 E2.24391
G1 X101.479 Y102.519 E2.27025
G1 X100.723 Y102.747 E2.29698
G1 X100.26 Y102.786 E2.31271
G1 X99.673 Y102.785 E2.33258
G1 X99.08 Y102.711 E2.35281
G1 X98.604 Y102.557 E2.36974
G1 X98.119 Y102.297 E2.38837
G1 X97.691 Y101.945 E2.40713
G1 X97.263 Y101.421 E2.43003
G1 X96.987 Y100.883 E2.4505
G1 X96.8 Y100.19 E2.4748
G1 X96.768 Y99.508 E2.49791
G1 X96.865 Y98.895 E2.51892
G1 X97.144 Y98.174 E2.54509
G1 X97.504 Y97.624 E2.56734
G1 X97.962 Y97.152 E2.5896
G1 X98.512 Y96.77 E2.61227
G1 X99.138 Y96.492 E2.63545
G1 X99.759 Y96.379 E2.65682
G1 X100.365 Y96.388 E2.67733
G1 X100.577 Y96.444 E2.68475
G1 X100.549 Y96.85 F7800
;TYPE:External perimeter
G1 F900
G1 X100.971 Y96.968 E2.69958
G1 X101.501 Y97.254 E2.71997
G1 X101.951 Y97.623 E2.73967
G1 X102.404 Y98.198 E2.76445
G1 X102.651 Y98.707 E2.7836
G1 X102.793 Y99.236 E2.80214
G1 X102.832 Y99.771 E2.8203
G1 X102.777 Y100.271 E2.83733
G1 X102.632 Y100.751 E2.8543
G1 X102.334 Y101.296 E2.87533
G1 X101.842 Y101.821 E2.89968
G1 X101.271 Y102.169 E2.92231
G1 X100.617 Y102.354 E2.94532
G1 X99.673 Y102.378 E2.97728
G1 X99.206 Y102.324 E2.99319
G1 X98.729 Y102.169 E3.01017
G1 X98.293 Y101.924 E3.0271
G1 X98.007 Y101.688 E3.03965
G1 X97.579 Y101.164 E3.06255
G1 X97.38 Y100.777 E3.07728
G1 X97.193 Y100.084 E3.10158
G1 X97.175 Y99.499 E3.12139
G1 X97.266 Y98.966 E3.13969
G1 X97.521 Y98.328 E3.16295
G1 X97.84 Y97.853 E3.18232
G1 X98.249 Y97.441 E3.20197
G1 X98.739 Y97.107 E3.22204
G1 X99.297 Y96.867 E3.2426
G1 X99.82 Y96.782 E3.26054
G1 X100.352 Y96.795 E3.27855
G1 X100.492 Y96.834 E3.28347
G1 X100.877 Y96.941 F7800
G1 E1.28347 F2400
G92 E0
G1 X103.961 Y103.961 F7800
G1 E2 F2400
;TYPE:Perimeter
G1 F3600
G1 X96.039 Y103.961 E2.26815
G1 X96.039 Y101.062 E2.36628
G1 X96.021 Y100.056 E2.40034
;WIDTH:0.416476
G1 X96.022 Y99.288 E2.4242
;WIDTH:0.449999
G1 X96.039 Y98.787 E2.44117
G1 X96.039 Y96.039 E2.53419
G1 X98.395 Y96.039 E2.61394
;WIDTH:0.463146
G1 X99.199 Y96.046 E2.64203
G1 X98.978 Y96.115 E2.65012
;WIDTH:0.455306
G1 X98.285 Y96.432 E2.67625
;WIDTH:0.449999
G1 X97.676 Y96.864 E2.70152
G1 X97.167 Y97.394 E2.72639
G1 X96.767 Y98.02 E2.75154
G1 X96.464 Y98.824 E2.78062
G1 X96.382 Y99.516 E2.80421
;WIDTH:0.429518
G1 X96.417 Y100.293 E2.82921
;WIDTH:0.449999
G1 X96.672 Y101.19 E2.86078
G1 X96.948 Y101.678 E2.87976
G1 X97.521 Y102.348 E2.9096
G1 X97.918 Y102.651 E2.9265
G1 X98.478 Y102.944 E2.94789
G1 X99.156 Y103.142 E2.9718
G1 X99.673 Y103.193 E2.98938
G1 X100.318 Y103.191 E3.01121
G1 X100.83 Y103.14 E3.02863
G1 X101.434 Y102.976 E3.04981
G1 X101.686 Y102.869 E3.05908
G1 X102.215 Y102.555 E3.0799
G1 X102.43 Y102.383 E3.08922
G1 X103.046 Y101.691 E3.12058
G1 X103.411 Y100.989 E3.14736
G1 X103.579 Y100.352 E3.16966
;WIDTH:0.433784
G1 X103.622 Y99.718 E3.19031
;WIDTH:0.439531
G1 X103.576 Y99.032 E3.21298
;WIDTH:0.449999
G1 X103.386 Y98.357 E3.23672
G1 X103.047 Y97.698 E3.2618
G1 X102.472 Y96.997 E3.29249
G1 X101.894 Y96.541 E3.31741
G1 X101.197 Y96.185 E3.3439
G1 X100.626 Y96.03 E3.36393
G1 X103.961 Y96.039 E3.47682
G1 X103.961 Y96.763 E3.50133
G1 X103.975 Y99.209 E3.58413
;WIDTH:0.421281
G1 X103.982 Y99.921 E3.60653
;WIDTH:0.438842
G1 X103.966 Y100.445 E3.62379
;WIDTH:0.449999
G1 X103.961 Y103.901 E3.74077
G1 E1.74077 F2400
G92 E0
G1 X99.199 Y96.046 F7800
G1 E2 F2400
;WIDTH:0.463146
G1 F900
G1 X99.451 Y96.027 E2.00883
;WIDTH:0.425157
G1 X99.703 Y96.008 E2.01686
;WIDTH:0.392408
G1 X100.377 Y96.01 E2.03645
;WIDTH:0.431544
G1 X100.626 Y96.03 E2.04452
G1 E.04452 F2400
G92 E0
G1 X104.368 Y104.368 F7800
G1 E2 F2400
;WIDTH:0.449999
G1 F900
G1 X95.632 Y104.368 E2.2957
G1 X95.632 Y95.632 E2.5914
G1 X104.368 Y95.632 E2.8871
G1 X104.368 Y96.763 E2.92538
G1 X104.368 Y104.308 E3.18077
G1 X104.775 Y104.775 F7800
;TYPE:External perimeter
G1 F900
G1 X95.225 Y104.775 E3.50403
G1 X95.225 Y95.225 E3.82729
G1 X104.775 Y95.225 E4.15055
G1 X104.775 Y96.763 E4.20261
G1 X104.775 Y104.715 E4.47178
G1 X104.379 Y104.774 F7800
G1 E2.47178 F2400
G92 E0
G1 X103.452 Y96.344 F7800
G1 E2 F2400
;TYPE:Solid infill
G1 F1200
G1 X102.192 Y96.344 E2.04265
G1 X102.844 Y96.945 E2.07266
G1 X103.421 Y97.726 E2.10553
G1 X103.64 Y98.142 E2.12144
G1 X103.656 Y96.344 E2.1823
G1 X103.288 Y96.75 E2.20085
;WIDTH:0.474474
G1 X103.25 Y96.712 E2.20278
G1 X103.198 Y96.726 E2.20471
G1 X103.184 Y96.778 E2.20664
G1 X103.222 Y96.816 E2.20857
G1 X103.274 Y96.802 E2.2105
G1 E.2105 F2400
G92 E0
G1 X96.798 Y96.344 F7800
G1 E2 F2400
;WIDTH:0.449999
G1 F1200
G1 X97.824 Y96.362 E2.03473
G1 X97.457 Y96.65 E2.05052
G1 X97.058 Y97.051 E2.06967
G1 X96.603 Y97.685 E2.09608
G1 X96.392 Y98.151 E2.1134
G1 X96.344 Y98.161 E2.11506
G1 X96.344 Y96.344 E2.17656
G1 X96.594 Y96.344 E2.18502
G1 X96.811 Y96.746 E2.20048
;WIDTH:0.46616
G1 X96.773 Y96.709 E2.20235
G1 X96.722 Y96.722 E2.2042
G1 X96.709 Y96.773 E2.20605
G1 X96.746 Y96.811 E2.20792
G1 X96.797 Y96.797 E2.20978
G1 E.20978 F2400
G92 E0
G1 X96.367 Y101.275 F7800
G1 E2 F2400
;WIDTH:0.449999
G1 F1200
G1 X96.577 Y101.666 E2.01502
G1 X97.159 Y102.416 E2.04715
G1 X97.609 Y102.808 E2.06735
G1 X98.167 Y103.139 E2.08931
G1 X98.513 Y103.248 E2.10159
;WIDTH:0.4202
G1 X98.86 Y103.357 E2.113
;WIDTH:0.3904
G1 X99.095 Y103.379 E2.11982
;WIDTH:0.408693
G1 X99.158 Y103.41 E2.12196
;WIDTH:0.453408
G1 X99.221 Y103.441 E2.12436
;WIDTH:0.498123
G1 X99.284 Y103.472 E2.12702
;WIDTH:0.542838
G1 X99.347 Y103.503 E2.12994
;WIDTH:0.587553
G1 X99.41 Y103.533 E2.1331
;WIDTH:0.632268
G1 X99.473 Y103.564 E2.13654
G1 X99.406 Y103.587 E2.14001
;WIDTH:0.587553
G1 X99.34 Y103.609 E2.14316
;WIDTH:0.542838
G1 X99.273 Y103.631 E2.14609
;WIDTH:0.498123
G1 X99.207 Y103.654 E2.14874
;WIDTH:0.453408
G1 X99.14 Y103.676 E2.15115
;WIDTH:0.408693
G1 X99.074 Y103.699 E2.15328
;WIDTH:0.3904
G1 X98.802 Y103.685 E2.16115
;WIDTH:0.4202
G1 X98.44 Y103.67 E2.17252
;WIDTH:0.449999
G1 X96.344 Y103.656 E2.24347
G1 X96.364 Y101.478 E2.3172
G1 X96.751 Y102.558 F7800
;WIDTH:0.448384
G1 F1200
G1 X97.088 Y102.894 E2.33324
G1 X97.554 Y103.249 E2.35299
G1 X96.751 Y103.249 E2.38006
G1 X96.751 Y102.761 E2.39651
G1 E.39651 F2400
G92 E0
G1 X99.473 Y103.564 F7800
G1 E2 F2400
;WIDTH:0.632268
G1 F1200
G1 X100.628 Y103.567 E2.0566
;WIDTH:0.63079
G1 X100.673 Y103.565 E2.0588
G1 E.0588 F2400
G92 E0
G1 X103.528 Y101.441 F7800
G1 E2 F2400
;WIDTH:0.449999
G1 F1200
G1 X103.316 Y101.834 E2.01511
G1 X103.108 Y102.116 E2.02697
G1 X102.628 Y102.618 E2.05048
G1 X102.365 Y102.82 E2.0617
G1 X101.848 Y103.128 E2.08207
;WIDTH:0.493112
G1 X101.559 Y103.235 E2.09361
;WIDTH:0.536225
G1 X101.269 Y103.343 E2.1063
;WIDTH:0.579338
G1 X100.98 Y103.45 E2.12005
;WIDTH:0.62245
G1 X100.69 Y103.557 E2.13495
G1 X100.904 Y103.582 E2.14533
;WIDTH:0.579338
G1 X101.118 Y103.606 E2.15493
;WIDTH:0.536225
G1 X101.333 Y103.631 E2.16381
;WIDTH:0.493112
G1 X101.547 Y103.656 E2.17188
;WIDTH:0.449999
G1 X103.656 Y103.656 E2.24327
G1 X103.664 Y101.254 E2.32458
G1 X103.625 Y101.262 E2.32593
G1 X103.255 Y102.548 F7800
;WIDTH:0.445082
G1 F1200
G1 X103.253 Y103.251 E2.34944
G1 X102.433 Y103.251 E2.37686
G1 X102.911 Y102.906 E2.39657
G1 X103.114 Y102.695 E2.40636
;LAYER_CHANGE
;Z:3.55
;HEIGHT:0.2
G1 E.40636 F2400
G92 E0
G1 Z3.55 F7800
G1 X100.525 Y96.695
G1 E2 F2400
;TYPE:Perimeter
;WIDTH:0.449999
G1 F900
G1 X100.78 Y96.707 E2.00864
G1 X101.409 Y96.862 E2.03057
G1 X101.829 Y97.044 E2.04606
G1 X102.415 Y97.419 E2.06961
G1 X102.808 Y97.779 E2.08765
G1 X103.154 Y98.215 E2.10649
G1 X103.44 Y98.84 E2.12976
G1 X103.591 Y99.512 E2.15307
G1 X103.572 Y100.178 E2.17562
G1 X103.424 Y100.826 E2.19812
G1 X103.159 Y101.43 E2.22045
G1 X102.793 Y101.962 E2.24231
G1 X102.395 Y102.357 E2.26129
G1 X101.791 Y102.772 E2.2861
G1 X101.221 Y103.008 E2.30698
G1 X100.497 Y103.139 E2.33188
G1 X99.897 Y103.123 E2.3522
G1 X99.218 Y102.956 E2.37587
G1 X98.703 Y102.71 E2.39519
G1 X98.294 Y102.409 E2.41238
G1 X97.859 Y101.939 E2.43406
G1 X97.527 Y101.359 E2.45668
G1 X97.239 Y100.514 E2.4869
G1 X97.145 Y100.04 E2.50326
G1 X97.131 Y99.54 E2.52019
G1 X97.287 Y98.762 E2.54705
G1 X97.531 Y98.229 E2.56689
G1 X97.94 Y97.679 E2.59009
G1 X98.399 Y97.273 E2.61083
G1 X98.963 Y96.95 E2.63283
G1 X99.542 Y96.756 E2.6535
G1 X100.118 Y96.675 E2.67319
G1 X100.465 Y96.692 E2.68495
G1 X100.496 Y97.098 F7800
;TYPE:External perimeter
G1 F900
G1 X100.754 Y97.113 E2.6937
G1 X101.304 Y97.256 E2.71294
G1 X101.61 Y97.387 E2.72421
G1 X102.195 Y97.762 E2.74773
G1 X102.547 Y98.097 E2.76418
G1 X102.859 Y98.51 E2.7817
G1 X103.065 Y98.998 E2.79963
G1 X103.193 Y99.595 E2.8203
G1 X103.166 Y100.153 E2.83921
G1 X103.028 Y100.73 E2.85929
G1 X102.789 Y101.26 E2.87897
G1 X102.461 Y101.725 E2.89823
G1 X102.062 Y102.112 E2.91704
G1 X101.572 Y102.429 E2.93679
G1 X101.072 Y102.629 E2.95502
G1 X100.431 Y102.738 E2.97703
G1 X99.918 Y102.716 E2.99441
G1 X99.322 Y102.563 E3.01524
G1 X98.86 Y102.331 E3.03274
G1 X98.593 Y102.133 E3.04399
G1 X98.158 Y101.663 E3.06567
G1 X97.886 Y101.167 E3.08482
G1 X97.626 Y100.387 E3.11265
G1 X97.552 Y100.029 E3.12502
G1 X97.538 Y99.529 E3.14195
G1 X97.684 Y98.851 E3.16543
G1 X97.858 Y98.472 E3.17955
G1 X98.266 Y97.923 E3.2027
G1 X98.66 Y97.585 E3.22027
G1 X99.159 Y97.307 E3.2396
G1 X99.664 Y97.144 E3.25756
G1 X100.167 Y97.079 E3.27473
G1 X100.436 Y97.095 E3.28385
G1 X100.833 Y97.142 F7800
G1 E1.28385 F2400
G92 E0
G1 X103.975 Y99.432 F7800
G1 E2 F2400
;TYPE:Perimeter
;WIDTH:0.432146
G1 F900
G1 X103.97 Y100.202 E2.02492
;WIDTH:0.445584
G1 X103.963 Y100.316 E2.02874
G1 E.02874 F2400
G92 E0
G1 X103.961 Y103.961 F7800
G1 E2 F2400
;WIDTH:0.449999
G1 F3600
G1 X101.976 Y103.961 E2.06719
;WIDTH:0.478396
G1 X101.59 Y103.947 E2.08118
;WIDTH:0.506792
G1 X101.204 Y103.932 E2.09608
G1 X100.771 Y103.947 E2.11279
;WIDTH:0.478616
G1 X100.337 Y103.961 E2.12852
;WIDTH:0.482529
G1 X99.606 Y103.945 E2.15525
G1 X99.033 Y103.961 E2.1762
;WIDTH:0.449999
G1 X96.039 Y103.961 E2.27754
G1 X96.039 Y100.771 E2.38552
;WIDTH:0.495784
G1 X96.062 Y100.617 E2.39138
;WIDTH:0.541568
G1 X96.085 Y100.463 E2.39784
;WIDTH:0.587352
G1 X96.108 Y100.309 E2.40489
;WIDTH:0.596224
G1 X96.112 Y100.062 E2.41626
;WIDTH:0.605642
G1 X96.117 Y99.22 E2.45566
G1 X96.098 Y99.06 E2.4632
;WIDTH:0.566732
G1 X96.078 Y98.899 E2.47027
;WIDTH:0.527821
G1 X96.059 Y98.738 E2.47681
;WIDTH:0.48891
G1 X96.039 Y98.578 E2.48279
;WIDTH:0.449999
G1 X96.039 Y96.039 E2.56873
G1 X98.879 Y96.039 E2.66486
G1 X99.232 Y96.025 E2.67682
;WIDTH:0.420755
G1 X99.584 Y96.01 E2.68789
;WIDTH:0.391511
G1 X100.264 Y95.994 E2.70761
;WIDTH:0.395912
G1 X101.042 Y96.012 E2.73045
;WIDTH:0.422956
G1 X101.306 Y96.026 E2.7388
;WIDTH:0.449999
G1 X103.961 Y96.039 E2.82867
G1 X103.961 Y96.722 E2.85179
G1 X103.975 Y99.432 E2.94352
G1 X103.815 Y98.681 E2.96951
G1 X103.476 Y97.966 E2.99629
G1 X103.089 Y97.485 E3.01719
G1 X102.635 Y97.077 E3.03785
G1 X102.049 Y96.701 E3.06142
G1 X101.513 Y96.469 E3.08119
G1 X101.159 Y96.403 E3.09338
;WIDTH:0.413711
G1 X100.804 Y96.337 E3.10451
;WIDTH:0.377423
G1 X100.074 Y96.314 E3.12482
;WIDTH:0.389911
G1 X99.75 Y96.349 E3.13422
;WIDTH:0.41691
G1 X99.425 Y96.383 E3.14438
;WIDTH:0.449999
G1 X98.767 Y96.593 E3.16776
G1 X98.137 Y96.961 E3.19246
G1 X97.613 Y97.437 E3.21642
G1 X97.096 Y98.17 E3.24678
G1 X96.89 Y98.672 E3.26515
;WIDTH:0.48891
G1 X96.836 Y98.825 E3.27117
;WIDTH:0.527821
G1 X96.781 Y98.977 E3.27769
;WIDTH:0.566732
G1 X96.727 Y99.13 E3.28476
;WIDTH:0.605642
G1 X96.673 Y99.282 E3.29231
G1 X96.655 Y99.554 E3.30506
;WIDTH:0.606306
G1 X96.676 Y100.212 E3.3359
G1 X96.72 Y100.319 E3.34132
;WIDTH:0.56723
G1 X96.764 Y100.427 E3.3464
;WIDTH:0.528153
G1 X96.808 Y100.534 E3.35107
;WIDTH:0.489076
G1 X96.852 Y100.641 E3.35536
;WIDTH:0.449999
G1 X97.168 Y101.551 E3.38797
G1 X97.56 Y102.216 E3.4141
G1 X97.995 Y102.686 E3.43578
G1 X98.519 Y103.073 E3.45783
G1 X99.113 Y103.349 E3.48
;WIDTH:0.482529
G1 X99.662 Y103.512 E3.50093
G1 X99.877 Y103.536 E3.50884
;WIDTH:0.462252
G1 X100.563 Y103.545 E3.53276
;WIDTH:0.506792
G1 X101.166 Y103.472 E3.55619
G1 X101.373 Y103.396 E3.5647
;WIDTH:0.470204
G1 X102.009 Y103.115 E3.5894
;WIDTH:0.449999
G1 X102.676 Y102.652 E3.61688
G1 X103.124 Y102.198 E3.63847
G1 X103.529 Y101.6 E3.66292
G1 X103.819 Y100.923 E3.68785
G1 X103.963 Y100.316 E3.70897
;WIDTH:0.446337
G1 X103.963 Y100.384 E3.71125
;WIDTH:0.449999
G1 X103.961 Y103.901 E3.8303
G1 X104.368 Y104.368 F7800
G1 F900
G1 X95.632 Y104.368 E4.126
G1 X95.632 Y95.632 E4.4217
G1 X104.368 Y95.632 E4.7174
G1 X104.368 Y96.722 E4.7543
G1 X104.368 Y104.308 E5.01108
G1 X104.775 Y104.775 F7800
;TYPE:External perimeter
G1 F900
G1 X95.225 Y104.775 E5.33434
G1 X95.225 Y95.225 E5.6576
G1 X104.775 Y95.225 E5.98086
G1 X104.775 Y96.722 E6.03153
G1 X104.775 Y104.715 E6.30208
G1 X104.379 Y104.774 F7800
G1 E4.30208 F2400
G92 E0
G1 X101.662 Y103.643 F7800
G1 E2 F2400
;TYPE:Solid infill
G1 F1200
G1 X101.67 Y103.605 E2.00131
G1 X102.179 Y103.369 E2.0203
G1 X102.655 Y103.063 E2.03945
G1 X103.228 Y102.542 E2.06566
G1 X103.639 Y102.022 E2.0881
G1 X103.656 Y102.028 E2.08871
G1 X103.656 Y103.656 E2.14382
G1 X101.865 Y103.647 E2.20444
G1 X103.179 Y103.134 F7800
;WIDTH:0.55597
G1 F1200
G1 X103.134 Y103.179 E2.20715
G1 X103.15 Y103.241 E2.20988
G1 X103.212 Y103.257 E2.21261
G1 X103.257 Y103.212 E2.21532
G1 X103.241 Y103.15 E2.21805
G1 E.21805 F2400
G92 E0
G1 X102.078 Y96.344 F7800
G1 E2 F2400
;WIDTH:0.449999
G1 F1200
G1 X103.656 Y96.344 E2.05341
G1 X103.642 Y97.659 E2.09792
G1 X103.42 Y97.397 E2.10954
G1 X102.974 Y96.957 E2.13075
G1 X102.224 Y96.472 E2.16098
G1 E.16098 F2400
G92 E0
G1 X96.344 Y98.566 F7800
G1 E2 F2400
G1 F1200
G1 X96.344 Y96.344 E2.07521
G1 X98.526 Y96.36 E2.14907
G1 X98.132 Y96.597 E2.16463
G1 X97.589 Y97.022 E2.18797
G1 X96.945 Y97.828 E2.22289
G1 X96.674 Y98.36 E2.2431
G1 X96.431 Y98.924 E2.26389
G1 X96.392 Y98.763 E2.2695
G1 X96.735 Y97.458 F7800
;WIDTH:0.417461
G1 F1200
G1 X96.735 Y96.735 E2.29202
G1 X97.327 Y96.735 E2.31046
G1 X96.862 Y97.299 E2.33322
G1 E.33322 F2400
G92 E0
G1 X96.344 Y100.986 F7800
G1 E2 F2400
;WIDTH:0.449999
G1 F1200
G1 X96.344 Y103.656 E2.09038
G1 X98.987 Y103.656 E2.17984
G1 X98.977 Y103.616 E2.18124
G1 X98.387 Y103.348 E2.20317
G1 X97.796 Y102.915 E2.22797
G1 X97.341 Y102.428 E2.25053
G1 X97.135 Y102.138 E2.26257
G1 X96.818 Y101.507 E2.28647
G1 X96.558 Y100.747 E2.31366
G1 X96.422 Y100.482 E2.32374
G1 X96.344 Y100.782 E2.33423
G1 X96.771 Y102.356 F7800
;WIDTH:0.487929
G1 F1200
G1 X97.156 Y102.856 E2.35758
G1 X97.512 Y103.23 E2.37669
G1 X96.771 Y103.23 E2.40411
G1 X96.771 Y102.559 E2.42894
M106 S226.95
;LAYER_CHANGE
;Z:3.75
;HEIGHT:0.2
G1 E.42894 F2400
G92 E0
G1 Z3.75 F7800
G1 X102.614 Y102.493
G1 E2 F2400
;TYPE:Perimeter
;WIDTH:0.449999
G1 F900
G1 X102.162 Y102.916 E2.02095
G1 X101.645 Y103.236 E2.04153
G1 X101.022 Y103.435 E2.06367
G1 X100.359 Y103.511 E2.08626
G1 X99.7 Y103.461 E2.10863
G1 X99.076 Y103.293 E2.1305
G1 X98.506 Y103.016 E2.15195
G1 X97.977 Y102.617 E2.17438
G1 X97.564 Y102.157 E2.19531
G1 X97.253 Y101.641 E2.2157
G1 X97.049 Y101.088 E2.23565
G1 X96.946 Y100.391 E2.2595
G1 X96.98 Y99.817 E2.27896
G1 X97.145 Y99.206 E2.30038
G1 X97.527 Y98.519 E2.32699
G1 X97.982 Y98.034 E2.3495
G1 X98.609 Y97.567 E2.37596
G1 X99.086 Y97.293 E2.39458
G1 X99.5 Y97.146 E2.40945
G1 X100.164 Y97.041 E2.4322
G1 X100.705 Y97.066 E2.45053
G1 X101.362 Y97.236 E2.4735
G1 X101.909 Y97.505 E2.49413
G1 X102.309 Y97.807 E2.5111
G1 X102.797 Y98.344 E2.53566
G1 X103.121 Y98.898 E2.55738
G1 X103.325 Y99.49 E2.57857
G1 X103.419 Y100.213 E2.60325
G1 X103.371 Y100.87 E2.62555
G1 X103.139 Y101.652 E2.65316
G1 X102.688 Y102.424 E2.68342
G1 X102.658 Y102.452 E2.68481
G1 X102.316 Y102.233 F7800
;TYPE:External perimeter
G1 F900
G1 X101.896 Y102.608 E2.70387
G1 X101.436 Y102.886 E2.72206
G1 X100.91 Y103.044 E2.74065
G1 X100.319 Y103.106 E2.76076
G1 X99.737 Y103.056 E2.78053
G1 X99.189 Y102.902 E2.7998
G1 X98.69 Y102.653 E2.81868
G1 X98.228 Y102.296 E2.83844
G1 X97.872 Y101.891 E2.85669
G1 X97.606 Y101.437 E2.8745
G1 X97.433 Y100.954 E2.89187
G1 X97.35 Y100.339 E2.91288
G1 X97.393 Y99.811 E2.93081
G1 X97.536 Y99.32 E2.94812
G1 X97.878 Y98.724 E2.97138
G1 X98.271 Y98.322 E2.99041
G1 X98.849 Y97.896 E3.01471
G1 X99.234 Y97.672 E3.02979
G1 X99.564 Y97.548 E3.04172
G1 X100.227 Y97.443 E3.06444
G1 X100.604 Y97.46 E3.07721
G1 X101.261 Y97.63 E3.10018
G1 X101.719 Y97.865 E3.1176
G1 X102.008 Y98.081 E3.12981
G1 X102.495 Y98.618 E3.15435
G1 X102.764 Y99.094 E3.17286
G1 X102.938 Y99.616 E3.19148
G1 X103.014 Y100.258 E3.21336
G1 X102.966 Y100.833 E3.23289
G1 X102.751 Y101.53 E3.25758
G1 X102.354 Y102.188 E3.28359
G1 X102.061 Y102.46 F7800
G1 E1.28359 F2400
G92 E0
G1 X103.858 Y99.554 F7800
G1 E2 F2400
;TYPE:Perimeter
;WIDTH:0.655726
G1 F900
G1 X103.875 Y99.856 E2.01541
;WIDTH:0.621776
G1 X103.892 Y100.159 E2.03002
;WIDTH:0.634752
G1 X103.868 Y100.916 E2.06729
;WIDTH:0.646874
G1 X103.862 Y101.007 E2.07187
G1 E.07187 F2400
G92 E0
G1 X99.659 Y103.914 F7800
G1 E2 F2400
;WIDTH:0.544208
G1 F900
G1 X99.456 Y103.938 E2.00852
;WIDTH:0.496197
G1 X98.924 Y103.961 E2.02859
;WIDTH:0.449999
G1 X96.039 Y103.961 E2.12624
G1 X96.039 Y101.804 E2.19925
;WIDTH:0.492885
G1 X96.061 Y101.428 E2.21334
;WIDTH:0.535771
G1 X96.082 Y101.052 E2.22877
G1 X96.062 Y100.209 E2.26333
;WIDTH:0.496142
G1 X96.05 Y99.501 E2.29002
;WIDTH:0.472377
G1 X96.039 Y98.991 E2.30824
;WIDTH:0.449999
G1 X96.039 Y96.039 E2.40816
G1 X98.772 Y96.039 E2.50067
;WIDTH:0.487696
G1 X98.925 Y96.058 E2.50637
;WIDTH:0.525392
G1 X99.077 Y96.077 E2.51252
;WIDTH:0.563089
G1 X99.229 Y96.096 E2.51915
;WIDTH:0.600785
G1 X99.381 Y96.115 E2.52626
G1 X99.851 Y96.1 E2.54807
;WIDTH:0.570732
G1 X100.32 Y96.084 E2.56867
;WIDTH:0.567996
G1 X100.887 Y96.098 E2.59343
G1 X101.113 Y96.078 E2.60334
;WIDTH:0.528664
G1 X101.339 Y96.059 E2.6125
;WIDTH:0.489332
G1 X101.565 Y96.039 E2.62092
;WIDTH:0.449999
G1 X103.961 Y96.039 E2.70202
G1 X103.961 Y96.872 E2.73022
G1 X103.961 Y98.812 E2.79589
;WIDTH:0.493434
G1 X103.939 Y99.068 E2.80552
;WIDTH:0.536869
G1 X103.917 Y99.324 E2.81607
;WIDTH:0.576488
G1 X103.898 Y99.4 E2.81955
;WIDTH:0.616107
G1 X103.878 Y99.477 E2.82334
;WIDTH:0.655726
G1 X103.858 Y99.554 E2.82739
G1 X103.823 Y99.486 E2.83129
;WIDTH:0.616107
G1 X103.788 Y99.418 E2.83494
;WIDTH:0.576488
G1 X103.753 Y99.35 E2.83833
;WIDTH:0.536869
G1 X103.615 Y99.026 E2.85279
;WIDTH:0.493434
G1 X103.477 Y98.701 E2.86602
;WIDTH:0.449999
G1 X103.098 Y98.071 E2.89091
G1 X102.556 Y97.478 E2.9181
G1 X102.099 Y97.145 E2.93724
G1 X101.464 Y96.841 E2.96107
;WIDTH:0.489332
G1 X101.25 Y96.766 E2.96949
;WIDTH:0.528664
G1 X101.035 Y96.69 E2.9787
;WIDTH:0.567996
G1 X100.821 Y96.615 E2.9886
G1 X100.603 Y96.592 E2.99817
;WIDTH:0.548051
G1 X100.092 Y96.59 E3.01963
;WIDTH:0.575379
G1 X99.75 Y96.631 E3.03488
;WIDTH:0.602706
G1 X99.407 Y96.671 E3.05095
G1 X99.289 Y96.732 E3.05713
;WIDTH:0.56453
G1 X99.172 Y96.792 E3.06283
;WIDTH:0.526353
G1 X99.055 Y96.853 E3.06813
;WIDTH:0.488176
G1 X98.937 Y96.913 E3.07303
;WIDTH:0.449999
G1 X98.369 Y97.239 E3.0952
G1 X97.694 Y97.746 E3.12378
G1 X97.175 Y98.313 E3.1498
G1 X96.754 Y99.093 E3.1798
;WIDTH:0.48229
G1 X96.648 Y99.437 E3.19295
;WIDTH:0.514581
G1 X96.542 Y99.781 E3.20707
G1 X96.518 Y100.445 E3.23313
;WIDTH:0.535771
G1 X96.573 Y101.021 E3.25684
G1 X96.645 Y101.229 E3.26586
;WIDTH:0.491252
G1 X96.901 Y101.844 E3.29069
;WIDTH:0.449999
G1 X97.256 Y102.423 E3.31368
G1 X97.726 Y102.937 E3.33726
G1 X98.322 Y103.379 E3.36238
G1 X98.963 Y103.684 E3.38641
;WIDTH:0.497104
G1 X99.311 Y103.799 E3.40025
;WIDTH:0.544208
G1 X99.602 Y103.895 E3.41302
G1 E1.41302 F2400
G92 E0
G1 X102.927 Y102.764 F7800
G1 E2 F2400
;WIDTH:0.449999
G1 F900
G1 X103.035 Y102.637 E2.00564
G1 X103.528 Y101.775 E2.03925
;WIDTH:0.499218
G1 X103.611 Y101.583 E2.04719
;WIDTH:0.548437
G1 X103.695 Y101.391 E2.056
;WIDTH:0.597656
G1 X103.779 Y101.199 E2.06567
;WIDTH:0.646874
G1 X103.862 Y101.007 E2.07617
G1 X103.881 Y101.081 E2.08001
;WIDTH:0.610267
G1 X103.899 Y101.155 E2.0836
;WIDTH:0.573659
G1 X103.92 Y101.384 E2.09375
;WIDTH:0.532439
G1 X103.94 Y101.613 E2.10311
;WIDTH:0.491219
G1 X103.961 Y101.841 E2.11164
;WIDTH:0.449999
G1 X103.961 Y103.961 E2.1834
G1 X101.65 Y103.961 E2.26162
;WIDTH:0.487037
G1 X101.446 Y103.942 E2.26919
;WIDTH:0.524075
G1 X101.243 Y103.924 E2.27734
;WIDTH:0.561112
G1 X101.039 Y103.905 E2.28617
G1 X101.144 Y103.865 E2.29101
;WIDTH:0.529421
G1 X101.499 Y103.725 E2.30645
;WIDTH:0.48971
G1 X101.854 Y103.585 E2.32063
;WIDTH:0.449999
G1 X102.428 Y103.224 E2.34358
G1 X102.833 Y102.875 E2.36168
G1 X102.888 Y102.809 E2.36459
G1 E.36459 F2400
G92 E0
G1 X101.039 Y103.905 F7800
G1 E2 F2400
;WIDTH:0.561112
G1 F900
G1 X100.72 Y103.922 E2.01376
;WIDTH:0.528109
G1 X100.401 Y103.938 E2.02665
;WIDTH:0.544208
G1 X99.659 Y103.914 E2.05759
G1 E.05759 F2400
G92 E0
G1 X104.368 Y104.368 F7800
G1 E2 F2400
;WIDTH:0.449999
G1 F900
G1 X95.632 Y104.368 E2.2957
G1 X95.632 Y95.632 E2.5914
G1 X104.368 Y95.632 E2.8871
G1 X104.368 Y96.872 E2.92907
G1 X104.368 Y104.308 E3.18077
G1 X104.775 Y104.775 F7800
;TYPE:External perimeter
G1 F900
G1 X95.225 Y104.775 E3.50403
G1 X95.225 Y95.225 E3.82729
G1 X104.775 Y95.225 E4.15055
G1 X104.775 Y96.872 E4.2063
G1 X104.775 Y104.715 E4.47178
G1 X104.379 Y104.774 F7800
G1 E2.47178 F2400
G92 E0
G1 X103.586 Y102.455 F7800
G1 E2 F2400
;TYPE:Solid infill
;WIDTH:0.58901
G1 F1200
G1 X103.586 Y103.586 E2.05136
G1 X102.557 Y103.586 E2.09808
G1 X102.677 Y103.504 E2.10468
G1 X103.146 Y103.092 E2.13303
G1 X103.47 Y102.622 E2.15895
G1 E.15895 F2400
G92 E0
G1 X101.574 Y96.344 F7800
G1 E2 F2400
;WIDTH:0.449999
G1 F1200
G1 X103.656 Y96.344 E2.07047
G1 X103.656 Y97.803 E2.11986
G1 X103.636 Y98.334 E2.13785
G1 X103.608 Y98.322 E2.13888
G1 X103.32 Y97.861 E2.15728
G1 X102.747 Y97.241 E2.18586
G1 X102.226 Y96.868 E2.20755
G1 X101.29 Y96.411 E2.24281
G1 X101.376 Y96.391 E2.2458
G1 X102.638 Y96.71 F7800
;WIDTH:0.367185
G1 F1200
G1 X103.29 Y96.71 E2.26338
G1 X103.29 Y97.286 E2.27891
G1 X103.048 Y97.022 E2.28857
G1 X102.8 Y96.833 E2.29698
G1 E.29698 F2400
G92 E0
G1 X98.55 Y96.344 F7800
G1 E2 F2400
;WIDTH:0.449999
G1 F1200
G1 X96.344 Y96.344 E2.07467
G1 X96.344 Y98.988 E2.16417
G1 X96.374 Y99.217 E2.17199
G1 X96.578 Y98.734 E2.18974
G1 X96.909 Y98.164 E2.21205
G1 X97.124 Y97.886 E2.22395
G1 X97.619 Y97.411 E2.24717
G1 X98.184 Y96.995 E2.27092
G1 X99.153 Y96.425 E2.30897
G1 X98.754 Y96.344 E2.32275
G1 X97.715 Y96.788 F7800
;WIDTH:0.523647
G1 F1200
G1 X97.195 Y97.202 E2.34932
G1 X96.788 Y97.597 E2.37199
G1 X96.788 Y96.788 E2.40433
G1 X97.512 Y96.788 E2.43327
G1 E.43327 F2400
G92 E0
G1 X96.372 Y101.489 F7800
G1 E2 F2400
;WIDTH:0.449999
G1 F1200
G1 X96.41 Y101.498 E2.00132
G1 X96.642 Y102.007 E2.02025
G1 X97.033 Y102.631 E2.04518
G1 X97.542 Y103.181 E2.07055
G1 X98.139 Y103.641 E2.09606
G1 X98.135 Y103.656 E2.09659
G1 X96.344 Y103.656 E2.15721
G1 X96.344 Y102.045 E2.21174
G1 X96.362 Y101.692 E2.2237
G1 X96.913 Y103.139 F7800
;WIDTH:0.630482
G1 F1200
G1 X96.861 Y103.087 E2.22729
G1 X96.79 Y103.106 E2.23088
G1 X96.771 Y103.177 E2.23447
G1 X96.823 Y103.229 E2.23806
G1 X96.894 Y103.21 E2.24165
;LAYER_CHANGE
;Z:3.95
;HEIGHT:0.2
G1 E.24165 F2400
G92 E0
G1 Z3.95 F7800
G1 X101.709 Y102.864
G1 E2 F2400
;TYPE:Perimeter
;WIDTH:0.449999
G1 F900
G1 X101.631 Y102.928 E2.00342
G1 X101.076 Y103.232 E2.02484
G1 X100.461 Y103.43 E2.04671
G1 X99.807 Y103.51 E2.06901
G1 X99.136 Y103.464 E2.09178
G1 X98.505 Y103.3 E2.11385
G1 X97.961 Y103.004 E2.13481
G1 X97.437 Y102.57 E2.15784
G1 X96.941 Y101.827 E2.18808
G1 X96.665 Y101.044 E2.21618
G1 X96.581 Y100.383 E2.23873
G1 X96.623 Y99.748 E2.26027
G1 X96.794 Y99.106 E2.28276
G1 X97.065 Y98.547 E2.30379
G1 X97.429 Y98.061 E2.32434
G1 X97.867 Y97.66 E2.34444
G1 X98.36 Y97.354 E2.36408
G1 X99.013 Y97.118 E2.38758
G1 X99.615 Y97.038 E2.40814
G1 X100.201 Y97.076 E2.42802
G1 X100.832 Y97.259 E2.45026
G1 X101.301 Y97.508 E2.46823
G1 X101.835 Y97.891 E2.49047
G1 X102.329 Y98.34 E2.51307
G1 X102.767 Y99.005 E2.54002
G1 X102.964 Y99.546 E2.55951
G1 X103.047 Y100.049 E2.57677
G1 X103.037 Y100.629 E2.59641
G1 X102.822 Y101.465 E2.62563
G1 X102.53 Y102.023 E2.64695
G1 X102.114 Y102.53 E2.66915
G1 X101.755 Y102.826 E2.6849
G1 X101.471 Y102.535 F7800
;TYPE:External perimeter
G1 F900
G1 X101.378 Y102.609 E2.68892
G1 X100.887 Y102.871 E2.70776
G1 X100.343 Y103.04 E2.72704
G1 X99.764 Y103.105 E2.74676
G1 X99.17 Y103.059 E2.76693
G1 X98.614 Y102.908 E2.78643
G1 X98.168 Y102.653 E2.80382
G1 X97.7 Y102.26 E2.82451
G1 X97.287 Y101.612 E2.85052
G1 X97.051 Y100.917 E2.87536
G1 X96.986 Y100.341 E2.89498
G1 X97.028 Y99.782 E2.91395
G1 X97.185 Y99.218 E2.93377
G1 X97.428 Y98.732 E2.95216
G1 X97.75 Y98.311 E2.9701
G1 X98.136 Y97.965 E2.98765
G1 X98.569 Y97.704 E3.00476
G1 X99.144 Y97.503 E3.02538
G1 X99.659 Y97.442 E3.04293
G1 X100.166 Y97.482 E3.06014
G1 X100.71 Y97.647 E3.07938
G1 X101.122 Y97.875 E3.09532
G1 X101.596 Y98.22 E3.11516
G1 X102.054 Y98.639 E3.13617
G1 X102.42 Y99.219 E3.15938
G1 X102.586 Y99.706 E3.1768
G1 X102.64 Y100.053 E3.18869
G1 X102.63 Y100.622 E3.20795
G1 X102.43 Y101.354 E3.23364
G1 X102.174 Y101.824 E3.25176
G1 X101.803 Y102.267 E3.27132
G1 X101.517 Y102.497 E3.28374
G1 X101.179 Y102.711 F7800
G1 X100.469 Y103.904
;TYPE:Perimeter
;WIDTH:0.563768
G1 F900
G1 X100.161 Y103.921 E3.2971
;WIDTH:0.529889
G1 X99.852 Y103.938 E3.30963
;WIDTH:0.540992
G1 X99.098 Y103.915 E3.34087
G1 E1.34087 F2400
G92 E0
G1 X103.961 Y103.961 F7800
G1 E2 F2400
;WIDTH:0.449999
G1 F900
G1 X101.132 Y103.961 E2.09576
;WIDTH:0.487922
G1 X100.911 Y103.942 E2.10397
;WIDTH:0.525845
G1 X100.69 Y103.923 E2.11288
;WIDTH:0.563768
G1 X100.469 Y103.904 E2.12249
G1 X100.591 Y103.856 E2.12817
;WIDTH:0.526226
G1 X100.928 Y103.724 E2.14271
;WIDTH:0.488113
G1 X101.265 Y103.592 E2.15611
;WIDTH:0.449999
G1 X101.885 Y103.247 E2.18013
G1 X102.281 Y102.932 E2.19726
G1 X102.552 Y102.643 E2.21067
G1 X102.885 Y102.221 E2.22887
G1 X103.214 Y101.575 E2.25341
;WIDTH:0.49338
G1 X103.426 Y100.9 E2.27991
;WIDTH:0.505086
G1 X103.471 Y100.637 E2.29016
G1 X103.479 Y100.068 E2.31203
;WIDTH:0.534376
G1 X103.431 Y99.566 E2.33264
G1 X103.369 Y99.411 E2.33946
;WIDTH:0.490289
G1 X103.113 Y98.792 E2.36438
;WIDTH:0.449999
G1 X102.782 Y98.255 E2.38573
G1 X102.605 Y98.04 E2.39516
G1 X102.075 Y97.561 E2.41934
G1 X101.501 Y97.153 E2.44318
G1 X100.954 Y96.871 E2.46401
;WIDTH:0.487548
G1 X100.716 Y96.785 E2.47337
;WIDTH:0.525096
G1 X100.478 Y96.7 E2.4835
;WIDTH:0.562644
G1 X100.24 Y96.614 E2.49444
G1 X99.682 Y96.582 E2.51859
;WIDTH:0.570044
G1 X99.093 Y96.625 E2.54447
G1 X98.983 Y96.665 E2.5496
;WIDTH:0.539831
G1 X98.873 Y96.704 E2.55442
;WIDTH:0.509618
G1 X98.512 Y96.854 E2.56959
;WIDTH:0.479809
G1 X98.152 Y97.004 E2.58376
;WIDTH:0.449999
G1 X97.597 Y97.355 E2.60599
G1 X97.107 Y97.812 E2.62867
G1 X96.703 Y98.363 E2.6518
G1 X96.402 Y98.995 E2.67549
;WIDTH:0.494569
G1 X96.334 Y99.173 E2.68265
;WIDTH:0.539138
G1 X96.265 Y99.351 E2.69053
;WIDTH:0.583707
G1 X96.197 Y99.529 E2.6991
;WIDTH:0.628276
G1 X96.128 Y99.707 E2.70839
G1 X96.104 Y99.598 E2.71382
;WIDTH:0.579784
G1 X96.08 Y99.49 E2.71876
;WIDTH:0.531291
G1 X96.059 Y99.217 E2.72988
;WIDTH:0.490645
G1 X96.039 Y98.944 E2.74007
;WIDTH:0.449999
G1 X96.039 Y96.039 E2.8384
G1 X98.2 Y96.039 E2.91155
;WIDTH:0.490014
G1 X98.488 Y96.059 E2.92228
;WIDTH:0.530029
G1 X98.776 Y96.079 E2.93397
;WIDTH:0.570044
G1 X99.064 Y96.099 E2.94662
G1 X99.682 Y96.084 E2.97372
;WIDTH:0.562644
G1 X100.262 Y96.095 E2.99879
G1 X100.41 Y96.075 E3.00524
;WIDTH:0.520909
G1 X100.557 Y96.054 E3.01114
;WIDTH:0.479174
G1 X101.082 Y96.039 E3.03019
;WIDTH:0.449999
G1 X103.961 Y96.039 E3.12764
G1 X103.961 Y97.03 E3.16118
G1 X103.961 Y98.882 E3.22387
;WIDTH:0.492188
G1 X103.94 Y99.204 E3.23592
;WIDTH:0.534376
G1 X103.919 Y99.526 E3.24911
G1 X103.936 Y100.072 E3.27143
;WIDTH:0.499994
G1 X103.939 Y100.971 E3.3056
;WIDTH:0.49338
G1 X103.961 Y101.679 E3.33213
;WIDTH:0.449999
G1 X103.961 Y103.901 E3.40734
G1 E1.40734 F2400
G92 E0
G1 X99.098 Y103.915 F7800
G1 E2 F2400
;WIDTH:0.540992
G1 F900
G1 X98.898 Y103.938 E2.00834
;WIDTH:0.495406
G1 X98.36 Y103.961 E2.0286
;WIDTH:0.449999
G1 X96.039 Y103.961 E2.10716
G1 X96.039 Y101.896 E2.17706
;WIDTH:0.490886
G1 X96.06 Y101.726 E2.18344
;WIDTH:0.531772
G1 X96.08 Y101.556 E2.1904
;WIDTH:0.572658
G1 X96.1 Y101.386 E2.19794
;WIDTH:0.613544
G1 X96.121 Y101.216 E2.20607
;WIDTH:0.65443
G1 X96.141 Y101.046 E2.21477
G1 X96.181 Y101.118 E2.21896
;WIDTH:0.612308
G1 X96.221 Y101.19 E2.22286
;WIDTH:0.570186
G1 X96.346 Y101.474 E2.23646
;WIDTH:0.530124
G1 X96.47 Y101.758 E2.24901
;WIDTH:0.490062
G1 X96.595 Y102.042 E2.26055
;WIDTH:0.449999
G1 X96.968 Y102.642 E2.28446
G1 X97.173 Y102.88 E2.29509
G1 X97.755 Y103.355 E2.32052
G1 X98.396 Y103.692 E2.34503
;WIDTH:0.495496
G1 X98.747 Y103.804 E2.35889
;WIDTH:0.540992
G1 X99.041 Y103.897 E2.37166
G1 E.37166 F2400
G92 E0
G1 X96.141 Y101.046 F7800
G1 E2 F2400
;WIDTH:0.65443
G1 F900
G1 X96.125 Y100.74 E2.01558
;WIDTH:0.620794
G1 X96.108 Y100.434 E2.03031
;WIDTH:0.628276
G1 X96.128 Y99.707 E2.06571
G1 E.06571 F2400
G92 E0
G1 X104.368 Y104.368 F7800
G1 E2 F2400
;WIDTH:0.449999
G1 F900
G1 X95.632 Y104.368 E2.2957
G1 X95.632 Y95.632 E2.5914
G1 X104.368 Y95.632 E2.8871
G1 X104.368 Y97.03 E2.93442
G1 X104.368 Y104.308 E3.18077
G1 X104.775 Y104.775 F7800
;TYPE:External perimeter
G1 F900
G1 X95.225 Y104.775 E3.50403
G1 X95.225 Y95.225 E3.82729
G1 X104.775 Y95.225 E4.15055
G1 X104.775 Y97.03 E4.21165
G1 X104.775 Y104.715 E4.47178
G1 X104.379 Y104.774 F7800
G1 E2.47178 F2400
G92 E0
G1 X101.872 Y103.608 F7800
G1 E2 F2400
;TYPE:Solid infill
G1 F1200
G1 X102.492 Y103.151 E2.02607
G1 X103.021 Y102.558 E2.05297
G1 X103.398 Y101.923 E2.07797
G1 X103.62 Y101.373 E2.09805
G1 X103.656 Y101.682 E2.10858
G1 X103.656 Y103.656 E2.1754
G1 X102.024 Y103.656 E2.23064
G1 X103.138 Y103.086 F7800
;WIDTH:0.632674
G1 F1200
G1 X103.086 Y103.138 E2.23425
G1 X103.105 Y103.209 E2.23785
G1 X103.176 Y103.228 E2.24145
G1 X103.228 Y103.176 E2.24506
G1 X103.209 Y103.105 E2.24866
G1 E.24866 F2400
G92 E0
G1 X96.414 Y102.46 F7800
G1 E2 F2400
;WIDTH:0.58878
G1 F1200
G1 X96.646 Y102.834 E2.01998
G1 X96.888 Y103.127 E2.03723
G1 X97.441 Y103.586 E2.06985
G1 X96.414 Y103.586 E2.11646
G1 X96.414 Y102.664 E2.15831
G1 E.15831 F2400
G92 E0
G1 X96.344 Y96.548 F7800
G1 E2 F2400
;WIDTH:0.449999
G1 F1200
G1 X96.344 Y98.33 E2.06032
G1 X96.383 Y98.322 E2.06167
G1 X96.859 Y97.633 E2.09002
G1 X97.417 Y97.11 E2.11591
G1 X97.986 Y96.748 E2.13874
G1 X98.666 Y96.432 E2.16412
G1 X98.678 Y96.41 E2.16497
G1 X98.187 Y96.344 E2.18174
G1 X96.344 Y96.344 E2.24412
G1 X96.862 Y97.121 F7800
;WIDTH:0.373296
G1 F1200
G1 X97.135 Y96.864 E2.25442
G1 X97.354 Y96.713 E2.26173
G1 X96.713 Y96.713 E2.27934
G1 X96.713 Y97.26 E2.29437
G1 E.29437 F2400
G92 E0
G1 X100.583 Y96.388 F7800
G1 E2 F2400
;WIDTH:0.449999
G1 F1200
G1 X101.084 Y96.344 E2.01702
G1 X103.656 Y96.344 E2.10408
G1 X103.656 Y98.588 E2.18004
G1 X103.633 Y99.123 E2.19817
G1 X103.596 Y99.114 E2.19946
G1 X103.37 Y98.626 E2.21766
G1 X103.045 Y98.1 E2.23859
G1 X102.805 Y97.81 E2.25133
G1 X102.248 Y97.31 E2.27667
G1 X101.664 Y96.896 E2.3009
G1 X101.278 Y96.68 E2.31587
G1 X100.771 Y96.467 E2.33448
G1 X102.285 Y96.79 F7800
;WIDTH:0.526692
G1 F1200
G1 X103.21 Y96.79 E2.37169
G1 X103.21 Y97.597 E2.40415
G1 X102.806 Y97.212 E2.4266
G1 X102.443 Y96.918 E2.44539
M106 S234.6
;LAYER_CHANGE
;Z:4.15
;HEIGHT:0.2
G1 E.44539 F2400
G92 E0
G1 Z4.15 F7800
G1 X96.42 Y99.512
G1 E2 F2400
;TYPE:Perimeter
;WIDTH:0.449999
G1 F900
G1 X96.489 Y99.077 E2.01491
G1 X96.804 Y98.295 E2.04345
G1 X97.264 Y97.706 E2.06875
G1 X97.776 Y97.277 E2.09136
G1 X98.349 Y96.958 E2.11356
G1 X98.958 Y96.756 E2.13528
G1 X99.51 Y96.677 E2.15415
G1 X100.091 Y96.692 E2.17382
G1 X100.69 Y96.819 E2.19455
G1 X101.245 Y97.051 E2.21491
G1 X101.736 Y97.375 E2.23482
G1 X102.149 Y97.775 E2.25428
G1 X102.442 Y98.185 E2.27134
G1 X102.722 Y98.791 E2.29394
G1 X102.863 Y99.469 E2.31738
G1 X102.86 Y100.004 E2.33549
G1 X102.76 Y100.512 E2.35302
G1 X102.562 Y101.129 E2.37495
G1 X102.327 Y101.657 E2.39451
G1 X101.948 Y102.159 E2.4158
G1 X101.749 Y102.372 E2.42567
G1 X101.221 Y102.752 E2.44769
G1 X100.681 Y102.99 E2.46766
G1 X100.004 Y103.131 E2.49107
G1 X99.39 Y103.128 E2.51185
G1 X98.674 Y102.971 E2.53666
G1 X98.05 Y102.683 E2.55992
G1 X97.543 Y102.309 E2.58125
G1 X97.11 Y101.84 E2.60286
G1 X96.866 Y101.473 E2.61778
G1 X96.632 Y100.983 E2.63616
G1 X96.453 Y100.336 E2.65888
G1 X96.398 Y99.654 E2.68204
G1 X96.411 Y99.572 E2.68485
G1 X96.818 Y99.552 F7800
;TYPE:External perimeter
G1 F900
G1 X96.901 Y99.113 E2.69997
G1 X97.179 Y98.453 E2.72421
G1 X97.575 Y97.968 E2.7454
G1 X98.032 Y97.593 E2.76541
G1 X98.541 Y97.317 E2.78501
G1 X99.08 Y97.144 E2.80417
G1 X99.586 Y97.08 E2.82143
G1 X100.112 Y97.104 E2.83925
G1 X100.635 Y97.228 E2.85744
G1 X101.114 Y97.442 E2.8752
G1 X101.535 Y97.735 E2.89256
G1 X101.881 Y98.086 E2.90924
G1 X102.073 Y98.356 E2.92045
G1 X102.353 Y98.962 E2.94305
G1 X102.463 Y99.54 E2.96297
G1 X102.448 Y100.028 E2.9795
G1 X102.175 Y101.003 E3.01377
G1 X101.956 Y101.488 E3.03178
G1 X101.63 Y101.904 E3.04967
G1 X101.511 Y102.042 E3.05584
G1 X100.983 Y102.421 E3.07784
G1 X100.598 Y102.591 E3.09209
G1 X99.921 Y102.733 E3.1155
G1 X99.478 Y102.731 E3.1305
G1 X98.762 Y102.573 E3.15532
G1 X98.23 Y102.318 E3.17529
G1 X97.79 Y101.986 E3.19395
G1 X97.413 Y101.569 E3.21298
G1 X97.233 Y101.298 E3.22399
G1 X97 Y100.808 E3.24236
G1 X96.847 Y100.234 E3.26247
G1 X96.804 Y99.628 E3.28303
G1 X96.807 Y99.611 E3.28361
G1 X96.881 Y99.218 F7800
G1 E1.28361 F2400
G92 E0
G1 X103.961 Y103.961 F7800
G1 E2 F2400
;TYPE:Perimeter
G1 F3600
G1 X100.824 Y103.961 E2.10618
;WIDTH:0.451316
G1 X99.874 Y103.96 E2.13844
;WIDTH:0.466508
G1 X98.522 Y103.961 E2.18606
;WIDTH:0.449999
G1 X96.039 Y103.961 E2.27011
G1 X96.039 Y100.997 E2.37044
;WIDTH:0.452088
G1 X96.04 Y100.359 E2.39215
G1 X96.058 Y100.439 E2.39494
;WIDTH:0.451652
G1 X96.265 Y101.158 E2.42037
;WIDTH:0.449999
G1 X96.498 Y101.648 E2.43874
G1 X96.806 Y102.111 E2.45756
G1 X97.295 Y102.632 E2.48175
G1 X97.87 Y103.048 E2.50577
G1 X98.587 Y103.368 E2.53235
;WIDTH:0.466508
G1 X99.301 Y103.534 E2.55817
G1 X99.517 Y103.551 E2.5658
;WIDTH:0.459518
G1 X100.088 Y103.534 E2.58559
G1 X100.968 Y103.323 E2.61694
;WIDTH:0.449999
G1 X101.458 Y103.082 E2.63542
G1 X101.986 Y102.702 E2.65744
G1 X102.266 Y102.413 E2.67106
G1 X102.697 Y101.825 E2.69574
G1 X102.949 Y101.255 E2.71684
G1 X103.131 Y100.696 E2.73674
;WIDTH:0.494069
G1 X103.19 Y100.536 E2.74314
;WIDTH:0.538139
G1 X103.249 Y100.375 E2.7502
;WIDTH:0.582208
G1 X103.308 Y100.215 E2.75785
;WIDTH:0.593679
G1 X103.338 Y100.019 E2.76693
;WIDTH:0.597517
G1 X103.337 Y99.385 E2.79617
G1 X103.255 Y99.13 E2.80852
;WIDTH:0.548345
G1 X103.174 Y98.875 E2.81976
;WIDTH:0.499172
G1 X103.092 Y98.621 E2.82989
;WIDTH:0.449999
G1 X102.812 Y98.014 E2.85252
G1 X102.438 Y97.487 E2.87439
G1 X101.966 Y97.039 E2.89642
G1 X101.408 Y96.678 E2.91892
G1 X100.781 Y96.422 E2.94184
G1 X100.443 Y96.374 E2.9534
;WIDTH:0.409856
G1 X100.106 Y96.326 E2.96379
;WIDTH:0.369712
G1 X99.465 Y96.316 E2.98121
;WIDTH:0.39037
G1 X99.154 Y96.35 E2.99025
;WIDTH:0.41677
G1 X98.842 Y96.383 E3
;WIDTH:0.449999
G1 X98.157 Y96.599 E3.02431
G1 X97.52 Y96.96 E3.04909
G1 X96.953 Y97.444 E3.07432
G1 X96.588 Y97.877 E3.09349
G1 X96.428 Y98.137 E3.10382
G1 X96.151 Y98.797 E3.12805
G1 X96.023 Y99.426 E3.14978
G1 X96.039 Y98.995 E3.16438
G1 X96.039 Y96.039 E3.26444
G1 X98.628 Y96.025 E3.35208
;WIDTH:0.420916
G1 X98.997 Y96.01 E3.36369
;WIDTH:0.391833
G1 X99.631 Y95.994 E3.38209
;WIDTH:0.383922
G1 X100.325 Y96.006 E3.40177
;WIDTH:0.416961
G1 X100.575 Y96.023 E3.40956
;WIDTH:0.449999
G1 X100.824 Y96.039 E3.41801
G1 X103.961 Y96.039 E3.52419
G1 X103.961 Y96.91 E3.55367
G1 X103.961 Y98.799 E3.61761
;WIDTH:0.499172
G1 X103.936 Y98.978 E3.62447
;WIDTH:0.548345
G1 X103.912 Y99.157 E3.63206
;WIDTH:0.597517
G1 X103.887 Y99.336 E3.64039
G1 X103.892 Y99.619 E3.65344
;WIDTH:0.603682
G1 X103.884 Y100.222 E3.68156
G1 X103.903 Y100.338 E3.68704
;WIDTH:0.565262
G1 X103.922 Y100.453 E3.6921
;WIDTH:0.526841
G1 X103.942 Y100.569 E3.69684
;WIDTH:0.48842
G1 X103.961 Y100.684 E3.70116
;WIDTH:0.449999
G1 X103.961 Y103.901 E3.81005
G1 E1.81005 F2400
G92 E0
G1 X96.04 Y100.359 F7800
G1 E2 F2400
;WIDTH:0.452088
G1 F900
G1 X96.015 Y99.679 E2.02315
;WIDTH:0.418454
G1 X96.023 Y99.426 E2.03105
G1 E.03105 F2400
G92 E0
G1 X104.368 Y104.368 F7800
G1 E2 F2400
;WIDTH:0.449999
G1 F900
G1 X95.632 Y104.368 E2.2957
G1 X95.632 Y95.632 E2.5914
G1 X104.368 Y95.632 E2.8871
G1 X104.368 Y96.91 E2.93036
G1 X104.368 Y104.308 E3.18077
G1 X104.775 Y104.775 F7800
;TYPE:External perimeter
G1 F900
G1 X95.225 Y104.775 E3.50403
G1 X95.225 Y95.225 E3.82729
G1 X104.775 Y95.225 E4.15055
G1 X104.775 Y96.91 E4.20759
G1 X104.775 Y104.715 E4.47178
G1 X104.379 Y104.774 F7800
G1 E2.47178 F2400
G92 E0
G1 X103.579 Y100.464 F7800
G1 E2 F2400
;TYPE:Solid infill
G1 F1200
G1 X103.656 Y100.701 E2.00843
G1 X103.656 Y103.655 E2.10842
G1 X101.068 Y103.621 E2.19603
G1 X101.426 Y103.451 E2.20944
G1 X102.154 Y102.958 E2.2392
G1 X102.429 Y102.698 E2.25201
G1 X102.799 Y102.236 E2.27205
G1 X102.978 Y101.944 E2.28364
G1 X103.242 Y101.343 E2.30586
G1 X103.477 Y100.641 E2.33092
G1 X103.231 Y102.348 F7800
;WIDTH:0.48541
G1 F1200
G1 X103.231 Y103.229 E2.36333
G1 X102.493 Y103.226 E2.39048
G1 X102.76 Y102.964 E2.40424
G1 X103.108 Y102.51 E2.42529
G1 E.42529 F2400
G92 E0
G1 X103.452 Y96.344 F7800
G1 E2 F2400
;WIDTH:0.449999
G1 F1200
G1 X101.485 Y96.344 E2.06658
G1 X101.523 Y96.396 E2.06876
G1 X102.13 Y96.781 E2.09309
G1 X102.668 Y97.287 E2.11809
G1 X103.073 Y97.859 E2.14181
G1 X103.366 Y98.487 E2.16527
G1 X103.584 Y99.046 E2.18558
G1 X103.656 Y98.76 E2.19556
G1 X103.656 Y96.344 E2.27734
G1 X102.783 Y96.872 F7800
;WIDTH:0.40483
G1 F1200
G1 X103.01 Y97.098 E2.28698
G1 X103.271 Y97.471 E2.30068
G1 X103.271 Y96.729 E2.32301
G1 X102.638 Y96.729 E2.34206
G1 E.34206 F2400
G92 E0
G1 X96.344 Y96.344 F7800
G1 E2 F2400
;WIDTH:0.449999
G1 F1200
G1 X97.92 Y96.344 E2.05335
G1 X97.914 Y96.383 E2.05469
G1 X97.513 Y96.6 E2.07012
G1 X96.877 Y97.092 E2.09734
G1 X96.344 Y97.702 E2.12476
G1 X96.344 Y96.548 E2.16382
G1 E.16382 F2400
G92 E0
G1 X96.359 Y102.027 F7800
G1 E2 F2400
G1 F1200
G1 X96.922 Y102.7 E2.0297
G1 X97.09 Y102.84 E2.0371
G1 X97.54 Y103.2 E2.05661
G1 X98.355 Y103.627 E2.08775
G1 X98.353 Y103.644 E2.08833
G1 X96.344 Y103.655 E2.15633
G1 X96.356 Y102.23 E2.20457
G1 X96.863 Y103.179 F7800
;WIDTH:0.550588
G1 F1200
G1 X96.818 Y103.134 E2.20726
G1 X96.757 Y103.15 E2.20992
G1 X96.741 Y103.212 E2.21262
G1 X96.785 Y103.256 E2.21525
G1 X96.847 Y103.24 E2.21795
;LAYER_CHANGE
;Z:4.35
;HEIGHT:0.2
G1 E.21795 F2400
G92 E0
G1 Z4.35 F7800
G1 X96.94 Y98.702
G1 E2 F2400
;TYPE:Perimeter
;WIDTH:0.449999
G1 F900
G1 X97.141 Y98.18 E2.01893
G1 X97.499 Y97.629 E2.04117
G1 X97.958 Y97.156 E2.06348
G1 X98.507 Y96.772 E2.08616
G1 X99.255 Y96.457 E2.11363
G1 X99.821 Y96.374 E2.13299
G1 X100.557 Y96.414 E2.15794
G1 X101.259 Y96.651 E2.18302
G1 X101.834 Y96.992 E2.20565
G1 X102.326 Y97.427 E2.22788
G1 X102.807 Y98.085 E2.25547
G1 X103.071 Y98.679 E2.27747
G1 X103.211 Y99.284 E2.29849
G1 X103.235 Y99.874 E2.31848
G1 X103.153 Y100.447 E2.33807
G1 X102.966 Y101.002 E2.35789
G1 X102.685 Y101.503 E2.37733
G1 X102.325 Y101.934 E2.39634
G1 X101.829 Y102.329 E2.4178
G1 X101.112 Y102.658 E2.4445
G1 X100.343 Y102.781 E2.47086
G1 X99.678 Y102.786 E2.49337
G1 X99.086 Y102.712 E2.51356
G1 X98.609 Y102.559 E2.53052
G1 X98.124 Y102.3 E2.54913
G1 X97.695 Y101.95 E2.56787
G1 X97.267 Y101.426 E2.59077
G1 X96.989 Y100.889 E2.61124
G1 X96.801 Y100.196 E2.63555
G1 X96.768 Y99.514 E2.65866
G1 X96.863 Y98.901 E2.67966
G1 X96.919 Y98.758 E2.68486
G1 X97.322 Y98.826 F7800
;TYPE:External perimeter
G1 F900
G1 X97.518 Y98.333 E2.70282
G1 X97.836 Y97.858 E2.72217
G1 X98.245 Y97.445 E2.74184
G1 X98.735 Y97.11 E2.76193
G1 X99.407 Y96.835 E2.78651
G1 X99.898 Y96.778 E2.80324
G1 X100.53 Y96.82 E2.82468
G1 X101.115 Y97.032 E2.84574
G1 X101.621 Y97.339 E2.86577
G1 X102.051 Y97.727 E2.88537
G1 X102.474 Y98.319 E2.91
G1 X102.696 Y98.836 E2.92904
G1 X102.812 Y99.369 E2.9475
G1 X102.828 Y99.883 E2.96491
G1 X102.751 Y100.383 E2.98203
G1 X102.583 Y100.865 E2.99931
G1 X102.312 Y101.328 E3.01747
G1 X101.988 Y101.695 E3.03404
G1 X101.581 Y102.006 E3.05138
G1 X100.951 Y102.284 E3.07469
G1 X100.291 Y102.377 E3.09725
G1 X99.678 Y102.378 E3.118
G1 X99.211 Y102.325 E3.13391
G1 X98.734 Y102.172 E3.15087
G1 X98.297 Y101.927 E3.16783
G1 X98.01 Y101.692 E3.18039
G1 X97.582 Y101.168 E3.20329
G1 X97.382 Y100.782 E3.21801
G1 X97.194 Y100.089 E3.24232
G1 X97.175 Y99.505 E3.2621
G1 X97.264 Y98.971 E3.28042
G1 X97.3 Y98.882 E3.28367
G1 X97.448 Y98.51 F7800
G1 E1.28367 F2400
G92 E0
G1 X103.961 Y103.961 F7800
G1 E2 F2400
;TYPE:Perimeter
G1 F3600
G1 X96.039 Y103.961 E2.26815
G1 X96.039 Y101.07 E2.36601
G1 X96.021 Y100.063 E2.4001
;WIDTH:0.416067
G1 X96.022 Y99.295 E2.42393
;WIDTH:0.453216
G1 X96.039 Y97.885 E2.47204
;WIDTH:0.449999
G1 X96.039 Y96.039 E2.53452
G1 X99.309 Y96.03 E2.64521
;WIDTH:0.441585
G1 X99.105 Y96.083 E2.6522
;WIDTH:0.449999
G1 X98.28 Y96.435 E2.68256
G1 X97.67 Y96.868 E2.70788
G1 X97.163 Y97.4 E2.73276
G1 X96.764 Y98.027 E2.75792
;WIDTH:0.45965
G1 X96.458 Y98.83 E2.7877
G1 X96.42 Y99.176 E2.79976
;WIDTH:0.433477
G1 X96.382 Y99.523 E2.8111
;WIDTH:0.429919
G1 X96.418 Y100.3 E2.83613
;WIDTH:0.449999
G1 X96.674 Y101.196 E2.86767
G1 X96.952 Y101.684 E2.88668
G1 X97.523 Y102.35 E2.91637
G1 X97.924 Y102.654 E2.9334
G1 X98.485 Y102.947 E2.95482
G1 X99.163 Y103.143 E2.97871
G1 X99.678 Y103.193 E2.99622
G1 X100.396 Y103.184 E3.02053
G1 X101.001 Y103.106 E3.04118
G1 X101.273 Y103.032 E3.05072
G1 X102.076 Y102.652 E3.08079
G1 X102.632 Y102.201 E3.10502
G1 X103.036 Y101.709 E3.12657
G1 X103.35 Y101.138 E3.14863
;WIDTH:0.450578
G1 X103.555 Y100.511 E3.17099
G1 X103.62 Y99.865 E3.193
;WIDTH:0.424405
G1 X103.596 Y99.203 E3.21401
;WIDTH:0.449999
G1 X103.447 Y98.521 E3.23764
G1 X103.14 Y97.851 E3.26259
G1 X102.6 Y97.126 E3.29319
G1 X102.047 Y96.645 E3.318
G1 X101.403 Y96.271 E3.34321
G1 X100.876 Y96.075 E3.36224
;WIDTH:0.442289
G1 X100.583 Y96.023 E3.37212
G1 X100.883 Y96.035 E3.38209
;WIDTH:0.449999
G1 X103.961 Y96.039 E3.48628
G1 X103.961 Y96.758 E3.51062
G1 X103.961 Y98.657 E3.5749
G1 X103.98 Y99.383 E3.59948
;WIDTH:0.411651
G1 X103.983 Y99.888 E3.61496
;WIDTH:0.452137
G1 X103.961 Y101.244 E3.66111
;WIDTH:0.449999
G1 X103.961 Y103.901 E3.75105
G1 E1.75105 F2400
G92 E0
G1 X99.309 Y96.03 F7800
G1 E2 F2400
;WIDTH:0.431786
G1 F900
G1 X99.597 Y96.016 E2.00932
;WIDTH:0.4032
G1 X99.884 Y96.001 E2.01793
;WIDTH:0.418434
G1 X100.583 Y96.023 E2.03977
G1 E.03977 F2400
G92 E0
G1 X104.368 Y104.368 F7800
G1 E2 F2400
;WIDTH:0.449999
G1 F900
G1 X95.632 Y104.368 E2.2957
G1 X95.632 Y95.632 E2.5914
G1 X104.368 Y95.632 E2.8871
G1 X104.368 Y96.758 E2.92521
G1 X104.368 Y104.308 E3.18077
G1 X104.775 Y104.775 F7800
;TYPE:External perimeter
G1 F900
G1 X95.225 Y104.775 E3.50403
G1 X95.225 Y95.225 E3.82729
G1 X104.775 Y95.225 E4.15055
G1 X104.775 Y96.758 E4.20244
G1 X104.775 Y104.715 E4.47177
G1 X104.379 Y104.774 F7800
G1 E2.47177 F2400
G92 E0
G1 X102.187 Y96.382 F7800
G1 E2 F2400
;TYPE:Solid infill
G1 F1200
G1 X102.218 Y96.344 E2.00166
G1 X103.656 Y96.344 E2.05033
G1 X103.656 Y98.145 E2.11129
G1 X103.608 Y98.135 E2.11295
G1 X103.386 Y97.67 E2.13039
G1 X102.974 Y97.092 E2.15442
G1 X102.353 Y96.5 E2.18346
G1 X103.223 Y96.711 F7800
;WIDTH:0.472934
G1 F1200
G1 X103.185 Y96.749 E2.18538
G1 X103.199 Y96.801 E2.18731
G1 X103.251 Y96.815 E2.18924
G1 X103.289 Y96.777 E2.19116
G1 X103.275 Y96.725 E2.19309
G1 E.19309 F2400
G92 E0
G1 X96.346 Y96.548 F7800
G1 E2 F2400
;WIDTH:0.449999
G1 F1200
G1 X96.352 Y98.14 E2.05389
G1 X96.399 Y98.13 E2.05552
G1 X96.619 Y97.656 E2.07321
G1 X97.04 Y97.07 E2.09763
G1 X97.451 Y96.655 E2.1174
G1 X97.822 Y96.362 E2.1334
G1 X96.345 Y96.344 E2.1834
G1 X96.747 Y96.708 E2.20176
;WIDTH:0.464676
G1 X96.71 Y96.745 E2.2036
G1 X96.724 Y96.796 E2.20545
G1 X96.774 Y96.81 E2.20727
G1 X96.812 Y96.773 E2.20913
G1 X96.798 Y96.722 E2.21098
G1 E.21098 F2400
G92 E0
G1 X96.336 Y101.961 F7800
G1 E2 F2400
;WIDTH:0.449999
G1 F1200
G1 X96.344 Y103.656 E2.05737
G1 X98.345 Y103.656 E2.1251
;WIDTH:0.495393
G1 X98.526 Y103.633 E2.13196
;WIDTH:0.540787
G1 X98.708 Y103.61 E2.13955
;WIDTH:0.586181
G1 X98.89 Y103.587 E2.14784
;WIDTH:0.631574
G1 X99.072 Y103.565 E2.15681
;WIDTH:0.65928
G1 X99.124 Y103.551 E2.15957
G1 X98.98 Y103.489 E2.16761
;WIDTH:0.617424
G1 X98.836 Y103.427 E2.1751
;WIDTH:0.575568
G1 X98.691 Y103.365 E2.18208
;WIDTH:0.533712
G1 X98.547 Y103.303 E2.18848
;WIDTH:0.491856
G1 X98.403 Y103.241 E2.19433
;WIDTH:0.449999
G1 X97.787 Y102.927 E2.21773
G1 X97.137 Y102.393 E2.2462
G1 X96.581 Y101.673 E2.27699
G1 X96.355 Y101.245 E2.29337
G1 X96.335 Y101.757 E2.31071
G1 X96.747 Y102.556 F7800
;WIDTH:0.45251
G1 F1200
G1 X97.084 Y102.884 E2.32673
G1 X97.534 Y103.247 E2.34642
G1 X96.75 Y103.247 E2.37312
G1 X96.748 Y102.759 E2.38974
G1 E.38974 F2400
G92 E0
G1 X99.124 Y103.551 F7800
G1 E2 F2400
;WIDTH:0.65928
G1 F1200
G1 X100.416 Y103.572 E2.06622
;WIDTH:0.632612
G1 X100.549 Y103.564 E2.07275
G1 X100.613 Y103.586 E2.07607
;WIDTH:0.589309
G1 X100.678 Y103.608 E2.07919
;WIDTH:0.546005
G1 X100.742 Y103.629 E2.08201
;WIDTH:0.502702
G1 X100.811 Y103.652 E2.08479
;WIDTH:0.456399
G1 X100.88 Y103.675 E2.08729
;WIDTH:0.410097
G1 X100.948 Y103.699 E2.08949
;WIDTH:0.406897
G1 X101.514 Y103.677 E2.10663
;WIDTH:0.449999
G1 X102.079 Y103.656 E2.12577
G1 X103.655 Y103.656 E2.17912
G1 X103.654 Y101.282 E2.25948
G1 X103.638 Y101.278 E2.26004
G1 X103.172 Y102.041 E2.2903
G1 X102.699 Y102.556 E2.31397
G1 X102.011 Y103.042 E2.34248
G1 X101.567 Y103.201 E2.35844
;WIDTH:0.418805
G1 X101.123 Y103.36 E2.37318
;WIDTH:0.38761
G1 X100.927 Y103.379 E2.37882
;WIDTH:0.408598
G1 X100.864 Y103.41 E2.38095
;WIDTH:0.453401
G1 X100.801 Y103.441 E2.38335
;WIDTH:0.498204
G1 X100.738 Y103.472 E2.38601
;WIDTH:0.543007
G1 X100.675 Y103.503 E2.38893
;WIDTH:0.58781
G1 X100.612 Y103.533 E2.39209
;WIDTH:0.632612
G1 X100.549 Y103.564 E2.39553
G1 X102.416 Y103.252 F7800
;WIDTH:0.443607
G1 F1200
G1 X102.898 Y102.916 E2.41511
G1 X103.251 Y102.555 E2.43193
G1 X103.251 Y103.252 E2.45515
G1 X102.62 Y103.252 E2.47617
;LAYER_CHANGE
;Z:4.55
;HEIGHT:0.2
G1 E.47617 F2400
G92 E0
G1 Z4.55 F7800
G1 X103.188 Y98.286
G1 E2 F2400
;TYPE:Perimeter
;WIDTH:0.449999
G1 F900
G1 X103.221 Y98.332 E2.00192
G1 X103.489 Y98.999 E2.02625
G1 X103.599 Y99.699 E2.05023
G1 X103.546 Y100.345 E2.07217
G1 X103.368 Y100.982 E2.09456
G1 X103.076 Y101.57 E2.11678
G1 X102.688 Y102.081 E2.1385
G1 X102.22 Y102.502 E2.15981
G1 X101.799 Y102.765 E2.17661
G1 X101.104 Y103.038 E2.20188
G1 X100.352 Y103.146 E2.2276
G1 X99.758 Y103.102 E2.24776
G1 X99.091 Y102.906 E2.27129
G1 X98.523 Y102.591 E2.29327
G1 X98.102 Y102.23 E2.31204
G1 X97.768 Y101.813 E2.33012
G1 X97.522 Y101.352 E2.34781
G1 X97.172 Y100.205 E2.3884
G1 X97.141 Y99.428 E2.41472
G1 X97.333 Y98.638 E2.44224
G1 X97.601 Y98.115 E2.46213
G1 X98.037 Y97.581 E2.48546
G1 X98.517 Y97.193 E2.50635
G1 X98.958 Y96.955 E2.52331
G1 X99.66 Y96.734 E2.54822
G1 X100.593 Y96.687 E2.57984
G1 X101.249 Y96.811 E2.60244
G1 X101.855 Y97.055 E2.62455
G1 X102.539 Y97.522 E2.65258
G1 X102.916 Y97.901 E2.67067
G1 X103.153 Y98.237 E2.68459
G1 X102.833 Y98.494 F7800
;TYPE:External perimeter
G1 F900
G1 X102.907 Y98.605 E2.68911
G1 X103.108 Y99.142 E2.70852
G1 X103.195 Y99.753 E2.72941
G1 X103.142 Y100.301 E2.74805
G1 X102.978 Y100.867 E2.768
G1 X102.715 Y101.383 E2.7876
G1 X102.368 Y101.829 E2.80673
G1 X101.953 Y102.195 E2.82546
G1 X101.65 Y102.386 E2.83758
G1 X100.955 Y102.659 E2.86285
G1 X100.305 Y102.741 E2.88503
G1 X99.797 Y102.697 E2.90229
G1 X99.214 Y102.518 E2.92293
G1 X98.729 Y102.24 E2.94185
G1 X98.351 Y101.904 E2.95897
G1 X98.071 Y101.533 E2.9747
G1 X97.871 Y101.132 E2.98987
G1 X97.562 Y100.087 E3.02676
G1 X97.548 Y99.425 E3.04917
G1 X97.725 Y98.745 E3.07295
G1 X97.917 Y98.372 E3.08715
G1 X98.352 Y97.838 E3.11046
G1 X98.764 Y97.516 E3.12816
G1 X99.08 Y97.343 E3.14035
G1 X99.782 Y97.122 E3.16526
G1 X100.602 Y97.094 E3.19303
G1 X101.164 Y97.209 E3.21245
G1 X101.696 Y97.43 E3.23195
G1 X102.303 Y97.855 E3.25703
G1 X102.643 Y98.209 E3.27364
G1 X102.8 Y98.444 E3.28321
G1 X102.975 Y98.804 F7800
G1 E1.28321 F2400
G92 E0
G1 X103.961 Y103.961 F7800
G1 E2 F2400
;TYPE:Perimeter
G1 F3600
G1 X102.103 Y103.961 E2.06289
;WIDTH:0.487245
G1 X101.025 Y103.942 E2.10272
G1 X100.164 Y103.96 E2.13454
;WIDTH:0.458072
G1 X98.866 Y103.961 E2.17935
;WIDTH:0.449999
G1 X96.039 Y103.961 E2.27504
G1 X96.039 Y101.087 E2.37232
;WIDTH:0.498767
G1 X96.064 Y100.738 E2.38558
;WIDTH:0.547535
G1 X96.088 Y100.388 E2.4003
;WIDTH:0.596302
G1 X96.112 Y100.038 E2.41644
;WIDTH:0.618378
G1 X96.123 Y99.059 E2.46329
G1 X96.102 Y98.897 E2.47111
;WIDTH:0.576284
G1 X96.081 Y98.735 E2.47835
;WIDTH:0.534189
G1 X96.06 Y98.573 E2.48502
;WIDTH:0.492094
G1 X96.039 Y98.411 E2.49112
;WIDTH:0.449999
G1 X96.039 Y96.039 E2.57141
G1 X98.754 Y96.039 E2.66331
G1 X99.285 Y96.021 E2.68129
;WIDTH:0.413055
G1 X99.816 Y96.002 E2.69764
;WIDTH:0.379556
G1 X100.849 Y96.004 E2.72656
;WIDTH:0.414778
G1 X101.112 Y96.022 E2.73471
;WIDTH:0.449999
G1 X101.374 Y96.039 E2.7436
G1 X103.961 Y96.039 E2.83117
G1 X103.961 Y96.72 E2.85422
G1 X103.961 Y98.267 E2.90658
;WIDTH:0.485116
G1 X103.943 Y99.075 E2.9363
G1 X103.877 Y98.854 E2.94478
;WIDTH:0.464266
G1 X103.557 Y98.103 E2.97338
;WIDTH:0.449999
G1 X103.211 Y97.62 E2.99349
G1 X102.774 Y97.19 E3.01424
G1 X102.014 Y96.681 E3.0452
G1 X101.335 Y96.413 E3.06991
G1 X100.959 Y96.367 E3.08273
;WIDTH:0.40846
G1 X100.584 Y96.322 E3.09421
;WIDTH:0.409966
G1 X99.543 Y96.364 E3.12601
;WIDTH:0.449999
G1 X98.835 Y96.567 E3.15094
G1 X98.396 Y96.787 E3.16756
G1 X97.892 Y97.158 E3.18874
G1 X97.599 Y97.473 E3.2033
G1 X97.169 Y98.037 E3.22731
G1 X96.94 Y98.532 E3.24577
;WIDTH:0.492094
G1 X96.877 Y98.682 E3.25185
;WIDTH:0.534189
G1 X96.814 Y98.833 E3.25853
;WIDTH:0.576284
G1 X96.751 Y98.983 E3.26575
;WIDTH:0.618378
G1 X96.689 Y99.134 E3.27356
G1 X96.662 Y99.431 E3.28783
;WIDTH:0.606646
G1 X96.677 Y100.217 E3.32468
G1 X96.708 Y100.277 E3.32785
;WIDTH:0.573423
G1 X96.74 Y100.337 E3.33085
;WIDTH:0.540199
G1 X96.857 Y100.647 E3.34455
;WIDTH:0.495099
G1 X96.975 Y100.957 E3.35702
;WIDTH:0.449999
G1 X97.159 Y101.536 E3.37758
G1 X97.445 Y102.061 E3.39782
G1 X97.83 Y102.534 E3.41846
G1 X98.317 Y102.942 E3.43996
G1 X98.969 Y103.294 E3.46504
;WIDTH:0.473749
G1 X99.718 Y103.519 E3.49306
G1 X100.398 Y103.551 E3.51745
;WIDTH:0.487245
G1 X100.999 Y103.499 E3.53974
G1 X101.255 Y103.424 E3.5496
;WIDTH:0.464996
G1 X101.948 Y103.144 E3.57583
;WIDTH:0.449999
G1 X102.488 Y102.809 E3.59734
G1 X103.008 Y102.333 E3.6212
G1 X103.438 Y101.757 E3.64553
G1 X103.758 Y101.098 E3.67033
;WIDTH:0.469308
G1 X103.951 Y100.456 E3.6941
G1 X103.954 Y100.574 E3.69828
;WIDTH:0.463578
G1 X103.961 Y101.127 E3.71762
;WIDTH:0.449999
G1 X103.961 Y103.901 E3.81152
G1 E1.81152 F2400
G92 E0
G1 X103.943 Y99.075 F7800
G1 E2 F2400
;WIDTH:0.485116
G1 F900
G1 X103.962 Y99.361 E2.01054
;WIDTH:0.446891
G1 X103.982 Y99.647 E2.02017
;WIDTH:0.434238
G1 X103.969 Y100.018 E2.03225
;WIDTH:0.45981
G1 X103.956 Y100.389 E2.04512
;WIDTH:0.469308
G1 X103.951 Y100.456 E2.0475
G1 E.0475 F2400
G92 E0
G1 X104.368 Y104.368 F7800
G1 E2 F2400
;WIDTH:0.449999
G1 F900
G1 X95.632 Y104.368 E2.2957
G1 X95.632 Y95.632 E2.5914
G1 X104.368 Y95.632 E2.8871
G1 X104.368 Y96.72 E2.92393
G1 X104.368 Y104.308 E3.18077
G1 X104.775 Y104.775 F7800
;TYPE:External perimeter
G1 F900
G1 X95.225 Y104.775 E3.50403
G1 X95.225 Y95.225 E3.82729
G1 X104.775 Y95.225 E4.15055
G1 X104.775 Y96.72 E4.20115
G1 X104.775 Y104.715 E4.47177
G1 X104.379 Y104.774 F7800
G1 E2.47177 F2400
G92 E0
G1 X103.617 Y102.033 F7800
G1 E2 F2400
;TYPE:Solid infill
G1 F1200
G1 X103.656 Y102.027 E2.00134
G1 X103.656 Y103.656 E2.05648
G1 X101.634 Y103.646 E2.12492
G1 X101.611 Y103.613 E2.12628
G1 X102.087 Y103.414 E2.14374
G1 X102.693 Y103.036 E2.16792
G1 X103.096 Y102.682 E2.18608
G1 X103.49 Y102.191 E2.20739
G1 X103.26 Y103.183 F7800
;WIDTH:0.548212
G1 F1200
G1 X103.216 Y103.138 E2.21003
G1 X103.155 Y103.155 E2.21269
G1 X103.138 Y103.216 E2.21535
G1 X103.183 Y103.26 E2.21799
G1 X103.244 Y103.244 E2.22064
G1 E.22064 F2400
G92 E0
G1 X103.31 Y96.751 F7800
G1 E2 F2400
;WIDTH:0.388234
G1 F1200
G1 X103.268 Y96.762 E2.00125
G1 X103.249 Y96.69 E2.00339
G1 X103.321 Y96.709 E2.00553
;WIDTH:0.419117
G1 X103.387 Y96.527 E2.01159
;WIDTH:0.449999
G1 X103.452 Y96.344 E2.01816
G1 X102.084 Y96.344 E2.06447
G1 X102.095 Y96.398 E2.06634
G1 X102.386 Y96.542 E2.07733
G1 X103.024 Y96.998 E2.10387
G1 X103.427 Y97.404 E2.12323
G1 X103.637 Y97.663 E2.13452
G1 X103.656 Y96.344 E2.17917
G1 E.17917 F2400
G92 E0
G1 X97.325 Y96.344 F7800
G1 E2 F2400
G1 F1200
G1 X96.344 Y96.344 E2.03321
G1 X96.344 Y98.398 E2.10274
G1 X96.447 Y98.791 E2.11649
G1 X96.738 Y98.21 E2.13848
G1 X97.033 Y97.688 E2.15878
G1 X97.714 Y96.91 E2.19378
G1 X98.232 Y96.53 E2.21553
G1 X98.506 Y96.36 E2.22644
G1 X97.529 Y96.344 E2.25951
G1 X97.339 Y96.736 E2.27426
;WIDTH:0.419453
G1 X96.736 Y97.433 E2.30312
G1 X96.736 Y96.736 E2.32494
G1 X97.135 Y96.736 E2.33743
G1 E.33743 F2400
G92 E0
G1 X96.42 Y100.545 F7800
G1 E2 F2400
;WIDTH:0.449999
G1 F1200
G1 X96.457 Y100.555 E2.0013
G1 X96.687 Y101.057 E2.01999
G1 X96.892 Y101.685 E2.04235
G1 X97.21 Y102.255 E2.06444
G1 X97.636 Y102.769 E2.08704
G1 X98.167 Y103.208 E2.11036
G1 X98.601 Y103.462 E2.12738
G1 X98.983 Y103.609 E2.14123
G1 X98.955 Y103.653 E2.143
G1 X96.344 Y103.656 E2.23138
G1 X96.344 Y101.094 E2.3181
G1 X96.392 Y100.747 E2.32996
G1 X96.77 Y102.344 F7800
;WIDTH:0.486052
G1 F1200
G1 X96.816 Y102.429 E2.33352
G1 X97.162 Y102.868 E2.35412
G1 X97.525 Y103.23 E2.37301
G1 X96.77 Y103.23 E2.40083
G1 X96.77 Y102.548 E2.42596
M106 S226.95
;LAYER_CHANGE
;Z:4.75
;HEIGHT:0.2
G1 E.42596 F2400
G92 E0
G1 Z4.75 F7800
G1 X103.239 Y99.24
G1 E2 F2400
;TYPE:Perimeter
;WIDTH:0.449999
G1 F900
G1 X103.323 Y99.484 E2.00873
G1 X103.419 Y100.211 E2.03355
G1 X103.371 Y100.869 E2.05588
G1 X103.14 Y101.652 E2.08351
G1 X102.688 Y102.424 E2.11379
G1 X102.162 Y102.916 E2.13817
G1 X101.645 Y103.236 E2.15875
G1 X101.02 Y103.436 E2.18096
G1 X100.358 Y103.511 E2.20351
G1 X99.7 Y103.461 E2.22585
G1 X99.077 Y103.293 E2.24769
G1 X98.507 Y103.017 E2.26913
G1 X98.106 Y102.726 E2.2859
G1 X97.586 Y102.181 E2.3114
G1 X97.255 Y101.644 E2.33275
G1 X97.05 Y101.092 E2.35268
G1 X96.946 Y100.396 E2.3765
G1 X96.994 Y99.745 E2.3986
G1 X97.145 Y99.204 E2.41761
G1 X97.523 Y98.523 E2.44397
G1 X97.978 Y98.038 E2.46648
G1 X98.605 Y97.57 E2.49296
G1 X99.08 Y97.295 E2.51154
G1 X99.494 Y97.147 E2.52642
G1 X100.157 Y97.041 E2.54915
G1 X100.699 Y97.065 E2.56751
G1 X101.356 Y97.233 E2.59046
G1 X101.904 Y97.502 E2.61112
G1 X102.305 Y97.803 E2.62809
G1 X102.793 Y98.339 E2.65263
G1 X103.118 Y98.892 E2.67434
G1 X103.219 Y99.184 E2.6848
G1 X102.855 Y99.366 F7800
;TYPE:External perimeter
G1 F900
G1 X102.937 Y99.61 E2.69351
G1 X103.014 Y100.257 E2.71556
G1 X102.966 Y100.832 E2.73509
G1 X102.751 Y101.53 E2.75981
G1 X102.341 Y102.211 E2.78672
G1 X101.895 Y102.608 E2.80693
G1 X101.436 Y102.886 E2.82509
G1 X100.908 Y103.044 E2.84375
G1 X100.318 Y103.106 E2.86383
G1 X99.738 Y103.056 E2.88354
G1 X99.19 Y102.902 E2.90281
G1 X98.691 Y102.654 E2.92167
G1 X98.4 Y102.446 E2.93378
G1 X97.88 Y101.9 E2.9593
G1 X97.607 Y101.44 E2.97741
G1 X97.434 Y100.957 E2.99478
G1 X97.35 Y100.343 E3.01576
G1 X97.399 Y99.784 E3.03475
G1 X97.554 Y99.279 E3.05263
G1 X97.875 Y98.728 E3.07421
G1 X98.266 Y98.325 E3.09322
G1 X98.845 Y97.899 E3.11755
G1 X99.229 Y97.674 E3.13261
G1 X99.559 Y97.549 E3.14455
G1 X100.222 Y97.443 E3.16728
G1 X100.598 Y97.46 E3.18002
G1 X101.256 Y97.628 E3.20301
G1 X101.714 Y97.863 E3.22043
G1 X102.004 Y98.077 E3.23263
G1 X102.492 Y98.613 E3.25717
G1 X102.762 Y99.089 E3.27569
G1 X102.836 Y99.31 E3.28358
G1 X102.939 Y99.696 F7800
G1 X103.857 Y99.547
;TYPE:Perimeter
;WIDTH:0.657006
G1 F900
G1 X103.875 Y99.852 E3.29918
;WIDTH:0.622491
G1 X103.892 Y100.157 E3.3139
;WIDTH:0.63457
G1 X103.869 Y100.915 E3.35121
;WIDTH:0.646728
G1 X103.862 Y101.006 E3.35579
G1 E1.35579 F2400
G92 E0
G1 X99.659 Y103.914 F7800
G1 E2 F2400
;WIDTH:0.544174
G1 F900
G1 X99.456 Y103.938 E2.00852
;WIDTH:0.496247
G1 X98.925 Y103.961 E2.02855
;WIDTH:0.449999
G1 X96.039 Y103.961 E2.12624
G1 X96.039 Y101.808 E2.19912
;WIDTH:0.493133
G1 X96.061 Y101.433 E2.21318
;WIDTH:0.536266
G1 X96.082 Y101.057 E2.22863
G1 X96.063 Y100.196 E2.26396
;WIDTH:0.521737
G1 X96.075 Y99.679 E2.28455
G1 X96.057 Y99.329 E2.2985
;WIDTH:0.485868
G1 X96.039 Y98.979 E2.31141
;WIDTH:0.449999
G1 X96.039 Y96.039 E2.41093
G1 X98.764 Y96.039 E2.50317
;WIDTH:0.487945
G1 X98.916 Y96.058 E2.50884
;WIDTH:0.52589
G1 X99.069 Y96.077 E2.51503
;WIDTH:0.563835
G1 X99.221 Y96.096 E2.52166
;WIDTH:0.60178
G1 X99.374 Y96.115 E2.52882
G1 X99.843 Y96.1 E2.55063
;WIDTH:0.571222
G1 X100.312 Y96.084 E2.57124
;WIDTH:0.567391
G1 X100.879 Y96.098 E2.59597
G1 X101.105 Y96.078 E2.60586
;WIDTH:0.528261
G1 X101.332 Y96.059 E2.61505
;WIDTH:0.48913
G1 X101.558 Y96.039 E2.62347
;WIDTH:0.449999
G1 X103.961 Y96.039 E2.70481
G1 X103.961 Y96.872 E2.73301
G1 X103.961 Y98.805 E2.79844
;WIDTH:0.49344
G1 X103.939 Y99.061 E2.80807
;WIDTH:0.536881
G1 X103.917 Y99.317 E2.81862
;WIDTH:0.576923
G1 X103.897 Y99.393 E2.82211
;WIDTH:0.616965
G1 X103.877 Y99.47 E2.82591
;WIDTH:0.657006
G1 X103.857 Y99.547 E2.82997
G1 X103.822 Y99.479 E2.83388
;WIDTH:0.616965
G1 X103.787 Y99.411 E2.83753
;WIDTH:0.576923
G1 X103.752 Y99.343 E2.84093
;WIDTH:0.536881
G1 X103.613 Y99.019 E2.85541
;WIDTH:0.49344
G1 X103.474 Y98.695 E2.86862
;WIDTH:0.449999
G1 X103.094 Y98.065 E2.89352
G1 X102.554 Y97.476 E2.92057
G1 X102.093 Y97.142 E2.93984
G1 X101.457 Y96.839 E2.96369
;WIDTH:0.48913
G1 X101.243 Y96.764 E2.9721
;WIDTH:0.528261
G1 X101.029 Y96.689 E2.98125
;WIDTH:0.567391
G1 X100.814 Y96.614 E2.99118
G1 X100.595 Y96.592 E3.00078
;WIDTH:0.548324
G1 X100.085 Y96.591 E3.02221
;WIDTH:0.575897
G1 X99.743 Y96.631 E3.03747
;WIDTH:0.60347
G1 X99.402 Y96.672 E3.05348
G1 X99.284 Y96.733 E3.05967
;WIDTH:0.565103
G1 X99.166 Y96.794 E3.06544
;WIDTH:0.526735
G1 X99.048 Y96.855 E3.07078
;WIDTH:0.488367
G1 X98.931 Y96.916 E3.07567
;WIDTH:0.449999
G1 X98.364 Y97.242 E3.09781
G1 X97.689 Y97.751 E3.12643
G1 X97.171 Y98.318 E3.15243
G1 X96.756 Y99.085 E3.18195
;WIDTH:0.485868
G1 X96.654 Y99.394 E3.19393
;WIDTH:0.521737
G1 X96.553 Y99.702 E3.20684
G1 X96.518 Y100.451 E3.23669
;WIDTH:0.536266
G1 X96.574 Y101.025 E3.26035
G1 X96.646 Y101.233 E3.26938
;WIDTH:0.491049
G1 X96.903 Y101.848 E3.29422
;WIDTH:0.449999
G1 X97.291 Y102.462 E3.31881
G1 X97.811 Y103.007 E3.34431
G1 X98.323 Y103.38 E3.36575
G1 X98.964 Y103.684 E3.38976
;WIDTH:0.497087
G1 X99.312 Y103.799 E3.4036
;WIDTH:0.544174
G1 X99.602 Y103.895 E3.41633
G1 E1.41633 F2400
G92 E0
G1 X103.862 Y101.006 F7800
G1 E2 F2400
;WIDTH:0.646728
G1 F900
G1 X103.881 Y101.08 E2.00384
;WIDTH:0.610216
G1 X103.899 Y101.154 E2.00743
;WIDTH:0.573703
G1 X103.92 Y101.383 E2.01758
;WIDTH:0.532469
G1 X103.94 Y101.612 E2.02694
;WIDTH:0.491234
G1 X103.961 Y101.841 E2.03551
;WIDTH:0.449999
G1 X103.961 Y103.961 E2.10727
G1 X101.65 Y103.961 E2.18549
;WIDTH:0.486938
G1 X101.446 Y103.942 E2.19305
;WIDTH:0.523876
G1 X101.242 Y103.924 E2.20124
;WIDTH:0.560814
G1 X101.038 Y103.905 E2.21006
G1 X101.143 Y103.865 E2.2149
;WIDTH:0.529282
G1 X101.498 Y103.725 E2.23033
;WIDTH:0.489641
G1 X101.853 Y103.585 E2.2445
;WIDTH:0.449999
G1 X102.428 Y103.224 E2.26748
G1 X102.833 Y102.875 E2.28558
G1 X103.035 Y102.636 E2.29617
G1 X103.528 Y101.774 E2.32978
;WIDTH:0.499182
G1 X103.612 Y101.582 E2.33773
;WIDTH:0.548364
G1 X103.695 Y101.39 E2.34652
;WIDTH:0.597546
G1 X103.779 Y101.198 E2.35618
;WIDTH:0.646728
G1 X103.839 Y101.061 E2.36369
G1 E.36369 F2400
G92 E0
G1 X101.038 Y103.905 F7800
G1 E2 F2400
;WIDTH:0.560814
G1 F900
G1 X100.719 Y103.922 E2.01376
;WIDTH:0.527935
G1 X100.4 Y103.938 E2.02664
;WIDTH:0.544174
G1 X99.659 Y103.914 E2.05754
G1 E.05754 F2400
G92 E0
G1 X104.368 Y104.368 F7800
G1 E2 F2400
;WIDTH:0.449999
G1 F900
G1 X95.632 Y104.368 E2.2957
G1 X95.632 Y95.632 E2.5914
G1 X104.368 Y95.632 E2.8871
G1 X104.368 Y96.872 E2.92907
G1 X104.368 Y104.308 E3.18077
G1 X104.775 Y104.775 F7800
;TYPE:External perimeter
G1 F900
G1 X95.225 Y104.775 E3.50403
G1 X95.225 Y95.225 E3.82729
G1 X104.775 Y95.225 E4.15055
G1 X104.775 Y96.872 E4.2063
G1 X104.775 Y104.715 E4.47178
G1 X104.379 Y104.774 F7800
G1 E2.47178 F2400
G92 E0
G1 X102.557 Y103.586 F7800
G1 E2 F2400
;TYPE:Solid infill
;WIDTH:0.589012
G1 F1200
G1 X102.676 Y103.505 E2.00654
G1 X103.146 Y103.092 E2.03495
G1 X103.586 Y102.455 E2.0701
G1 X103.586 Y103.586 E2.12146
G1 X102.761 Y103.586 E2.15892
G1 E.15892 F2400
G92 E0
G1 X96.344 Y102.253 F7800
G1 E2 F2400
;WIDTH:0.449999
G1 F1200
G1 X96.344 Y103.656 E2.04749
G1 X98.137 Y103.656 E2.10818
G1 X98.133 Y103.611 E2.10971
G1 X97.615 Y103.239 E2.1313
G1 X97.05 Y102.646 E2.15902
G1 X96.646 Y102.013 E2.18444
G1 X96.41 Y101.499 E2.20358
G1 X96.372 Y101.49 E2.2049
G1 X96.344 Y102.05 E2.22388
G1 X96.824 Y103.086 F7800
;WIDTH:0.63302
G1 F1200
G1 X96.772 Y103.138 E2.22749
G1 X96.791 Y103.209 E2.2311
G1 X96.862 Y103.228 E2.23471
G1 X96.914 Y103.176 E2.23832
G1 X96.895 Y103.105 E2.24193
G1 E.24193 F2400
G92 E0
G1 X96.344 Y98.976 F7800
G1 E2 F2400
;WIDTH:0.449999
G1 F1200
G1 X96.344 Y96.344 E2.08909
G1 X98.746 Y96.344 E2.17039
G1 X99.149 Y96.426 E2.18431
G1 X99.071 Y96.487 E2.18766
G1 X98.628 Y96.726 E2.2047
G1 X98.179 Y96.999 E2.22249
G1 X97.488 Y97.521 E2.2518
G1 X97.117 Y97.893 E2.26958
G1 X96.904 Y98.17 E2.28141
G1 X96.577 Y98.736 E2.30354
G1 X96.374 Y99.208 E2.32093
G1 X96.37 Y99.178 E2.32195
G1 X96.786 Y97.603 F7800
;WIDTH:0.51897
G1 F1200
G1 X96.786 Y96.786 E2.35429
G1 X97.728 Y96.786 E2.39158
G1 X97.175 Y97.209 E2.41914
G1 X96.929 Y97.458 E2.433
G1 E.433 F2400
G92 E0
G1 X101.285 Y96.411 F7800
G1 E2 F2400
;WIDTH:0.449999
G1 F1200
G1 X101.575 Y96.344 E2.01007
G1 X103.656 Y96.344 E2.08051
G1 X103.656 Y98.329 E2.1477
G1 X103.608 Y98.322 E2.14934
G1 X103.315 Y97.855 E2.168
G1 X102.746 Y97.24 E2.19636
G1 X102.22 Y96.864 E2.21825
G1 X101.468 Y96.499 E2.24654
G1 X102.637 Y96.71 F7800
;WIDTH:0.367315
G1 F1200
G1 X103.29 Y96.71 E2.26415
G1 X103.29 Y97.286 E2.27969
G1 X103.046 Y97.02 E2.28943
G1 X102.8 Y96.833 E2.29777
;LAYER_CHANGE
;Z:4.95
;HEIGHT:0.2
G1 E.29777 F2400
G92 E0
G1 Z4.95 F7800
G1 X97.388 Y102.497
G1 E2 F2400
;TYPE:Perimeter
;WIDTH:0.449999
G1 F900
G1 X96.941 Y101.828 E2.02723
G1 X96.665 Y101.046 E2.0553
G1 X96.581 Y100.386 E2.07782
G1 X96.628 Y99.719 E2.10045
G1 X96.793 Y99.107 E2.12191
G1 X97.064 Y98.55 E2.14288
G1 X97.426 Y98.064 E2.16339
G1 X97.864 Y97.662 E2.18351
G1 X98.356 Y97.356 E2.20312
G1 X98.957 Y97.132 E2.22483
G1 X99.604 Y97.038 E2.24696
G1 X100.195 Y97.075 E2.267
G1 X100.827 Y97.257 E2.28926
G1 X101.296 Y97.504 E2.3072
G1 X101.831 Y97.888 E2.32949
G1 X102.325 Y98.335 E2.35204
G1 X102.764 Y98.999 E2.37898
G1 X102.963 Y99.54 E2.39849
G1 X103.047 Y100.046 E2.41585
G1 X103.037 Y100.625 E2.43545
G1 X102.823 Y101.462 E2.46469
G1 X102.531 Y102.02 E2.48601
G1 X102.115 Y102.528 E2.50824
G1 X101.633 Y102.927 E2.52942
G1 X101.077 Y103.231 E2.55087
G1 X100.461 Y103.43 E2.57278
G1 X99.806 Y103.51 E2.59512
G1 X99.134 Y103.464 E2.61792
G1 X98.505 Y103.3 E2.63992
G1 X97.96 Y103.003 E2.66093
G1 X97.437 Y102.57 E2.68391
G1 X97.421 Y102.547 E2.68486
G1 X97.685 Y102.235 F7800
;TYPE:External perimeter
G1 F900
G1 X97.287 Y101.613 E2.70986
G1 X97.051 Y100.918 E2.7347
G1 X96.986 Y100.343 E2.75429
G1 X97.034 Y99.754 E2.77429
G1 X97.184 Y99.22 E2.79306
G1 X97.427 Y98.734 E2.81145
G1 X97.748 Y98.313 E2.82937
G1 X98.133 Y97.967 E2.84689
G1 X98.565 Y97.706 E2.86397
G1 X99.092 Y97.516 E2.88293
G1 X99.653 Y97.442 E2.90208
G1 X100.161 Y97.481 E2.91933
G1 X100.705 Y97.645 E2.93856
G1 X101.117 Y97.873 E2.9545
G1 X101.592 Y98.217 E2.97435
G1 X102.05 Y98.635 E2.99534
G1 X102.418 Y99.214 E3.01856
G1 X102.584 Y99.701 E3.03598
G1 X102.639 Y100.049 E3.04791
G1 X102.63 Y100.618 E3.06717
G1 X102.431 Y101.352 E3.09291
G1 X102.176 Y101.822 E3.11101
G1 X101.805 Y102.265 E3.13057
G1 X101.38 Y102.608 E3.14906
G1 X100.888 Y102.871 E3.16794
G1 X100.343 Y103.04 E3.18725
G1 X99.763 Y103.105 E3.20701
G1 X99.169 Y103.059 E3.22718
G1 X98.614 Y102.908 E3.24665
G1 X98.166 Y102.652 E3.26412
G1 X97.724 Y102.28 E3.28367
G1 X97.502 Y101.947 F7800
G1 E1.28367 F2400
G92 E0
G1 X100.469 Y103.904 F7800
G1 E2 F2400
;TYPE:Perimeter
;WIDTH:0.563738
G1 F900
G1 X100.16 Y103.921 E2.0134
;WIDTH:0.529873
G1 X99.851 Y103.938 E2.02593
;WIDTH:0.541258
G1 X99.096 Y103.915 E2.05723
G1 E.05723 F2400
G92 E0
G1 X103.961 Y103.961 F7800
G1 E2 F2400
;WIDTH:0.449999
G1 F900
G1 X101.133 Y103.961 E2.09572
;WIDTH:0.487912
G1 X100.912 Y103.942 E2.10393
;WIDTH:0.525825
G1 X100.691 Y103.923 E2.11284
;WIDTH:0.563738
G1 X100.469 Y103.904 E2.12249
G1 X100.591 Y103.856 E2.12817
;WIDTH:0.52613
G1 X100.929 Y103.724 E2.14275
;WIDTH:0.488065
G1 X101.267 Y103.591 E2.15619
;WIDTH:0.449999
G1 X101.886 Y103.246 E2.18018
G1 X102.283 Y102.93 E2.19736
G1 X102.551 Y102.644 E2.21063
G1 X102.887 Y102.218 E2.229
G1 X103.215 Y101.572 E2.25352
;WIDTH:0.493485
G1 X103.427 Y100.896 E2.28006
;WIDTH:0.504878
G1 X103.471 Y100.632 E2.29034
G1 X103.479 Y100.063 E2.3122
;WIDTH:0.535167
G1 X103.429 Y99.559 E2.33293
G1 X103.368 Y99.404 E2.33975
;WIDTH:0.490522
G1 X103.11 Y98.785 E2.36471
;WIDTH:0.449999
G1 X102.777 Y98.249 E2.38607
G1 X102.6 Y98.035 E2.39547
G1 X102.07 Y97.558 E2.41961
G1 X101.495 Y97.149 E2.44349
G1 X100.948 Y96.868 E2.46431
;WIDTH:0.487373
G1 X100.71 Y96.783 E2.47365
;WIDTH:0.524747
G1 X100.472 Y96.698 E2.48378
;WIDTH:0.562121
G1 X100.234 Y96.614 E2.49468
G1 X99.548 Y96.587 E2.52432
;WIDTH:0.576924
G1 X99.029 Y96.635 E2.54746
G1 X98.921 Y96.678 E2.55262
;WIDTH:0.542108
G1 X98.813 Y96.721 E2.55745
;WIDTH:0.507291
G1 X98.48 Y96.864 E2.57144
;WIDTH:0.478645
G1 X98.148 Y97.006 E2.58452
;WIDTH:0.449999
G1 X97.594 Y97.358 E2.60674
G1 X97.104 Y97.815 E2.62942
G1 X96.701 Y98.366 E2.65253
G1 X96.402 Y98.994 E2.67607
;WIDTH:0.495982
G1 X96.334 Y99.164 E2.68297
;WIDTH:0.541964
G1 X96.266 Y99.334 E2.69057
;WIDTH:0.587946
G1 X96.199 Y99.505 E2.69889
;WIDTH:0.633928
G1 X96.131 Y99.675 E2.70789
G1 X96.106 Y99.567 E2.71334
;WIDTH:0.584119
G1 X96.081 Y99.459 E2.71833
;WIDTH:0.53431
G1 X96.06 Y99.201 E2.72891
;WIDTH:0.492155
G1 X96.039 Y98.943 E2.73858
;WIDTH:0.449999
G1 X96.039 Y96.039 E2.83688
G1 X98.181 Y96.039 E2.90938
;WIDTH:0.492308
G1 X98.453 Y96.06 E2.91957
;WIDTH:0.534616
G1 X98.725 Y96.081 E2.93072
;WIDTH:0.576924
G1 X98.996 Y96.103 E2.94279
G1 X99.678 Y96.084 E2.97308
;WIDTH:0.562121
G1 X100.256 Y96.095 E2.99804
G1 X100.403 Y96.074 E3.00445
;WIDTH:0.520653
G1 X100.55 Y96.054 E3.01034
;WIDTH:0.479184
G1 X101.074 Y96.039 E3.02936
;WIDTH:0.449999
G1 X103.961 Y96.039 E3.12708
G1 X103.961 Y97.03 E3.16062
G1 X103.961 Y98.874 E3.22304
;WIDTH:0.492583
G1 X103.94 Y99.196 E3.23511
;WIDTH:0.535167
G1 X103.918 Y99.519 E3.24836
G1 X103.936 Y100.067 E3.2708
;WIDTH:0.500152
G1 X103.939 Y100.967 E3.30502
;WIDTH:0.493485
G1 X103.961 Y101.675 E3.33156
;WIDTH:0.449999
G1 X103.961 Y103.901 E3.40691
G1 E1.40691 F2400
G92 E0
G1 X97.079 Y102.771 F7800
G1 E2 F2400
G1 F900
G1 X97.173 Y102.88 E2.00487
G1 X97.753 Y103.354 E2.03022
G1 X98.396 Y103.692 E2.05481
;WIDTH:0.495629
G1 X98.746 Y103.804 E2.06864
;WIDTH:0.541258
G1 X99.096 Y103.915 E2.08385
G1 X98.897 Y103.938 E2.09215
;WIDTH:0.495546
G1 X98.359 Y103.961 E2.11242
;WIDTH:0.449999
G1 X96.039 Y103.961 E2.19095
G1 X96.039 Y101.898 E2.26078
;WIDTH:0.490942
G1 X96.06 Y101.728 E2.26716
;WIDTH:0.531884
G1 X96.08 Y101.558 E2.27412
;WIDTH:0.572826
G1 X96.101 Y101.388 E2.28167
;WIDTH:0.613768
G1 X96.121 Y101.218 E2.28979
;WIDTH:0.65471
G1 X96.142 Y101.048 E2.2985
G1 X96.181 Y101.12 E2.30267
;WIDTH:0.612399
G1 X96.221 Y101.192 E2.30657
;WIDTH:0.570088
G1 X96.346 Y101.476 E2.32017
;WIDTH:0.530059
G1 X96.471 Y101.759 E2.3327
;WIDTH:0.490029
G1 X96.596 Y102.043 E2.34424
;WIDTH:0.449999
G1 X96.968 Y102.642 E2.36811
G1 X97.039 Y102.725 E2.37181
G1 X96.142 Y101.048 F7800
;WIDTH:0.65471
G1 F900
G1 X96.125 Y100.742 E2.3874
;WIDTH:0.620992
G1 X96.108 Y100.436 E2.40213
;WIDTH:0.633928
G1 X96.131 Y99.675 E2.43954
G1 E.43954 F2400
G92 E0
G1 X104.368 Y104.368 F7800
G1 E2 F2400
;WIDTH:0.449999
G1 F900
G1 X95.632 Y104.368 E2.2957
G1 X95.632 Y95.632 E2.5914
G1 X104.368 Y95.632 E2.8871
G1 X104.368 Y97.03 E2.93442
G1 X104.368 Y104.308 E3.18077
G1 X104.775 Y104.775 F7800
;TYPE:External perimeter
G1 F900
G1 X95.225 Y104.775 E3.50403
G1 X95.225 Y95.225 E3.82729
G1 X104.775 Y95.225 E4.15055
G1 X104.775 Y97.03 E4.21165
G1 X104.775 Y104.715 E4.47178
G1 X104.379 Y104.774 F7800
G1 E2.47178 F2400
G92 E0
G1 X103.621 Y101.371 F7800
G1 E2 F2400
;TYPE:Solid infill
G1 F1200
G1 X103.656 Y101.678 E2.01046
G1 X103.656 Y103.656 E2.07741
G1 X101.868 Y103.656 E2.13793
G1 X101.872 Y103.608 E2.13956
G1 X102.494 Y103.149 E2.16573
G1 X103.023 Y102.555 E2.19265
G1 X103.4 Y101.919 E2.21768
G1 X103.545 Y101.56 E2.23079
G1 X103.228 Y103.138 F7800
;WIDTH:0.632762
G1 F1200
G1 X103.176 Y103.086 E2.2344
G1 X103.105 Y103.105 E2.238
G1 X103.086 Y103.176 E2.2416
G1 X103.138 Y103.228 E2.24521
G1 X103.209 Y103.209 E2.24881
G1 E.24881 F2400
G92 E0
G1 X96.414 Y102.46 F7800
G1 E2 F2400
;WIDTH:0.588773
G1 F1200
G1 X96.646 Y102.835 E2.02001
G1 X96.888 Y103.127 E2.03722
G1 X97.442 Y103.586 E2.06987
G1 X96.414 Y103.586 E2.11653
G1 X96.414 Y102.664 E2.15838
G1 E.15838 F2400
G92 E0
G1 X97.964 Y96.344 F7800
G1 E2 F2400
;WIDTH:0.449999
G1 F1200
G1 X96.344 Y96.344 E2.05483
G1 X96.344 Y98.329 E2.12202
G1 X96.383 Y98.321 E2.12337
G1 X96.856 Y97.636 E2.15155
G1 X97.413 Y97.113 E2.17741
G1 X97.982 Y96.75 E2.20026
G1 X98.642 Y96.434 E2.22503
G1 X98.653 Y96.412 E2.22586
G1 X98.168 Y96.344 E2.24244
G1 X97.354 Y96.713 F7800
;WIDTH:0.373205
G1 F1200
G1 X97.131 Y96.868 E2.2499
G1 X96.713 Y97.26 E2.26564
G1 X96.713 Y96.713 E2.28066
G1 X97.151 Y96.713 E2.29269
G1 E.29269 F2400
G92 E0
G1 X101.077 Y96.344 F7800
G1 E2 F2400
;WIDTH:0.449999
G1 F1200
G1 X103.656 Y96.344 E2.0873
G1 X103.656 Y98.866 E2.17267
G1 X103.617 Y99.121 E2.1814
G1 X103.595 Y99.11 E2.18223
G1 X103.366 Y98.619 E2.20057
G1 X103.041 Y98.094 E2.22147
G1 X102.8 Y97.804 E2.23423
G1 X102.244 Y97.307 E2.25947
G1 X101.657 Y96.892 E2.2838
G1 X101.272 Y96.677 E2.29873
G1 X100.58 Y96.388 E2.32411
G1 X100.874 Y96.362 E2.3341
G1 X102.284 Y96.79 F7800
;WIDTH:0.526693
G1 F1200
G1 X103.21 Y96.79 E2.37135
G1 X103.21 Y97.597 E2.40381
G1 X102.807 Y97.212 E2.42623
G1 X102.443 Y96.918 E2.44505
M106 S234.6
;LAYER_CHANGE
;Z:5.15
;HEIGHT:0.2
G1 E.44505 F2400
G92 E0
G1 Z5.15 F7800
G1 X97.624 Y102.368
G1 E2 F2400
;TYPE:Perimeter
;WIDTH:0.449999
G1 F900
G1 X97.542 Y102.308 E2.00344
G1 X97.109 Y101.839 E2.02505
G1 X96.865 Y101.471 E2.04
G1 X96.631 Y100.981 E2.05838
G1 X96.452 Y100.333 E2.08114
G1 X96.398 Y99.65 E2.10433
G1 X96.49 Y99.074 E2.12407
G1 X96.803 Y98.296 E2.15246
G1 X97.111 Y97.87 E2.17025
G1 X97.51 Y97.479 E2.18916
G1 X98.054 Y97.104 E2.21152
G1 X98.648 Y96.843 E2.23348
G1 X99.478 Y96.682 E2.2621
G1 X100.088 Y96.692 E2.28275
G1 X100.686 Y96.818 E2.30344
G1 X101.241 Y97.049 E2.32379
G1 X101.732 Y97.372 E2.34368
G1 X102.146 Y97.771 E2.36314
G1 X102.44 Y98.181 E2.38022
G1 X102.721 Y98.786 E2.4028
G1 X102.863 Y99.464 E2.42625
G1 X102.86 Y99.998 E2.44433
G1 X102.761 Y100.506 E2.46185
G1 X102.564 Y101.124 E2.48381
G1 X102.329 Y101.651 E2.50334
G1 X101.947 Y102.161 E2.52491
G1 X101.752 Y102.369 E2.53456
G1 X101.224 Y102.75 E2.5566
G1 X100.685 Y102.988 E2.57654
G1 X100.006 Y103.131 E2.60003
G1 X99.387 Y103.131 E2.62098
G1 X98.748 Y102.998 E2.64307
G1 X98.058 Y102.687 E2.66869
G1 X97.672 Y102.404 E2.68489
G1 X97.886 Y102.058 F7800
;TYPE:External perimeter
G1 F900
G1 X97.79 Y101.985 E2.68897
G1 X97.413 Y101.568 E2.708
G1 X97.233 Y101.296 E2.71904
G1 X96.999 Y100.806 E2.73742
G1 X96.846 Y100.231 E2.75756
G1 X96.804 Y99.624 E2.77816
G1 X96.902 Y99.111 E2.79584
G1 X97.178 Y98.454 E2.81996
G1 X97.397 Y98.161 E2.83234
G1 X97.795 Y97.77 E2.85123
G1 X98.28 Y97.443 E2.87103
G1 X98.806 Y97.218 E2.89039
G1 X99.548 Y97.083 E2.91592
G1 X100.072 Y97.099 E2.93367
G1 X100.596 Y97.215 E2.95184
G1 X101.078 Y97.422 E2.9696
G1 X101.503 Y97.708 E2.98694
G1 X101.863 Y98.064 E3.00408
G1 X102.071 Y98.352 E3.01611
G1 X102.352 Y98.958 E3.03872
G1 X102.462 Y99.536 E3.05864
G1 X102.449 Y100.023 E3.07513
G1 X102.358 Y100.44 E3.08958
G1 X102.177 Y100.998 E3.10944
G1 X101.958 Y101.484 E3.12748
G1 X101.514 Y102.039 E3.15154
G1 X100.986 Y102.419 E3.17356
G1 X100.601 Y102.59 E3.18782
G1 X99.923 Y102.732 E3.21127
G1 X99.398 Y102.724 E3.22904
G1 X98.838 Y102.601 E3.24845
G1 X98.233 Y102.319 E3.27104
G1 X97.934 Y102.094 E3.28371
G1 X97.644 Y101.818 F7800
G1 E1.28371 F2400
G92 E0
G1 X103.961 Y103.961 F7800
G1 E2 F2400
;TYPE:Perimeter
G1 F3600
G1 X100.828 Y103.961 E2.10605
;WIDTH:0.451612
G1 X99.848 Y103.96 E2.13935
;WIDTH:0.473227
G1 X98.595 Y103.961 E2.18418
;WIDTH:0.449999
G1 X96.039 Y103.961 E2.2707
G1 X96.039 Y100.994 E2.37113
;WIDTH:0.451642
G1 X96.04 Y100.356 E2.39281
G1 X96.057 Y100.436 E2.39559
;WIDTH:0.451303
G1 X96.264 Y101.155 E2.421
;WIDTH:0.449999
G1 X96.497 Y101.646 E2.4394
G1 X96.805 Y102.11 E2.45825
G1 X97.295 Y102.631 E2.48246
G1 X97.884 Y103.055 E2.50703
G1 X98.659 Y103.395 E2.53568
;WIDTH:0.45808
G1 X99.376 Y103.542 E2.56095
;WIDTH:0.459554
G1 X100.091 Y103.534 E2.58572
G1 X100.972 Y103.321 E2.61712
;WIDTH:0.449999
G1 X101.463 Y103.08 E2.63563
G1 X101.99 Y102.699 E2.65764
G1 X102.265 Y102.415 E2.67102
G1 X102.7 Y101.819 E2.696
G1 X102.951 Y101.25 E2.71705
G1 X103.132 Y100.692 E2.73691
;WIDTH:0.494368
G1 X103.192 Y100.53 E2.74339
;WIDTH:0.538737
G1 X103.251 Y100.369 E2.75046
;WIDTH:0.583105
G1 X103.31 Y100.208 E2.75816
;WIDTH:0.593349
G1 X103.339 Y100.012 E2.76723
;WIDTH:0.597876
G1 X103.336 Y99.378 E2.79649
G1 X103.254 Y99.124 E2.80881
;WIDTH:0.548584
G1 X103.172 Y98.869 E2.82007
;WIDTH:0.499292
G1 X103.09 Y98.615 E2.8302
;WIDTH:0.449999
G1 X102.809 Y98.009 E2.85281
G1 X102.434 Y97.484 E2.87465
G1 X101.962 Y97.036 E2.89668
G1 X101.404 Y96.676 E2.91916
G1 X100.777 Y96.421 E2.94207
G1 X100.439 Y96.373 E2.95363
;WIDTH:0.409748
G1 X100.102 Y96.325 E2.96401
;WIDTH:0.369496
G1 X99.415 Y96.321 E2.98267
;WIDTH:0.405984
G1 X98.953 Y96.396 E2.9968
;WIDTH:0.443774
G1 X98.491 Y96.47 E3.0124
;WIDTH:0.449999
G1 X97.829 Y96.765 E3.03693
G1 X97.202 Y97.211 E3.06297
G1 X96.73 Y97.688 E3.08568
G1 X96.428 Y98.138 E3.10402
G1 X96.151 Y98.795 E3.12815
G1 X96.024 Y99.421 E3.14977
G1 X96.039 Y98.991 E3.16433
G1 X96.039 Y96.039 E3.26425
G1 X98.677 Y96.029 E3.35354
;WIDTH:0.429916
G1 X99.152 Y96.012 E3.36883
;WIDTH:0.394994
G1 X99.628 Y95.994 E3.38277
;WIDTH:0.383582
G1 X100.321 Y96.006 E3.4024
;WIDTH:0.416791
G1 X100.571 Y96.023 E3.41019
;WIDTH:0.449999
G1 X100.82 Y96.039 E3.41864
G1 X103.961 Y96.039 E3.52496
G1 X103.961 Y96.91 E3.55444
G1 X103.961 Y98.793 E3.61818
;WIDTH:0.499292
G1 X103.936 Y98.971 E3.625
;WIDTH:0.548584
G1 X103.912 Y99.15 E3.63259
;WIDTH:0.597876
G1 X103.887 Y99.329 E3.64093
G1 X103.892 Y99.611 E3.65394
;WIDTH:0.603393
G1 X103.884 Y100.217 E3.68218
G1 X103.903 Y100.332 E3.68761
;WIDTH:0.565045
G1 X103.922 Y100.447 E3.69267
;WIDTH:0.526696
G1 X103.942 Y100.562 E3.69737
;WIDTH:0.488348
G1 X103.961 Y100.677 E3.70169
;WIDTH:0.449999
G1 X103.961 Y103.901 E3.81082
G1 E1.81082 F2400
G92 E0
G1 X96.04 Y100.356 F7800
G1 E2 F2400
;WIDTH:0.451642
G1 F900
G1 X96.015 Y99.674 E2.02319
;WIDTH:0.418894
G1 X96.024 Y99.421 E2.0311
G1 E.0311 F2400
G92 E0
G1 X104.368 Y104.368 F7800
G1 E2 F2400
;WIDTH:0.449999
G1 F900
G1 X95.632 Y104.368 E2.2957
G1 X95.632 Y95.632 E2.5914
G1 X104.368 Y95.632 E2.8871
G1 X104.368 Y96.91 E2.93036
G1 X104.368 Y104.308 E3.18077
G1 X104.775 Y104.775 F7800
;TYPE:External perimeter
G1 F900
G1 X95.225 Y104.775 E3.50403
G1 X95.225 Y95.225 E3.82729
G1 X104.775 Y95.225 E4.15055
G1 X104.775 Y96.91 E4.20759
G1 X104.775 Y104.715 E4.47178
G1 X104.379 Y104.774 F7800
G1 E2.47178 F2400
G92 E0
G1 X101.059 Y103.624 F7800
G1 E2 F2400
;TYPE:Solid infill
G1 F1200
G1 X101.43 Y103.448 E2.0139
G1 X102.159 Y102.954 E2.04371
G1 X102.433 Y102.693 E2.05652
G1 X102.803 Y102.23 E2.07658
G1 X102.982 Y101.938 E2.08817
G1 X103.243 Y101.338 E2.11032
G1 X103.448 Y100.687 E2.13342
G1 X103.579 Y100.46 E2.14229
G1 X103.656 Y100.693 E2.1506
G1 X103.656 Y103.655 E2.25086
G1 X101.262 Y103.628 E2.3319
G1 X102.492 Y103.227 F7800
;WIDTH:0.485492
G1 F1200
G1 X102.836 Y102.869 E2.35017
G1 X103.231 Y102.348 E2.37423
G1 X103.231 Y103.229 E2.40665
G1 X102.695 Y103.228 E2.42637
G1 E.42637 F2400
G92 E0
G1 X96.344 Y102.913 F7800
G1 E2 F2400
;WIDTH:0.449999
G1 F1200
G1 X96.359 Y102.027 E2.02999
G1 X96.922 Y102.699 E2.05966
G1 X97.092 Y102.841 E2.06716
G1 X97.542 Y103.202 E2.08669
G1 X98.372 Y103.616 E2.11809
G1 X98.384 Y103.656 E2.1195
G1 X96.344 Y103.656 E2.18855
G1 X96.344 Y103.117 E2.20679
G1 X96.786 Y103.136 E2.22176
;WIDTH:0.552638
G1 X96.741 Y103.181 E2.22446
G1 X96.758 Y103.242 E2.22714
G1 X96.819 Y103.259 E2.22982
G1 X96.864 Y103.214 E2.23252
G1 X96.848 Y103.152 E2.23523
G1 E.23523 F2400
G92 E0
G1 X96.764 Y96.697 F7800
G1 E2 F2400
;WIDTH:0.409242
G1 F1200
G1 X96.775 Y96.741 E2.00138
G1 X96.699 Y96.762 E2.00378
G1 X96.719 Y96.685 E2.0062
;WIDTH:0.449999
G1 X96.344 Y96.547 E2.01973
G1 X96.344 Y97.645 E2.0569
G1 X96.381 Y97.643 E2.05815
G1 X97.209 Y96.81 E2.09791
G1 X97.917 Y96.363 E2.12625
G1 X96.344 Y96.344 E2.1795
G1 E.1795 F2400
G92 E0
G1 X101.48 Y96.377 F7800
G1 E2 F2400
G1 F1200
G1 X101.503 Y96.344 E2.00136
G1 X103.656 Y96.344 E2.07424
G1 X103.656 Y98.753 E2.15578
G1 X103.584 Y99.04 E2.1658
G1 X103.364 Y98.481 E2.18613
G1 X103.07 Y97.854 E2.20957
G1 X102.667 Y97.286 E2.23314
G1 X102.126 Y96.778 E2.25826
G1 X101.653 Y96.485 E2.27709
G1 X102.638 Y96.729 F7800
;WIDTH:0.404739
G1 F1200
G1 X103.271 Y96.729 E2.29613
G1 X103.271 Y97.471 E2.31845
G1 X103.009 Y97.096 E2.33221
G1 X102.783 Y96.872 E2.34178
;LAYER_CHANGE
;Z:5.35
;HEIGHT:0.2
G1 E.34178 F2400
G92 E0
G1 Z5.35 F7800
G1 X99.359 Y96.452
G1 E2 F2400
;TYPE:Perimeter
;WIDTH:0.449999
G1 F900
G1 X99.758 Y96.379 E2.01373
G1 X100.365 Y96.388 E2.03428
G1 X101.083 Y96.576 E2.0594
G1 X101.696 Y96.896 E2.08281
G1 X102.21 Y97.308 E2.10511
G1 X102.723 Y97.945 E2.13279
G1 X103.017 Y98.527 E2.15486
G1 X103.186 Y99.129 E2.17602
G1 X103.238 Y99.738 E2.19671
G1 X103.184 Y100.3 E2.21582
G1 X103.024 Y100.863 E2.23563
G1 X102.695 Y101.487 E2.25951
G1 X102.328 Y101.93 E2.27898
G1 X101.833 Y102.326 E2.30044
G1 X101.118 Y102.656 E2.3271
G1 X100.35 Y102.781 E2.35344
G1 X99.683 Y102.786 E2.37602
G1 X99.119 Y102.722 E2.39523
G1 X98.72 Y102.601 E2.40934
G1 X98.152 Y102.315 E2.43087
G1 X97.698 Y101.952 E2.45055
G1 X97.268 Y101.428 E2.47349
G1 X96.99 Y100.89 E2.49399
G1 X96.801 Y100.197 E2.5183
G1 X96.768 Y99.514 E2.54145
G1 X96.863 Y98.9 E2.56248
G1 X97.142 Y98.178 E2.58868
G1 X97.501 Y97.627 E2.61094
G1 X97.96 Y97.155 E2.63323
G1 X98.517 Y96.767 E2.65621
G1 X99.137 Y96.492 E2.67917
G1 X99.3 Y96.463 E2.68477
G1 X99.444 Y96.843 F7800
;TYPE:External perimeter
G1 F900
G1 X99.819 Y96.782 E2.69763
G1 X100.352 Y96.795 E2.71568
G1 X100.97 Y96.967 E2.73739
G1 X101.499 Y97.253 E2.75775
G1 X101.95 Y97.622 E2.77747
G1 X102.402 Y98.195 E2.80217
G1 X102.65 Y98.703 E2.8213
G1 X102.792 Y99.232 E2.83984
G1 X102.832 Y99.765 E2.85793
G1 X102.778 Y100.266 E2.87499
G1 X102.634 Y100.745 E2.89192
G1 X102.338 Y101.29 E2.91291
G1 X101.992 Y101.691 E2.93084
G1 X101.585 Y102.003 E2.9482
G1 X100.956 Y102.282 E2.97149
G1 X100.297 Y102.377 E2.99403
G1 X99.683 Y102.379 E3.01481
G1 X99.224 Y102.328 E3.03044
G1 X98.903 Y102.238 E3.04172
G1 X98.335 Y101.952 E3.06325
G1 X98.012 Y101.694 E3.07724
G1 X97.583 Y101.17 E3.10016
G1 X97.383 Y100.784 E3.11488
G1 X97.194 Y100.09 E3.13923
G1 X97.175 Y99.505 E3.15904
G1 X97.264 Y98.971 E3.17736
G1 X97.519 Y98.331 E3.20068
G1 X97.837 Y97.856 E3.22003
G1 X98.247 Y97.443 E3.23973
G1 X98.744 Y97.105 E3.26007
G1 X99.296 Y96.867 E3.28042
G1 X99.385 Y96.853 E3.28347
G1 X99.78 Y96.791 F7800
G1 E1.28347 F2400
G92 E0
G1 X103.961 Y103.961 F7800
G1 E2 F2400
;TYPE:Perimeter
G1 F3600
G1 X96.039 Y103.961 E2.26815
G1 X96.039 Y101.072 E2.36594
G1 X96.021 Y100.064 E2.40006
;WIDTH:0.416086
G1 X96.022 Y99.295 E2.42392
;WIDTH:0.453243
G1 X96.039 Y97.883 E2.4721
;WIDTH:0.449999
G1 X96.039 Y96.039 E2.53452
G1 X98.401 Y96.039 E2.61447
;WIDTH:0.46344
G1 X99.198 Y96.046 E2.64234
G1 X98.978 Y96.115 E2.6504
;WIDTH:0.455459
G1 X98.29 Y96.429 E2.67634
;WIDTH:0.449999
G1 X97.673 Y96.866 E2.70193
G1 X97.164 Y97.398 E2.72685
G1 X96.765 Y98.025 E2.75201
;WIDTH:0.459756
G1 X96.458 Y98.829 E2.78184
G1 X96.42 Y99.176 E2.79394
;WIDTH:0.433532
G1 X96.382 Y99.523 E2.80528
;WIDTH:0.430013
G1 X96.418 Y100.301 E2.83035
;WIDTH:0.449999
G1 X96.675 Y101.198 E2.86193
G1 X96.953 Y101.687 E2.88097
G1 X97.535 Y102.36 E2.91109
G1 X97.969 Y102.679 E2.92932
G1 X98.537 Y102.965 E2.95085
G1 X99.17 Y103.144 E2.97312
G1 X99.683 Y103.193 E2.99056
G1 X100.403 Y103.184 E3.01493
G1 X101.008 Y103.105 E3.03558
G1 X101.28 Y103.03 E3.04513
G1 X102.081 Y102.649 E3.07515
G1 X102.636 Y102.197 E3.09938
G1 X103.051 Y101.684 E3.12171
G1 X103.414 Y100.981 E3.14849
G1 X103.58 Y100.345 E3.17074
;WIDTH:0.43308
G1 X103.622 Y99.712 E3.19132
;WIDTH:0.440099
G1 X103.575 Y99.027 E3.214
;WIDTH:0.449999
G1 X103.385 Y98.352 E3.23774
G1 X103.044 Y97.694 E3.26283
G1 X102.47 Y96.995 E3.29345
G1 X101.892 Y96.54 E3.31835
G1 X101.196 Y96.185 E3.3448
G1 X100.625 Y96.03 E3.36483
G1 X103.961 Y96.039 E3.47775
G1 X103.961 Y96.763 E3.50226
G1 X103.975 Y99.202 E3.58482
;WIDTH:0.421682
G1 X103.982 Y99.913 E3.60721
;WIDTH:0.438278
G1 X103.967 Y100.439 E3.62451
;WIDTH:0.449999
G1 X103.961 Y103.901 E3.74169
G1 E1.74169 F2400
G92 E0
G1 X99.198 Y96.046 F7800
G1 E2 F2400
;WIDTH:0.46344
G1 F900
G1 X99.45 Y96.027 E2.00884
;WIDTH:0.425355
G1 X99.702 Y96.008 E2.01688
;WIDTH:0.392354
G1 X100.377 Y96.01 E2.03649
;WIDTH:0.431398
G1 X100.625 Y96.03 E2.04453
G1 E.04453 F2400
G92 E0
G1 X104.368 Y104.368 F7800
G1 E2 F2400
;WIDTH:0.449999
G1 F900
G1 X95.632 Y104.368 E2.2957
G1 X95.632 Y95.632 E2.5914
G1 X104.368 Y95.632 E2.8871
G1 X104.368 Y96.763 E2.92538
G1 X104.368 Y104.308 E3.18077
G1 X104.775 Y104.775 F7800
;TYPE:External perimeter
G1 F900
G1 X95.225 Y104.775 E3.50403
G1 X95.225 Y95.225 E3.82729
G1 X104.775 Y95.225 E4.15055
G1 X104.775 Y96.763 E4.20261
G1 X104.775 Y104.715 E4.47178
G1 X104.379 Y104.774 F7800
G1 E2.47178 F2400
G92 E0
G1 X103.452 Y96.344 F7800
G1 E2 F2400
;TYPE:Solid infill
G1 F1200
G1 X102.193 Y96.344 E2.04262
G1 X102.842 Y96.943 E2.07251
G1 X103.418 Y97.722 E2.1053
G1 X103.647 Y98.155 E2.12188
G1 X103.656 Y96.344 E2.18318
G1 X103.29 Y96.751 E2.20171
;WIDTH:0.476014
G1 X103.251 Y96.712 E2.2037
G1 X103.199 Y96.726 E2.20564
G1 X103.185 Y96.779 E2.20761
G1 X103.223 Y96.817 E2.20955
G1 X103.276 Y96.803 E2.21152
G1 E.21152 F2400
G92 E0
G1 X96.773 Y96.344 F7800
G1 E2 F2400
;WIDTH:0.449999
G1 F1200
G1 X97.824 Y96.362 E2.03558
G1 X97.454 Y96.653 E2.05151
G1 X97.04 Y97.069 E2.07138
G1 X96.62 Y97.655 E2.09578
G1 X96.399 Y98.13 E2.11351
G1 X96.352 Y98.14 E2.11514
G1 X96.345 Y96.344 E2.17593
G1 X96.569 Y96.344 E2.18351
G1 X96.812 Y96.745 E2.19938
;WIDTH:0.464564
G1 X96.774 Y96.708 E2.20124
G1 X96.724 Y96.722 E2.20306
G1 X96.71 Y96.772 E2.20488
G1 X96.747 Y96.81 E2.20674
G1 X96.798 Y96.796 E2.20859
G1 E.20859 F2400
G92 E0
G1 X96.355 Y101.244 F7800
G1 E2 F2400
;WIDTH:0.449999
G1 F1200
G1 X96.582 Y101.675 E2.01649
G1 X97.167 Y102.424 E2.04866
G1 X97.628 Y102.82 E2.06923
G1 X98.424 Y103.247 E2.09981
G1 X98.694 Y103.31 E2.10919
;WIDTH:0.408805
G1 X98.964 Y103.373 E2.11762
;WIDTH:0.367611
G1 X99.689 Y103.436 E2.13727
;WIDTH:0.331603
G1 X100.441 Y103.427 E2.15532
;WIDTH:0.359915
G1 X100.784 Y103.393 E2.16441
;WIDTH:0.388227
G1 X101.128 Y103.359 E2.17434
;WIDTH:0.419113
G1 X101.572 Y103.199 E2.1891
;WIDTH:0.449999
G1 X102.017 Y103.039 E2.20511
G1 X102.7 Y102.555 E2.23344
G1 X103.178 Y102.033 E2.2574
G1 X103.625 Y101.262 E2.28757
G1 X103.664 Y101.253 E2.28892
G1 X103.656 Y103.656 E2.37026
G1 X102.087 Y103.656 E2.42337
G1 X101.598 Y103.674 E2.43993
;WIDTH:0.412285
G1 X101.109 Y103.693 E2.45496
;WIDTH:0.374571
G1 X100.426 Y103.715 E2.4738
;WIDTH:0.330355
G1 X99.654 Y103.717 E2.49225
;WIDTH:0.353455
G1 X99.268 Y103.704 E2.50222
;WIDTH:0.380677
G1 X98.882 Y103.69 E2.51307
;WIDTH:0.415338
G1 X98.621 Y103.673 E2.52117
;WIDTH:0.449999
G1 X98.361 Y103.656 E2.52999
G1 X96.344 Y103.656 E2.59826
G1 X96.347 Y101.448 E2.673
G1 X96.746 Y102.55 F7800
;WIDTH:0.44932
G1 F1200
G1 X96.899 Y102.73 E2.68098
G1 X97.322 Y103.1 E2.69997
G1 X97.565 Y103.249 E2.7096
G1 X96.749 Y103.249 E2.73717
G1 X96.747 Y102.754 E2.7539
G1 E.7539 F2400
G92 E0
G1 X103.115 Y102.698 F7800
G1 E2 F2400
;WIDTH:0.444528
G1 F1200
G1 X102.928 Y102.893 E2.00902
G1 X102.418 Y103.251 E2.02983
G1 X103.253 Y103.251 E2.05771
G1 X103.255 Y102.55 E2.08112
;LAYER_CHANGE
;Z:5.55
;HEIGHT:0.2
G1 E.08112 F2400
G92 E0
G1 Z5.55 F7800
G1 X100.32 Y96.699
G1 E2 F2400
;TYPE:Perimeter
;WIDTH:0.449999
G1 F900
G1 X100.594 Y96.687 E2.00928
G1 X101.251 Y96.811 E2.03191
G1 X101.857 Y97.057 E2.05405
G1 X102.541 Y97.525 E2.0821
G1 X102.919 Y97.904 E2.10022
G1 X103.223 Y98.336 E2.1181
G1 X103.489 Y99 E2.14231
G1 X103.599 Y99.697 E2.16619
G1 X103.546 Y100.344 E2.18816
G1 X103.368 Y100.981 E2.21055
G1 X103.077 Y101.568 E2.23273
G1 X102.69 Y102.079 E2.25443
G1 X102.223 Y102.5 E2.27571
G1 X101.802 Y102.763 E2.29251
G1 X101.108 Y103.037 E2.31777
G1 X100.356 Y103.146 E2.34349
G1 X99.762 Y103.103 E2.36365
G1 X99.096 Y102.908 E2.38714
G1 X98.528 Y102.594 E2.40911
G1 X98.105 Y102.234 E2.42791
G1 X97.771 Y101.818 E2.44597
G1 X97.525 Y101.358 E2.46363
G1 X97.215 Y100.422 E2.497
G1 X97.144 Y100.05 E2.50982
G1 X97.141 Y99.42 E2.53114
G1 X97.331 Y98.642 E2.55825
G1 X97.6 Y98.117 E2.57822
G1 X98.035 Y97.582 E2.60156
G1 X98.563 Y97.163 E2.62438
G1 X99.101 Y96.892 E2.64477
G1 X99.687 Y96.726 E2.66539
G1 X100.26 Y96.701 E2.6848
G1 X100.319 Y97.103 F7800
;TYPE:External perimeter
G1 F900
G1 X100.603 Y97.094 E2.69442
G1 X101.166 Y97.209 E2.71387
G1 X101.698 Y97.431 E2.73338
G1 X102.306 Y97.857 E2.75851
G1 X102.646 Y98.211 E2.77512
G1 X102.908 Y98.608 E2.79122
G1 X103.108 Y99.142 E2.81052
G1 X103.195 Y99.751 E2.83134
G1 X103.142 Y100.3 E2.85001
G1 X102.978 Y100.866 E2.86996
G1 X102.716 Y101.381 E2.88952
G1 X102.37 Y101.828 E2.90865
G1 X101.955 Y102.193 E2.92736
G1 X101.653 Y102.385 E2.93947
G1 X100.958 Y102.658 E2.96474
G1 X100.309 Y102.741 E2.98689
G1 X99.801 Y102.698 E3.00415
G1 X99.218 Y102.52 E3.02478
G1 X98.733 Y102.243 E3.04369
G1 X98.354 Y101.907 E3.06083
G1 X98.073 Y101.537 E3.07656
G1 X97.875 Y101.143 E3.09149
G1 X97.602 Y100.297 E3.12158
G1 X97.546 Y99.98 E3.13248
G1 X97.548 Y99.424 E3.1513
G1 X97.724 Y98.748 E3.17494
G1 X97.915 Y98.374 E3.18915
G1 X98.351 Y97.839 E3.21251
G1 X98.808 Y97.488 E3.23201
G1 X99.277 Y97.259 E3.24968
G1 X99.792 Y97.119 E3.26774
G1 X100.259 Y97.105 E3.28355
G1 X100.659 Y97.116 F7800
G1 E1.28355 F2400
G92 E0
G1 X103.961 Y103.961 F7800
G1 E2 F2400
;TYPE:Perimeter
G1 F3600
G1 X102.107 Y103.961 E2.06276
;WIDTH:0.487724
G1 X101.03 Y103.942 E2.1026
G1 X100.17 Y103.96 E2.13441
;WIDTH:0.457935
G1 X98.873 Y103.961 E2.17917
;WIDTH:0.449999
G1 X96.039 Y103.961 E2.2751
G1 X96.039 Y101.56 E2.35637
;WIDTH:0.495004
G1 X96.062 Y101.115 E2.37312
;WIDTH:0.540009
G1 X96.084 Y100.671 E2.39149
;WIDTH:0.583127
G1 X96.106 Y100.572 E2.39605
;WIDTH:0.626244
G1 X96.127 Y100.472 E2.40101
G1 X96.11 Y99.932 E2.42721
;WIDTH:0.617927
G1 X96.123 Y99.064 E2.46872
G1 X96.102 Y98.902 E2.47653
;WIDTH:0.575945
G1 X96.081 Y98.74 E2.48377
;WIDTH:0.533963
G1 X96.06 Y98.578 E2.49044
;WIDTH:0.491981
G1 X96.039 Y98.416 E2.49654
;WIDTH:0.449999
G1 X96.039 Y96.039 E2.577
G1 X99.049 Y96.039 E2.67888
G1 X99.433 Y96.021 E2.69189
;WIDTH:0.413046
G1 X99.816 Y96.002 E2.70369
;WIDTH:0.379693
G1 X100.85 Y96.004 E2.73264
;WIDTH:0.414846
G1 X101.113 Y96.022 E2.74079
;WIDTH:0.449999
G1 X101.377 Y96.039 E2.74974
G1 X103.961 Y96.039 E2.83721
G1 X103.961 Y96.721 E2.86029
G1 X103.961 Y98.271 E2.91276
;WIDTH:0.485056
G1 X103.943 Y99.075 E2.94233
G1 X103.877 Y98.855 E2.95077
;WIDTH:0.464329
G1 X103.559 Y98.107 E2.97925
;WIDTH:0.449999
G1 X103.214 Y97.623 E2.99937
G1 X102.777 Y97.193 E3.02012
G1 X102.016 Y96.682 E3.05115
G1 X101.337 Y96.413 E3.07587
G1 X100.961 Y96.367 E3.08869
;WIDTH:0.408496
G1 X100.585 Y96.322 E3.1002
;WIDTH:0.400992
G1 X99.589 Y96.356 E3.12987
;WIDTH:0.449999
G1 X98.926 Y96.525 E3.15303
G1 X98.319 Y96.838 E3.17615
G1 X97.897 Y97.154 E3.194
G1 X97.599 Y97.473 E3.20878
G1 X97.167 Y98.039 E3.23288
G1 X96.938 Y98.535 E3.25137
;WIDTH:0.491981
G1 X96.876 Y98.686 E3.25747
;WIDTH:0.533963
G1 X96.813 Y98.837 E3.26415
;WIDTH:0.575945
G1 X96.751 Y98.988 E3.27138
;WIDTH:0.617927
G1 X96.688 Y99.139 E3.2792
G1 X96.662 Y99.415 E3.29245
;WIDTH:0.593867
G1 X96.658 Y99.934 E3.31623
;WIDTH:0.626244
G1 X96.706 Y100.423 E3.34006
G1 X96.745 Y100.492 E3.3439
;WIDTH:0.583127
G1 X96.785 Y100.561 E3.34748
;WIDTH:0.540009
G1 X96.973 Y101.052 E3.36921
;WIDTH:0.495004
G1 X97.162 Y101.543 E3.38899
;WIDTH:0.449999
G1 X97.449 Y102.066 E3.40918
G1 X97.835 Y102.538 E3.42982
G1 X98.322 Y102.946 E3.45132
G1 X98.974 Y103.297 E3.47638
;WIDTH:0.473299
G1 X99.723 Y103.52 E3.50435
G1 X100.403 Y103.551 E3.52871
;WIDTH:0.487724
G1 X101.004 Y103.499 E3.55102
G1 X101.26 Y103.423 E3.5609
;WIDTH:0.464953
G1 X101.952 Y103.142 E3.58711
;WIDTH:0.449999
G1 X102.49 Y102.807 E3.60856
G1 X103.01 Y102.331 E3.63242
G1 X103.439 Y101.755 E3.65673
G1 X103.759 Y101.097 E3.6815
;WIDTH:0.469202
G1 X103.951 Y100.456 E3.70522
G1 X103.954 Y100.574 E3.7094
;WIDTH:0.463519
G1 X103.961 Y101.126 E3.72871
;WIDTH:0.449999
G1 X103.961 Y103.901 E3.82264
G1 E1.82264 F2400
G92 E0
G1 X103.943 Y99.075 F7800
G1 E2 F2400
;WIDTH:0.485056
G1 F900
G1 X103.962 Y99.36 E2.0105
;WIDTH:0.446863
G1 X103.982 Y99.646 E2.02013
;WIDTH:0.434168
G1 X103.969 Y100.017 E2.03221
;WIDTH:0.459666
G1 X103.956 Y100.388 E2.04507
;WIDTH:0.469202
G1 X103.951 Y100.456 E2.04749
G1 E.04749 F2400
G92 E0
G1 X104.368 Y104.368 F7800
G1 E2 F2400
;WIDTH:0.449999
G1 F900
G1 X95.632 Y104.368 E2.2957
G1 X95.632 Y95.632 E2.5914
G1 X104.368 Y95.632 E2.8871
G1 X104.368 Y96.721 E2.92396
G1 X104.368 Y104.308 E3.18077
G1 X104.775 Y104.775 F7800
;TYPE:External perimeter
G1 F900
G1 X95.225 Y104.775 E3.50403
G1 X95.225 Y95.225 E3.82729
G1 X104.775 Y95.225 E4.15055
G1 X104.775 Y96.721 E4.20119
G1 X104.775 Y104.715 E4.47178
G1 X104.379 Y104.774 F7800
G1 E2.47178 F2400
G92 E0
G1 X101.618 Y103.646 F7800
G1 E2 F2400
;TYPE:Solid infill
G1 F1200
G1 X101.627 Y103.607 E2.00135
G1 X102.091 Y103.412 E2.01839
G1 X102.696 Y103.033 E2.04255
G1 X103.098 Y102.679 E2.06068
G1 X103.64 Y102.024 E2.08946
G1 X103.656 Y102.028 E2.09002
G1 X103.656 Y103.656 E2.14513
G1 X101.822 Y103.649 E2.20721
G1 X103.183 Y103.138 F7800
;WIDTH:0.548214
G1 F1200
G1 X103.138 Y103.183 E2.20988
G1 X103.155 Y103.244 E2.21254
G1 X103.216 Y103.26 E2.21519
G1 X103.26 Y103.216 E2.2178
G1 X103.244 Y103.155 E2.22045
G1 E.22045 F2400
G92 E0
G1 X102.084 Y96.344 F7800
G1 E2 F2400
;WIDTH:0.449999
G1 F1200
G1 X103.656 Y96.344 E2.05321
G1 X103.637 Y97.663 E2.09786
G1 X103.43 Y97.408 E2.10898
G1 X103.025 Y96.999 E2.12846
G1 X102.389 Y96.543 E2.15495
G1 X102.228 Y96.464 E2.16102
G1 E.16102 F2400
G92 E0
G1 X96.344 Y98.403 F7800
G1 E2 F2400
G1 F1200
G1 X96.344 Y96.344 E2.06969
G1 X98.527 Y96.364 E2.14358
G1 X98.131 Y96.596 E2.15912
G1 X97.719 Y96.906 E2.17657
G1 X97.032 Y97.691 E2.21188
G1 X96.736 Y98.214 E2.23222
G1 X96.446 Y98.796 E2.25423
G1 X96.396 Y98.6 E2.26108
G1 X96.737 Y97.433 F7800
;WIDTH:0.419953
G1 F1200
G1 X96.737 Y96.737 E2.2829
G1 X97.341 Y96.737 E2.30184
G1 X96.869 Y97.279 E2.32437
G1 E.32437 F2400
G92 E0
G1 X96.344 Y102.449 F7800
G1 E2 F2400
;WIDTH:0.449999
G1 F1200
G1 X96.346 Y101.553 E2.03033
G1 X96.447 Y100.699 E2.05944
G1 X96.469 Y100.711 E2.06029
G1 X96.895 Y101.69 E2.09643
G1 X97.214 Y102.261 E2.11857
G1 X97.64 Y102.774 E2.14114
G1 X98.173 Y103.212 E2.16449
G1 X98.98 Y103.63 E2.19525
G1 X98.872 Y103.656 E2.19901
G1 X96.344 Y103.656 E2.28458
G1 X96.344 Y102.652 E2.31856
G1 X96.77 Y102.547 E2.33341
;WIDTH:0.486138
G1 X96.77 Y103.23 E2.35858
G1 X97.525 Y103.23 E2.3864
G1 X97.162 Y102.868 E2.40529
G1 X96.82 Y102.436 E2.4256
G1 X96.77 Y102.344 E2.42946
M106 S226.95
;LAYER_CHANGE
;Z:5.75
;HEIGHT:0.2
G1 E.42946 F2400
G92 E0
G1 Z5.75 F7800
G1 X102.614 Y102.493
G1 E2 F2400
;TYPE:Perimeter
;WIDTH:0.449999
G1 F900
G1 X102.162 Y102.916 E2.02095
G1 X101.645 Y103.236 E2.04153
G1 X101.022 Y103.435 E2.06367
G1 X100.361 Y103.511 E2.08619
G1 X99.703 Y103.462 E2.10852
G1 X99.08 Y103.294 E2.13036
G1 X98.481 Y103 E2.15295
G1 X97.979 Y102.62 E2.17426
G1 X97.568 Y102.162 E2.19509
G1 X97.257 Y101.647 E2.21545
G1 X97.051 Y101.096 E2.23536
G1 X96.947 Y100.4 E2.25918
G1 X96.993 Y99.75 E2.28124
G1 X97.143 Y99.209 E2.30024
G1 X97.52 Y98.528 E2.32659
G1 X97.999 Y98.033 E2.34991
G1 X98.602 Y97.572 E2.3756
G1 X99.075 Y97.297 E2.39412
G1 X99.49 Y97.149 E2.40903
G1 X100.153 Y97.041 E2.43177
G1 X100.696 Y97.065 E2.45017
G1 X101.354 Y97.232 E2.47315
G1 X101.953 Y97.534 E2.49586
G1 X102.42 Y97.905 E2.51605
G1 X102.812 Y98.36 E2.53638
G1 X103.118 Y98.893 E2.55718
G1 X103.324 Y99.485 E2.5784
G1 X103.419 Y100.209 E2.60312
G1 X103.371 Y100.868 E2.62549
G1 X103.14 Y101.651 E2.65312
G1 X102.688 Y102.424 E2.68343
G1 X102.658 Y102.452 E2.68482
G1 X102.316 Y102.233 F7800
;TYPE:External perimeter
G1 F900
G1 X101.896 Y102.608 E2.70388
G1 X101.436 Y102.886 E2.72207
G1 X100.91 Y103.044 E2.74066
G1 X100.321 Y103.106 E2.76071
G1 X99.74 Y103.057 E2.78045
G1 X99.193 Y102.903 E2.79969
G1 X98.667 Y102.638 E2.81963
G1 X98.231 Y102.3 E2.8383
G1 X97.876 Y101.896 E2.8565
G1 X97.609 Y101.443 E2.8743
G1 X97.435 Y100.961 E2.89165
G1 X97.35 Y100.348 E2.9126
G1 X97.398 Y99.788 E2.93162
G1 X97.552 Y99.283 E2.94949
G1 X97.872 Y98.732 E2.97106
G1 X98.281 Y98.326 E2.99057
G1 X98.842 Y97.902 E3.01437
G1 X99.225 Y97.676 E3.02942
G1 X99.555 Y97.55 E3.04138
G1 X100.218 Y97.443 E3.06411
G1 X100.596 Y97.46 E3.07692
G1 X101.253 Y97.627 E3.09987
G1 X101.761 Y97.893 E3.11928
G1 X102.16 Y98.218 E3.1367
G1 X102.498 Y98.62 E3.15448
G1 X102.762 Y99.09 E3.17273
G1 X102.937 Y99.612 E3.19137
G1 X103.014 Y100.255 E3.21329
G1 X102.966 Y100.831 E3.23285
G1 X102.751 Y101.529 E3.25757
G1 X102.354 Y102.188 E3.28361
G1 X102.061 Y102.46 F7800
G1 E1.28361 F2400
G92 E0
G1 X103.857 Y99.548 F7800
G1 E2 F2400
;TYPE:Perimeter
;WIDTH:0.65681
G1 F900
G1 X103.875 Y99.852 E2.01554
;WIDTH:0.622403
G1 X103.892 Y100.156 E2.03021
;WIDTH:0.634398
G1 X103.869 Y100.914 E2.06751
;WIDTH:0.64659
G1 X103.863 Y101.006 E2.07214
G1 E.07214 F2400
G92 E0
G1 X99.662 Y103.914 F7800
G1 E2 F2400
;WIDTH:0.543646
G1 F900
G1 X99.46 Y103.938 E2.00847
;WIDTH:0.496021
G1 X98.929 Y103.961 E2.02849
;WIDTH:0.449999
G1 X96.039 Y103.961 E2.12631
G1 X96.039 Y101.814 E2.19898
;WIDTH:0.493407
G1 X96.061 Y101.438 E2.21309
;WIDTH:0.536815
G1 X96.083 Y101.062 E2.22856
G1 X96.063 Y100.202 E2.26389
;WIDTH:0.521199
G1 X96.075 Y99.686 E2.28442
G1 X96.057 Y99.336 E2.29836
;WIDTH:0.485599
G1 X96.039 Y98.986 E2.31126
;WIDTH:0.449999
G1 X96.039 Y96.039 E2.41101
G1 X98.757 Y96.039 E2.50301
;WIDTH:0.488127
G1 X98.91 Y96.058 E2.50872
;WIDTH:0.526255
G1 X99.063 Y96.077 E2.51492
;WIDTH:0.564383
G1 X99.215 Y96.096 E2.52156
;WIDTH:0.60251
G1 X99.368 Y96.115 E2.52873
G1 X99.838 Y96.1 E2.55061
;WIDTH:0.571606
G1 X100.307 Y96.085 E2.57124
;WIDTH:0.567111
G1 X100.875 Y96.098 E2.596
G1 X101.102 Y96.078 E2.60593
;WIDTH:0.528074
G1 X101.328 Y96.059 E2.61508
;WIDTH:0.489037
G1 X101.554 Y96.039 E2.6235
;WIDTH:0.449999
G1 X103.961 Y96.039 E2.70497
G1 X103.961 Y96.875 E2.73327
G1 X103.961 Y98.806 E2.79863
;WIDTH:0.493515
G1 X103.939 Y99.062 E2.80826
;WIDTH:0.537031
G1 X103.917 Y99.318 E2.81882
;WIDTH:0.576958
G1 X103.897 Y99.395 E2.82235
;WIDTH:0.616884
G1 X103.877 Y99.472 E2.82615
;WIDTH:0.65681
G1 X103.857 Y99.548 E2.83016
G1 X103.822 Y99.48 E2.83406
;WIDTH:0.616884
G1 X103.787 Y99.412 E2.83771
;WIDTH:0.576958
G1 X103.752 Y99.344 E2.84111
;WIDTH:0.537031
G1 X103.613 Y99.02 E2.8556
;WIDTH:0.493515
G1 X103.475 Y98.696 E2.86879
;WIDTH:0.449999
G1 X103.232 Y98.258 E2.88574
G1 X102.813 Y97.725 E2.90869
G1 X102.592 Y97.519 E2.91892
G1 X102.146 Y97.175 E2.93799
G1 X101.454 Y96.838 E2.96404
;WIDTH:0.489037
G1 X101.24 Y96.763 E2.97245
;WIDTH:0.528074
G1 X101.025 Y96.689 E2.98162
;WIDTH:0.567111
G1 X100.811 Y96.614 E2.9915
G1 X100.591 Y96.592 E3.00114
;WIDTH:0.548545
G1 X100.081 Y96.591 E3.02258
;WIDTH:0.5763
G1 X99.739 Y96.632 E3.03786
;WIDTH:0.604054
G1 X99.398 Y96.673 E3.05389
G1 X99.28 Y96.735 E3.06011
;WIDTH:0.565541
G1 X99.162 Y96.796 E3.06588
;WIDTH:0.527027
G1 X99.043 Y96.857 E3.07126
;WIDTH:0.488513
G1 X98.925 Y96.919 E3.0762
;WIDTH:0.449999
G1 X98.363 Y97.243 E3.09816
G1 X97.779 Y97.679 E3.12283
G1 X97.341 Y98.102 E3.14344
G1 X97.168 Y98.324 E3.15297
G1 X96.754 Y99.091 E3.18247
;WIDTH:0.485599
G1 X96.653 Y99.4 E3.19444
;WIDTH:0.521199
G1 X96.552 Y99.708 E3.20733
G1 X96.518 Y100.456 E3.23711
;WIDTH:0.536815
G1 X96.574 Y101.03 E3.26079
G1 X96.648 Y101.238 E3.26986
;WIDTH:0.490811
G1 X96.905 Y101.852 E3.29465
;WIDTH:0.449999
G1 X97.261 Y102.429 E3.3176
G1 X97.728 Y102.939 E3.34101
G1 X98.295 Y103.362 E3.36495
G1 X98.968 Y103.686 E3.39023
;WIDTH:0.496823
G1 X99.315 Y103.8 E3.40402
;WIDTH:0.543646
G1 X99.605 Y103.895 E3.41673
G1 E1.41673 F2400
G92 E0
G1 X102.927 Y102.763 F7800
G1 E2 F2400
;WIDTH:0.449999
G1 F900
G1 X103.035 Y102.636 E2.00564
G1 X103.528 Y101.773 E2.03928
;WIDTH:0.499147
G1 X103.612 Y101.582 E2.0472
;WIDTH:0.548295
G1 X103.695 Y101.39 E2.05599
;WIDTH:0.597443
G1 X103.779 Y101.198 E2.06565
;WIDTH:0.64659
G1 X103.863 Y101.006 E2.07617
G1 X103.881 Y101.079 E2.07994
;WIDTH:0.610165
G1 X103.899 Y101.153 E2.08353
;WIDTH:0.573739
G1 X103.92 Y101.382 E2.09368
;WIDTH:0.532493
G1 X103.94 Y101.611 E2.10304
;WIDTH:0.491246
G1 X103.961 Y101.84 E2.11161
;WIDTH:0.449999
G1 X103.961 Y103.961 E2.1834
G1 X101.65 Y103.961 E2.26162
;WIDTH:0.487068
G1 X101.447 Y103.942 E2.26915
;WIDTH:0.524137
G1 X101.243 Y103.924 E2.27734
;WIDTH:0.561206
G1 X101.04 Y103.905 E2.28613
G1 X101.145 Y103.865 E2.29097
;WIDTH:0.529444
G1 X101.499 Y103.725 E2.30637
;WIDTH:0.489722
G1 X101.854 Y103.585 E2.32055
;WIDTH:0.449999
G1 X102.428 Y103.224 E2.3435
G1 X102.833 Y102.875 E2.3616
G1 X102.888 Y102.809 E2.36451
G1 E.36451 F2400
G92 E0
G1 X101.04 Y103.905 F7800
G1 E2 F2400
;WIDTH:0.561206
G1 F900
G1 X100.721 Y103.922 E2.01377
;WIDTH:0.528169
G1 X100.403 Y103.938 E2.02662
;WIDTH:0.543646
G1 X99.662 Y103.914 E2.05749
G1 E.05749 F2400
G92 E0
G1 X104.368 Y104.368 F7800
G1 E2 F2400
;WIDTH:0.449999
G1 F900
G1 X95.632 Y104.368 E2.2957
G1 X95.632 Y95.632 E2.5914
G1 X104.368 Y95.632 E2.8871
G1 X104.368 Y96.875 E2.92917
G1 X104.368 Y104.308 E3.18077
G1 X104.775 Y104.775 F7800
;TYPE:External perimeter
G1 F900
G1 X95.225 Y104.775 E3.50403
G1 X95.225 Y95.225 E3.82729
G1 X104.775 Y95.225 E4.15055
G1 X104.775 Y96.875 E4.2064
G1 X104.775 Y104.715 E4.47177
G1 X104.379 Y104.774 F7800
G1 E2.47177 F2400
G92 E0
G1 X103.586 Y102.455 F7800
G1 E2 F2400
;TYPE:Solid infill
;WIDTH:0.58901
G1 F1200
G1 X103.586 Y103.586 E2.05136
G1 X102.557 Y103.586 E2.09808
G1 X102.677 Y103.504 E2.10468
G1 X103.146 Y103.092 E2.13303
G1 X103.47 Y102.622 E2.15895
G1 E.15895 F2400
G92 E0
G1 X101.563 Y96.344 F7800
G1 E2 F2400
;WIDTH:0.449999
G1 F1200
G1 X103.656 Y96.344 E2.07085
G1 X103.656 Y97.783 E2.11956
G1 X103.637 Y98.334 E2.13822
G1 X103.62 Y98.338 E2.13881
G1 X103.353 Y97.897 E2.15626
G1 X102.798 Y97.297 E2.18393
G1 X102.286 Y96.904 E2.20578
G1 X101.817 Y96.653 E2.22379
G1 X101.282 Y96.408 E2.24371
G1 X101.364 Y96.389 E2.24656
G1 X102.643 Y96.712 F7800
;WIDTH:0.371223
G1 F1200
G1 X103.288 Y96.712 E2.26417
G1 X103.288 Y97.267 E2.27932
G1 X103.09 Y97.058 E2.28718
G1 X102.804 Y96.837 E2.29705
G1 E.29705 F2400
G92 E0
G1 X98.536 Y96.344 F7800
G1 E2 F2400
;WIDTH:0.449999
G1 F1200
G1 X96.344 Y96.344 E2.0742
G1 X96.344 Y98.983 E2.16353
G1 X96.373 Y99.211 E2.17131
G1 X96.574 Y98.743 E2.18855
G1 X96.9 Y98.176 E2.21069
G1 X97.134 Y97.878 E2.22352
G1 X97.562 Y97.464 E2.24368
G1 X98.178 Y97 E2.26978
G1 X98.622 Y96.729 E2.28739
G1 X99.066 Y96.49 E2.30446
G1 X99.146 Y96.427 E2.30791
G1 X98.74 Y96.344 E2.32194
G1 X97.721 Y96.788 F7800
;WIDTH:0.523473
G1 F1200
G1 X97.195 Y97.201 E2.34866
G1 X96.788 Y97.6 E2.37143
G1 X96.788 Y96.788 E2.40388
G1 X97.517 Y96.788 E2.43301
G1 E.43301 F2400
G92 E0
G1 X96.373 Y101.491 F7800
G1 E2 F2400
;WIDTH:0.449999
G1 F1200
G1 X96.41 Y101.5 E2.00129
G1 X96.646 Y102.015 E2.02047
G1 X97.037 Y102.637 E2.04534
G1 X97.543 Y103.182 E2.07051
G1 X98.139 Y103.641 E2.09597
G1 X98.134 Y103.656 E2.09651
G1 X96.344 Y103.656 E2.1571
G1 X96.344 Y102.055 E2.21129
G1 X96.362 Y101.695 E2.22349
G1 X96.912 Y103.14 F7800
;WIDTH:0.629932
G1 F1200
G1 X96.86 Y103.088 E2.22708
G1 X96.79 Y103.107 E2.23062
G1 X96.771 Y103.177 E2.23416
G1 X96.823 Y103.229 E2.23775
G1 X96.893 Y103.21 E2.24129
;LAYER_CHANGE
;Z:5.95
;HEIGHT:0.2
G1 E.24129 F2400
G92 E0
G1 Z5.95 F7800
G1 X101.712 Y102.862
G1 E2 F2400
;TYPE:Perimeter
;WIDTH:0.449999
G1 F900
G1 X101.635 Y102.926 E2.00339
G1 X101.079 Y103.23 E2.02484
G1 X100.463 Y103.429 E2.04675
G1 X99.808 Y103.51 E2.06909
G1 X99.136 Y103.464 E2.09189
G1 X98.505 Y103.3 E2.11396
G1 X97.961 Y103.004 E2.13492
G1 X97.437 Y102.571 E2.15793
G1 X96.942 Y101.83 E2.18809
G1 X96.665 Y101.048 E2.21617
G1 X96.581 Y100.389 E2.23866
G1 X96.628 Y99.722 E2.26129
G1 X96.792 Y99.11 E2.28274
G1 X97.062 Y98.553 E2.30369
G1 X97.424 Y98.067 E2.3242
G1 X97.86 Y97.665 E2.34427
G1 X98.414 Y97.329 E2.3662
G1 X98.958 Y97.131 E2.3858
G1 X99.598 Y97.039 E2.40769
G1 X100.19 Y97.074 E2.42776
G1 X100.821 Y97.254 E2.44997
G1 X101.291 Y97.501 E2.46794
G1 X101.823 Y97.882 E2.49009
G1 X102.321 Y98.331 E2.51279
G1 X102.762 Y98.996 E2.5398
G1 X102.962 Y99.537 E2.55932
G1 X103.046 Y100.042 E2.57665
G1 X103.037 Y100.621 E2.59625
G1 X102.824 Y101.459 E2.62552
G1 X102.533 Y102.018 E2.64685
G1 X102.117 Y102.527 E2.6691
G1 X101.758 Y102.824 E2.68487
G1 X101.474 Y102.533 F7800
;TYPE:External perimeter
G1 F900
G1 X101.381 Y102.607 E2.68889
G1 X100.89 Y102.87 E2.70774
G1 X100.344 Y103.04 E2.7271
G1 X99.765 Y103.105 E2.74682
G1 X99.17 Y103.059 E2.76702
G1 X98.614 Y102.908 E2.78652
G1 X98.168 Y102.653 E2.80391
G1 X97.701 Y102.261 E2.82455
G1 X97.288 Y101.615 E2.8505
G1 X97.052 Y100.92 E2.87534
G1 X96.986 Y100.345 E2.89493
G1 X97.033 Y99.757 E2.9149
G1 X97.183 Y99.223 E2.93367
G1 X97.425 Y98.737 E2.95205
G1 X97.746 Y98.315 E2.97
G1 X98.13 Y97.97 E2.98747
G1 X98.618 Y97.681 E3.00667
G1 X99.12 Y97.508 E3.02464
G1 X99.648 Y97.443 E3.04265
G1 X100.156 Y97.48 E3.05989
G1 X100.7 Y97.643 E3.07911
G1 X101.113 Y97.87 E3.09506
G1 X101.584 Y98.211 E3.11474
G1 X102.047 Y98.632 E3.13592
G1 X102.416 Y99.211 E3.15916
G1 X102.584 Y99.698 E3.1766
G1 X102.639 Y100.046 E3.18853
G1 X102.63 Y100.615 E3.20779
G1 X102.432 Y101.349 E3.23352
G1 X102.177 Y101.82 E3.25165
G1 X101.806 Y102.264 E3.27123
G1 X101.52 Y102.495 E3.28367
G1 X101.182 Y102.709 F7800
G1 X100.471 Y103.904
;TYPE:Perimeter
;WIDTH:0.564052
G1 F900
G1 X100.162 Y103.921 E3.29708
;WIDTH:0.530073
G1 X99.853 Y103.938 E3.30962
;WIDTH:0.541022
G1 X99.098 Y103.915 E3.3409
G1 E1.3409 F2400
G92 E0
G1 X103.961 Y103.961 F7800
G1 E2 F2400
;WIDTH:0.449999
G1 F900
G1 X101.136 Y103.961 E2.09562
;WIDTH:0.488017
G1 X100.914 Y103.942 E2.10387
;WIDTH:0.526035
G1 X100.692 Y103.923 E2.11282
;WIDTH:0.564052
G1 X100.471 Y103.904 E2.12243
G1 X100.593 Y103.855 E2.12813
;WIDTH:0.526166
G1 X100.931 Y103.723 E2.14271
;WIDTH:0.488083
G1 X101.269 Y103.591 E2.15614
;WIDTH:0.449999
G1 X101.888 Y103.244 E2.18016
G1 X102.285 Y102.928 E2.19734
G1 X102.551 Y102.645 E2.21049
G1 X102.888 Y102.216 E2.22896
G1 X103.216 Y101.568 E2.25354
;WIDTH:0.493591
G1 X103.428 Y100.892 E2.28009
;WIDTH:0.504676
G1 X103.472 Y100.628 E2.29037
G1 X103.478 Y100.058 E2.31226
;WIDTH:0.53565
G1 X103.429 Y99.555 E2.33297
G1 X103.367 Y99.4 E2.33981
;WIDTH:0.490783
G1 X103.108 Y98.781 E2.3648
;WIDTH:0.449999
G1 X102.774 Y98.245 E2.38618
G1 X102.595 Y98.03 E2.39565
G1 X102.062 Y97.553 E2.41986
G1 X101.489 Y97.145 E2.44367
G1 X100.941 Y96.866 E2.46448
;WIDTH:0.487193
G1 X100.703 Y96.781 E2.47382
;WIDTH:0.524387
G1 X100.465 Y96.697 E2.48392
;WIDTH:0.561581
G1 X100.227 Y96.613 E2.4948
G1 X99.542 Y96.587 E2.52436
;WIDTH:0.57758
G1 X99.022 Y96.636 E2.54758
G1 X98.919 Y96.676 E2.55249
;WIDTH:0.544661
G1 X98.817 Y96.716 E2.55706
;WIDTH:0.511741
G1 X98.513 Y96.847 E2.56996
;WIDTH:0.48087
G1 X98.209 Y96.977 E2.582
;WIDTH:0.449999
G1 X97.59 Y97.361 E2.60666
G1 X97.101 Y97.818 E2.62932
G1 X96.699 Y98.369 E2.65241
G1 X96.401 Y98.998 E2.67597
;WIDTH:0.495832
G1 X96.333 Y99.168 E2.68287
;WIDTH:0.541665
G1 X96.266 Y99.338 E2.69045
;WIDTH:0.587498
G1 X96.198 Y99.508 E2.69874
;WIDTH:0.63333
G1 X96.131 Y99.678 E2.70771
G1 X96.106 Y99.571 E2.7131
;WIDTH:0.583713
G1 X96.081 Y99.463 E2.71808
;WIDTH:0.534096
G1 X96.06 Y99.205 E2.72865
;WIDTH:0.492048
G1 X96.039 Y98.947 E2.73832
;WIDTH:0.449999
G1 X96.039 Y96.039 E2.83675
G1 X98.25 Y96.039 E2.91159
;WIDTH:0.492526
G1 X98.496 Y96.06 E2.92082
;WIDTH:0.535053
G1 X98.743 Y96.082 E2.93097
;WIDTH:0.57758
G1 X98.989 Y96.103 E2.94195
G1 X99.673 Y96.084 E2.97237
;WIDTH:0.561581
G1 X100.248 Y96.095 E2.99717
G1 X100.395 Y96.074 E3.00357
;WIDTH:0.520378
G1 X100.543 Y96.054 E3.0095
;WIDTH:0.479174
G1 X101.066 Y96.039 E3.02848
;WIDTH:0.449999
G1 X103.961 Y96.039 E3.12647
G1 X103.961 Y97.03 E3.16001
G1 X103.961 Y98.869 E3.22226
;WIDTH:0.492825
G1 X103.939 Y99.192 E3.23437
;WIDTH:0.53565
G1 X103.918 Y99.514 E3.24759
G1 X103.936 Y100.062 E3.27005
;WIDTH:0.500319
G1 X103.939 Y100.962 E3.30428
;WIDTH:0.493591
G1 X103.961 Y101.671 E3.33086
;WIDTH:0.449999
G1 X103.961 Y103.901 E3.40634
G1 E1.40634 F2400
G92 E0
G1 X99.098 Y103.915 F7800
G1 E2 F2400
;WIDTH:0.541022
G1 F900
G1 X98.898 Y103.938 E2.00834
;WIDTH:0.495389
G1 X98.36 Y103.961 E2.0286
;WIDTH:0.449999
G1 X96.039 Y103.961 E2.10716
G1 X96.039 Y101.901 E2.17689
;WIDTH:0.491025
G1 X96.06 Y101.73 E2.18331
;WIDTH:0.53205
G1 X96.08 Y101.56 E2.19027
;WIDTH:0.573076
G1 X96.101 Y101.39 E2.19782
;WIDTH:0.614101
G1 X96.121 Y101.22 E2.20595
;WIDTH:0.655126
G1 X96.142 Y101.05 E2.21467
G1 X96.182 Y101.122 E2.21886
;WIDTH:0.612522
G1 X96.222 Y101.195 E2.2228
;WIDTH:0.569917
G1 X96.347 Y101.478 E2.23636
;WIDTH:0.529945
G1 X96.472 Y101.762 E2.24893
;WIDTH:0.489972
G1 X96.597 Y102.045 E2.26043
;WIDTH:0.449999
G1 X96.969 Y102.643 E2.28427
G1 X97.174 Y102.881 E2.2949
G1 X97.755 Y103.355 E2.32028
G1 X98.396 Y103.692 E2.34479
;WIDTH:0.495511
G1 X98.747 Y103.804 E2.35866
;WIDTH:0.541022
G1 X99.041 Y103.897 E2.37143
G1 E.37143 F2400
G92 E0
G1 X96.142 Y101.05 F7800
G1 E2 F2400
;WIDTH:0.655126
G1 F900
G1 X96.125 Y100.745 E2.01555
;WIDTH:0.621257
G1 X96.108 Y100.44 E2.03024
;WIDTH:0.63333
G1 X96.131 Y99.678 E2.06767
G1 E.06767 F2400
G92 E0
G1 X104.368 Y104.368 F7800
G1 E2 F2400
;WIDTH:0.449999
G1 F900
G1 X95.632 Y104.368 E2.2957
G1 X95.632 Y95.632 E2.5914
G1 X104.368 Y95.632 E2.8871
G1 X104.368 Y97.03 E2.93442
G1 X104.368 Y104.308 E3.18077
G1 X104.775 Y104.775 F7800
;TYPE:External perimeter
G1 F900
G1 X95.225 Y104.775 E3.50403
G1 X95.225 Y95.225 E3.82729
G1 X104.775 Y95.225 E4.15055
G1 X104.775 Y97.03 E4.21165
G1 X104.775 Y104.715 E4.47178
G1 X104.379 Y104.774 F7800
G1 E2.47178 F2400
G92 E0
G1 X101.862 Y103.635 F7800
G1 E2 F2400
;TYPE:Solid infill
G1 F1200
G1 X102.087 Y103.476 E2.00933
G1 X102.664 Y102.983 E2.03502
G1 X103.025 Y102.552 E2.05405
G1 X103.402 Y101.916 E2.07908
G1 X103.621 Y101.37 E2.09899
G1 X103.656 Y101.674 E2.10935
G1 X103.656 Y103.656 E2.17644
G1 X102.066 Y103.639 E2.23026
G1 X103.142 Y103.091 F7800
;WIDTH:0.624664
G1 F1200
G1 X103.091 Y103.142 E2.23375
G1 X103.11 Y103.213 E2.23731
G1 X103.18 Y103.231 E2.24081
G1 X103.231 Y103.18 E2.2443
G1 X103.213 Y103.11 E2.2478
G1 E.2478 F2400
G92 E0
G1 X96.414 Y102.461 F7800
G1 E2 F2400
;WIDTH:0.588751
G1 F1200
G1 X96.647 Y102.835 E2.02
G1 X96.888 Y103.127 E2.03718
G1 X97.441 Y103.586 E2.0698
G1 X96.414 Y103.586 E2.11641
G1 X96.414 Y102.664 E2.15826
G1 E.15826 F2400
G92 E0
G1 X96.344 Y96.548 F7800
G1 E2 F2400
;WIDTH:0.449999
G1 F1200
G1 X96.344 Y98.328 E2.06025
G1 X96.394 Y98.32 E2.06196
G1 X96.566 Y98.012 E2.0739
G1 X97.01 Y97.47 E2.09762
G1 X97.577 Y96.995 E2.12266
G1 X98.052 Y96.715 E2.14132
G1 X98.632 Y96.434 E2.16314
G1 X98.643 Y96.413 E2.16394
G1 X98.234 Y96.344 E2.17798
G1 X96.344 Y96.344 E2.24195
G1 X96.868 Y97.117 F7800
;WIDTH:0.374116
G1 F1200
G1 X97.338 Y96.714 E2.259
G1 X96.714 Y96.714 E2.27618
G1 X96.714 Y97.25 E2.29094
G1 E.29094 F2400
G92 E0
G1 X100.577 Y96.388 F7800
G1 E2 F2400
;WIDTH:0.449999
G1 F1200
G1 X101.069 Y96.344 E2.01672
G1 X103.656 Y96.344 E2.10429
G1 X103.656 Y98.574 E2.17977
G1 X103.632 Y99.116 E2.19813
G1 X103.595 Y99.108 E2.19941
G1 X103.364 Y98.614 E2.21787
G1 X103.037 Y98.089 E2.23881
G1 X102.794 Y97.798 E2.25164
G1 X102.236 Y97.302 E2.27691
G1 X101.651 Y96.887 E2.30119
G1 X101.265 Y96.673 E2.31613
G1 X100.765 Y96.466 E2.33445
G1 X102.284 Y96.79 F7800
;WIDTH:0.526837
G1 F1200
G1 X103.21 Y96.79 E2.37171
G1 X103.21 Y97.598 E2.40422
G1 X102.807 Y97.212 E2.42667
G1 X102.443 Y96.918 E2.4455
M106 S234.6
;LAYER_CHANGE
;Z:6.15
;HEIGHT:0.2
G1 E.4455 F2400
G92 E0
G1 Z6.15 F7800
G1 X96.812 Y98.284
G1 E2 F2400
;TYPE:Perimeter
;WIDTH:0.449999
G1 F900
G1 X97.11 Y97.872 E2.01721
G1 X97.508 Y97.481 E2.0361
G1 X98.052 Y97.105 E2.05848
G1 X98.645 Y96.844 E2.08041
G1 X99.474 Y96.682 E2.109
G1 X100.083 Y96.691 E2.12962
G1 X100.682 Y96.817 E2.15034
G1 X101.237 Y97.047 E2.17068
G1 X101.728 Y97.369 E2.19055
G1 X102.172 Y97.806 E2.21164
G1 X102.51 Y98.297 E2.23182
G1 X102.731 Y98.807 E2.25063
G1 X102.862 Y99.458 E2.27311
G1 X102.861 Y99.992 E2.29119
G1 X102.763 Y100.5 E2.3087
G1 X102.565 Y101.119 E2.3307
G1 X102.332 Y101.646 E2.3502
G1 X101.945 Y102.163 E2.37206
G1 X101.756 Y102.365 E2.38142
G1 X101.229 Y102.747 E2.40345
G1 X100.689 Y102.987 E2.42345
G1 X100.011 Y103.13 E2.4469
G1 X99.391 Y103.131 E2.46789
G1 X98.752 Y102.999 E2.48998
G1 X98.061 Y102.689 E2.51562
G1 X97.545 Y102.31 E2.53729
G1 X97.111 Y101.841 E2.55892
G1 X96.866 Y101.474 E2.57386
G1 X96.632 Y100.983 E2.59227
G1 X96.451 Y100.329 E2.61524
G1 X96.398 Y99.652 E2.63823
G1 X96.489 Y99.076 E2.65797
G1 X96.786 Y98.338 E2.6849
G1 X97.162 Y98.491 F7800
;TYPE:External perimeter
G1 F900
G1 X97.177 Y98.455 E2.68622
G1 X97.396 Y98.162 E2.6986
G1 X97.794 Y97.771 E2.71749
G1 X98.278 Y97.444 E2.73726
G1 X98.803 Y97.219 E2.75659
G1 X99.545 Y97.083 E2.78212
G1 X100.068 Y97.098 E2.79983
G1 X100.592 Y97.214 E2.818
G1 X101.074 Y97.42 E2.83574
G1 X101.499 Y97.705 E2.85306
G1 X101.881 Y98.091 E2.87144
G1 X102.169 Y98.519 E2.8889
G1 X102.366 Y99.002 E2.90656
G1 X102.462 Y99.53 E2.92473
G1 X102.45 Y100.018 E2.94125
G1 X102.359 Y100.435 E2.9557
G1 X102.178 Y100.994 E2.97559
G1 X101.961 Y101.479 E2.99357
G1 X101.517 Y102.036 E3.01768
G1 X100.99 Y102.418 E3.03971
G1 X100.605 Y102.589 E3.05397
G1 X99.926 Y102.732 E3.07746
G1 X99.401 Y102.724 E3.09523
G1 X98.841 Y102.602 E3.11463
G1 X98.235 Y102.321 E3.13724
G1 X97.792 Y101.987 E3.15602
G1 X97.414 Y101.57 E3.17507
G1 X97.234 Y101.299 E3.18608
G1 X97 Y100.808 E3.20449
G1 X96.845 Y100.227 E3.22484
G1 X96.804 Y99.626 E3.24523
G1 X96.901 Y99.113 E3.2629
G1 X97.139 Y98.547 E3.28368
G1 X97.361 Y98.214 F7800
G1 E1.28368 F2400
G92 E0
G1 X103.961 Y103.961 F7800
G1 E2 F2400
;TYPE:Perimeter
G1 F3600
G1 X100.833 Y103.961 E2.10588
;WIDTH:0.45172
G1 X99.853 Y103.96 E2.13919
;WIDTH:0.472899
G1 X98.6 Y103.961 E2.18399
;WIDTH:0.449999
G1 X96.039 Y103.961 E2.27068
G1 X96.039 Y100.996 E2.37104
;WIDTH:0.450858
G1 X96.04 Y100.351 E2.39292
G1 X96.057 Y100.431 E2.39569
;WIDTH:0.450681
G1 X96.265 Y101.158 E2.42133
;WIDTH:0.449999
G1 X96.499 Y101.649 E2.43974
G1 X96.807 Y102.112 E2.45856
G1 X97.297 Y102.634 E2.48279
G1 X97.887 Y103.056 E2.50734
G1 X98.662 Y103.396 E2.53599
;WIDTH:0.457902
G1 X99.38 Y103.542 E2.56127
;WIDTH:0.459623
G1 X100.096 Y103.533 E2.58608
G1 X100.976 Y103.319 E2.61746
;WIDTH:0.449999
G1 X101.467 Y103.077 E2.63599
G1 X101.995 Y102.695 E2.65805
G1 X102.264 Y102.417 E2.67114
G1 X102.703 Y101.813 E2.69641
G1 X102.952 Y101.245 E2.7174
G1 X103.134 Y100.687 E2.73727
;WIDTH:0.494665
G1 X103.193 Y100.525 E2.74375
;WIDTH:0.539331
G1 X103.252 Y100.363 E2.75087
;WIDTH:0.583997
G1 X103.311 Y100.201 E2.75863
;WIDTH:0.593028
G1 X103.339 Y100.005 E2.76769
;WIDTH:0.598263
G1 X103.336 Y99.372 E2.79692
G1 X103.26 Y99.132 E2.80854
;WIDTH:0.548842
G1 X103.184 Y98.893 E2.81909
;WIDTH:0.499421
G1 X103.107 Y98.653 E2.82866
;WIDTH:0.449999
G1 X102.851 Y98.075 E2.85006
G1 X102.464 Y97.522 E2.87291
G1 X101.957 Y97.032 E2.89678
G1 X101.4 Y96.674 E2.91919
G1 X100.772 Y96.42 E2.94212
G1 X100.435 Y96.372 E2.95364
;WIDTH:0.40962
G1 X100.097 Y96.325 E2.96405
;WIDTH:0.36924
G1 X99.411 Y96.321 E2.98266
;WIDTH:0.409123
G1 X99.058 Y96.363 E2.99348
;WIDTH:0.449999
G1 X98.705 Y96.404 E3.00551
G1 X98.487 Y96.469 E3.01321
G1 X97.826 Y96.767 E3.03775
G1 X97.202 Y97.211 E3.06367
G1 X96.729 Y97.69 E3.08646
G1 X96.427 Y98.14 E3.1048
G1 X96.15 Y98.797 E3.12893
G1 X96.023 Y99.424 E3.15058
G1 X96.039 Y98.994 E3.16515
G1 X96.039 Y96.039 E3.26517
G1 X98.673 Y96.039 E3.35433
G1 X99.148 Y96.017 E3.37043
;WIDTH:0.405044
G1 X99.623 Y95.994 E3.38475
;WIDTH:0.383178
G1 X100.316 Y96.006 E3.40436
;WIDTH:0.416589
G1 X100.566 Y96.022 E3.41214
;WIDTH:0.449999
G1 X100.815 Y96.039 E3.42059
G1 X103.961 Y96.039 E3.52708
G1 X103.961 Y96.912 E3.55663
G1 X103.961 Y98.785 E3.62003
;WIDTH:0.499421
G1 X103.936 Y98.964 E3.62689
;WIDTH:0.548842
G1 X103.911 Y99.143 E3.63449
;WIDTH:0.598263
G1 X103.887 Y99.322 E3.64283
G1 X103.892 Y99.604 E3.65585
;WIDTH:0.60311
G1 X103.884 Y100.213 E3.68422
G1 X103.903 Y100.327 E3.6896
;WIDTH:0.564833
G1 X103.923 Y100.441 E3.69462
;WIDTH:0.526555
G1 X103.942 Y100.555 E3.69927
;WIDTH:0.488277
G1 X103.961 Y100.669 E3.70355
;WIDTH:0.449999
G1 X103.961 Y103.901 E3.81295
G1 E1.81295 F2400
G92 E0
G1 X96.04 Y100.351 F7800
G1 E2 F2400
;WIDTH:0.450858
G1 F900
G1 X96.015 Y99.675 E2.02295
;WIDTH:0.418606
G1 X96.023 Y99.424 E2.03079
G1 E.03079 F2400
G92 E0
G1 X104.368 Y104.368 F7800
G1 E2 F2400
;WIDTH:0.449999
G1 F900
G1 X95.632 Y104.368 E2.2957
G1 X95.632 Y95.632 E2.5914
G1 X104.368 Y95.632 E2.8871
G1 X104.368 Y96.912 E2.93043
G1 X104.368 Y104.308 E3.18078
G1 X104.775 Y104.775 F7800
;TYPE:External perimeter
G1 F900
G1 X95.225 Y104.775 E3.50404
G1 X95.225 Y95.225 E3.8273
G1 X104.775 Y95.225 E4.15056
G1 X104.775 Y96.912 E4.20766
G1 X104.775 Y104.715 E4.47178
G1 X104.379 Y104.774 F7800
G1 E2.47178 F2400
G92 E0
G1 X103.58 Y100.455 F7800
G1 E2 F2400
;TYPE:Solid infill
G1 F1200
G1 X103.656 Y100.685 E2.0082
G1 X103.656 Y103.655 E2.10873
G1 X101.058 Y103.624 E2.19668
G1 X101.435 Y103.446 E2.21079
G1 X102.163 Y102.95 E2.24061
G1 X102.438 Y102.689 E2.25344
G1 X102.807 Y102.224 E2.27353
G1 X102.985 Y101.931 E2.28513
G1 X103.245 Y101.333 E2.3072
G1 X103.478 Y100.631 E2.33224
G1 X103.231 Y102.348 F7800
;WIDTH:0.485354
G1 F1200
G1 X103.231 Y103.229 E2.36465
G1 X102.492 Y103.227 E2.39184
G1 X102.77 Y102.953 E2.4062
G1 X103.108 Y102.51 E2.4267
G1 E.4267 F2400
G92 E0
G1 X103.452 Y96.344 F7800
G1 E2 F2400
;WIDTH:0.449999
G1 F1200
G1 X101.487 Y96.344 E2.06651
G1 X101.498 Y96.396 E2.06831
G1 X101.747 Y96.52 E2.07773
G1 X102.309 Y96.931 E2.1013
G1 X102.866 Y97.537 E2.12916
G1 X103.21 Y98.104 E2.15161
G1 X103.458 Y98.773 E2.17576
G1 X103.583 Y99.034 E2.18556
G1 X103.656 Y98.738 E2.19588
G1 X103.656 Y96.344 E2.27691
G1 X102.798 Y96.883 F7800
;WIDTH:0.413094
G1 F1200
G1 X103.128 Y97.242 E2.29192
G1 X103.267 Y97.449 E2.29959
G1 X103.267 Y96.733 E2.32163
G1 X102.66 Y96.733 E2.34031
G1 E.34031 F2400
G92 E0
G1 X96.344 Y96.344 F7800
G1 E2 F2400
;WIDTH:0.449999
G1 F1200
G1 X97.913 Y96.344 E2.05311
G1 X97.902 Y96.396 E2.05491
G1 X97.653 Y96.515 E2.06425
G1 X97.207 Y96.812 E2.08239
G1 X96.381 Y97.643 E2.12205
G1 X96.344 Y97.645 E2.1233
G1 X96.344 Y96.548 E2.16043
G1 E.16043 F2400
G92 E0
G1 X96.359 Y102.026 F7800
G1 E2 F2400
G1 F1200
G1 X96.925 Y102.702 E2.02984
G1 X97.092 Y102.841 E2.03719
G1 X97.545 Y103.204 E2.05684
G1 X98.386 Y103.638 E2.08887
G1 X98.383 Y103.656 E2.08949
G1 X96.344 Y103.656 E2.15851
G1 X96.356 Y102.23 E2.20678
G1 X96.864 Y103.181 F7800
;WIDTH:0.552512
G1 F1200
G1 X96.819 Y103.136 E2.20948
G1 X96.758 Y103.152 E2.21215
G1 X96.741 Y103.214 E2.21487
G1 X96.786 Y103.259 E2.21757
G1 X96.848 Y103.242 E2.22029
;LAYER_CHANGE
;Z:6.35
;HEIGHT:0.2
G1 E.22029 F2400
G92 E0
G1 Z6.35 F7800
G1 X97.04 Y98.407
G1 E2 F2400
;TYPE:Perimeter
;WIDTH:0.449999
G1 F900
G1 X97.074 Y98.312 E2.00342
G1 X97.4 Y97.759 E2.02515
G1 X97.947 Y97.167 E2.05243
G1 X98.507 Y96.772 E2.07563
G1 X99.134 Y96.494 E2.09885
G1 X99.754 Y96.38 E2.12019
G1 X100.544 Y96.412 E2.14695
G1 X101.112 Y96.585 E2.16705
G1 X101.693 Y96.894 E2.18932
G1 X102.324 Y97.427 E2.21728
G1 X102.731 Y97.954 E2.23982
G1 X103.016 Y98.524 E2.26139
G1 X103.185 Y99.124 E2.28249
G1 X103.239 Y99.733 E2.30318
G1 X103.185 Y100.297 E2.32236
G1 X103.025 Y100.86 E2.34217
G1 X102.697 Y101.484 E2.36603
G1 X102.331 Y101.927 E2.38548
G1 X101.838 Y102.323 E2.40688
G1 X101.124 Y102.654 E2.43352
G1 X100.356 Y102.78 E2.45986
G1 X99.688 Y102.786 E2.48247
G1 X99.009 Y102.692 E2.50567
G1 X98.273 Y102.389 E2.53261
G1 X97.841 Y102.088 E2.55043
G1 X97.352 Y101.551 E2.57501
G1 X96.994 Y100.905 E2.60001
G1 X96.811 Y100.27 E2.62238
G1 X96.768 Y99.527 E2.64757
G1 X96.863 Y98.904 E2.6689
G1 X97.02 Y98.464 E2.68471
G1 X97.414 Y98.569 F7800
;TYPE:External perimeter
G1 F900
G1 X97.455 Y98.455 E2.68881
G1 X97.748 Y97.971 E2.70796
G1 X98.242 Y97.448 E2.73231
G1 X98.735 Y97.11 E2.75254
G1 X99.293 Y96.868 E2.77313
G1 X99.815 Y96.782 E2.79104
G1 X100.52 Y96.818 E2.81493
G1 X101.01 Y96.983 E2.83243
G1 X101.497 Y97.251 E2.85125
G1 X102.056 Y97.734 E2.87626
G1 X102.404 Y98.196 E2.89584
G1 X102.649 Y98.699 E2.91478
G1 X102.792 Y99.228 E2.93333
G1 X102.832 Y99.761 E2.95142
G1 X102.779 Y100.263 E2.96851
G1 X102.619 Y100.781 E2.98686
G1 X102.34 Y101.287 E3.00642
G1 X101.994 Y101.689 E3.02437
G1 X101.589 Y102.001 E3.04167
G1 X100.961 Y102.281 E3.06494
G1 X100.302 Y102.377 E3.08748
G1 X99.688 Y102.379 E3.10826
G1 X99.068 Y102.29 E3.12946
G1 X98.438 Y102.017 E3.1527
G1 X98.105 Y101.777 E3.16659
G1 X97.654 Y101.278 E3.18936
G1 X97.356 Y100.717 E3.21086
G1 X97.204 Y100.165 E3.23024
G1 X97.175 Y99.511 E3.2524
G1 X97.264 Y98.974 E3.27082
G1 X97.393 Y98.625 E3.28341
G1 X97.574 Y98.268 F7800
G1 E1.28341 F2400
G92 E0
G1 X103.961 Y103.961 F7800
G1 E2 F2400
;TYPE:Perimeter
G1 F3600
G1 X96.039 Y103.961 E2.26815
G1 X96.024 Y100.158 E2.39688
;WIDTH:0.419002
G1 X96.022 Y99.3 E2.42371
;WIDTH:0.45378
G1 X96.039 Y98.049 E2.46645
;WIDTH:0.449999
G1 X96.039 Y96.039 E2.53449
G1 X98.389 Y96.039 E2.61403
;WIDTH:0.464216
G1 X99.196 Y96.046 E2.6423
G1 X98.973 Y96.117 E2.6505
;WIDTH:0.455679
G1 X98.28 Y96.435 E2.67667
;WIDTH:0.449999
G1 X97.653 Y96.886 E2.70281
G1 X97.053 Y97.546 E2.733
G1 X96.694 Y98.168 E2.75731
;WIDTH:0.459234
G1 X96.457 Y98.833 E2.78175
G1 X96.42 Y99.187 E2.79407
;WIDTH:0.433333
G1 X96.382 Y99.541 E2.80563
G1 X96.425 Y100.372 E2.83264
;WIDTH:0.449999
G1 X96.633 Y101.092 E2.85801
G1 X97.05 Y101.824 E2.88653
G1 X97.66 Y102.465 E2.91648
G1 X98.107 Y102.761 E2.93463
G1 X98.684 Y103.018 E2.95601
G1 X98.95 Y103.095 E2.96538
G1 X99.688 Y103.193 E2.99058
G1 X100.41 Y103.184 E3.01502
G1 X101.014 Y103.103 E3.03565
G1 X101.286 Y103.028 E3.0452
G1 X102.086 Y102.646 E3.07521
G1 X102.639 Y102.193 E3.09941
G1 X103.054 Y101.68 E3.12174
G1 X103.415 Y100.977 E3.14849
G1 X103.581 Y100.341 E3.17074
;WIDTH:0.43272
G1 X103.622 Y99.707 E3.19133
;WIDTH:0.440584
G1 X103.574 Y99.022 E3.21404
;WIDTH:0.449999
G1 X103.383 Y98.348 E3.23775
G1 X103.058 Y97.713 E3.2619
G1 X102.592 Y97.121 E3.2874
G1 X101.889 Y96.538 E3.31831
G1 X101.402 Y96.27 E3.33713
G1 X100.841 Y96.065 E3.35735
;WIDTH:0.44003
G1 X100.566 Y96.022 E3.36654
;WIDTH:0.449999
G1 X101.273 Y96.039 E3.39048
G1 X103.961 Y96.039 E3.48147
G1 X103.961 Y96.758 E3.50581
G1 X103.975 Y99.197 E3.58837
;WIDTH:0.422018
G1 X103.982 Y99.908 E3.61078
;WIDTH:0.438003
G1 X103.967 Y100.437 E3.62817
;WIDTH:0.449999
G1 X103.961 Y103.901 E3.74542
G1 E1.74542 F2400
G92 E0
G1 X99.196 Y96.046 F7800
G1 E2 F2400
;WIDTH:0.464216
G1 F900
G1 X99.446 Y96.027 E2.00878
;WIDTH:0.425941
G1 X99.697 Y96.008 E2.0168
;WIDTH:0.416402
G1 X100.566 Y96.022 E2.04379
G1 E.04379 F2400
G92 E0
G1 X104.368 Y104.368 F7800
G1 E2 F2400
;WIDTH:0.449999
G1 F900
G1 X95.632 Y104.368 E2.2957
G1 X95.632 Y95.632 E2.5914
G1 X104.368 Y95.632 E2.8871
G1 X104.368 Y96.758 E2.92521
G1 X104.368 Y104.308 E3.18077
G1 X104.775 Y104.775 F7800
;TYPE:External perimeter
G1 F900
G1 X95.225 Y104.775 E3.50403
G1 X95.225 Y95.225 E3.82729
G1 X104.775 Y95.225 E4.15055
G1 X104.775 Y96.758 E4.20244
G1 X104.775 Y104.715 E4.47177
G1 X104.379 Y104.774 F7800
G1 E2.47177 F2400
G92 E0
G1 X96.344 Y103.656 F7800
G1 E2 F2400
;TYPE:Solid infill
G1 F1200
G1 X96.344 Y101.283 E2.08032
G1 X96.376 Y101.259 E2.08167
G1 X96.627 Y101.744 E2.10015
G1 X96.829 Y102.034 E2.11211
G1 X97.379 Y102.628 E2.13951
G1 X97.988 Y103.042 E2.16444
G1 X98.553 Y103.294 E2.18538
G1 X98.737 Y103.328 E2.19171
;WIDTH:0.412769
G1 X98.92 Y103.362 E2.19743
;WIDTH:0.375539
G1 X99.308 Y103.399 E2.20821
;WIDTH:0.350412
G1 X99.696 Y103.436 E2.21818
;WIDTH:0.331787
G1 X100.449 Y103.427 E2.23627
;WIDTH:0.3603
G1 X100.791 Y103.393 E2.24534
;WIDTH:0.388813
G1 X101.133 Y103.359 E2.25522
;WIDTH:0.419406
G1 X101.578 Y103.197 E2.27005
;WIDTH:0.449999
G1 X102.023 Y103.036 E2.28607
G1 X102.701 Y102.554 E2.31423
G1 X103.181 Y102.029 E2.33831
G1 X103.648 Y101.249 E2.36908
G1 X103.665 Y101.253 E2.36967
G1 X103.656 Y103.656 E2.45101
G1 X102.093 Y103.656 E2.50392
G1 X101.603 Y103.674 E2.52052
;WIDTH:0.412594
G1 X101.114 Y103.693 E2.53556
;WIDTH:0.375189
G1 X100.433 Y103.715 E2.55438
;WIDTH:0.330503
G1 X99.657 Y103.717 E2.57294
;WIDTH:0.367634
G1 X99.264 Y103.697 E2.58356
;WIDTH:0.408817
G1 X98.87 Y103.676 E2.59556
;WIDTH:0.449999
G1 X98.477 Y103.656 E2.60888
G1 X96.548 Y103.656 E2.67417
G1 X96.748 Y102.746 F7800
;WIDTH:0.442359
G1 F1200
G1 X96.748 Y103.252 E2.69098
G1 X97.575 Y103.252 E2.71845
G1 X97.151 Y102.96 E2.73555
G1 X96.748 Y102.543 E2.75481
G1 E.75481 F2400
G92 E0
G1 X102.419 Y103.251 F7800
G1 E2 F2400
;WIDTH:0.444692
G1 F1200
G1 X102.901 Y102.913 E2.01967
G1 X103.255 Y102.55 E2.03661
G1 X103.253 Y103.251 E2.06003
G1 X102.623 Y103.251 E2.08108
G1 E.08108 F2400
G92 E0
G1 X102.184 Y96.373 F7800
G1 E2 F2400
;WIDTH:0.449999
G1 F1200
G1 X102.208 Y96.344 E2.00127
G1 X103.656 Y96.344 E2.05028
G1 X103.64 Y98.14 E2.11107
G1 X103.419 Y97.722 E2.12707
G1 X102.954 Y97.068 E2.15423
G1 X102.335 Y96.509 E2.18246
G1 X103.224 Y96.71 F7800
;WIDTH:0.470656
G1 F1200
G1 X103.186 Y96.748 E2.18437
G1 X103.2 Y96.8 E2.18629
G1 X103.252 Y96.814 E2.18821
G1 X103.29 Y96.776 E2.19012
G1 X103.276 Y96.724 E2.19204
G1 E.19204 F2400
G92 E0
G1 X96.346 Y96.548 F7800
G1 E2 F2400
;WIDTH:0.449999
G1 F1200
G1 X96.351 Y98.119 E2.05318
G1 X96.402 Y98.107 E2.05495
G1 X96.524 Y97.826 E2.06532
G1 X96.946 Y97.188 E2.09121
G1 X97.429 Y96.678 E2.11499
G1 X97.822 Y96.363 E2.13204
G1 X96.345 Y96.344 E2.18204
G1 X96.752 Y96.712 E2.20061
;WIDTH:0.475238
G1 X96.714 Y96.75 E2.20254
G1 X96.728 Y96.802 E2.20448
G1 X96.78 Y96.816 E2.20642
G1 X96.818 Y96.778 E2.20835
G1 X96.804 Y96.726 E2.21029
;LAYER_CHANGE
;Z:6.55
;HEIGHT:0.2
G1 E.21029 F2400
G92 E0
G1 Z6.55 F7800
G1 X103.188 Y98.286
G1 E2 F2400
;TYPE:Perimeter
;WIDTH:0.449999
G1 F900
G1 X103.22 Y98.332 E2.0019
G1 X103.488 Y98.996 E2.02614
G1 X103.598 Y99.694 E2.05006
G1 X103.547 Y100.343 E2.0721
G1 X103.369 Y100.98 E2.09449
G1 X103.078 Y101.567 E2.11667
G1 X102.691 Y102.078 E2.13837
G1 X102.194 Y102.521 E2.16091
G1 X101.657 Y102.84 E2.18205
G1 X101.083 Y103.047 E2.2027
G1 X100.36 Y103.146 E2.2274
G1 X99.514 Y103.047 E2.25623
G1 X98.78 Y102.752 E2.28301
G1 X98.131 Y102.257 E2.31064
G1 X97.774 Y101.822 E2.32969
G1 X97.527 Y101.364 E2.3473
G1 X97.216 Y100.427 E2.38072
G1 X97.145 Y100.056 E2.39351
G1 X97.14 Y99.426 E2.41484
G1 X97.329 Y98.647 E2.44197
G1 X97.597 Y98.121 E2.46195
G1 X98.032 Y97.586 E2.48529
G1 X98.559 Y97.166 E2.5081
G1 X99.097 Y96.894 E2.52851
G1 X99.683 Y96.726 E2.54914
G1 X100.267 Y96.671 E2.569
G1 X100.929 Y96.733 E2.59151
G1 X101.554 Y96.917 E2.61356
G1 X102.276 Y97.315 E2.64147
G1 X102.896 Y97.881 E2.66989
G1 X103.153 Y98.238 E2.68478
G1 X102.832 Y98.495 F7800
;TYPE:External perimeter
G1 F900
G1 X102.907 Y98.605 E2.68929
G1 X103.107 Y99.139 E2.70859
G1 X103.195 Y99.748 E2.72942
G1 X103.142 Y100.3 E2.74819
G1 X102.978 Y100.865 E2.7681
G1 X102.716 Y101.38 E2.78766
G1 X102.371 Y101.826 E2.80675
G1 X101.929 Y102.212 E2.82661
G1 X101.455 Y102.486 E2.84514
G1 X100.952 Y102.661 E2.86317
G1 X100.312 Y102.741 E2.885
G1 X99.571 Y102.644 E2.9103
G1 X98.942 Y102.379 E2.9334
G1 X98.387 Y101.94 E2.95735
G1 X98.076 Y101.542 E2.97445
G1 X97.877 Y101.148 E2.98939
G1 X97.604 Y100.302 E3.01948
G1 X97.546 Y99.986 E3.03035
G1 X97.548 Y99.429 E3.0492
G1 X97.723 Y98.752 E3.07287
G1 X97.913 Y98.378 E3.08707
G1 X98.348 Y97.842 E3.11044
G1 X98.804 Y97.491 E3.12992
G1 X99.273 Y97.261 E3.1476
G1 X99.788 Y97.12 E3.16567
G1 X100.298 Y97.077 E3.18299
G1 X100.885 Y97.137 E3.20296
G1 X101.432 Y97.306 E3.22234
G1 X102.074 Y97.668 E3.24729
G1 X102.615 Y98.176 E3.27241
G1 X102.798 Y98.445 E3.28342
G1 X102.975 Y98.804 F7800
G1 E1.28342 F2400
G92 E0
G1 X103.961 Y103.961 F7800
G1 E2 F2400
;TYPE:Perimeter
G1 F3600
G1 X101.797 Y103.961 E2.07325
;WIDTH:0.48807
G1 X101.034 Y103.942 E2.1015
G1 X100.118 Y103.959 E2.13541
;WIDTH:0.456167
G1 X98.444 Y103.961 E2.19293
;WIDTH:0.449999
G1 X96.039 Y103.961 E2.27434
G1 X96.039 Y101.566 E2.35541
;WIDTH:0.494896
G1 X96.062 Y101.121 E2.37216
;WIDTH:0.539792
G1 X96.084 Y100.677 E2.39053
;WIDTH:0.583453
G1 X96.106 Y100.579 E2.39504
;WIDTH:0.627114
G1 X96.128 Y100.48 E2.39997
G1 X96.11 Y99.939 E2.42626
;WIDTH:0.617298
G1 X96.123 Y99.071 E2.46772
G1 X96.102 Y98.909 E2.47552
;WIDTH:0.575474
G1 X96.081 Y98.747 E2.48275
;WIDTH:0.533649
G1 X96.06 Y98.585 E2.48942
;WIDTH:0.491824
G1 X96.039 Y98.423 E2.49552
;WIDTH:0.449999
G1 X96.039 Y96.039 E2.57622
G1 X99.044 Y96.039 E2.67794
G1 X99.398 Y96.021 E2.68994
;WIDTH:0.413961
G1 X99.752 Y96.003 E2.70088
;WIDTH:0.377923
G1 X100.436 Y95.995 E2.71993
;WIDTH:0.39335
G1 X100.828 Y96.011 E2.73136
;WIDTH:0.425361
G1 X101.219 Y96.027 E2.7438
;WIDTH:0.449999
G1 X103.961 Y96.039 E2.83661
G1 X103.961 Y96.727 E2.8599
G1 X103.961 Y98.266 E2.91199
;WIDTH:0.486014
G1 X103.943 Y99.071 E2.94166
G1 X103.876 Y98.851 E2.95013
;WIDTH:0.46474
G1 X103.557 Y98.103 E2.97865
;WIDTH:0.449999
G1 X103.177 Y97.586 E3.00037
G1 X102.479 Y96.962 E3.03206
G1 X101.677 Y96.529 E3.06291
G1 X101.323 Y96.443 E3.07524
;WIDTH:0.420621
G1 X100.97 Y96.357 E3.08665
;WIDTH:0.391242
G1 X100.239 Y96.31 E3.10787
;WIDTH:0.401488
G1 X99.584 Y96.357 E3.12745
;WIDTH:0.449999
G1 X98.921 Y96.527 E3.15062
G1 X98.314 Y96.84 E3.17374
G1 X97.893 Y97.158 E3.1916
G1 X97.6 Y97.471 E3.20611
G1 X97.164 Y98.045 E3.23051
G1 X96.936 Y98.541 E3.24899
;WIDTH:0.491824
G1 X96.874 Y98.692 E3.25508
;WIDTH:0.533649
G1 X96.812 Y98.843 E3.26174
;WIDTH:0.575474
G1 X96.75 Y98.994 E3.26897
;WIDTH:0.617298
G1 X96.687 Y99.145 E3.27678
G1 X96.662 Y99.422 E3.29006
;WIDTH:0.593574
G1 X96.658 Y99.941 E3.31382
;WIDTH:0.627114
G1 X96.708 Y100.43 E3.3377
G1 X96.747 Y100.498 E3.34151
;WIDTH:0.583453
G1 X96.786 Y100.566 E3.34503
;WIDTH:0.539792
G1 X96.976 Y101.058 E3.36682
;WIDTH:0.494896
G1 X97.165 Y101.549 E3.38659
;WIDTH:0.449999
G1 X97.452 Y102.072 E3.40678
G1 X97.876 Y102.574 E3.42902
G1 X98.384 Y102.984 E3.45112
G1 X98.618 Y103.125 E3.46037
;WIDTH:0.476517
G1 X99.036 Y103.301 E3.47672
;WIDTH:0.503034
G1 X99.454 Y103.476 E3.49406
G1 X99.931 Y103.514 E3.51237
;WIDTH:0.477851
G1 X100.407 Y103.551 E3.52964
;WIDTH:0.48807
G1 X101.008 Y103.498 E3.55197
G1 X101.218 Y103.442 E3.56001
;WIDTH:0.471712
G1 X101.858 Y103.193 E3.58449
;WIDTH:0.449999
G1 X102.46 Y102.829 E3.6083
G1 X103.011 Y102.329 E3.63348
G1 X103.44 Y101.754 E3.65776
G1 X103.759 Y101.096 E3.68251
;WIDTH:0.469114
G1 X103.951 Y100.456 E3.70619
G1 X103.954 Y100.573 E3.71034
;WIDTH:0.463467
G1 X103.961 Y101.125 E3.72964
;WIDTH:0.449999
G1 X103.961 Y103.901 E3.8236
G1 E1.8236 F2400
G92 E0
G1 X103.943 Y99.071 F7800
G1 E2 F2400
;WIDTH:0.486014
G1 F900
G1 X103.962 Y99.356 E2.01052
;WIDTH:0.447406
G1 X103.981 Y99.642 E2.02016
;WIDTH:0.434159
G1 X103.969 Y100.014 E2.03227
;WIDTH:0.45952
G1 X103.956 Y100.387 E2.0452
;WIDTH:0.469114
G1 X103.951 Y100.456 E2.04765
G1 E.04765 F2400
G92 E0
G1 X104.368 Y104.368 F7800
G1 E2 F2400
;WIDTH:0.449999
G1 F900
G1 X95.632 Y104.368 E2.2957
G1 X95.632 Y95.632 E2.5914
G1 X104.368 Y95.632 E2.8871
G1 X104.368 Y96.727 E2.92416
G1 X104.368 Y104.308 E3.18077
G1 X104.775 Y104.775 F7800
;TYPE:External perimeter
G1 F900
G1 X95.225 Y104.775 E3.50403
G1 X95.225 Y95.225 E3.82729
G1 X104.775 Y95.225 E4.15055
G1 X104.775 Y96.727 E4.20139
G1 X104.775 Y104.715 E4.47177
G1 X104.379 Y104.774 F7800
G1 E2.47177 F2400
G92 E0
G1 X103.625 Y102.02 F7800
G1 E2 F2400
;TYPE:Solid infill
G1 F1200
G1 X103.656 Y102.044 E2.00133
G1 X103.656 Y103.656 E2.05589
G1 X101.631 Y103.629 E2.12444
G1 X102.02 Y103.452 E2.13891
G1 X102.663 Y103.057 E2.16445
G1 X103.094 Y102.683 E2.18377
G1 X103.498 Y102.179 E2.20563
G1 X103.26 Y103.182 F7800
;WIDTH:0.549558
G1 F1200
G1 X103.215 Y103.138 E2.20828
G1 X103.154 Y103.154 E2.21094
G1 X103.138 Y103.215 E2.2136
G1 X103.182 Y103.26 E2.21625
G1 X103.243 Y103.243 E2.21892
G1 E.21892 F2400
G92 E0
G1 X103.304 Y96.759 F7800
G1 E2 F2400
;WIDTH:0.40163
G1 F1200
G1 X103.261 Y96.771 E2.00133
G1 X103.241 Y96.696 E2.00365
G1 X103.316 Y96.716 E2.00597
;WIDTH:0.449999
G1 X103.452 Y96.344 E2.01938
G1 X102.077 Y96.344 E2.06592
G1 X102.083 Y96.389 E2.06746
G1 X102.855 Y96.865 E2.09816
G1 X103.383 Y97.361 E2.12268
G1 X103.636 Y97.664 E2.13604
G1 X103.656 Y96.344 E2.18073
G1 E.18073 F2400
G92 E0
G1 X97.321 Y96.344 F7800
G1 E2 F2400
G1 F1200
G1 X96.344 Y96.344 E2.03307
G1 X96.344 Y98.41 E2.103
G1 X96.446 Y98.802 E2.11671
G1 X96.734 Y98.22 E2.13869
G1 X97.028 Y97.696 E2.15903
G1 X97.714 Y96.91 E2.19434
G1 X98.126 Y96.6 E2.21179
G1 X98.527 Y96.364 E2.22754
G1 X97.525 Y96.344 E2.26146
G1 X97.34 Y96.737 E2.27616
;WIDTH:0.419977
G1 X96.737 Y97.433 E2.30503
G1 X96.737 Y96.737 E2.32685
G1 X97.136 Y96.737 E2.33936
G1 E.33936 F2400
G92 E0
G1 X96.432 Y100.704 F7800
G1 E2 F2400
;WIDTH:0.449999
G1 F1200
G1 X96.469 Y100.713 E2.00129
G1 X96.898 Y101.697 E2.03762
G1 X97.219 Y102.269 E2.05982
G1 X97.688 Y102.815 E2.08418
G1 X98.187 Y103.217 E2.10587
G1 X98.501 Y103.408 E2.11831
G1 X98.971 Y103.633 E2.13595
G1 X98.967 Y103.65 E2.13654
G1 X96.344 Y103.655 E2.22533
G1 X96.344 Y101.571 E2.29587
G1 X96.412 Y100.906 E2.3185
G1 X96.771 Y102.347 F7800
;WIDTH:0.488263
G1 F1200
G1 X96.824 Y102.443 E2.32256
G1 X97.163 Y102.861 E2.34249
G1 X97.52 Y103.227 E2.36142
G1 X96.771 Y103.228 E2.38916
G1 X96.771 Y102.551 E2.41423
M106 S226.95
;LAYER_CHANGE
;Z:6.75
;HEIGHT:0.2
G1 E.41423 F2400
G92 E0
G1 Z6.75 F7800
G1 X103.275 Y99.344
G1 E2 F2400
;TYPE:Perimeter
;WIDTH:0.449999
G1 F900
G1 X103.323 Y99.48 E2.00488
G1 X103.419 Y100.208 E2.02974
G1 X103.372 Y100.867 E2.0521
G1 X103.14 Y101.651 E2.07977
G1 X102.688 Y102.424 E2.11008
G1 X102.162 Y102.916 E2.13446
G1 X101.645 Y103.236 E2.15504
G1 X101.023 Y103.435 E2.17715
G1 X100.362 Y103.511 E2.19967
G1 X99.705 Y103.462 E2.22197
G1 X99.082 Y103.295 E2.2438
G1 X98.483 Y103.001 E2.26639
G1 X97.981 Y102.622 E2.28768
G1 X97.57 Y102.165 E2.30848
G1 X97.258 Y101.651 E2.32883
G1 X96.996 Y100.844 E2.35755
G1 X96.955 Y100.049 E2.3845
G1 X97.134 Y99.242 E2.41248
G1 X97.516 Y98.532 E2.43977
G1 X98 Y98.031 E2.46335
G1 X98.598 Y97.575 E2.48881
G1 X99.07 Y97.3 E2.5073
G1 X99.484 Y97.15 E2.5222
G1 X100.147 Y97.042 E2.54494
G1 X100.69 Y97.064 E2.56333
G1 X101.348 Y97.23 E2.5863
G1 X101.949 Y97.531 E2.60905
G1 X102.416 Y97.901 E2.62922
G1 X102.809 Y98.356 E2.64957
G1 X103.116 Y98.888 E2.67036
G1 X103.256 Y99.288 E2.6847
G1 X102.886 Y99.46 F7800
;TYPE:External perimeter
G1 F900
G1 X102.936 Y99.607 E2.68996
G1 X103.014 Y100.254 E2.71202
G1 X102.966 Y100.83 E2.73158
G1 X102.752 Y101.529 E2.75632
G1 X102.341 Y102.211 E2.78327
G1 X101.896 Y102.608 E2.80346
G1 X101.436 Y102.886 E2.82165
G1 X100.911 Y103.044 E2.84021
G1 X100.321 Y103.106 E2.86029
G1 X99.741 Y103.057 E2.87999
G1 X99.194 Y102.904 E2.89922
G1 X98.668 Y102.639 E2.91916
G1 X98.233 Y102.302 E2.93779
G1 X97.877 Y101.898 E2.95602
G1 X97.61 Y101.446 E2.97379
G1 X97.386 Y100.726 E2.99931
G1 X97.362 Y100.039 E3.02258
G1 X97.529 Y99.34 E3.04691
G1 X97.869 Y98.736 E3.07037
G1 X98.284 Y98.323 E3.09019
G1 X98.837 Y97.905 E3.11365
G1 X99.22 Y97.678 E3.12872
G1 X99.55 Y97.552 E3.14068
G1 X100.213 Y97.443 E3.16342
G1 X100.591 Y97.459 E3.17623
G1 X101.249 Y97.625 E3.1992
G1 X101.757 Y97.89 E3.21859
G1 X102.157 Y98.215 E3.23604
G1 X102.496 Y98.617 E3.25384
G1 X102.76 Y99.086 E3.27206
G1 X102.867 Y99.404 E3.28342
G1 X102.953 Y99.794 F7800
G1 X103.857 Y99.543
;TYPE:Perimeter
;WIDTH:0.657844
G1 F900
G1 X103.874 Y99.848 E3.29904
;WIDTH:0.622988
G1 X103.892 Y100.153 E3.31378
;WIDTH:0.634208
G1 X103.869 Y100.912 E3.35111
;WIDTH:0.646436
G1 X103.863 Y101.005 E3.35579
G1 E1.35579 F2400
G92 E0
G1 X99.664 Y103.914 F7800
G1 E2 F2400
;WIDTH:0.543392
G1 F900
G1 X99.461 Y103.938 E2.00851
;WIDTH:0.495934
G1 X98.931 Y103.961 E2.02849
;WIDTH:0.449999
G1 X96.039 Y103.961 E2.12638
G1 X96.039 Y101.752 E2.20115
;WIDTH:0.479327
G1 X96.054 Y101.225 E2.22028
;WIDTH:0.508654
G1 X96.068 Y100.697 E2.24073
;WIDTH:0.520059
G1 X96.074 Y99.722 E2.27941
G1 X96.057 Y99.389 E2.29264
;WIDTH:0.485029
G1 X96.039 Y99.057 E2.30486
;WIDTH:0.449999
G1 X96.039 Y96.039 E2.40702
G1 X98.749 Y96.039 E2.49875
;WIDTH:0.488365
G1 X98.902 Y96.058 E2.50446
;WIDTH:0.526731
G1 X99.055 Y96.078 E2.51067
;WIDTH:0.565097
G1 X99.208 Y96.097 E2.51736
;WIDTH:0.603462
G1 X99.361 Y96.116 E2.52455
G1 X99.83 Y96.1 E2.54642
;WIDTH:0.572085
G1 X100.3 Y96.085 E2.56711
;WIDTH:0.566554
G1 X100.868 Y96.097 E2.59185
G1 X101.094 Y96.078 E2.60172
;WIDTH:0.527703
G1 X101.321 Y96.059 E2.6109
;WIDTH:0.488851
G1 X101.547 Y96.039 E2.61931
;WIDTH:0.449999
G1 X103.961 Y96.039 E2.70102
G1 X103.961 Y96.875 E2.72932
G1 X103.961 Y98.8 E2.79448
;WIDTH:0.493533
G1 X103.939 Y99.056 E2.80411
;WIDTH:0.537067
G1 X103.917 Y99.312 E2.81467
;WIDTH:0.577326
G1 X103.897 Y99.389 E2.81821
;WIDTH:0.617585
G1 X103.877 Y99.466 E2.82201
;WIDTH:0.657844
G1 X103.857 Y99.543 E2.82608
G1 X103.821 Y99.475 E2.83001
;WIDTH:0.617585
G1 X103.786 Y99.407 E2.83366
;WIDTH:0.577326
G1 X103.751 Y99.339 E2.83706
;WIDTH:0.537067
G1 X103.611 Y99.015 E2.85156
;WIDTH:0.493533
G1 X103.472 Y98.691 E2.86477
;WIDTH:0.449999
G1 X103.229 Y98.253 E2.88172
G1 X102.809 Y97.721 E2.90466
G1 X102.593 Y97.52 E2.91465
G1 X102.141 Y97.172 E2.93396
G1 X101.448 Y96.836 E2.96003
;WIDTH:0.488851
G1 X101.233 Y96.762 E2.96846
;WIDTH:0.527703
G1 X101.019 Y96.687 E2.9776
;WIDTH:0.566554
G1 X100.804 Y96.613 E2.9875
G1 X100.584 Y96.591 E2.99713
;WIDTH:0.548821
G1 X100.074 Y96.591 E3.01858
;WIDTH:0.576803
G1 X99.734 Y96.633 E3.03379
;WIDTH:0.604785
G1 X99.393 Y96.674 E3.04984
G1 X99.275 Y96.736 E3.05607
;WIDTH:0.566089
G1 X99.156 Y96.798 E3.06191
;WIDTH:0.527392
G1 X99.038 Y96.86 E3.06728
;WIDTH:0.488696
G1 X98.919 Y96.922 E3.07225
;WIDTH:0.449999
G1 X98.359 Y97.246 E3.09415
G1 X97.774 Y97.684 E3.11889
G1 X97.337 Y98.107 E3.13948
G1 X97.164 Y98.329 E3.14901
G1 X96.845 Y98.88 E3.17056
G1 X96.739 Y99.143 E3.18016
;WIDTH:0.485029
G1 X96.642 Y99.461 E3.19238
;WIDTH:0.520059
G1 X96.544 Y99.779 E3.20558
G1 X96.523 Y100.059 E3.21672
;WIDTH:0.508654
G1 X96.534 Y100.692 E3.24124
G1 X96.587 Y100.968 E3.25212
;WIDTH:0.491377
G1 X96.906 Y101.856 E3.2873
;WIDTH:0.449999
G1 X97.263 Y102.432 E3.31024
G1 X97.73 Y102.942 E3.33365
G1 X98.297 Y103.364 E3.35757
G1 X98.97 Y103.686 E3.38282
;WIDTH:0.496696
G1 X99.317 Y103.8 E3.3966
;WIDTH:0.543392
G1 X99.607 Y103.895 E3.4093
G1 E1.4093 F2400
G92 E0
G1 X103.863 Y101.005 F7800
G1 E2 F2400
;WIDTH:0.646436
G1 F900
G1 X103.881 Y101.078 E2.00377
;WIDTH:0.610102
G1 X103.899 Y101.152 E2.00736
;WIDTH:0.573768
G1 X103.92 Y101.381 E2.01751
;WIDTH:0.532512
G1 X103.94 Y101.61 E2.02687
;WIDTH:0.491256
G1 X103.961 Y101.839 E2.03544
;WIDTH:0.449999
G1 X103.961 Y103.961 E2.10727
G1 X101.65 Y103.961 E2.18549
;WIDTH:0.487096
G1 X101.447 Y103.942 E2.19302
;WIDTH:0.524193
G1 X101.243 Y103.924 E2.20122
;WIDTH:0.56129
G1 X101.04 Y103.905 E2.21001
G1 X101.146 Y103.865 E2.21489
;WIDTH:0.529477
G1 X101.5 Y103.725 E2.23029
;WIDTH:0.489738
G1 X101.854 Y103.585 E2.24443
;WIDTH:0.449999
G1 X102.428 Y103.224 E2.26738
G1 X102.833 Y102.875 E2.28548
G1 X103.035 Y102.636 E2.29607
G1 X103.528 Y101.773 E2.32971
;WIDTH:0.499109
G1 X103.612 Y101.581 E2.33766
;WIDTH:0.548218
G1 X103.695 Y101.389 E2.34645
;WIDTH:0.597327
G1 X103.779 Y101.197 E2.35611
;WIDTH:0.646436
G1 X103.839 Y101.06 E2.36362
G1 E.36362 F2400
G92 E0
G1 X101.04 Y103.905 F7800
G1 E2 F2400
;WIDTH:0.56129
G1 F900
G1 X100.722 Y103.922 E2.01373
;WIDTH:0.52822
G1 X100.404 Y103.938 E2.02658
;WIDTH:0.543392
G1 X99.664 Y103.914 E2.05739
G1 E.05739 F2400
G92 E0
G1 X104.368 Y104.368 F7800
G1 E2 F2400
;WIDTH:0.449999
G1 F900
G1 X95.632 Y104.368 E2.2957
G1 X95.632 Y95.632 E2.5914
G1 X104.368 Y95.632 E2.8871
G1 X104.368 Y96.875 E2.92917
G1 X104.368 Y104.308 E3.18077
G1 X104.775 Y104.775 F7800
;TYPE:External perimeter
G1 F900
G1 X95.225 Y104.775 E3.50403
G1 X95.225 Y95.225 E3.82729
G1 X104.775 Y95.225 E4.15055
G1 X104.775 Y96.875 E4.2064
G1 X104.775 Y104.715 E4.47177
G1 X104.379 Y104.774 F7800
G1 E2.47177 F2400
G92 E0
G1 X102.557 Y103.586 F7800
G1 E2 F2400
;TYPE:Solid infill
;WIDTH:0.58901
G1 F1200
G1 X102.677 Y103.504 E2.0066
G1 X103.146 Y103.092 E2.03495
G1 X103.586 Y102.454 E2.07014
G1 X103.586 Y103.586 E2.12154
G1 X102.76 Y103.586 E2.15905
G1 E.15905 F2400
G92 E0
G1 X96.344 Y101.962 F7800
G1 E2 F2400
;WIDTH:0.449999
G1 F1200
G1 X96.344 Y103.656 E2.05734
G1 X98.134 Y103.656 E2.11793
G1 X98.13 Y103.618 E2.11922
G1 X97.545 Y103.184 E2.14388
G1 X97.04 Y102.64 E2.169
G1 X96.65 Y102.021 E2.19376
G1 X96.404 Y101.397 E2.21646
G1 X96.382 Y101.384 E2.21732
G1 X96.344 Y101.758 E2.23004
G1 X96.822 Y103.088 F7800
;WIDTH:0.629806
G1 F1200
G1 X96.771 Y103.14 E2.23359
G1 X96.79 Y103.21 E2.23713
G1 X96.86 Y103.229 E2.24067
G1 X96.912 Y103.178 E2.24422
G1 X96.893 Y103.107 E2.24781
G1 E.24781 F2400
G92 E0
G1 X96.344 Y99.052 F7800
G1 E2 F2400
;WIDTH:0.449999
G1 F1200
G1 X96.344 Y96.344 E2.09166
G1 X98.732 Y96.344 E2.17249
G1 X99.142 Y96.427 E2.18665
G1 X98.268 Y96.941 E2.22097
G1 X97.69 Y97.357 E2.24507
G1 X97.131 Y97.882 E2.27103
G1 X96.896 Y98.182 E2.28393
G1 X96.571 Y98.75 E2.30608
G1 X96.391 Y99.185 E2.32202
G1 X96.79 Y97.597 F7800
;WIDTH:0.526665
G1 F1200
G1 X96.79 Y96.79 E2.35448
G1 X97.713 Y96.79 E2.39161
G1 X97.197 Y97.208 E2.41832
G1 X96.937 Y97.456 E2.43277
G1 E.43277 F2400
G92 E0
G1 X101.277 Y96.407 F7800
G1 E2 F2400
;WIDTH:0.449999
G1 F1200
G1 X101.564 Y96.344 E2.00995
G1 X103.656 Y96.344 E2.08076
G1 X103.656 Y98.329 E2.14795
G1 X103.611 Y98.323 E2.14949
G1 X103.349 Y97.892 E2.16656
G1 X102.799 Y97.297 E2.19399
G1 X102.28 Y96.901 E2.21609
G1 X101.811 Y96.65 E2.2341
G1 X101.462 Y96.492 E2.24707
G1 X102.642 Y96.712 F7800
;WIDTH:0.371036
G1 F1200
G1 X103.288 Y96.712 E2.26469
G1 X103.288 Y97.268 E2.27986
G1 X103.085 Y97.053 E2.28793
G1 X102.804 Y96.836 E2.29762
;LAYER_CHANGE
;Z:6.95
;HEIGHT:0.2
G1 E.29762 F2400
G92 E0
G1 Z6.95 F7800
G1 X98.428 Y103.258
G1 E2 F2400
;TYPE:Perimeter
;WIDTH:0.449999
G1 F900
G1 X97.961 Y103.004 E2.01799
G1 X97.437 Y102.571 E2.041
G1 X96.943 Y101.831 E2.07112
G1 X96.666 Y101.05 E2.09917
G1 X96.581 Y100.391 E2.12166
G1 X96.627 Y99.724 E2.14429
G1 X96.791 Y99.113 E2.1657
G1 X97.06 Y98.556 E2.18664
G1 X97.421 Y98.069 E2.20716
G1 X97.857 Y97.668 E2.22721
G1 X98.41 Y97.331 E2.24913
G1 X98.954 Y97.132 E2.26874
G1 X99.593 Y97.039 E2.2906
G1 X100.184 Y97.073 E2.31064
G1 X100.816 Y97.252 E2.33287
G1 X101.286 Y97.497 E2.35081
G1 X101.819 Y97.879 E2.37301
G1 X102.317 Y98.326 E2.39566
G1 X102.759 Y98.99 E2.42266
G1 X102.96 Y99.531 E2.4422
G1 X103.046 Y100.039 E2.45964
G1 X103.038 Y100.617 E2.47921
G1 X102.825 Y101.455 E2.50848
G1 X102.507 Y102.056 E2.5315
G1 X102.115 Y102.529 E2.55229
G1 X101.636 Y102.925 E2.57333
G1 X101.08 Y103.23 E2.5948
G1 X100.463 Y103.429 E2.61674
G1 X99.807 Y103.51 E2.63911
G1 X99.129 Y103.463 E2.66211
G1 X98.504 Y103.3 E2.68397
G1 X98.48 Y103.287 E2.68489
G1 X98.588 Y102.893 F7800
;TYPE:External perimeter
G1 F900
G1 X98.167 Y102.653 E2.70129
G1 X97.701 Y102.261 E2.7219
G1 X97.288 Y101.616 E2.74782
G1 X97.052 Y100.922 E2.77263
G1 X96.986 Y100.347 E2.79222
G1 X97.033 Y99.759 E2.81219
G1 X97.182 Y99.225 E2.83096
G1 X97.424 Y98.739 E2.84934
G1 X97.744 Y98.318 E2.86724
G1 X98.127 Y97.972 E2.88471
G1 X98.615 Y97.683 E2.90391
G1 X99.117 Y97.509 E2.92189
G1 X99.644 Y97.443 E2.93987
G1 X100.152 Y97.479 E2.95711
G1 X100.696 Y97.641 E2.97632
G1 X101.109 Y97.867 E2.99226
G1 X101.58 Y98.209 E3.01196
G1 X102.043 Y98.628 E3.0331
G1 X102.414 Y99.206 E3.05635
G1 X102.583 Y99.693 E3.0738
G1 X102.639 Y100.042 E3.08576
G1 X102.631 Y100.612 E3.10506
G1 X102.433 Y101.346 E3.13079
G1 X102.153 Y101.856 E3.15048
G1 X101.807 Y102.264 E3.16859
G1 X101.382 Y102.607 E3.18708
G1 X100.89 Y102.87 E3.20596
G1 X100.345 Y103.04 E3.22528
G1 X99.764 Y103.105 E3.24507
G1 X99.164 Y103.058 E3.26544
G1 X98.643 Y102.916 E3.28372
G1 X98.293 Y102.723 F7800
G1 E1.28372 F2400
G92 E0
G1 X100.471 Y103.904 F7800
G1 E2 F2400
;TYPE:Perimeter
;WIDTH:0.56412
G1 F900
G1 X100.162 Y103.921 E2.01341
;WIDTH:0.530115
G1 X99.853 Y103.938 E2.02595
;WIDTH:0.54218
G1 X99.09 Y103.915 E2.05764
G1 E.05764 F2400
G92 E0
G1 X103.961 Y103.961 F7800
G1 E2 F2400
;WIDTH:0.449999
G1 F900
G1 X101.136 Y103.961 E2.09562
;WIDTH:0.48804
G1 X100.915 Y103.942 E2.10383
;WIDTH:0.52608
G1 X100.693 Y103.923 E2.11278
;WIDTH:0.56412
G1 X100.471 Y103.904 E2.12244
G1 X100.593 Y103.855 E2.12814
;WIDTH:0.526159
G1 X100.931 Y103.723 E2.14272
;WIDTH:0.488079
G1 X101.27 Y103.59 E2.1562
;WIDTH:0.449999
G1 X101.89 Y103.243 E2.18025
G1 X102.424 Y102.795 E2.20384
G1 X102.862 Y102.256 E2.22735
G1 X103.218 Y101.565 E2.25366
;WIDTH:0.493703
G1 X103.429 Y100.888 E2.28024
;WIDTH:0.504474
G1 X103.472 Y100.624 E2.29051
G1 X103.478 Y100.054 E2.31239
;WIDTH:0.536398
G1 X103.428 Y99.549 E2.33321
G1 X103.365 Y99.394 E2.34008
;WIDTH:0.491015
G1 X103.105 Y98.774 E2.36513
;WIDTH:0.449999
G1 X102.77 Y98.239 E2.3865
G1 X102.59 Y98.024 E2.39599
G1 X102.058 Y97.55 E2.42011
G1 X101.483 Y97.141 E2.44399
G1 X100.935 Y96.863 E2.46479
;WIDTH:0.487029
G1 X100.697 Y96.779 E2.47411
;WIDTH:0.524059
G1 X100.459 Y96.696 E2.48419
;WIDTH:0.561089
G1 X100.221 Y96.612 E2.49506
G1 X99.536 Y96.587 E2.52459
;WIDTH:0.578136
G1 X99.017 Y96.636 E2.54779
G1 X98.914 Y96.677 E2.55272
;WIDTH:0.544687
G1 X98.812 Y96.718 E2.55731
;WIDTH:0.511237
G1 X98.508 Y96.849 E2.5702
;WIDTH:0.480618
G1 X98.205 Y96.979 E2.5822
;WIDTH:0.449999
G1 X97.586 Y97.363 E2.60686
G1 X97.099 Y97.821 E2.62949
G1 X96.697 Y98.372 E2.65258
G1 X96.4 Y99 E2.67609
;WIDTH:0.495723
G1 X96.332 Y99.17 E2.68298
;WIDTH:0.541447
G1 X96.265 Y99.341 E2.69059
;WIDTH:0.587171
G1 X96.198 Y99.511 E2.69886
;WIDTH:0.632894
G1 X96.131 Y99.681 E2.70782
G1 X96.106 Y99.573 E2.71326
;WIDTH:0.583428
G1 X96.081 Y99.465 E2.71824
;WIDTH:0.533961
G1 X96.06 Y99.208 E2.72877
;WIDTH:0.49198
G1 X96.039 Y98.95 E2.73844
;WIDTH:0.449999
G1 X96.039 Y96.039 E2.83697
G1 X98.244 Y96.039 E2.91161
;WIDTH:0.492712
G1 X98.491 Y96.061 E2.92088
;WIDTH:0.535424
G1 X98.737 Y96.082 E2.93099
;WIDTH:0.578136
G1 X98.983 Y96.103 E2.94198
G1 X99.669 Y96.084 E2.97252
;WIDTH:0.561089
G1 X100.242 Y96.095 E2.99721
G1 X100.389 Y96.074 E3.00361
;WIDTH:0.520141
G1 X100.536 Y96.054 E3.0095
;WIDTH:0.479192
G1 X101.059 Y96.039 E3.02848
;WIDTH:0.449999
G1 X103.961 Y96.039 E3.12671
G1 X103.961 Y97.03 E3.16025
G1 X103.961 Y98.862 E3.22226
;WIDTH:0.493199
G1 X103.939 Y99.185 E3.23438
;WIDTH:0.536398
G1 X103.918 Y99.507 E3.24762
G1 X103.936 Y100.057 E3.2702
;WIDTH:0.500492
G1 X103.939 Y100.957 E3.30444
;WIDTH:0.493703
G1 X103.961 Y101.666 E3.33103
;WIDTH:0.449999
G1 X103.961 Y103.901 E3.40668
G1 E1.40668 F2400
G92 E0
G1 X98.266 Y103.624 F7800
G1 E2 F2400
G1 F900
G1 X98.395 Y103.692 E2.00494
;WIDTH:0.49609
G1 X98.743 Y103.803 E2.0187
;WIDTH:0.54218
G1 X99.09 Y103.915 E2.03384
G1 X98.89 Y103.938 E2.0422
;WIDTH:0.495858
G1 X98.358 Y103.961 E2.06225
;WIDTH:0.449999
G1 X96.039 Y103.961 E2.14075
G1 X96.039 Y101.902 E2.21044
;WIDTH:0.491076
G1 X96.06 Y101.732 E2.21682
;WIDTH:0.532153
G1 X96.08 Y101.562 E2.22378
;WIDTH:0.573229
G1 X96.101 Y101.392 E2.23133
;WIDTH:0.614306
G1 X96.121 Y101.221 E2.23951
;WIDTH:0.655382
G1 X96.142 Y101.051 E2.24823
G1 X96.182 Y101.124 E2.25247
;WIDTH:0.61261
G1 X96.222 Y101.197 E2.25641
;WIDTH:0.569838
G1 X96.347 Y101.48 E2.26996
;WIDTH:0.529892
G1 X96.472 Y101.763 E2.28249
;WIDTH:0.489946
G1 X96.597 Y102.046 E2.29399
;WIDTH:0.449999
G1 X96.969 Y102.643 E2.3178
G1 X97.174 Y102.881 E2.32843
G1 X97.754 Y103.355 E2.35378
G1 X98.213 Y103.596 E2.37133
G1 E.37133 F2400
G92 E0
G1 X96.142 Y101.051 F7800
G1 E2 F2400
;WIDTH:0.655382
G1 F900
G1 X96.125 Y100.746 E2.01556
;WIDTH:0.621423
G1 X96.108 Y100.442 E2.03021
;WIDTH:0.632894
G1 X96.131 Y99.681 E2.06756
G1 E.06756 F2400
G92 E0
G1 X104.368 Y104.368 F7800
G1 E2 F2400
;WIDTH:0.449999
G1 F900
G1 X95.632 Y104.368 E2.2957
G1 X95.632 Y95.632 E2.5914
G1 X104.368 Y95.632 E2.8871
G1 X104.368 Y97.03 E2.93442
G1 X104.368 Y104.308 E3.18077
G1 X104.775 Y104.775 F7800
;TYPE:External perimeter
G1 F900
G1 X95.225 Y104.775 E3.50403
G1 X95.225 Y95.225 E3.82729
G1 X104.775 Y95.225 E4.15055
G1 X104.775 Y97.03 E4.21165
G1 X104.775 Y104.715 E4.47178
G1 X104.379 Y104.774 F7800
G1 E2.47178 F2400
G92 E0
G1 X103.621 Y101.367 F7800
G1 E2 F2400
;TYPE:Solid infill
G1 F1200
G1 X103.656 Y101.669 E2.01029
G1 X103.656 Y103.656 E2.07755
G1 X101.862 Y103.635 E2.13828
G1 X102.088 Y103.475 E2.14765
G1 X102.636 Y103.013 E2.17191
G1 X102.773 Y102.848 E2.17917
G1 X103.13 Y102.401 E2.19853
G1 X103.399 Y101.92 E2.21718
G1 X103.545 Y101.556 E2.23046
G1 X103.23 Y103.141 F7800
;WIDTH:0.628032
G1 F1200
G1 X103.178 Y103.089 E2.23404
G1 X103.108 Y103.108 E2.23757
G1 X103.089 Y103.178 E2.2411
G1 X103.141 Y103.23 E2.24468
G1 X103.211 Y103.211 E2.24821
G1 E.24821 F2400
G92 E0
G1 X96.414 Y102.461 F7800
G1 E2 F2400
;WIDTH:0.588744
G1 F1200
G1 X96.647 Y102.836 E2.02004
G1 X96.888 Y103.127 E2.03719
G1 X97.442 Y103.586 E2.06984
G1 X96.414 Y103.586 E2.1165
G1 X96.414 Y102.664 E2.15835
G1 E.15835 F2400
G92 E0
G1 X97.774 Y96.344 F7800
G1 E2 F2400
;WIDTH:0.449999
G1 F1200
G1 X96.344 Y96.344 E2.0484
G1 X96.344 Y98.327 E2.11552
G1 X96.394 Y98.319 E2.11723
G1 X96.564 Y98.015 E2.12902
G1 X97.007 Y97.473 E2.15271
G1 X97.573 Y96.998 E2.17772
G1 X98.047 Y96.718 E2.19635
G1 X98.63 Y96.435 E2.21829
G1 X98.639 Y96.398 E2.21958
G1 X97.977 Y96.344 E2.24206
G1 X97.337 Y96.714 E2.26708
;WIDTH:0.374153
G1 X96.718 Y97.237 E2.2894
G1 X96.714 Y96.714 E2.3038
G1 X97.133 Y96.714 E2.31534
G1 E.31534 F2400
G92 E0
G1 X101.062 Y96.344 F7800
G1 E2 F2400
;WIDTH:0.449999
G1 F1200
G1 X103.656 Y96.344 E2.0878
G1 X103.656 Y98.853 E2.17273
G1 X103.616 Y99.115 E2.1817
G1 X103.594 Y99.104 E2.18253
G1 X103.36 Y98.607 E2.20112
G1 X103.032 Y98.083 E2.22204
G1 X102.789 Y97.792 E2.23487
G1 X102.232 Y97.299 E2.26005
G1 X101.645 Y96.883 E2.2844
G1 X101.258 Y96.67 E2.29935
G1 X100.574 Y96.388 E2.32439
G1 X100.859 Y96.362 E2.33408
G1 X102.284 Y96.79 F7800
;WIDTH:0.526828
G1 F1200
G1 X103.21 Y96.79 E2.37134
G1 X103.21 Y97.598 E2.40385
G1 X102.807 Y97.213 E2.42628
G1 X102.442 Y96.918 E2.44516
M106 S234.6
;LAYER_CHANGE
;Z:7.15
;HEIGHT:0.2
G1 E.44516 F2400
G92 E0
G1 Z7.15 F7800
G1 X97.788 Y102.489
G1 E2 F2400
;TYPE:Perimeter
;WIDTH:0.449999
G1 F900
G1 X97.545 Y102.311 E2.0102
G1 X97.111 Y101.841 E2.03185
G1 X96.866 Y101.474 E2.04679
G1 X96.632 Y100.983 E2.0652
G1 X96.451 Y100.328 E2.0882
G1 X96.398 Y99.65 E2.11122
G1 X96.489 Y99.075 E2.13093
G1 X96.802 Y98.298 E2.15928
G1 X97.109 Y97.873 E2.17703
G1 X97.507 Y97.481 E2.19594
G1 X98.051 Y97.106 E2.2183
G1 X98.667 Y96.837 E2.24105
G1 X99.474 Y96.682 E2.26887
G1 X100.081 Y96.691 E2.28942
G1 X100.679 Y96.816 E2.3101
G1 X101.234 Y97.045 E2.33042
G1 X101.725 Y97.367 E2.35029
G1 X102.174 Y97.807 E2.37157
G1 X102.508 Y98.293 E2.39153
G1 X102.729 Y98.803 E2.41034
G1 X102.862 Y99.452 E2.43276
G1 X102.861 Y99.986 E2.45084
G1 X102.764 Y100.496 E2.46841
G1 X102.567 Y101.115 E2.4904
G1 X102.335 Y101.641 E2.50986
G1 X101.944 Y102.166 E2.53202
G1 X101.76 Y102.362 E2.54112
G1 X101.232 Y102.745 E2.5632
G1 X100.692 Y102.986 E2.58322
G1 X100.014 Y103.13 E2.60668
G1 X99.393 Y103.131 E2.6277
G1 X98.754 Y103 E2.64978
G1 X98.062 Y102.689 E2.67546
G1 X97.837 Y102.524 E2.6849
G1 X98.027 Y102.164 F7800
;TYPE:External perimeter
G1 F900
G1 X97.793 Y101.988 E2.69481
G1 X97.415 Y101.57 E2.71389
G1 X97.234 Y101.299 E2.72492
G1 X97 Y100.808 E2.74333
G1 X96.845 Y100.226 E2.76372
G1 X96.804 Y99.625 E2.78411
G1 X96.901 Y99.112 E2.80178
G1 X97.177 Y98.456 E2.82587
G1 X97.395 Y98.163 E2.83823
G1 X97.793 Y97.772 E2.85712
G1 X98.276 Y97.445 E2.87686
G1 X98.823 Y97.213 E2.89697
G1 X99.543 Y97.083 E2.92174
G1 X100.066 Y97.098 E2.93945
G1 X100.589 Y97.213 E2.95758
G1 X101.072 Y97.419 E2.97535
G1 X101.496 Y97.703 E2.99262
G1 X101.883 Y98.092 E3.01119
G1 X102.167 Y98.515 E3.02844
G1 X102.365 Y98.998 E3.04611
G1 X102.462 Y99.526 E3.06428
G1 X102.45 Y100.013 E3.08077
G1 X102.36 Y100.433 E3.09531
G1 X102.18 Y100.989 E3.11509
G1 X101.964 Y101.475 E3.13309
G1 X101.52 Y102.033 E3.15723
G1 X100.993 Y102.416 E3.17928
G1 X100.608 Y102.588 E3.19355
G1 X99.929 Y102.732 E3.21704
G1 X99.403 Y102.724 E3.23485
G1 X98.843 Y102.603 E3.25424
G1 X98.236 Y102.321 E3.2769
G1 X98.075 Y102.2 E3.28372
G1 X97.766 Y101.946 F7800
G1 E1.28372 F2400
G92 E0
G1 X103.961 Y103.961 F7800
G1 E2 F2400
;TYPE:Perimeter
G1 F3600
G1 X100.838 Y103.961 E2.10571
;WIDTH:0.451815
G1 X99.856 Y103.96 E2.1391
;WIDTH:0.472696
G1 X98.602 Y103.961 E2.18391
;WIDTH:0.449999
G1 X96.039 Y103.961 E2.27066
G1 X96.039 Y100.996 E2.37102
;WIDTH:0.450748
G1 X96.04 Y100.351 E2.39289
G1 X96.057 Y100.43 E2.39563
;WIDTH:0.450594
G1 X96.265 Y101.158 E2.4213
;WIDTH:0.449999
G1 X96.499 Y101.649 E2.43971
G1 X96.808 Y102.113 E2.45858
G1 X97.298 Y102.634 E2.48279
G1 X97.888 Y103.057 E2.50736
G1 X98.665 Y103.397 E2.53607
;WIDTH:0.457794
G1 X99.383 Y103.542 E2.56134
;WIDTH:0.459684
G1 X100.099 Y103.533 E2.58615
G1 X100.981 Y103.318 E2.61761
;WIDTH:0.449999
G1 X101.471 Y103.074 E2.63614
G1 X101.999 Y102.691 E2.65822
G1 X102.263 Y102.418 E2.67107
G1 X102.707 Y101.807 E2.69664
G1 X102.954 Y101.24 E2.71757
G1 X103.135 Y100.684 E2.73736
;WIDTH:0.494893
G1 X103.194 Y100.521 E2.74387
;WIDTH:0.539786
G1 X103.253 Y100.358 E2.75103
;WIDTH:0.584679
G1 X103.313 Y100.195 E2.75885
;WIDTH:0.592714
G1 X103.34 Y99.998 E2.76794
;WIDTH:0.598618
G1 X103.335 Y99.365 E2.79719
G1 X103.259 Y99.126 E2.80878
;WIDTH:0.549079
G1 X103.182 Y98.887 E2.81935
;WIDTH:0.499539
G1 X103.106 Y98.648 E2.82887
;WIDTH:0.449999
G1 X102.849 Y98.071 E2.85025
G1 X102.465 Y97.523 E2.8729
G1 X101.954 Y97.03 E2.89693
G1 X101.396 Y96.672 E2.91937
G1 X100.769 Y96.419 E2.94226
G1 X100.432 Y96.372 E2.95378
;WIDTH:0.409531
G1 X100.094 Y96.325 E2.96418
;WIDTH:0.369062
G1 X99.411 Y96.321 E2.9827
;WIDTH:0.405413
G1 X98.961 Y96.393 E2.99644
;WIDTH:0.442745
G1 X98.512 Y96.465 E3.01156
;WIDTH:0.449999
G1 X97.825 Y96.767 E3.03696
G1 X97.202 Y97.21 E3.06284
G1 X96.728 Y97.691 E3.0857
G1 X96.427 Y98.14 E3.104
G1 X96.151 Y98.797 E3.12812
G1 X96.024 Y99.423 E3.14974
G1 X96.039 Y98.993 E3.1643
G1 X96.039 Y96.039 E3.26429
G1 X98.697 Y96.028 E3.35426
;WIDTH:0.427206
G1 X99.137 Y96.011 E3.36833
;WIDTH:0.393449
G1 X99.578 Y95.994 E3.38119
;WIDTH:0.369062
G1 X100.101 Y95.999 E3.39537
;WIDTH:0.409531
G1 X100.456 Y96.019 E3.40621
;WIDTH:0.449999
G1 X100.811 Y96.039 E3.41825
G1 X103.961 Y96.039 E3.52487
G1 X103.961 Y96.912 E3.55442
G1 X103.961 Y98.779 E3.61762
;WIDTH:0.499539
G1 X103.936 Y98.958 E3.62448
;WIDTH:0.549079
G1 X103.911 Y99.136 E3.63205
;WIDTH:0.598618
G1 X103.887 Y99.315 E3.64039
G1 X103.892 Y99.597 E3.65342
;WIDTH:0.602829
G1 X103.884 Y100.208 E3.68187
G1 X103.904 Y100.322 E3.68726
;WIDTH:0.564622
G1 X103.923 Y100.436 E3.69227
;WIDTH:0.526414
G1 X103.942 Y100.549 E3.69688
;WIDTH:0.488207
G1 X103.961 Y100.663 E3.70116
;WIDTH:0.449999
G1 X103.961 Y103.901 E3.81076
G1 E1.81076 F2400
G92 E0
G1 X96.04 Y100.351 F7800
G1 E2 F2400
;WIDTH:0.450748
G1 F900
G1 X96.015 Y99.674 E2.02297
;WIDTH:0.418742
G1 X96.024 Y99.423 E2.03082
G1 E.03082 F2400
G92 E0
G1 X104.368 Y104.368 F7800
G1 E2 F2400
;WIDTH:0.449999
G1 F900
G1 X95.632 Y104.368 E2.2957
G1 X95.632 Y95.632 E2.5914
G1 X104.368 Y95.632 E2.8871
G1 X104.368 Y96.912 E2.93043
G1 X104.368 Y104.308 E3.18078
G1 X104.775 Y104.775 F7800
;TYPE:External perimeter
G1 F900
G1 X95.225 Y104.775 E3.50404
G1 X95.225 Y95.225 E3.8273
G1 X104.775 Y95.225 E4.15056
G1 X104.775 Y96.912 E4.20766
G1 X104.775 Y104.715 E4.47178
G1 X104.379 Y104.774 F7800
G1 E2.47178 F2400
G92 E0
G1 X101.057 Y103.624 F7800
G1 E2 F2400
;TYPE:Solid infill
G1 F1200
G1 X101.44 Y103.443 E2.01434
G1 X102.168 Y102.946 E2.04418
G1 X102.442 Y102.684 E2.05701
G1 X102.811 Y102.218 E2.07713
G1 X102.989 Y101.925 E2.08873
G1 X103.246 Y101.329 E2.1107
G1 X103.452 Y100.675 E2.13391
G1 X103.58 Y100.451 E2.14264
G1 X103.656 Y100.68 E2.15081
G1 X103.656 Y103.655 E2.25151
G1 X101.261 Y103.628 E2.33258
G1 X102.492 Y103.227 F7800
;WIDTH:0.485214
G1 F1200
G1 X102.836 Y102.87 E2.35081
G1 X103.231 Y102.348 E2.37488
G1 X103.231 Y103.229 E2.40728
G1 X102.696 Y103.228 E2.42696
G1 E.42696 F2400
G92 E0
G1 X96.344 Y102.918 F7800
G1 E2 F2400
;WIDTH:0.449999
G1 F1200
G1 X96.359 Y102.026 E2.0302
G1 X96.925 Y102.702 E2.06004
G1 X97.091 Y102.841 E2.06737
G1 X97.547 Y103.205 E2.08712
G1 X98.371 Y103.616 E2.11829
G1 X98.383 Y103.656 E2.1197
G1 X96.344 Y103.656 E2.18872
G1 X96.344 Y103.122 E2.2068
G1 X96.786 Y103.136 E2.22177
;WIDTH:0.552506
G1 X96.741 Y103.181 E2.22447
G1 X96.758 Y103.242 E2.22715
G1 X96.819 Y103.259 E2.22983
G1 X96.864 Y103.214 E2.23253
G1 X96.848 Y103.152 E2.23524
G1 E.23524 F2400
G92 E0
G1 X96.763 Y96.698 F7800
G1 E2 F2400
;WIDTH:0.408076
G1 F1200
G1 X96.775 Y96.742 E2.00138
G1 X96.698 Y96.763 E2.0038
G1 X96.719 Y96.686 E2.00622
;WIDTH:0.449999
G1 X96.344 Y96.548 E2.01975
G1 X96.344 Y97.645 E2.05688
G1 X96.381 Y97.643 E2.05813
G1 X97.206 Y96.813 E2.09774
G1 X97.651 Y96.516 E2.11585
G1 X97.919 Y96.365 E2.12626
G1 X97.892 Y96.344 E2.12742
G1 X96.344 Y96.344 E2.17982
G1 E.17982 F2400
G92 E0
G1 X101.48 Y96.387 F7800
G1 E2 F2400
G1 F1200
G1 X101.511 Y96.344 E2.00179
G1 X103.656 Y96.344 E2.0744
G1 X103.656 Y98.731 E2.1552
G1 X103.583 Y99.028 E2.16555
G1 X103.456 Y98.767 E2.17537
G1 X103.207 Y98.099 E2.1995
G1 X102.863 Y97.533 E2.22192
G1 X102.305 Y96.927 E2.2498
G1 X101.744 Y96.518 E2.2733
G1 X101.662 Y96.478 E2.27639
G1 X102.66 Y96.733 F7800
;WIDTH:0.413009
G1 F1200
G1 X103.267 Y96.733 E2.29507
G1 X103.267 Y97.449 E2.3171
G1 X103.124 Y97.237 E2.32497
G1 X102.798 Y96.883 E2.33978
;LAYER_CHANGE
;Z:7.35
;HEIGHT:0.2
G1 E.33978 F2400
G92 E0
G1 Z7.35 F7800
G1 X99.359 Y96.452
G1 E2 F2400
;TYPE:Perimeter
;WIDTH:0.449999
G1 F900
G1 X99.755 Y96.379 E2.01363
G1 X100.361 Y96.388 E2.03414
G1 X101.079 Y96.575 E2.05925
G1 X101.692 Y96.894 E2.08264
G1 X102.323 Y97.426 E2.11058
G1 X102.73 Y97.953 E2.13312
G1 X103.015 Y98.521 E2.15463
G1 X103.185 Y99.122 E2.17577
G1 X103.239 Y99.73 E2.19643
G1 X103.187 Y100.268 E2.21473
G1 X102.985 Y100.952 E2.23887
G1 X102.69 Y101.495 E2.25979
G1 X102.346 Y101.909 E2.27801
G1 X101.837 Y102.322 E2.3002
G1 X101.242 Y102.617 E2.32268
G1 X100.487 Y102.774 E2.34878
G1 X99.695 Y102.786 E2.37559
G1 X99.554 Y102.772 E2.38039
G1 X99.014 Y102.694 E2.39886
G1 X98.277 Y102.392 E2.42582
G1 X97.843 Y102.089 E2.44374
G1 X97.354 Y101.554 E2.46827
G1 X96.995 Y100.908 E2.49329
G1 X96.811 Y100.272 E2.5157
G1 X96.768 Y99.528 E2.54093
G1 X96.862 Y98.905 E2.56226
G1 X97.074 Y98.312 E2.58358
G1 X97.4 Y97.759 E2.60531
G1 X97.948 Y97.167 E2.63262
G1 X98.515 Y96.768 E2.65609
G1 X99.136 Y96.493 E2.67908
G1 X99.3 Y96.463 E2.68472
G1 X99.444 Y96.843 F7800
;TYPE:External perimeter
G1 F900
G1 X99.817 Y96.782 E2.69751
G1 X100.349 Y96.795 E2.71552
G1 X100.967 Y96.966 E2.73722
G1 X101.496 Y97.251 E2.75756
G1 X102.055 Y97.733 E2.78254
G1 X102.403 Y98.195 E2.80212
G1 X102.648 Y98.698 E2.82106
G1 X102.791 Y99.226 E2.83958
G1 X102.832 Y99.759 E2.85767
G1 X102.797 Y100.153 E2.87106
G1 X102.595 Y100.836 E2.89517
G1 X102.338 Y101.292 E2.91289
G1 X102.089 Y101.593 E2.92611
G1 X101.58 Y102.006 E2.9483
G1 X101.072 Y102.247 E2.96733
G1 X100.414 Y102.374 E2.99001
G1 X99.613 Y102.369 E3.01712
G1 X99.073 Y102.291 E3.03559
G1 X98.442 Y102.02 E3.05884
G1 X98.108 Y101.779 E3.07278
G1 X97.655 Y101.28 E3.09559
G1 X97.357 Y100.72 E3.11706
G1 X97.205 Y100.167 E3.13647
G1 X97.174 Y99.513 E3.15863
G1 X97.263 Y98.975 E3.17709
G1 X97.455 Y98.456 E3.19582
G1 X97.748 Y97.972 E3.21497
G1 X98.242 Y97.448 E3.23935
G1 X98.743 Y97.106 E3.25988
G1 X99.295 Y96.868 E3.28023
G1 X99.385 Y96.853 E3.28332
G1 X99.78 Y96.792 F7800
G1 E1.28332 F2400
G92 E0
G1 X103.961 Y103.961 F7800
G1 E2 F2400
;TYPE:Perimeter
G1 F3600
G1 X101.251 Y103.961 E2.09173
;WIDTH:0.496766
G1 X101.096 Y103.937 E2.09765
;WIDTH:0.543533
G1 X100.941 Y103.914 E2.10417
;WIDTH:0.5903
G1 X100.787 Y103.891 E2.11126
;WIDTH:0.637067
G1 X100.632 Y103.867 E2.11901
G1 X100.381 Y103.87 E2.13141
;WIDTH:0.637774
G1 X99.491 Y103.867 E2.17543
G1 X99.378 Y103.89 E2.18113
;WIDTH:0.590831
G1 X99.266 Y103.914 E2.18635
;WIDTH:0.543887
G1 X99.153 Y103.937 E2.19115
;WIDTH:0.496943
G1 X99.04 Y103.961 E2.19551
;WIDTH:0.449999
G1 X96.039 Y103.961 E2.29709
G1 X96.024 Y100.161 E2.42572
;WIDTH:0.419147
G1 X96.022 Y99.301 E2.45262
;WIDTH:0.453707
G1 X96.039 Y98.05 E2.49535
;WIDTH:0.449999
G1 X96.039 Y96.039 E2.56342
G1 X98.399 Y96.039 E2.6433
;WIDTH:0.463792
G1 X99.197 Y96.046 E2.67123
G1 X98.976 Y96.115 E2.67933
;WIDTH:0.455582
G1 X98.288 Y96.43 E2.70529
;WIDTH:0.449999
G1 X97.654 Y96.885 E2.7317
G1 X97.053 Y97.546 E2.76194
G1 X96.693 Y98.169 E2.7863
;WIDTH:0.459064
G1 X96.457 Y98.835 E2.81075
G1 X96.419 Y99.189 E2.82307
;WIDTH:0.433234
G1 X96.382 Y99.543 E2.83462
;WIDTH:0.433534
G1 X96.426 Y100.374 E2.86165
;WIDTH:0.449999
G1 X96.634 Y101.095 E2.88705
G1 X97.052 Y101.827 E2.91558
G1 X97.664 Y102.468 E2.94558
G1 X98.112 Y102.764 E2.96376
G1 X98.69 Y103.02 E2.98516
G1 X99.101 Y103.118 E2.99946
;WIDTH:0.497879
G1 X99.196 Y103.156 E3.00333
;WIDTH:0.545758
G1 X99.292 Y103.194 E3.00765
;WIDTH:0.593637
G1 X99.387 Y103.232 E3.01234
;WIDTH:0.641516
G1 X99.482 Y103.27 E3.01743
G1 X99.696 Y103.283 E3.0281
;WIDTH:0.637067
G1 X100.577 Y103.267 E3.07163
G1 X100.786 Y103.197 E3.08252
;WIDTH:0.5903
G1 X100.994 Y103.127 E3.09251
;WIDTH:0.543533
G1 X101.203 Y103.057 E3.10168
;WIDTH:0.496766
G1 X101.412 Y102.987 E3.11
;WIDTH:0.449999
G1 X102.093 Y102.638 E3.1359
G1 X102.602 Y102.225 E3.15809
G1 X103.043 Y101.699 E3.18132
G1 X103.375 Y101.067 E3.20548
G1 X103.592 Y100.269 E3.23347
;WIDTH:0.426314
G1 X103.622 Y99.703 E3.25154
;WIDTH:0.440872
G1 X103.574 Y99.019 E3.27423
;WIDTH:0.449999
G1 X103.382 Y98.345 E3.29795
G1 X103.057 Y97.711 E3.32207
G1 X102.591 Y97.12 E3.34755
G1 X101.888 Y96.537 E3.37846
G1 X101.192 Y96.183 E3.40489
G1 X100.62 Y96.029 E3.42494
G1 X103.961 Y96.039 E3.53803
G1 X103.961 Y96.758 E3.56237
G1 X103.975 Y99.194 E3.64483
;WIDTH:0.422222
G1 X103.983 Y99.875 E3.66631
;WIDTH:0.43448
G1 X103.969 Y100.439 E3.68468
;WIDTH:0.449999
G1 X103.961 Y103.901 E3.80186
G1 E1.80186 F2400
G92 E0
G1 X99.197 Y96.046 F7800
G1 E2 F2400
;WIDTH:0.463792
G1 F900
G1 X99.448 Y96.027 E2.00881
;WIDTH:0.425644
G1 X99.699 Y96.008 E2.01682
;WIDTH:0.391974
G1 X100.373 Y96.01 E2.03638
;WIDTH:0.430588
G1 X100.62 Y96.029 E2.04437
G1 E.04437 F2400
G92 E0
G1 X104.368 Y104.368 F7800
G1 E2 F2400
;WIDTH:0.449999
G1 F900
G1 X95.632 Y104.368 E2.2957
G1 X95.632 Y95.632 E2.5914
G1 X104.368 Y95.632 E2.8871
G1 X104.368 Y96.758 E2.92521
G1 X104.368 Y104.308 E3.18077
G1 X104.775 Y104.775 F7800
;TYPE:External perimeter
G1 F900
G1 X95.225 Y104.775 E3.50403
G1 X95.225 Y95.225 E3.82729
G1 X104.775 Y95.225 E4.15055
G1 X104.775 Y96.758 E4.20244
G1 X104.775 Y104.715 E4.47177
G1 X104.379 Y104.774 F7800
G1 E2.47177 F2400
G92 E0
G1 X103.628 Y101.249 F7800
G1 E2 F2400
;TYPE:Solid infill
G1 F1200
G1 X103.667 Y101.24 E2.00135
G1 X103.656 Y103.656 E2.08313
G1 X101.318 Y103.656 E2.16227
G1 X100.89 Y103.541 E2.17727
G1 X101.252 Y103.354 E2.19106
G1 X101.99 Y103.057 E2.21799
G1 X102.291 Y102.871 E2.22997
G1 X102.814 Y102.443 E2.25285
G1 X103.197 Y102.01 E2.27242
G1 X103.528 Y101.426 E2.29514
G1 X103.254 Y102.563 F7800
;WIDTH:0.450705
G1 F1200
G1 X103.25 Y103.248 E2.31837
G1 X102.459 Y103.248 E2.34519
G1 X102.919 Y102.886 E2.36504
G1 X103.107 Y102.704 E2.37391
G1 E.37391 F2400
G92 E0
G1 X103.452 Y96.344 F7800
G1 E2 F2400
;WIDTH:0.449999
G1 F1200
G1 X102.193 Y96.344 E2.04262
G1 X102.909 Y97.008 E2.07567
G1 X103.417 Y97.719 E2.10525
G1 X103.646 Y98.153 E2.12186
G1 X103.656 Y96.344 E2.18309
G1 X103.294 Y96.745 E2.20138
;WIDTH:0.464552
G1 X103.257 Y96.708 E2.20321
G1 X103.206 Y96.722 E2.20506
G1 X103.192 Y96.772 E2.20688
G1 X103.229 Y96.81 E2.20874
G1 X103.28 Y96.796 E2.21059
G1 E.21059 F2400
G92 E0
G1 X97.083 Y96.344 F7800
G1 E2 F2400
;WIDTH:0.449999
G1 F1200
G1 X96.345 Y96.344 E2.02498
G1 X96.351 Y98.119 E2.08506
G1 X96.402 Y98.107 E2.08683
G1 X96.524 Y97.827 E2.09717
G1 X96.946 Y97.188 E2.12309
G1 X97.429 Y96.678 E2.14687
G1 X97.825 Y96.363 E2.164
G1 X97.287 Y96.344 E2.18222
G1 X96.818 Y96.75 E2.20322
;WIDTH:0.475308
G1 X96.78 Y96.712 E2.20515
G1 X96.728 Y96.726 E2.20709
G1 X96.714 Y96.778 E2.20903
G1 X96.752 Y96.816 E2.21096
G1 X96.804 Y96.802 E2.2129
G1 E.2129 F2400
G92 E0
G1 X96.376 Y101.26 F7800
G1 E2 F2400
;WIDTH:0.449999
G1 F1200
G1 X96.629 Y101.748 E2.01861
G1 X96.831 Y102.038 E2.03057
G1 X97.381 Y102.629 E2.0579
G1 X97.993 Y103.045 E2.08295
G1 X98.56 Y103.296 E2.10394
G1 X99.004 Y103.406 E2.11942
G1 X99.235 Y103.551 E2.12865
G1 X99.017 Y103.656 E2.13684
G1 X96.344 Y103.656 E2.22732
G1 X96.344 Y101.448 E2.30206
G1 X96.748 Y102.543 F7800
;WIDTH:0.442442
G1 F1200
G1 X97.152 Y102.961 E2.32137
G1 X97.576 Y103.252 E2.33845
G1 X96.748 Y103.252 E2.36596
G1 X96.748 Y102.747 E2.38274
;LAYER_CHANGE
;Z:7.55
;HEIGHT:0.2
G1 E.38274 F2400
G92 E0
G1 Z7.55 F7800
G1 X100.315 Y96.699
G1 E2 F2400
;TYPE:Perimeter
;WIDTH:0.449999
G1 F900
G1 X100.589 Y96.687 E2.00928
G1 X101.247 Y96.81 E2.03194
G1 X101.999 Y97.136 E2.05968
G1 X102.552 Y97.533 E2.08272
G1 X103.108 Y98.152 E2.11088
G1 X103.382 Y98.68 E2.13102
G1 X103.582 Y99.421 E2.157
G1 X103.576 Y100.147 E2.18158
G1 X103.375 Y100.959 E2.20989
G1 X103.051 Y101.609 E2.23447
G1 X102.629 Y102.143 E2.25751
G1 X102.124 Y102.571 E2.27992
G1 X101.521 Y102.899 E2.30315
G1 X100.912 Y103.086 E2.32471
G1 X100.325 Y103.147 E2.34469
G1 X99.65 Y103.081 E2.36765
G1 X99.005 Y102.868 E2.39064
G1 X98.43 Y102.522 E2.41336
G1 X98.012 Y102.133 E2.43269
G1 X97.705 Y101.713 E2.4503
G1 X97.483 Y101.252 E2.46762
G1 X97.275 Y100.627 E2.48992
G1 X97.14 Y99.973 E2.51252
G1 X97.156 Y99.297 E2.53541
G1 X97.381 Y98.522 E2.56273
G1 X97.672 Y98.005 E2.58281
G1 X98.048 Y97.566 E2.60237
G1 X98.437 Y97.249 E2.61936
G1 X99.07 Y96.907 E2.64371
G1 X99.681 Y96.727 E2.66527
G1 X100.255 Y96.701 E2.68472
G1 X100.314 Y97.103 F7800
;TYPE:External perimeter
G1 F900
G1 X100.599 Y97.094 E2.69437
G1 X101.162 Y97.208 E2.71381
G1 X101.831 Y97.507 E2.73861
G1 X102.308 Y97.858 E2.75866
G1 X102.801 Y98.419 E2.78394
G1 X103.027 Y98.89 E2.80162
G1 X103.187 Y99.521 E2.82365
G1 X103.169 Y100.129 E2.84424
G1 X102.982 Y100.855 E2.86962
G1 X102.69 Y101.42 E2.89115
G1 X102.314 Y101.885 E2.91139
G1 X101.867 Y102.255 E2.93103
G1 X101.333 Y102.538 E2.95149
G1 X100.8 Y102.694 E2.97029
G1 X100.29 Y102.742 E2.98763
G1 X99.698 Y102.676 E3.00779
G1 X99.141 Y102.485 E3.02772
G1 X98.647 Y102.178 E3.04741
G1 X98.272 Y101.813 E3.06512
G1 X98.02 Y101.447 E3.08016
G1 X97.844 Y101.06 E3.09455
G1 X97.662 Y100.501 E3.11445
G1 X97.539 Y99.893 E3.13545
G1 X97.563 Y99.319 E3.1549
G1 X97.77 Y98.645 E3.17877
G1 X98.044 Y98.183 E3.19695
G1 X98.374 Y97.816 E3.21366
G1 X98.631 Y97.607 E3.22487
G1 X99.264 Y97.266 E3.24921
G1 X99.786 Y97.12 E3.26756
G1 X100.254 Y97.105 E3.28341
G1 X100.654 Y97.115 F7800
G1 E1.28341 F2400
G92 E0
G1 X103.961 Y103.961 F7800
G1 E2 F2400
;TYPE:Perimeter
G1 F3600
G1 X101.604 Y103.961 E2.07978
;WIDTH:0.471115
G1 X100.129 Y103.96 E2.1323
;WIDTH:0.460143
G1 X98.747 Y103.961 E2.18024
;WIDTH:0.449999
G1 X96.039 Y103.961 E2.2719
G1 X96.039 Y100.719 E2.38164
;WIDTH:0.49505
G1 X96.062 Y100.52 E2.38917
;WIDTH:0.540101
G1 X96.084 Y100.321 E2.39745
;WIDTH:0.585152
G1 X96.107 Y100.122 E2.40648
;WIDTH:0.588136
G1 X96.108 Y99.781 E2.42194
;WIDTH:0.601911
G1 X96.115 Y99.257 E2.4463
G1 X96.093 Y99.14 E2.45183
;WIDTH:0.557083
G1 X96.07 Y99.022 E2.45697
;WIDTH:0.512254
G1 X96.048 Y98.905 E2.46162
;WIDTH:0.467425
G1 X96.039 Y98.251 E2.48471
;WIDTH:0.449999
G1 X96.039 Y96.039 E2.55958
G1 X99.042 Y96.039 E2.66123
G1 X99.426 Y96.021 E2.67424
;WIDTH:0.413261
G1 X99.81 Y96.002 E2.68608
;WIDTH:0.379298
G1 X100.844 Y96.004 E2.715
;WIDTH:0.414649
G1 X101.108 Y96.021 E2.72318
;WIDTH:0.449999
G1 X101.371 Y96.039 E2.7321
G1 X103.961 Y96.039 E2.81977
G1 X103.961 Y96.721 E2.84285
G1 X103.969 Y99.322 E2.93089
G1 X103.751 Y98.507 E2.95945
G1 X103.416 Y97.885 E2.98336
G1 X102.796 Y97.207 E3.01446
G1 X102.168 Y96.766 E3.04043
G1 X101.332 Y96.412 E3.07116
G1 X100.956 Y96.367 E3.08398
;WIDTH:0.408397
G1 X100.579 Y96.321 E3.09552
;WIDTH:0.385032
G1 X99.669 Y96.346 E3.12142
;WIDTH:0.417516
G1 X99.383 Y96.404 E3.13051
;WIDTH:0.449999
G1 X99.097 Y96.461 E3.14038
G1 X98.877 Y96.549 E3.1484
G1 X98.244 Y96.891 E3.17275
G1 X97.744 Y97.296 E3.19453
G1 X97.323 Y97.796 E3.21665
G1 X96.993 Y98.399 E3.23992
;WIDTH:0.487977
G1 X96.914 Y98.617 E3.2485
;WIDTH:0.525955
G1 X96.834 Y98.835 E3.25783
;WIDTH:0.563933
G1 X96.754 Y99.054 E3.26793
;WIDTH:0.601911
G1 X96.674 Y99.272 E3.27872
G1 X96.653 Y99.796 E3.3031
;WIDTH:0.588136
G1 X96.674 Y100.066 E3.31538
;WIDTH:0.585152
G1 X96.745 Y100.295 E3.32619
;WIDTH:0.540101
G1 X96.817 Y100.524 E3.33611
;WIDTH:0.49505
G1 X96.888 Y100.753 E3.34512
;WIDTH:0.449999
G1 X97.112 Y101.421 E3.36897
G1 X97.371 Y101.946 E3.38879
G1 X97.728 Y102.425 E3.40901
G1 X98.212 Y102.866 E3.43117
G1 X98.869 Y103.252 E3.45696
;WIDTH:0.485222
G1 X99.601 Y103.502 E3.48541
G1 X100.36 Y103.553 E3.51339
;WIDTH:0.468971
G1 X101.026 Y103.486 E3.5371
G1 X101.709 Y103.26 E3.56259
;WIDTH:0.449999
G1 X102.382 Y102.886 E3.58865
G1 X102.943 Y102.401 E3.61375
G1 X103.411 Y101.799 E3.63956
G1 X103.769 Y101.064 E3.66723
G1 X103.965 Y100.295 E3.69409
;WIDTH:0.444229
G1 X103.964 Y100.382 E3.69699
;WIDTH:0.449999
G1 X103.961 Y103.901 E3.8161
G1 E1.8161 F2400
G92 E0
G1 X103.969 Y99.322 F7800
G1 E2 F2400
;WIDTH:0.434226
G1 F900
G1 X103.972 Y100.165 E2.02743
;WIDTH:0.442616
G1 X103.965 Y100.295 E2.03176
G1 E.03176 F2400
G92 E0
G1 X104.368 Y104.368 F7800
G1 E2 F2400
;WIDTH:0.449999
G1 F900
G1 X95.632 Y104.368 E2.2957
G1 X95.632 Y95.632 E2.5914
G1 X104.368 Y95.632 E2.8871
G1 X104.368 Y96.721 E2.92396
G1 X104.368 Y104.308 E3.18077
G1 X104.775 Y104.775 F7800
;TYPE:External perimeter
G1 F900
G1 X95.225 Y104.775 E3.50403
G1 X95.225 Y95.225 E3.82729
G1 X104.775 Y95.225 E4.15055
G1 X104.775 Y96.721 E4.20119
G1 X104.775 Y104.715 E4.47178
G1 X104.379 Y104.774 F7800
G1 E2.47178 F2400
G92 E0
G1 X101.592 Y103.639 F7800
G1 E2 F2400
;TYPE:Solid infill
G1 F1200
G1 X101.857 Y103.528 E2.00973
G1 X102.374 Y103.254 E2.02954
G1 X103.014 Y102.76 E2.05691
G1 X103.641 Y102.028 E2.08953
G1 X103.656 Y102.033 E2.09007
G1 X103.656 Y103.656 E2.14501
G1 X101.796 Y103.643 E2.20797
G1 X103.182 Y103.138 F7800
;WIDTH:0.54927
G1 F1200
G1 X103.138 Y103.182 E2.21059
G1 X103.154 Y103.244 E2.21329
G1 X103.215 Y103.26 E2.21595
G1 X103.26 Y103.215 E2.21863
G1 X103.244 Y103.154 E2.22129
G1 E.22129 F2400
G92 E0
G1 X102.056 Y96.344 F7800
G1 E2 F2400
;WIDTH:0.449999
G1 F1200
G1 X103.656 Y96.344 E2.05416
G1 X103.656 Y97.696 E2.09992
G1 X103.189 Y97.158 E2.12403
G1 X102.514 Y96.618 E2.15329
G1 X102.204 Y96.462 E2.16504
G1 E.16504 F2400
G92 E0
G1 X96.344 Y98.25 F7800
G1 E2 F2400
G1 F1200
G1 X96.344 Y96.344 E2.06452
G1 X98.552 Y96.36 E2.13926
G1 X98.542 Y96.383 E2.14011
G1 X98.072 Y96.64 E2.15824
G1 X97.507 Y97.102 E2.18294
G1 X97.054 Y97.651 E2.20703
G1 X96.702 Y98.308 E2.23226
G1 X96.499 Y98.894 E2.25325
G1 X96.417 Y99.031 E2.25865
G1 X96.361 Y98.885 E2.26394
G1 X96.35 Y98.453 E2.27857
G1 X96.732 Y97.437 F7800
;WIDTH:0.411537
G1 F1200
G1 X96.732 Y96.732 E2.30018
G1 X97.342 Y96.732 E2.31888
G1 X97.058 Y97.035 E2.33161
G1 X96.86 Y97.279 E2.34124
G1 E.34124 F2400
G92 E0
G1 X96.344 Y100.958 F7800
G1 E2 F2400
;WIDTH:0.449999
G1 F1200
G1 X96.344 Y103.656 E2.09132
G1 X98.747 Y103.656 E2.17266
G1 X98.982 Y103.63 E2.18066
G1 X98.49 Y103.404 E2.19899
G1 X97.856 Y102.972 E2.22496
G1 X97.469 Y102.595 E2.24325
G1 X97.017 Y101.94 E2.27019
G1 X96.785 Y101.421 E2.28943
G1 X96.565 Y100.721 E2.31427
G1 X96.447 Y100.454 E2.32415
G1 X96.408 Y100.458 E2.32548
G1 X96.344 Y100.754 E2.33573
G1 X96.766 Y102.321 F7800
;WIDTH:0.479689
G1 F1200
G1 X97.147 Y102.869 E2.35997
G1 X97.516 Y103.234 E2.37882
G1 X96.766 Y103.234 E2.40606
G1 X96.766 Y102.524 E2.43185
M106 S226.95
;LAYER_CHANGE
;Z:7.75
;HEIGHT:0.2
G1 E.43185 F2400
G92 E0
G1 Z7.75 F7800
G1 X103.452 Y99.574
G1 E2 F2400
;TYPE:Perimeter
;WIDTH:0.449999
G1 F900
G1 X103.634 Y99.979 E2.01503
G1 X103.585 Y100.571 E2.03514
G1 X103.418 Y101.223 E2.05792
G1 X103.16 Y101.788 E2.07894
G1 X102.746 Y102.373 E2.1032
G1 X102.218 Y102.873 E2.12781
G1 X101.65 Y103.233 E2.15057
G1 X101.11 Y103.416 E2.16987
G1 X100.484 Y103.506 E2.19128
G1 X99.861 Y103.486 E2.21238
G1 X99.274 Y103.36 E2.2327
G1 X98.724 Y103.138 E2.25278
G1 X98.121 Y102.742 E2.2772
G1 X97.712 Y102.331 E2.29683
G1 X97.565 Y102.157 E2.30454
G1 X97.267 Y101.666 E2.32398
G1 X97.061 Y101.132 E2.34335
G1 X96.95 Y100.462 E2.36634
G1 X96.974 Y99.858 E2.3868
G1 X97.136 Y99.231 E2.40872
G1 X97.394 Y98.708 E2.42846
G1 X97.692 Y98.313 E2.44521
G1 X98.114 Y97.927 E2.46457
G1 X98.589 Y97.582 E2.48444
G1 X99.064 Y97.302 E2.5031
G1 X99.479 Y97.152 E2.51804
G1 X100.143 Y97.042 E2.54082
G1 X100.688 Y97.061 E2.55928
G1 X101.237 Y97.188 E2.57835
G1 X101.708 Y97.389 E2.59568
G1 X102.191 Y97.705 E2.61522
G1 X102.621 Y98.117 E2.63538
G1 X102.974 Y98.613 E2.65599
G1 X103.233 Y99.177 E2.677
G1 X103.307 Y99.465 E2.68707
G1 X103.426 Y99.521 E2.69152
G1 X103.167 Y99.847 F7800
;TYPE:External perimeter
G1 F900
G1 X103.226 Y99.996 E2.69694
G1 X103.179 Y100.536 E2.71529
G1 X103.025 Y101.116 E2.7356
G1 X102.792 Y101.613 E2.75418
G1 X102.417 Y102.134 E2.77591
G1 X101.943 Y102.573 E2.79778
G1 X101.438 Y102.885 E2.81787
G1 X100.96 Y103.033 E2.83481
G1 X100.431 Y103.103 E2.85287
G1 X99.882 Y103.079 E2.87147
G1 X99.365 Y102.964 E2.8894
G1 X98.882 Y102.763 E2.90711
G1 X98.351 Y102.406 E2.92877
G1 X97.939 Y101.98 E2.94883
G1 X97.614 Y101.455 E2.96973
G1 X97.434 Y100.959 E2.98759
G1 X97.352 Y100.403 E3.00661
G1 X97.381 Y99.884 E3.0242
G1 X97.528 Y99.341 E3.04324
G1 X97.772 Y98.869 E3.06123
G1 X97.97 Y98.611 E3.07224
G1 X98.353 Y98.256 E3.08992
G1 X98.828 Y97.911 E3.10979
G1 X99.216 Y97.68 E3.12507
G1 X99.546 Y97.553 E3.13704
G1 X100.21 Y97.444 E3.15982
G1 X100.698 Y97.473 E3.17637
G1 X101.172 Y97.595 E3.19294
G1 X101.574 Y97.778 E3.20789
G1 X101.989 Y98.063 E3.22493
G1 X102.358 Y98.435 E3.24267
G1 X102.657 Y98.876 E3.2607
G1 X102.86 Y99.34 E3.27784
G1 X102.958 Y99.775 E3.29293
G1 X103.122 Y99.817 E3.29866
G1 X103.2 Y100.209 F7800
G1 X104.001 Y99.979
;TYPE:Perimeter
;WIDTH:0.395257
G1 F900
G1 X103.988 Y100.292 E3.30784
;WIDTH:0.420626
G1 X103.976 Y100.605 E3.31768
;WIDTH:0.432022
G1 X103.97 Y100.693 E3.32053
G1 X104.001 Y99.979 F7800
;WIDTH:0.409944
G1 F900
G1 X103.803 Y99.496 E3.33646
;WIDTH:0.449999
G1 X103.605 Y99.014 E3.3541
G1 X103.309 Y98.383 E3.37769
G1 X102.908 Y97.828 E3.40087
G1 X102.552 Y97.475 E3.41784
G1 X102.031 Y97.104 E3.43949
G1 X101.504 Y96.851 E3.45928
;WIDTH:0.491131
G1 X101.306 Y96.775 E3.46718
;WIDTH:0.532262
G1 X101.109 Y96.699 E3.47577
;WIDTH:0.573393
G1 X100.911 Y96.623 E3.48512
G1 X100.717 Y96.603 E3.49372
;WIDTH:0.554539
G1 X100.069 Y96.591 E3.52129
;WIDTH:0.577239
G1 X99.729 Y96.633 E3.53651
;WIDTH:0.605426
G1 X99.39 Y96.675 E3.55249
G1 X99.27 Y96.737 E3.55881
;WIDTH:0.56657
G1 X99.151 Y96.8 E3.56467
;WIDTH:0.527713
G1 X99.032 Y96.862 E3.57008
;WIDTH:0.488856
G1 X98.913 Y96.924 E3.57506
;WIDTH:0.449999
G1 X98.349 Y97.253 E3.59716
G1 X97.874 Y97.598 E3.61703
G1 X97.415 Y98.015 E3.63802
G1 X97.033 Y98.52 E3.65945
G1 X96.744 Y99.121 E3.68202
;WIDTH:0.492016
G1 X96.654 Y99.366 E3.69177
;WIDTH:0.534033
G1 X96.563 Y99.611 E3.70244
G1 X96.538 Y99.831 E3.71148
;WIDTH:0.511195
G1 X96.521 Y100.525 E3.73851
;WIDTH:0.542459
G1 X96.582 Y101.079 E3.76166
G1 X96.621 Y101.178 E3.76608
;WIDTH:0.516204
G1 X96.659 Y101.277 E3.77025
;WIDTH:0.489948
G1 X96.919 Y101.878 E3.79459
;WIDTH:0.449999
G1 X97.217 Y102.368 E3.814
G1 X97.417 Y102.612 E3.82468
G1 X97.892 Y103.079 E3.84723
G1 X98.389 Y103.417 E3.86757
G1 X99.014 Y103.703 E3.89084
;WIDTH:0.497211
G1 X99.334 Y103.808 E3.90356
;WIDTH:0.544422
G1 X99.653 Y103.914 E3.91758
G1 X99.407 Y103.937 E3.92788
;WIDTH:0.497211
G1 X99.16 Y103.961 E3.93725
;WIDTH:0.449999
G1 X96.039 Y103.961 E4.04289
G1 X96.039 Y101.834 E4.11489
;WIDTH:0.496229
G1 X96.062 Y101.475 E4.12845
;WIDTH:0.542459
G1 X96.085 Y101.116 E4.14339
G1 X96.062 Y100.293 E4.17759
;WIDTH:0.534033
G1 X96.081 Y99.545 E4.20815
G1 X96.06 Y99.285 E4.2188
;WIDTH:0.492016
G1 X96.039 Y99.025 E4.22854
;WIDTH:0.449999
G1 X96.039 Y96.039 E4.32961
G1 X98.742 Y96.039 E4.4211
;WIDTH:0.488568
G1 X98.895 Y96.058 E4.42681
;WIDTH:0.527137
G1 X99.048 Y96.078 E4.43302
;WIDTH:0.565706
G1 X99.201 Y96.097 E4.43972
;WIDTH:0.604275
G1 X99.355 Y96.116 E4.44696
G1 X99.84 Y96.101 E4.46961
;WIDTH:0.572917
G1 X100.326 Y96.085 E4.49104
;WIDTH:0.573393
G1 X100.976 Y96.101 E4.51972
G1 X101.127 Y96.08 E4.52644
;WIDTH:0.532262
G1 X101.278 Y96.06 E4.53264
;WIDTH:0.491131
G1 X101.43 Y96.039 E4.53836
;WIDTH:0.449999
G1 X103.961 Y96.039 E4.62403
G1 X103.961 Y96.872 E4.65223
G1 X103.961 Y99.1 E4.72765
G1 X103.981 Y99.539 E4.74253
;WIDTH:0.409944
G1 X103.998 Y99.919 E4.75414
G1 X103.97 Y100.693 F7800
;WIDTH:0.436222
G1 F900
G1 X103.968 Y100.786 E4.75718
;WIDTH:0.449999
G1 X103.961 Y103.961 E4.86465
G1 X101.666 Y103.961 E4.94233
;WIDTH:0.492668
G1 X101.484 Y103.94 E4.94918
;WIDTH:0.535336
G1 X101.302 Y103.918 E4.95669
;WIDTH:0.578004
G1 X101.121 Y103.897 E4.9648
G1 X101.239 Y103.847 E4.9705
;WIDTH:0.536358
G1 X101.55 Y103.714 E4.98438
;WIDTH:0.493179
G1 X101.862 Y103.58 E4.99709
;WIDTH:0.449999
G1 X102.493 Y103.174 E5.02249
G1 X103.075 Y102.613 E5.04985
G1 X103.527 Y101.963 E5.07665
G1 X103.81 Y101.329 E5.10015
G1 X103.955 Y100.751 E5.12032
G1 E3.12032 F2400
G92 E0
G1 X101.121 Y103.897 F7800
G1 E2 F2400
;WIDTH:0.578004
G1 F900
G1 X100.83 Y103.916 E2.01297
;WIDTH:0.539533
G1 X100.54 Y103.935 E2.02497
;WIDTH:0.518752
G1 X99.84 Y103.926 E2.05267
;WIDTH:0.544422
G1 X99.653 Y103.914 E2.06048
G1 E.06048 F2400
G92 E0
G1 X104.368 Y104.368 F7800
G1 E2 F2400
;WIDTH:0.449999
G1 F900
G1 X95.632 Y104.368 E2.2957
G1 X95.632 Y95.632 E2.5914
G1 X104.368 Y95.632 E2.8871
G1 X104.368 Y96.872 E2.92907
G1 X104.368 Y104.308 E3.18077
G1 X104.775 Y104.775 F7800
;TYPE:External perimeter
G1 F900
G1 X95.225 Y104.775 E3.50403
G1 X95.225 Y95.225 E3.82729
G1 X104.775 Y95.225 E4.15055
G1 X104.775 Y96.872 E4.2063
G1 X104.775 Y104.715 E4.47178
G1 X104.379 Y104.774 F7800
G1 E2.47178 F2400
G92 E0
G1 X103.584 Y102.54 F7800
G1 E2 F2400
;TYPE:Solid infill
;WIDTH:0.592542
G1 F1200
G1 X103.584 Y103.584 E2.04771
G1 X102.555 Y103.583 E2.09474
G1 X102.75 Y103.448 E2.10558
G1 X103.222 Y103.011 E2.13498
G1 X103.46 Y102.701 E2.15284
G1 E.15284 F2400
G92 E0
G1 X101.443 Y96.344 F7800
G1 E2 F2400
;WIDTH:0.449999
G1 F1200
G1 X103.656 Y96.344 E2.07491
G1 X103.656 Y97.705 E2.12098
G1 X103.635 Y98.321 E2.14184
G1 X103.605 Y98.309 E2.14293
G1 X103.264 Y97.781 E2.16421
G1 X102.745 Y97.24 E2.18959
G1 X102.173 Y96.836 E2.21329
G1 X101.247 Y96.398 E2.24796
G1 X102.633 Y96.71 F7800
;WIDTH:0.367356
G1 F1200
G1 X103.29 Y96.71 E2.26568
G1 X103.29 Y97.277 E2.28098
G1 X103.039 Y97.013 E2.29081
G1 X102.796 Y96.832 E2.29898
G1 E.29898 F2400
G92 E0
G1 X98.521 Y96.344 F7800
G1 E2 F2400
;WIDTH:0.449999
G1 F1200
G1 X96.344 Y96.344 E2.07369
G1 X96.344 Y99.016 E2.16413
G1 X96.382 Y99.138 E2.16846
G1 X96.756 Y98.391 E2.19674
G1 X97.186 Y97.816 E2.22104
G1 X97.682 Y97.362 E2.2438
G1 X98.167 Y97.008 E2.26412
G1 X98.607 Y96.737 E2.28161
G1 X99.048 Y96.499 E2.29857
G1 X99.139 Y96.428 E2.30248
G1 X98.725 Y96.344 E2.31678
G1 X97.713 Y96.789 F7800
;WIDTH:0.524154
G1 F1200
G1 X97.191 Y97.208 E2.34356
G1 X96.789 Y97.605 E2.36617
G1 X96.789 Y96.789 E2.39882
G1 X97.51 Y96.789 E2.42767
G1 E.42767 F2400
G92 E0
G1 X96.374 Y101.504 F7800
G1 E2 F2400
;WIDTH:0.449999
G1 F1200
G1 X96.411 Y101.513 E2.00129
G1 X96.661 Y102.041 E2.02106
G1 X96.975 Y102.552 E2.04136
G1 X97.531 Y103.17 E2.0695
G1 X98.151 Y103.639 E2.09581
G1 X98.146 Y103.656 E2.09641
G1 X96.344 Y103.656 E2.15741
G1 X96.344 Y102.09 E2.21042
G1 X96.364 Y101.707 E2.2234
G1 X96.915 Y103.137 F7800
;WIDTH:0.63491
G1 F1200
G1 X96.863 Y103.085 E2.22702
G1 X96.792 Y103.104 E2.23064
G1 X96.773 Y103.175 E2.23426
G1 X96.825 Y103.227 E2.23788
G1 X96.896 Y103.208 E2.2415
;LAYER_CHANGE
;Z:7.95
;HEIGHT:0.2
G1 E.2415 F2400
G92 E0
G1 Z7.95 F7800
G1 X103.444 Y99.56
G1 E2 F2400
;TYPE:Perimeter
;WIDTH:0.449999
G1 F900
G1 X103.505 Y99.604 E2.00255
G1 X103.632 Y100.007 E2.01685
G1 X103.604 Y100.417 E2.03076
G1 X103.432 Y101.175 E2.05707
G1 X103.146 Y101.81 E2.08064
G1 X102.729 Y102.393 E2.1049
G1 X102.281 Y102.824 E2.12594
G1 X101.731 Y103.191 E2.14832
G1 X101.126 Y103.451 E2.17061
G1 X100.544 Y103.589 E2.19086
G1 X99.875 Y103.628 E2.21354
G1 X99.136 Y103.525 E2.2388
G1 X98.513 Y103.312 E2.26109
G1 X98.016 Y103.038 E2.2803
G1 X97.449 Y102.579 E2.30499
G1 X97.08 Y102.087 E2.32581
G1 X96.814 Y101.542 E2.34634
G1 X96.622 Y100.82 E2.37163
G1 X96.58 Y100.207 E2.39243
G1 X96.663 Y99.542 E2.41511
G1 X96.905 Y98.845 E2.44008
G1 X97.294 Y98.222 E2.46494
G1 X97.745 Y97.758 E2.48684
G1 X98.303 Y97.384 E2.50958
G1 X98.923 Y97.141 E2.53212
G1 X99.58 Y97.039 E2.55463
G1 X100.154 Y97.067 E2.57408
G1 X100.589 Y97.169 E2.5892
G1 X101.023 Y97.345 E2.60505
G1 X101.355 Y97.542 E2.61812
G1 X101.975 Y97.997 E2.64415
G1 X102.409 Y98.432 E2.66495
G1 X102.759 Y99.013 E2.68791
G1 X102.901 Y99.368 E2.70085
G1 X103.224 Y99.402 E2.71184
G1 X103.395 Y99.525 E2.71897
G1 X103.162 Y99.838 F7800
;TYPE:External perimeter
G1 F900
G1 X103.183 Y99.854 E2.71986
G1 X103.226 Y99.988 E2.72462
G1 X103.207 Y100.327 E2.73611
G1 X103.035 Y101.086 E2.76245
G1 X102.779 Y101.635 E2.78295
G1 X102.402 Y102.151 E2.80458
G1 X102.003 Y102.526 E2.82311
G1 X101.51 Y102.849 E2.84306
G1 X100.971 Y103.074 E2.86283
G1 X100.455 Y103.192 E2.88075
G1 X99.857 Y103.221 E2.90102
G1 X99.198 Y103.123 E2.92357
G1 X98.652 Y102.929 E2.94318
G1 X98.272 Y102.722 E2.95783
G1 X97.705 Y102.263 E2.98252
G1 X97.399 Y101.828 E3.00052
G1 X97.182 Y101.368 E3.01774
G1 X97.016 Y100.721 E3.04035
G1 X96.987 Y100.188 E3.05842
G1 X97.066 Y99.599 E3.07854
G1 X97.287 Y98.986 E3.1006
G1 X97.635 Y98.445 E3.12237
G1 X98.031 Y98.048 E3.14135
G1 X98.522 Y97.727 E3.16121
G1 X99.064 Y97.523 E3.18081
G1 X99.634 Y97.442 E3.2003
G1 X100.069 Y97.465 E3.21504
G1 X100.442 Y97.548 E3.22797
G1 X100.818 Y97.697 E3.24166
G1 X101.735 Y98.325 E3.27928
G1 X102.116 Y98.715 E3.29773
G1 X102.479 Y99.36 E3.32278
G1 X102.585 Y99.775 E3.33728
G1 X103.09 Y99.786 E3.35438
G1 X103.113 Y99.803 E3.35535
G1 X103.206 Y100.193 F7800
G1 X103.724 Y99.28
;TYPE:Perimeter
G1 F900
G1 X103.358 Y99.018 E3.37059
G1 X103.202 Y98.978 E3.37604
G1 X102.701 Y98.149 E3.40883
G1 X102.216 Y97.668 E3.43195
G1 X101.595 Y97.214 E3.45799
G1 X101.227 Y96.993 E3.47252
G1 X100.737 Y96.789 E3.49049
;WIDTH:0.488391
G1 X100.575 Y96.731 E3.49686
;WIDTH:0.526783
G1 X100.414 Y96.672 E3.50376
;WIDTH:0.565174
G1 X100.252 Y96.613 E3.51125
G1 X100.085 Y96.598 E3.51853
;WIDTH:0.551233
G1 X99.52 Y96.588 E3.54241
;WIDTH:0.581061
G1 X98.991 Y96.64 E3.5662
G1 X98.882 Y96.688 E3.57153
;WIDTH:0.541393
G1 X98.774 Y96.735 E3.57641
;WIDTH:0.501724
G1 X98.429 Y96.888 E3.59081
;WIDTH:0.475862
G1 X98.084 Y97.041 E3.6044
;WIDTH:0.449999
G1 X97.459 Y97.468 E3.63002
G1 X96.953 Y98 E3.65487
G1 X96.523 Y98.705 E3.68282
;WIDTH:0.494372
G1 X96.449 Y98.858 E3.6892
;WIDTH:0.538745
G1 X96.374 Y99.011 E3.69622
;WIDTH:0.583117
G1 X96.299 Y99.164 E3.70387
;WIDTH:0.62749
G1 X96.225 Y99.317 E3.71213
;WIDTH:0.671862
G1 X96.15 Y99.47 E3.72104
G1 X96.127 Y99.389 E3.72544
;WIDTH:0.626446
G1 X96.105 Y99.308 E3.72951
;WIDTH:0.58103
G1 X96.082 Y99.226 E3.73332
;WIDTH:0.535614
G1 X96.061 Y98.922 E3.7458
;WIDTH:0.492807
G1 X96.039 Y98.618 E3.7572
;WIDTH:0.449999
G1 X96.039 Y96.039 E3.8445
G1 X98.12 Y96.039 E3.91494
;WIDTH:0.493687
G1 X98.398 Y96.061 E3.92539
;WIDTH:0.537374
G1 X98.677 Y96.083 E3.9369
;WIDTH:0.581061
G1 X98.955 Y96.105 E3.94938
G1 X99.734 Y96.085 E3.98425
;WIDTH:0.565174
G1 X100.307 Y96.097 E4.00914
G1 X100.497 Y96.078 E4.01743
;WIDTH:0.526783
G1 X100.687 Y96.058 E4.02512
;WIDTH:0.488391
G1 X100.877 Y96.039 E4.03219
;WIDTH:0.449999
G1 X103.961 Y96.039 E4.13658
G1 X103.961 Y97.023 E4.16989
G1 X103.961 Y99.308 E4.24723
G1 X103.981 Y99.643 E4.25859
;WIDTH:0.410323
G1 X104.001 Y99.979 E4.26887
G1 X103.913 Y99.666 E4.2788
;WIDTH:0.449999
G1 X103.826 Y99.354 E4.28976
G1 X103.773 Y99.315 E4.29199
G1 X104.001 Y99.979 F7800
;WIDTH:0.399922
G1 F900
G1 X103.986 Y100.454 E4.3061
G1 X103.981 Y100.503 F7800
;WIDTH:0.449999
G1 F900
G1 X103.961 Y101.28 E4.33241
G1 X103.961 Y103.961 E4.42316
G1 X101.123 Y103.961 E4.51922
G1 X100.584 Y103.978 E4.53747
;WIDTH:0.418806
G1 X100.629 Y103.974 E4.53888
;WIDTH:0.449999
G1 X101.28 Y103.827 E4.56147
G1 X101.952 Y103.533 E4.5863
G1 X102.558 Y103.122 E4.61108
G1 X103.056 Y102.635 E4.63466
G1 X103.514 Y101.985 E4.66157
G1 X103.829 Y101.265 E4.68817
G1 X103.969 Y100.562 E4.71243
G1 E2.71243 F2400
G92 E0
G1 X100.584 Y103.978 F7800
G1 E2 F2400
;WIDTH:0.41478
G1 F900
G1 X99.89 Y103.998 E2.02147
;WIDTH:0.412238
G1 X99.617 Y103.98 E2.02987
;WIDTH:0.447971
G1 X99.344 Y103.962 E2.03908
;WIDTH:0.483704
G1 X99.071 Y103.944 E2.04911
G1 X98.868 Y103.953 E2.05656
;WIDTH:0.466473
G1 X98.328 Y103.961 E2.07558
;WIDTH:0.449999
G1 X96.039 Y103.961 E2.15306
G1 X96.039 Y101.57 E2.23399
;WIDTH:0.493428
G1 X96.061 Y101.393 E2.24067
;WIDTH:0.536856
G1 X96.083 Y101.216 E2.248
;WIDTH:0.580284
G1 X96.104 Y101.04 E2.25592
;WIDTH:0.623712
G1 X96.126 Y100.863 E2.26453
G1 X96.159 Y100.936 E2.2684
;WIDTH:0.589265
G1 X96.255 Y101.195 E2.28095
;WIDTH:0.542843
G1 X96.35 Y101.455 E2.29246
;WIDTH:0.496421
G1 X96.446 Y101.715 E2.30291
;WIDTH:0.449999
G1 X96.662 Y102.175 E2.32011
G1 X96.994 Y102.681 E2.3406
G1 X97.193 Y102.896 E2.35052
G1 X97.915 Y103.458 E2.38149
G1 X98.375 Y103.694 E2.39899
;WIDTH:0.483704
G1 X99.015 Y103.924 E2.42392
G1 E.42392 F2400
G92 E0
G1 X96.126 Y100.863 F7800
G1 E2 F2400
;WIDTH:0.623712
G1 F900
G1 X96.107 Y100.23 E2.03058
;WIDTH:0.628314
G1 X96.128 Y99.85 E2.0491
;WIDTH:0.671862
G1 X96.15 Y99.47 E2.06901
G1 E.06901 F2400
G92 E0
G1 X104.368 Y104.368 F7800
G1 E2 F2400
;WIDTH:0.449999
G1 F900
G1 X95.632 Y104.368 E2.2957
G1 X95.632 Y95.632 E2.5914
G1 X104.368 Y95.632 E2.8871
G1 X104.368 Y97.023 E2.93418
G1 X104.368 Y104.308 E3.18077
G1 X104.775 Y104.775 F7800
;TYPE:External perimeter
G1 F900
G1 X95.225 Y104.775 E3.50403
G1 X95.225 Y95.225 E3.82729
G1 X104.775 Y95.225 E4.15055
G1 X104.775 Y97.023 E4.21141
G1 X104.775 Y104.715 E4.47177
G1 X104.379 Y104.774 F7800
G1 X103.841 Y103.036
;TYPE:Top solid infill
;WIDTH:0.427493
G1 F900
G1 X103.42 Y102.615 E4.49081
G1 X103.179 Y102.917 E4.50317
G1 X103.681 Y103.419 E4.52587
G1 X103.681 Y103.681 E4.53425
G1 X103.398 Y103.681 E4.5433
G1 X102.902 Y103.185 E4.56573
G1 X102.609 Y103.436 E4.57807
G1 X103.015 Y103.841 E4.59641
G1 E2.59641 F2400
G92 E0
G1 X97.486 Y103.841 F7800
G1 E2 F2400
;WIDTH:0.428368
G1 F900
G1 X96.319 Y102.675 E2.05287
G1 X96.319 Y103.22 E2.07034
G1 X96.941 Y103.841 E2.09851
G1 E.09851 F2400
G92 E0
G1 X98.232 Y96.169 F7800
G1 E2 F2400
;WIDTH:0.408375
G1 F900
G1 X98.562 Y96.499 E2.01418
G1 X98.214 Y96.668 E2.02594
G1 X97.865 Y96.319 E2.04094
G1 X97.348 Y96.319 E2.05665
G1 X97.873 Y96.844 E2.07921
G1 X97.557 Y97.045 E2.09059
G1 X96.832 Y96.319 E2.12177
G1 X96.319 Y96.319 E2.13736
G1 X97.263 Y97.268 E2.17804
G1 X97.003 Y97.525 E2.18915
G1 X96.319 Y96.841 E2.21854
G1 X96.319 Y97.358 E2.23425
G1 X96.758 Y97.797 E2.25312
G1 X96.55 Y98.105 E2.26441
G1 X96.159 Y97.714 E2.28121
G1 E.28121 F2400
G92 E0
G1 X103.018 Y96.159 F7800
G1 E2 F2400
;WIDTH:0.447792
G1 F900
G1 X103.681 Y96.821 E2.03154
G1 X103.681 Y97.394 E2.05083
G1 X102.606 Y96.319 E2.10201
G1 X102.034 Y96.319 E2.12127
G1 X103.681 Y97.966 E2.19968
G1 X103.681 Y98.539 E2.21897
G1 X101.465 Y96.324 E2.32445
G1 X100.899 Y96.33 E2.34351
G1 X101.741 Y97.172 E2.3836
G1 E.3836 F2400
G92 E0
M107
;TYPE:Custom
; Filament-specific end gcode 
;END gcode for filament
M104 S0 ; turn off temperature
G28 X0  ; home X axis
M84     ; disable motors
; objects_info = {"objects":[]}
; filament used [mm] = 276.11
; filament used [cm3] = 0.66
; total filament used [g] = 0.00
; total filament cost = 0.00
; total filament used for wipe tower [g] = 0.00
; estimated printing time (normal mode) = 9m 0s
; estimated first layer printing time (normal mode) = 11s

; prusaslicer_config = begin
; arc_fitting = disabled
; autoemit_temperature_commands = 1
; automatic_extrusion_widths = 0
; automatic_infill_combination = 0
; automatic_infill_combination_max_layer_height = 100%
; avoid_crossing_curled_overhangs = 0
; avoid_crossing_perimeters = 0
; avoid_crossing_perimeters_max_detour = 0
; bed_shape = 0x0,200x0,200x200,0x200
; bed_temperature = 0
; bed_temperature_extruder = 0
; before_layer_gcode = 
; between_objects_gcode = 
; binary_gcode = 0
; bottom_fill_pattern = monotonic
; bottom_solid_layers = 3
; bottom_solid_min_thickness = 0
; bridge_acceleration = 0
; bridge_angle = 0
; bridge_fan_speed = 100
; bridge_flow_ratio = 1
; bridge_speed = 60
; brim_separation = 0
; brim_type = outer_only
; brim_width = 0
; chamber_minimal_temperature = 0
; chamber_temperature = 0
; color_change_gcode = M600
; colorprint_heights = 
; complete_objects = 0
; cooling = 1
; cooling_tube_length = 5
; cooling_tube_retraction = 91.5
; default_acceleration = 0
; deretract_speed = 0
; disable_fan_first_layers = 3
; dont_support_bridges = 1
; draft_shield = disabled
; duplicate_distance = 6
; elefant_foot_compensation = 0
; enable_dynamic_fan_speeds = 0
; enable_dynamic_overhang_speeds = 0
; end_filament_gcode = "; Filament-specific end gcode \n;END gcode for filament\n"
; end_gcode = M104 S0 ; turn off temperature\nG28 X0  ; home X axis\nM84     ; disable motors\n
; ensure_vertical_shell_thickness = enabled
; external_perimeter_acceleration = 0
; external_perimeter_extrusion_width = 0
; external_perimeter_speed = 50%
; external_perimeters_first = 0
; extra_loading_move = -2
; extra_perimeters = 1
; extra_perimeters_on_overhangs = 0
; extruder_clearance_height = 20
; extruder_clearance_radius = 20
; extruder_colour = ""
; extruder_offset = 0x0
; extrusion_axis = E
; extrusion_multiplier = 1
; extrusion_width = 0
; fan_always_on = 0
; fan_below_layer_time = 60
; filament_abrasive = 0
; filament_colour = #29B2B2
; filament_cooling_final_speed = 3.4
; filament_cooling_initial_speed = 2.2
; filament_cooling_moves = 4
; filament_cost = 0
; filament_density = 0
; filament_diameter = 1.75
; filament_infill_max_crossing_speed = 0
; filament_infill_max_speed = 0
; filament_load_time = 0
; filament_loading_speed = 28
; filament_loading_speed_start = 3
; filament_max_volumetric_speed = 0
; filament_minimal_purge_on_wipe_tower = 15
; filament_multitool_ramming = 0
; filament_multitool_ramming_flow = 10
; filament_multitool_ramming_volume = 10
; filament_notes = ""
; filament_purge_multiplier = 100%
; filament_ramming_parameters = "120 100 6.6 6.8 7.2 7.6 7.9 8.2 8.7 9.4 9.9 10.0| 0.05 6.6 0.45 6.8 0.95 7.8 1.45 8.3 1.95 9.7 2.45 10 2.95 7.6 3.45 7.6 3.95 7.6 4.45 7.6 4.95 7.6"
; filament_seam_gap_distance = 15%
; filament_settings_id = ""
; filament_shrinkage_compensation_xy = 0%
; filament_shrinkage_compensation_z = 0%
; filament_soluble = 0
; filament_spool_weight = 0
; filament_stamping_distance = 0
; filament_stamping_loading_speed = 20
; filament_toolchange_delay = 0
; filament_type = PLA
; filament_unload_time = 0
; filament_unloading_speed = 90
; filament_unloading_speed_start = 100
; fill_angle = 45
; fill_density = 20%
; fill_pattern = stars
; first_layer_acceleration = 0
; first_layer_acceleration_over_raft = 0
; first_layer_bed_temperature = 0
; first_layer_extrusion_width = 200%
; first_layer_height = 0.35
; first_layer_infill_speed = 0
; first_layer_speed = 30
; first_layer_speed_over_raft = 30
; first_layer_temperature = 200
; full_fan_speed_layer = 0
; fuzzy_skin = none
; fuzzy_skin_point_dist = 0.8
; fuzzy_skin_thickness = 0.3
; gap_fill_enabled = 1
; gap_fill_speed = 20
; gcode_comments = 0
; gcode_flavor = reprap
; gcode_label_objects = disabled
; gcode_resolution = 0.0125
; gcode_substitutions = 
; high_current_on_filament_swap = 0
; idle_temperature = nil
; infill_acceleration = 0
; infill_anchor = 600%
; infill_anchor_max = 50
; infill_every_layers = 1
; infill_extruder = 1
; infill_extrusion_width = 0
; infill_first = 0
; infill_overlap = 25%
; infill_speed = 80
; interface_shells = 0
; interlocking_beam = 0
; interlocking_beam_layer_count = 2
; interlocking_beam_width = 0.8
; interlocking_boundary_avoidance = 2
; interlocking_depth = 2
; interlocking_orientation = 22.5
; ironing = 0
; ironing_flowrate = 15%
; ironing_spacing = 0.1
; ironing_speed = 15
; ironing_type = top
; layer_gcode = 
; layer_height = 0.2
; machine_limits_usage = time_estimate_only
; machine_max_acceleration_e = 10000,5000
; machine_max_acceleration_extruding = 1500,1250
; machine_max_acceleration_retracting = 1500,1250
; machine_max_acceleration_travel = 1500,1250
; machine_max_acceleration_x = 9000,1000
; machine_max_acceleration_y = 9000,1000
; machine_max_acceleration_z = 500,200
; machine_max_feedrate_e = 120,120
; machine_max_feedrate_x = 500,200
; machine_max_feedrate_y = 500,200
; machine_max_feedrate_z = 12,12
; machine_max_jerk_e = 2.5,2.5
; machine_max_jerk_x = 10,10
; machine_max_jerk_y = 10,10
; machine_max_jerk_z = 0.2,0.4
; machine_min_extruding_rate = 0,0
; machine_min_travel_rate = 0,0
; max_fan_speed = 100
; max_layer_height = 0
; max_print_height = 200
; max_print_speed = 80
; max_volumetric_extrusion_rate_slope_negative = 0
; max_volumetric_extrusion_rate_slope_positive = 0
; max_volumetric_speed = 0
; min_bead_width = 85%
; min_fan_speed = 35
; min_feature_size = 25%
; min_layer_height = 0.07
; min_print_speed = 10
; min_skirt_length = 0
; mmu_segmented_region_interlocking_depth = 0
; mmu_segmented_region_max_width = 0
; multimaterial_purging = 140
; notes = 
; nozzle_diameter = 0.4
; nozzle_high_flow = 0
; only_one_perimeter_first_layer = 0
; only_retract_when_crossing_perimeters = 0
; ooze_prevention = 0
; output_filename_format = [input_filename_base].gcode
; over_bridge_speed = 0
; overhang_fan_speed_0 = 0
; overhang_fan_speed_1 = 0
; overhang_fan_speed_2 = 0
; overhang_fan_speed_3 = 0
; overhang_speed_0 = 15
; overhang_speed_1 = 15
; overhang_speed_2 = 20
; overhang_speed_3 = 25
; overhangs = 1
; parking_pos_retraction = 92
; pause_print_gcode = M601
; perimeter_acceleration = 0
; perimeter_extruder = 1
; perimeter_extrusion_width = 0
; perimeter_generator = arachne
; perimeter_speed = 60
; perimeters = 3
; physical_printer_settings_id = 
; post_process = 
; prefer_clockwise_movements = 0
; print_settings_id = 
; printer_model = 
; printer_notes = 
; printer_settings_id = 
; printer_technology = FFF
; raft_contact_distance = 0.1
; raft_expansion = 1.5
; raft_first_layer_density = 90%
; raft_first_layer_expansion = 3
; raft_layers = 0
; remaining_times = 0
; resolution = 0
; retract_before_travel = 2
; retract_before_wipe = 0%
; retract_layer_change = 0
; retract_length = 2
; retract_length_toolchange = 10
; retract_lift = 0
; retract_lift_above = 0
; retract_lift_below = 0
; retract_restart_extra = 0
; retract_restart_extra_toolchange = 0
; retract_speed = 40
; scarf_seam_entire_loop = 0
; scarf_seam_length = 20
; scarf_seam_max_segment_length = 1
; scarf_seam_on_inner_perimeters = 0
; scarf_seam_only_on_smooth = 1
; scarf_seam_placement = nowhere
; scarf_seam_start_height = 0%
; seam_gap_distance = 15%
; seam_position = aligned
; silent_mode = 1
; single_extruder_multi_material = 0
; single_extruder_multi_material_priming = 1
; skirt_distance = 6
; skirt_height = 1
; skirts = 1
; slice_closing_radius = 0.049
; slicing_mode = regular
; slowdown_below_layer_time = 5
; small_perimeter_speed = 15
; solid_infill_acceleration = 0
; solid_infill_below_area = 70
; solid_infill_every_layers = 0
; solid_infill_extruder = 1
; solid_infill_extrusion_width = 0
; solid_infill_speed = 20
; spiral_vase = 0
; staggered_inner_seams = 0
; standby_temperature_delta = -5
; start_filament_gcode = "; Filament gcode\n"
; start_gcode = G28 ; home all axes\nG1 Z5 F5000 ; lift nozzle\n
; support_material = 0
; support_material_angle = 0
; support_material_auto = 1
; support_material_bottom_contact_distance = 0
; support_material_bottom_interface_layers = -1
; support_material_buildplate_only = 0
; support_material_closing_radius = 2
; support_material_contact_distance = 0.2
; support_material_enforce_layers = 0
; support_material_extruder = 1
; support_material_extrusion_width = 0
; support_material_interface_contact_loops = 0
; support_material_interface_extruder = 1
; support_material_interface_layers = 3
; support_material_interface_pattern = rectilinear
; support_material_interface_spacing = 0
; support_material_interface_speed = 100%
; support_material_pattern = rectilinear
; support_material_spacing = 2.5
; support_material_speed = 60
; support_material_style = grid
; support_material_synchronize_layers = 0
; support_material_threshold = 0
; support_material_with_sheath = 1
; support_material_xy_spacing = 50%
; support_tree_angle = 40
; support_tree_angle_slow = 25
; support_tree_branch_diameter = 2
; support_tree_branch_diameter_angle = 5
; support_tree_branch_diameter_double_wall = 3
; support_tree_branch_distance = 1
; support_tree_tip_diameter = 0.8
; support_tree_top_rate = 15%
; temperature = 200
; template_custom_gcode = 
; thick_bridges = 1
; thin_walls = 1
; thumbnails = 
; thumbnails_format = PNG
; toolchange_gcode = 
; top_fill_pattern = monotonic
; top_infill_extrusion_width = 0
; top_one_perimeter_type = none
; top_solid_infill_acceleration = 0
; top_solid_infill_speed = 15
; top_solid_layers = 3
; top_solid_min_thickness = 0
; travel_acceleration = 0
; travel_lift_before_obstacle = 0
; travel_max_lift = 0
; travel_ramping_lift = 0
; travel_slope = 0
; travel_speed = 130
; travel_speed_z = 0
; use_firmware_retraction = 0
; use_relative_e_distances = 0
; use_volumetric_e = 0
; variable_layer_height = 1
; wall_distribution_count = 1
; wall_transition_angle = 10
; wall_transition_filter_deviation = 25%
; wall_transition_length = 100%
; wipe = 0
; wipe_into_infill = 0
; wipe_into_objects = 0
; wipe_tower = 0
; wipe_tower_acceleration = 0
; wipe_tower_bridging = 10
; wipe_tower_brim_width = 2
; wipe_tower_cone_angle = 0
; wipe_tower_extra_flow = 100%
; wipe_tower_extra_spacing = 100%
; wipe_tower_extruder = 0
; wipe_tower_no_sparse_layers = 0
; wipe_tower_width = 60
; wiping_volumes_matrix = 0,140,140,140,140,140,0,140,140,140,140,140,0,140,140,140,140,140,0,140,140,140,140,140,0
; wiping_volumes_use_custom_matrix = 0
; xy_size_compensation = 0
; z_offset = 0
; prusaslicer_config = end
